Cycle num, CSR, Shear strain (%), Vert eff stress (atm), Vert eff stress ratio, ru
0, 0.00880415, 0, 0.999982, 0.999982, 1.79175e-05
0.01, 0.00880415, 0, 0.999982, 0.999982, 1.79174e-05
0.02, 0.00880415, 0, 0.999982, 0.999982, 1.79174e-05
0.03, 0.00880415, 0, 0.999982, 0.999982, 1.79174e-05
0.04, 0.00880415, 0, 0.999982, 0.999982, 1.79174e-05
0.05, 0.00880415, 0, 0.999982, 0.999982, 1.79174e-05
0.06, 0.00880415, 0, 0.999982, 0.999982, 1.79174e-05
0.07, 0.0302191, 0.00532706, 0.998769, 0.998817, 0.00118319
0.08, 0.0542339, 0.0123364, 0.995733, 0.995803, 0.0041973
0.09, 0.0749528, 0.0193457, 0.991955, 0.992034, 0.00796568
0.1, 0.0932177, 0.026355, 0.987858, 0.987942, 0.012058
0.11, 0.109584, 0.0333642, 0.983645, 0.983729, 0.0162708
0.12, 0.124435, 0.0403735, 0.979415, 0.979499, 0.0205011
0.13, 0.138044, 0.0473828, 0.975222, 0.975305, 0.0246949
0.14, 0.150613, 0.0543921, 0.971095, 0.971177, 0.0288231
0.15, 0.162297, 0.0614014, 0.96705, 0.96713, 0.0328704
0.16, 0.173216, 0.0684107, 0.963092, 0.963171, 0.0368294
0.17, 0.183467, 0.07542, 0.959227, 0.959303, 0.040697
0.18, 0.193128, 0.0824293, 0.955452, 0.955527, 0.0444729
0.19, 0.202263, 0.0894386, 0.951769, 0.951842, 0.0481582
0.2, 0.210925, 0.0964479, 0.948174, 0.948245, 0.0517551
0.21, 0.21916, 0.103457, 0.944665, 0.944734, 0.0552661
0.22, 0.227008, 0.110467, 0.941238, 0.941306, 0.058694
0.23, 0.2345, 0.117476, 0.937892, 0.937958, 0.0620417
0.24, 0.241666, 0.124485, 0.934623, 0.934688, 0.0653122
0.25, 0.241934, 0.128971, 0.932065, 0.932065, 0.0679346
0.257246, 0.214052, 0.121962, 0.931274, 0.931303, 0.0686971
0.264493, 0.189844, 0.114952, 0.929469, 0.92951, 0.0704901
0.271739, 0.168474, 0.107943, 0.927257, 0.927303, 0.0726972
0.278986, 0.149399, 0.100934, 0.924891, 0.924939, 0.0750605
0.286232, 0.132127, 0.0939246, 0.922482, 0.922531, 0.0774693
0.293478, 0.116303, 0.0869153, 0.920079, 0.920127, 0.0798728
0.300725, 0.10167, 0.079906, 0.917707, 0.917754, 0.0822462
0.307971, 0.0880377, 0.0728967, 0.915376, 0.915422, 0.0845778
0.315217, 0.0752609, 0.0658874, 0.913093, 0.913138, 0.0868622
0.322464, 0.063225, 0.0588781, 0.910858, 0.910902, 0.0890979
0.32971, 0.0518386, 0.0518688, 0.908672, 0.908715, 0.0912852
0.336957, 0.0410272, 0.0448595, 0.906532, 0.906575, 0.0934255
0.344203, 0.0307292, 0.0378502, 0.904438, 0.904479, 0.0955206
0.351449, 0.0208931, 0.0308409, 0.902387, 0.902427, 0.0975729
0.358696, 0.0114752, 0.0238316, 0.900376, 0.900416, 0.0995845
0.365942, 0.00243828, 0.0168223, 0.898403, 0.898442, 0.101558
0.373188, -0.00624995, 0.00981301, 0.896467, 0.896505, 0.103495
0.380435, -0.0146175, 0.00280372, 0.894564, 0.894602, 0.105398
0.387681, -0.0226888, -0.00420558, 0.892694, 0.892731, 0.107269
0.394928, -0.0304855, -0.0112149, 0.890853, 0.89089, 0.10911
0.402174, -0.0380267, -0.0182242, 0.889042, 0.889078, 0.110922
0.40942, -0.0453295, -0.0252335, 0.887256, 0.887292, 0.112708
0.416667, -0.0524092, -0.0322428, 0.885496, 0.885531, 0.114469
0.423913, -0.0592794, -0.0392521, 0.88376, 0.883795, 0.116205
0.431159, -0.0659526, -0.0462614, 0.882047, 0.882081, 0.117919
0.438406, -0.07244, -0.0532706, 0.880354, 0.880388, 0.119612
0.445652, -0.0787518, -0.0602799, 0.878682, 0.878716, 0.121284
0.452899, -0.0848973, -0.0672892, 0.877029, 0.877062, 0.122938
0.460145, -0.0908851, -0.0742985, 0.875394, 0.875427, 0.124573
0.467391, -0.0967229, -0.0813078, 0.873777, 0.873809, 0.126191
0.474638, -0.102418, -0.0883171, 0.872175, 0.872207, 0.127793
0.481884, -0.107977, -0.0953264, 0.870589, 0.870621, 0.129379
0.48913, -0.113407, -0.102336, 0.869018, 0.86905, 0.13095
0.496377, -0.118712, -0.109345, 0.867462, 0.867493, 0.132507
0.503623, -0.123898, -0.116354, 0.865918, 0.865949, 0.134051
0.51087, -0.12897, -0.123364, 0.864388, 0.864418, 0.135582
0.518116, -0.133933, -0.130373, 0.86287, 0.8629, 0.1371
0.525362, -0.138791, -0.137382, 0.861363, 0.861393, 0.138607
0.532609, -0.143548, -0.144391, 0.859868, 0.859898, 0.140102
0.539855, -0.148208, -0.151401, 0.858384, 0.858414, 0.141586
0.547101, -0.152774, -0.15841, 0.856911, 0.85694, 0.14306
0.554348, -0.15725, -0.165419, 0.855447, 0.855476, 0.144524
0.561594, -0.161625, -0.172429, 0.853993, 0.854022, 0.145978
0.568841, -0.165775, -0.179438, 0.852548, 0.852577, 0.147423
0.576087, -0.169843, -0.186447, 0.851113, 0.851141, 0.148859
0.583333, -0.173833, -0.193457, 0.849686, 0.849714, 0.150286
0.59058, -0.177747, -0.200466, 0.848267, 0.848295, 0.151705
0.597826, -0.181586, -0.207475, 0.846857, 0.846885, 0.153115
0.605072, -0.185354, -0.214484, 0.845454, 0.845482, 0.154518
0.612319, -0.189053, -0.221494, 0.84406, 0.844087, 0.155913
0.619565, -0.192684, -0.228503, 0.842672, 0.8427, 0.1573
0.626812, -0.19625, -0.235512, 0.841293, 0.84132, 0.15868
0.634058, -0.199752, -0.242522, 0.83992, 0.839947, 0.160053
0.641304, -0.203193, -0.249531, 0.838554, 0.838581, 0.161419
0.648551, -0.206573, -0.25654, 0.837195, 0.837222, 0.162778
0.655797, -0.209895, -0.26355, 0.835843, 0.83587, 0.16413
0.663043, -0.21316, -0.270559, 0.834497, 0.834524, 0.165476
0.67029, -0.216369, -0.277568, 0.833158, 0.833184, 0.166816
0.677536, -0.219525, -0.284577, 0.831825, 0.831851, 0.168149
0.684783, -0.222628, -0.291587, 0.830498, 0.830524, 0.169476
0.692029, -0.225679, -0.298596, 0.829177, 0.829204, 0.170796
0.699275, -0.228681, -0.305605, 0.827863, 0.827889, 0.172111
0.706522, -0.231633, -0.312615, 0.826554, 0.82658, 0.17342
0.713768, -0.234538, -0.319624, 0.825251, 0.825277, 0.174723
0.721014, -0.237394, -0.326633, 0.823956, 0.823981, 0.176019
0.728261, -0.240201, -0.333642, 0.822668, 0.822693, 0.177307
0.735507, -0.242959, -0.340652, 0.821387, 0.821413, 0.178587
0.742754, -0.24567, -0.347661, 0.820114, 0.820139, 0.179861
0.75, -0.234459, -0.348783, 0.819388, 0.819392, 0.180608
0.756944, -0.207568, -0.341773, 0.818838, 0.818854, 0.181146
0.763889, -0.184667, -0.334764, 0.817924, 0.817944, 0.182056
0.770833, -0.16456, -0.327755, 0.816881, 0.816902, 0.183098
0.777778, -0.14654, -0.320745, 0.81579, 0.815812, 0.184188
0.784722, -0.13015, -0.313736, 0.814687, 0.814709, 0.185291
0.791667, -0.115075, -0.306727, 0.813589, 0.813611, 0.186389
0.798611, -0.101092, -0.299717, 0.812504, 0.812526, 0.187474
0.805556, -0.0880297, -0.292708, 0.811436, 0.811457, 0.188543
0.8125, -0.075759, -0.285699, 0.810385, 0.810406, 0.189594
0.819444, -0.0641771, -0.27869, 0.809352, 0.809372, 0.190628
0.826389, -0.0532014, -0.27168, 0.808337, 0.808357, 0.191643
0.833333, -0.0427642, -0.264671, 0.807338, 0.807357, 0.192643
0.840278, -0.0328094, -0.257662, 0.806354, 0.806374, 0.193626
0.847222, -0.0232898, -0.250652, 0.805385, 0.805405, 0.194595
0.854167, -0.0141651, -0.243643, 0.80443, 0.804449, 0.195551
0.861111, -0.00540116, -0.236634, 0.803487, 0.803505, 0.196495
0.868056, 0.00303201, -0.229625, 0.802555, 0.802573, 0.197427
0.875, 0.0111603, -0.222615, 0.801633, 0.801652, 0.198348
0.881944, 0.0190066, -0.215606, 0.800721, 0.80074, 0.19926
0.888889, 0.026591, -0.208597, 0.799818, 0.799836, 0.200164
0.895833, 0.0339314, -0.201587, 0.798923, 0.798941, 0.201059
0.902778, 0.0410437, -0.194578, 0.798035, 0.798052, 0.201948
0.909722, 0.0479423, -0.187569, 0.797153, 0.797171, 0.202829
0.916667, 0.0546401, -0.180559, 0.796278, 0.796295, 0.203705
0.923611, 0.0611488, -0.17355, 0.795408, 0.795425, 0.204575
0.930556, 0.067479, -0.166541, 0.794543, 0.79456, 0.20544
0.9375, 0.0736402, -0.159532, 0.793682, 0.793699, 0.206301
0.944444, 0.0796415, -0.152522, 0.792826, 0.792843, 0.207157
0.951389, 0.0854907, -0.145513, 0.791973, 0.79199, 0.20801
0.958333, 0.0911955, -0.138504, 0.791123, 0.79114, 0.20886
0.965278, 0.0967625, -0.131494, 0.790277, 0.790294, 0.209706
0.972222, 0.102198, -0.124485, 0.789433, 0.78945, 0.21055
0.979167, 0.107508, -0.117476, 0.788592, 0.788609, 0.211391
0.986111, 0.112699, -0.110467, 0.787753, 0.787769, 0.212231
0.993056, 0.117774, -0.103457, 0.786915, 0.786932, 0.213068
1, 0.122739, -0.0964479, 0.78608, 0.786097, 0.213903
1.00694, 0.127598, -0.0894386, 0.785246, 0.785263, 0.214737
1.01389, 0.132355, -0.0824293, 0.784413, 0.78443, 0.21557
1.02083, 0.137014, -0.07542, 0.783582, 0.783599, 0.216401
1.02778, 0.141579, -0.0684107, 0.782752, 0.782768, 0.217232
1.03472, 0.146053, -0.0614014, 0.781922, 0.781939, 0.218061
1.04167, 0.15044, -0.0543921, 0.781094, 0.78111, 0.21889
1.04861, 0.154742, -0.0473828, 0.780266, 0.780282, 0.219718
1.05556, 0.158962, -0.0403735, 0.779439, 0.779455, 0.220545
1.0625, 0.163103, -0.0333642, 0.778612, 0.778629, 0.221371
1.06944, 0.167167, -0.026355, 0.777786, 0.777802, 0.222198
1.07639, 0.171158, -0.0193457, 0.77696, 0.776977, 0.223023
1.08333, 0.175076, -0.0123364, 0.776135, 0.776151, 0.223849
1.09028, 0.178775, -0.00532706, 0.775309, 0.775326, 0.224674
1.09722, 0.182401, 0.00168223, 0.774484, 0.774501, 0.225499
1.10417, 0.185962, 0.00869153, 0.77366, 0.773676, 0.226324
1.11111, 0.189459, 0.0157008, 0.772835, 0.772852, 0.227148
1.11806, 0.192894, 0.0227101, 0.772011, 0.772027, 0.227973
1.125, 0.196269, 0.0297194, 0.771187, 0.771203, 0.228797
1.13194, 0.199585, 0.0367287, 0.770363, 0.770379, 0.229621
1.13889, 0.202845, 0.043738, 0.769539, 0.769556, 0.230444
1.14583, 0.206048, 0.0507473, 0.768716, 0.768732, 0.231268
1.15278, 0.209198, 0.0577566, 0.767893, 0.767909, 0.232091
1.15972, 0.212295, 0.0647659, 0.76707, 0.767086, 0.232914
1.16667, 0.21534, 0.0717752, 0.766247, 0.766263, 0.233737
1.17361, 0.218335, 0.0787845, 0.765425, 0.765441, 0.234559
1.18056, 0.221282, 0.0857938, 0.764603, 0.764619, 0.235381
1.1875, 0.22418, 0.0928031, 0.763781, 0.763797, 0.236203
1.19444, 0.227032, 0.0998124, 0.76296, 0.762976, 0.237024
1.20139, 0.229839, 0.106822, 0.762139, 0.762155, 0.237845
1.20833, 0.232601, 0.113831, 0.761319, 0.761335, 0.238665
1.21528, 0.235319, 0.12084, 0.760499, 0.760515, 0.239485
1.22222, 0.237995, 0.12785, 0.75968, 0.759696, 0.240304
1.22917, 0.24063, 0.134859, 0.758862, 0.758878, 0.241122
1.23611, 0.243223, 0.141868, 0.758044, 0.758061, 0.241939
1.24306, 0.245772, 0.148877, 0.757229, 0.757246, 0.242754
1.25, 0.234582, 0.149999, 0.756766, 0.756768, 0.243232
1.25667, 0.208079, 0.14299, 0.756518, 0.756525, 0.243475
1.26333, 0.185555, 0.13598, 0.756108, 0.756117, 0.243883
1.27, 0.165791, 0.128971, 0.755641, 0.755651, 0.244349
1.27667, 0.148081, 0.121962, 0.755151, 0.755161, 0.244839
1.28333, 0.131973, 0.114952, 0.754654, 0.754664, 0.245336
1.29, 0.117159, 0.107943, 0.754157, 0.754167, 0.245833
1.29667, 0.103416, 0.100934, 0.753662, 0.753672, 0.246328
1.30333, 0.090578, 0.0939246, 0.75317, 0.75318, 0.24682
1.31, 0.0785173, 0.0869153, 0.752683, 0.752693, 0.247307
1.31667, 0.0671332, 0.079906, 0.7522, 0.752209, 0.247791
1.32333, 0.0563444, 0.0728967, 0.75172, 0.751729, 0.248271
1.33, 0.0460845, 0.0658874, 0.751243, 0.751252, 0.248748
1.33667, 0.0362984, 0.0588781, 0.750768, 0.750778, 0.249222
1.34333, 0.0269398, 0.0518688, 0.750295, 0.750305, 0.249695
1.35, 0.0179693, 0.0448595, 0.749824, 0.749833, 0.250167
1.35667, 0.00935297, 0.0378502, 0.749353, 0.749363, 0.250637
1.36333, 0.0010617, 0.0308409, 0.748883, 0.748892, 0.251108
1.37, -0.00693008, 0.0238316, 0.748412, 0.748422, 0.251578
1.37667, -0.0146447, 0.0168223, 0.747941, 0.747951, 0.252049
1.38333, -0.0221021, 0.00981301, 0.74747, 0.747479, 0.252521
1.39, -0.0293196, 0.00280372, 0.746997, 0.747006, 0.252994
1.39667, -0.0363131, -0.00420558, 0.746522, 0.746532, 0.253468
1.40333, -0.0430965, -0.0112149, 0.746046, 0.746056, 0.253944
1.41, -0.0496827, -0.0182242, 0.745568, 0.745578, 0.254422
1.41667, -0.0560829, -0.0252335, 0.745088, 0.745098, 0.254902
1.42333, -0.0623077, -0.0322428, 0.744605, 0.744615, 0.255385
1.43, -0.0683666, -0.0392521, 0.74412, 0.74413, 0.25587
1.43667, -0.0742681, -0.0462614, 0.743632, 0.743642, 0.256358
1.44333, -0.0800202, -0.0532706, 0.743142, 0.743152, 0.256848
1.45, -0.0856303, -0.0602799, 0.742648, 0.742658, 0.257342
1.45667, -0.0911051, -0.0672892, 0.742152, 0.742162, 0.257838
1.46333, -0.0964507, -0.0742985, 0.741652, 0.741662, 0.258338
1.47, -0.101673, -0.0813078, 0.74115, 0.74116, 0.25884
1.47667, -0.106777, -0.0883171, 0.740644, 0.740654, 0.259346
1.48333, -0.111769, -0.0953264, 0.740134, 0.740145, 0.259855
1.49, -0.116651, -0.102336, 0.739622, 0.739632, 0.260368
1.49667, -0.12143, -0.109345, 0.739106, 0.739116, 0.260884
1.50333, -0.126109, -0.116354, 0.738587, 0.738597, 0.261403
1.51, -0.130691, -0.123364, 0.738064, 0.738075, 0.261925
1.51667, -0.135181, -0.130373, 0.737538, 0.737549, 0.262451
1.52333, -0.139582, -0.137382, 0.737009, 0.73702, 0.26298
1.53, -0.143896, -0.144391, 0.736476, 0.736487, 0.263513
1.53667, -0.148127, -0.151401, 0.73594, 0.735951, 0.264049
1.54333, -0.152278, -0.15841, 0.735401, 0.735412, 0.264588
1.55, -0.15635, -0.165419, 0.734858, 0.734869, 0.265131
1.55667, -0.160348, -0.172429, 0.734312, 0.734323, 0.265677
1.56333, -0.164273, -0.179438, 0.733763, 0.733774, 0.266226
1.57, -0.168127, -0.186447, 0.733211, 0.733222, 0.266778
1.57667, -0.171762, -0.193457, 0.732655, 0.732666, 0.267334
1.58333, -0.175327, -0.200466, 0.732096, 0.732107, 0.267893
1.59, -0.178826, -0.207475, 0.731534, 0.731546, 0.268454
1.59667, -0.182263, -0.214484, 0.730969, 0.730981, 0.269019
1.60333, -0.18564, -0.221494, 0.730402, 0.730413, 0.269587
1.61, -0.188956, -0.228503, 0.729831, 0.729842, 0.270158
1.61667, -0.192216, -0.235512, 0.729258, 0.729269, 0.270731
1.62333, -0.195419, -0.242522, 0.728681, 0.728693, 0.271307
1.63, -0.198567, -0.249531, 0.728102, 0.728114, 0.271886
1.63667, -0.201663, -0.25654, 0.727521, 0.727533, 0.272467
1.64333, -0.204706, -0.26355, 0.726937, 0.726949, 0.273051
1.65, -0.207699, -0.270559, 0.726351, 0.726362, 0.273638
1.65667, -0.210643, -0.277568, 0.725762, 0.725774, 0.274226
1.66333, -0.213538, -0.284577, 0.725171, 0.725183, 0.274817
1.67, -0.216387, -0.291587, 0.724577, 0.724589, 0.275411
1.67667, -0.219189, -0.298596, 0.723982, 0.723994, 0.276006
1.68333, -0.221947, -0.305605, 0.723385, 0.723397, 0.276603
1.69, -0.224661, -0.312615, 0.722785, 0.722797, 0.277203
1.69667, -0.227333, -0.319624, 0.722184, 0.722196, 0.277804
1.70333, -0.229962, -0.326633, 0.721581, 0.721594, 0.278406
1.71, -0.232551, -0.333642, 0.720977, 0.720989, 0.279011
1.71667, -0.2351, -0.340652, 0.720371, 0.720383, 0.279617
1.72333, -0.237609, -0.347661, 0.719764, 0.719776, 0.280224
1.73, -0.240079, -0.35467, 0.719155, 0.719167, 0.280833
1.73667, -0.242508, -0.36168, 0.718547, 0.718559, 0.281441
1.74333, -0.244897, -0.368689, 0.717938, 0.71795, 0.28205
1.75, -0.247246, -0.375698, 0.717342, 0.717341, 0.282659
1.75625, -0.218964, -0.368689, 0.717292, 0.717295, 0.282705
1.7625, -0.195249, -0.36168, 0.717136, 0.717139, 0.282861
1.76875, -0.174712, -0.35467, 0.71694, 0.716944, 0.283056
1.775, -0.156471, -0.347661, 0.716729, 0.716733, 0.283267
1.78125, -0.139984, -0.340652, 0.71651, 0.716514, 0.283486
1.7875, -0.124895, -0.333642, 0.716286, 0.716291, 0.283709
1.79375, -0.110948, -0.326633, 0.716061, 0.716065, 0.283935
1.8, -0.0979602, -0.319624, 0.715833, 0.715837, 0.284163
1.80625, -0.0857889, -0.312615, 0.715602, 0.715607, 0.284393
1.8125, -0.0743244, -0.305605, 0.71537, 0.715374, 0.284626
1.81875, -0.0634789, -0.298596, 0.715134, 0.715139, 0.284861
1.825, -0.0531809, -0.291587, 0.714896, 0.714901, 0.285099
1.83125, -0.0433717, -0.284577, 0.714654, 0.714659, 0.285341
1.8375, -0.0340021, -0.277568, 0.714408, 0.714413, 0.285587
1.84375, -0.0250303, -0.270559, 0.714159, 0.714164, 0.285836
1.85, -0.0164209, -0.26355, 0.713905, 0.71391, 0.28609
1.85625, -0.00814324, -0.25654, 0.713646, 0.713652, 0.286348
1.8625, -0.000170583, -0.249531, 0.713383, 0.713389, 0.286611
1.86875, 0.00752035, -0.242522, 0.713115, 0.713121, 0.286879
1.875, 0.0149501, -0.235512, 0.712842, 0.712847, 0.287153
1.88125, 0.0221368, -0.228503, 0.712563, 0.712569, 0.287431
1.8875, 0.0290968, -0.221494, 0.71228, 0.712285, 0.287715
1.89375, 0.0358445, -0.214484, 0.711991, 0.711996, 0.288004
1.9, 0.042393, -0.207475, 0.711696, 0.711702, 0.288298
1.90625, 0.0487541, -0.200466, 0.711396, 0.711402, 0.288598
1.9125, 0.0549384, -0.193457, 0.71109, 0.711096, 0.288904
1.91875, 0.0609556, -0.186447, 0.710778, 0.710784, 0.289216
1.925, 0.0668147, -0.179438, 0.710461, 0.710467, 0.289533
1.93125, 0.0725237, -0.172429, 0.710138, 0.710145, 0.289855
1.9375, 0.0780901, -0.165419, 0.709809, 0.709816, 0.290184
1.94375, 0.0835207, -0.15841, 0.709475, 0.709482, 0.290518
1.95, 0.0888218, -0.151401, 0.709135, 0.709142, 0.290858
1.95625, 0.0939994, -0.144391, 0.708789, 0.708796, 0.291204
1.9625, 0.0990588, -0.137382, 0.708438, 0.708445, 0.291555
1.96875, 0.104005, -0.130373, 0.708081, 0.708088, 0.291912
1.975, 0.108843, -0.123364, 0.707719, 0.707726, 0.292274
1.98125, 0.113577, -0.116354, 0.707351, 0.707358, 0.292642
1.9875, 0.118211, -0.109345, 0.706977, 0.706985, 0.293015
1.99375, 0.122749, -0.102336, 0.706598, 0.706606, 0.293394
2, 0.127194, -0.0953264, 0.706214, 0.706222, 0.293778
2.00625, 0.13155, -0.0883171, 0.705824, 0.705832, 0.294168
2.0125, 0.13582, -0.0813078, 0.705429, 0.705437, 0.294563
2.01875, 0.140007, -0.0742985, 0.705029, 0.705037, 0.294963
2.025, 0.144114, -0.0672892, 0.704624, 0.704632, 0.295368
2.03125, 0.148144, -0.0602799, 0.704214, 0.704222, 0.295778
2.0375, 0.152098, -0.0532706, 0.703799, 0.703807, 0.296193
2.04375, 0.15598, -0.0462614, 0.703379, 0.703387, 0.296613
2.05, 0.159792, -0.0392521, 0.702954, 0.702962, 0.297038
2.05625, 0.16345, -0.0322428, 0.702524, 0.702533, 0.297467
2.0625, 0.166973, -0.0252335, 0.70209, 0.702098, 0.297902
2.06875, 0.170431, -0.0182242, 0.701651, 0.701659, 0.298341
2.075, 0.173827, -0.0112149, 0.701207, 0.701216, 0.298784
2.08125, 0.177163, -0.00420558, 0.700759, 0.700768, 0.299232
2.0875, 0.18044, 0.00280372, 0.700307, 0.700316, 0.299684
2.09375, 0.183659, 0.00981301, 0.699851, 0.69986, 0.30014
2.1, 0.186822, 0.0168223, 0.699391, 0.6994, 0.3006
2.10625, 0.189932, 0.0238316, 0.698926, 0.698935, 0.301065
2.1125, 0.192988, 0.0308409, 0.698458, 0.698467, 0.301533
2.11875, 0.195993, 0.0378502, 0.697986, 0.697995, 0.302005
2.125, 0.198948, 0.0448595, 0.69751, 0.697519, 0.302481
2.13125, 0.201854, 0.0518688, 0.69703, 0.69704, 0.30296
2.1375, 0.204712, 0.0588781, 0.696547, 0.696557, 0.303443
2.14375, 0.207524, 0.0658874, 0.696061, 0.696071, 0.303929
2.15, 0.21029, 0.0728967, 0.695572, 0.695581, 0.304419
2.15625, 0.213011, 0.079906, 0.695079, 0.695089, 0.304911
2.1625, 0.215689, 0.0869153, 0.694583, 0.694593, 0.305407
2.16875, 0.218325, 0.0939246, 0.694084, 0.694094, 0.305906
2.175, 0.22092, 0.100934, 0.693583, 0.693593, 0.306407
2.18125, 0.223473, 0.107943, 0.693078, 0.693088, 0.306912
2.1875, 0.225988, 0.114952, 0.692571, 0.692582, 0.307418
2.19375, 0.228463, 0.121962, 0.692062, 0.692072, 0.307928
2.2, 0.230901, 0.128971, 0.69155, 0.691561, 0.308439
2.20625, 0.233301, 0.13598, 0.691036, 0.691047, 0.308953
2.2125, 0.235662, 0.14299, 0.690521, 0.690531, 0.309469
2.21875, 0.237983, 0.149999, 0.690005, 0.690015, 0.309985
2.225, 0.240267, 0.157008, 0.689487, 0.689497, 0.310503
2.23125, 0.242512, 0.164018, 0.688969, 0.688979, 0.311021
2.2375, 0.244722, 0.171027, 0.68845, 0.68846, 0.31154
2.24375, 0.246895, 0.178036, 0.68793, 0.68794, 0.31206
2.25, 0.223549, 0.17327, 0.687844, 0.687845, 0.312155
2.25595, 0.199595, 0.16626, 0.687783, 0.687784, 0.312216
2.2619, 0.178978, 0.159251, 0.687702, 0.687704, 0.312296
2.26786, 0.160739, 0.152242, 0.687611, 0.687613, 0.312387
2.27381, 0.144302, 0.145233, 0.687515, 0.687517, 0.312483
2.27976, 0.12929, 0.138223, 0.687414, 0.687416, 0.312584
2.28571, 0.115439, 0.131214, 0.687309, 0.687311, 0.312689
2.29167, 0.102557, 0.124205, 0.687198, 0.687201, 0.312799
2.29762, 0.090498, 0.117195, 0.687083, 0.687086, 0.312914
2.30357, 0.0791499, 0.110186, 0.686963, 0.686965, 0.313035
2.30952, 0.068423, 0.103177, 0.686837, 0.686839, 0.313161
2.31548, 0.0582446, 0.0961675, 0.686705, 0.686708, 0.313292
2.32143, 0.0485549, 0.0891582, 0.686567, 0.68657, 0.31343
2.32738, 0.0393042, 0.0821489, 0.686423, 0.686426, 0.313574
2.33333, 0.0304504, 0.0751397, 0.686273, 0.686276, 0.313724
2.33929, 0.0219576, 0.0681304, 0.686116, 0.686119, 0.313881
2.34524, 0.013795, 0.0611211, 0.685952, 0.685955, 0.314045
2.35119, 0.00593581, 0.0541118, 0.685781, 0.685784, 0.314216
2.35714, -0.00164344, 0.0471025, 0.685603, 0.685607, 0.314393
2.3631, -0.00896331, 0.0400932, 0.685419, 0.685423, 0.314577
2.36905, -0.016042, 0.0330839, 0.685227, 0.685231, 0.314769
2.375, -0.0228958, 0.0260746, 0.685028, 0.685033, 0.314967
2.38095, -0.0295392, 0.0190653, 0.684823, 0.684827, 0.315173
2.3869, -0.0359853, 0.012056, 0.68461, 0.684614, 0.315386
2.39286, -0.0422457, 0.00504669, 0.68439, 0.684394, 0.315606
2.39881, -0.0483312, -0.0019626, 0.684163, 0.684168, 0.315832
2.40476, -0.0542513, -0.0089719, 0.683929, 0.683934, 0.316066
2.41071, -0.0600151, -0.0159812, 0.683688, 0.683693, 0.316307
2.41667, -0.0656304, -0.0229905, 0.68344, 0.683445, 0.316555
2.42262, -0.0711048, -0.0299998, 0.683185, 0.68319, 0.31681
2.42857, -0.0764451, -0.0370091, 0.682923, 0.682929, 0.317071
2.43452, -0.0816575, -0.0440184, 0.682655, 0.68266, 0.31734
2.44048, -0.0867479, -0.0510277, 0.68238, 0.682385, 0.317615
2.44643, -0.0917216, -0.058037, 0.682098, 0.682103, 0.317897
2.45238, -0.0965837, -0.0650463, 0.681809, 0.681815, 0.318185
2.45833, -0.101339, -0.0720556, 0.681514, 0.68152, 0.31848
2.46429, -0.105991, -0.0790649, 0.681212, 0.681218, 0.318782
2.47024, -0.110545, -0.0860742, 0.680904, 0.68091, 0.31909
2.47619, -0.115004, -0.0930834, 0.68059, 0.680596, 0.319404
2.48214, -0.119372, -0.100093, 0.680269, 0.680275, 0.319725
2.4881, -0.123652, -0.107102, 0.679942, 0.679949, 0.320051
2.49405, -0.127848, -0.114111, 0.679609, 0.679616, 0.320384
2.5, -0.131961, -0.121121, 0.67927, 0.679277, 0.320723
2.50595, -0.135996, -0.12813, 0.678926, 0.678933, 0.321067
2.5119, -0.139954, -0.135139, 0.678575, 0.678582, 0.321418
2.51786, -0.143838, -0.142149, 0.678219, 0.678226, 0.321774
2.52381, -0.147651, -0.149158, 0.677857, 0.677864, 0.322136
2.52976, -0.151395, -0.156167, 0.67749, 0.677497, 0.322503
2.53571, -0.155011, -0.163176, 0.677117, 0.677124, 0.322876
2.54167, -0.158468, -0.170186, 0.676739, 0.676746, 0.323254
2.54762, -0.161861, -0.177195, 0.676355, 0.676363, 0.323637
2.55357, -0.165194, -0.184204, 0.675967, 0.675975, 0.324025
2.55952, -0.168466, -0.191214, 0.675573, 0.675581, 0.324419
2.56548, -0.171681, -0.198223, 0.675175, 0.675183, 0.324817
2.57143, -0.174839, -0.205232, 0.674772, 0.67478, 0.32522
2.57738, -0.177942, -0.212241, 0.674364, 0.674372, 0.325628
2.58333, -0.180992, -0.219251, 0.673951, 0.67396, 0.32604
2.58929, -0.18399, -0.22626, 0.673534, 0.673543, 0.326457
2.59524, -0.186938, -0.233269, 0.673113, 0.673122, 0.326878
2.60119, -0.189836, -0.240279, 0.672688, 0.672696, 0.327304
2.60714, -0.192686, -0.247288, 0.672258, 0.672267, 0.327733
2.6131, -0.195488, -0.254297, 0.671824, 0.671833, 0.328167
2.61905, -0.198246, -0.261307, 0.671387, 0.671395, 0.328605
2.625, -0.200958, -0.268316, 0.670945, 0.670954, 0.329046
2.63095, -0.203626, -0.275325, 0.6705, 0.670509, 0.329491
2.6369, -0.206252, -0.282334, 0.670051, 0.67006, 0.32994
2.64286, -0.208837, -0.289344, 0.669599, 0.669608, 0.330392
2.64881, -0.21138, -0.296353, 0.669144, 0.669153, 0.330847
2.65476, -0.213884, -0.303362, 0.668685, 0.668694, 0.331306
2.66071, -0.216348, -0.310372, 0.668223, 0.668233, 0.331767
2.66667, -0.218775, -0.317381, 0.667759, 0.667768, 0.332232
2.67262, -0.221164, -0.32439, 0.667291, 0.667301, 0.332699
2.67857, -0.223517, -0.3314, 0.666821, 0.66683, 0.33317
2.68452, -0.225834, -0.338409, 0.666348, 0.666358, 0.333642
2.69048, -0.228114, -0.345418, 0.665873, 0.665883, 0.334117
2.69643, -0.230356, -0.352427, 0.665397, 0.665406, 0.334594
2.70238, -0.232562, -0.359437, 0.664919, 0.664929, 0.335071
2.70833, -0.234731, -0.366446, 0.66444, 0.66445, 0.33555
2.71429, -0.236865, -0.373455, 0.66396, 0.663969, 0.336031
2.72024, -0.238965, -0.380465, 0.663479, 0.663488, 0.336512
2.72619, -0.24103, -0.387474, 0.662997, 0.663006, 0.336994
2.73214, -0.243063, -0.394483, 0.662514, 0.662524, 0.337476
2.7381, -0.245062, -0.401492, 0.662031, 0.662041, 0.337959
2.74405, -0.24703, -0.408502, 0.661547, 0.661557, 0.338443
2.75, -0.222511, -0.402894, 0.661503, 0.661503, 0.338497
2.75556, -0.199222, -0.395885, 0.661477, 0.661478, 0.338522
2.76111, -0.17916, -0.388876, 0.661443, 0.661444, 0.338556
2.76667, -0.161402, -0.381866, 0.661403, 0.661404, 0.338596
2.77222, -0.145393, -0.374857, 0.661359, 0.66136, 0.33864
2.77778, -0.130768, -0.367848, 0.661309, 0.66131, 0.33869
2.78333, -0.117271, -0.360839, 0.661255, 0.661256, 0.338744
2.78889, -0.104716, -0.353829, 0.661194, 0.661195, 0.338805
2.79444, -0.0929622, -0.34682, 0.661127, 0.661129, 0.338871
2.8, -0.0819002, -0.339811, 0.661054, 0.661056, 0.338944
2.80556, -0.0714428, -0.332801, 0.660974, 0.660976, 0.339024
2.81111, -0.0615195, -0.325792, 0.660887, 0.660889, 0.339111
2.81667, -0.0520722, -0.318783, 0.660793, 0.660795, 0.339205
2.82222, -0.0430524, -0.311773, 0.660692, 0.660694, 0.339306
2.82778, -0.0344193, -0.304764, 0.660583, 0.660585, 0.339415
2.83333, -0.0261379, -0.297755, 0.660466, 0.660469, 0.339531
2.83889, -0.0181782, -0.290746, 0.660342, 0.660345, 0.339655
2.84444, -0.0105141, -0.283736, 0.66021, 0.660213, 0.339787
2.85, -0.00312279, -0.276727, 0.660071, 0.660074, 0.339926
2.85556, 0.00401571, -0.269718, 0.659923, 0.659927, 0.340073
2.86111, 0.0109192, -0.262708, 0.659768, 0.659772, 0.340228
2.86667, 0.0176035, -0.255699, 0.659606, 0.659609, 0.340391
2.87222, 0.0240827, -0.24869, 0.659435, 0.659438, 0.340562
2.87778, 0.0303695, -0.241681, 0.659257, 0.65926, 0.34074
2.88333, 0.0364755, -0.234671, 0.659071, 0.659074, 0.340926
2.88889, 0.0424108, -0.227662, 0.658877, 0.658881, 0.341119
2.89444, 0.0481851, -0.220653, 0.658676, 0.65868, 0.34132
2.9, 0.0538069, -0.213643, 0.658467, 0.658471, 0.341529
2.90556, 0.059284, -0.206634, 0.658251, 0.658256, 0.341744
2.91111, 0.0646237, -0.199625, 0.658028, 0.658032, 0.341968
2.91667, 0.0698326, -0.192615, 0.657797, 0.657801, 0.342199
2.92222, 0.0749169, -0.185606, 0.657559, 0.657563, 0.342437
2.92778, 0.0798823, -0.178597, 0.657313, 0.657318, 0.342682
2.93333, 0.0847339, -0.171588, 0.657061, 0.657066, 0.342934
2.93889, 0.0894766, -0.164578, 0.656802, 0.656807, 0.343193
2.94444, 0.0941151, -0.157569, 0.656535, 0.656541, 0.343459
2.95, 0.0986535, -0.15056, 0.656262, 0.656268, 0.343732
2.95556, 0.103096, -0.14355, 0.655982, 0.655988, 0.344012
2.96111, 0.107446, -0.136541, 0.655696, 0.655702, 0.344298
2.96667, 0.111707, -0.129532, 0.655403, 0.655409, 0.344591
2.97222, 0.115882, -0.122522, 0.655103, 0.655109, 0.344891
2.97778, 0.119974, -0.115513, 0.654797, 0.654804, 0.345196
2.98333, 0.123987, -0.108504, 0.654485, 0.654492, 0.345508
2.98889, 0.127923, -0.101495, 0.654167, 0.654173, 0.345827
2.99444, 0.131785, -0.0944853, 0.653842, 0.653849, 0.346151
3, 0.135574, -0.087476, 0.653512, 0.653519, 0.346481
3.00556, 0.139294, -0.0804667, 0.653176, 0.653183, 0.346817
3.01111, 0.142946, -0.0734574, 0.652834, 0.652841, 0.347159
3.01667, 0.146464, -0.0664481, 0.652486, 0.652493, 0.347507
3.02222, 0.149832, -0.0594388, 0.652133, 0.65214, 0.34786
3.02778, 0.153139, -0.0524295, 0.651774, 0.651781, 0.348219
3.03333, 0.156386, -0.0454202, 0.65141, 0.651417, 0.348583
3.03889, 0.159575, -0.0384109, 0.651041, 0.651048, 0.348952
3.04444, 0.162708, -0.0314016, 0.650666, 0.650674, 0.349326
3.05, 0.165785, -0.0243923, 0.650287, 0.650294, 0.349706
3.05556, 0.168809, -0.0173831, 0.649902, 0.64991, 0.35009
3.06111, 0.171781, -0.0103738, 0.649513, 0.649521, 0.350479
3.06667, 0.174702, -0.00336446, 0.649119, 0.649127, 0.350873
3.07222, 0.177574, 0.00364483, 0.648721, 0.648729, 0.351271
3.07778, 0.180398, 0.0106541, 0.648318, 0.648326, 0.351674
3.08333, 0.183174, 0.0176634, 0.647911, 0.647919, 0.352081
3.08889, 0.185905, 0.0246727, 0.647499, 0.647507, 0.352493
3.09444, 0.188591, 0.031682, 0.647084, 0.647092, 0.352908
3.1, 0.191234, 0.0386913, 0.646664, 0.646672, 0.353328
3.10556, 0.193834, 0.0457006, 0.646241, 0.646249, 0.353751
3.11111, 0.196392, 0.0527099, 0.645813, 0.645822, 0.354178
3.11667, 0.198909, 0.0597192, 0.645382, 0.645391, 0.354609
3.12222, 0.201387, 0.0667285, 0.644948, 0.644957, 0.355043
3.12778, 0.203826, 0.0737378, 0.64451, 0.644519, 0.355481
3.13333, 0.206227, 0.0807471, 0.644069, 0.644078, 0.355922
3.13889, 0.208591, 0.0877564, 0.643625, 0.643634, 0.356366
3.14444, 0.210918, 0.0947657, 0.643177, 0.643186, 0.356814
3.15, 0.21321, 0.101775, 0.642727, 0.642736, 0.357264
3.15556, 0.215466, 0.108784, 0.642274, 0.642283, 0.357717
3.16111, 0.217689, 0.115794, 0.641818, 0.641828, 0.358172
3.16667, 0.219877, 0.122803, 0.64136, 0.64137, 0.35863
3.17222, 0.22203, 0.129812, 0.640901, 0.64091, 0.35909
3.17778, 0.224147, 0.136821, 0.64044, 0.640449, 0.359551
3.18333, 0.226229, 0.143831, 0.639977, 0.639986, 0.360014
3.18889, 0.228278, 0.15084, 0.639513, 0.639522, 0.360478
3.19444, 0.230293, 0.157849, 0.639048, 0.639058, 0.360942
3.2, 0.232277, 0.164859, 0.638582, 0.638592, 0.361408
3.20556, 0.234228, 0.171868, 0.638116, 0.638125, 0.361875
3.21111, 0.236148, 0.178877, 0.637649, 0.637658, 0.362342
3.21667, 0.238038, 0.185887, 0.637181, 0.63719, 0.36281
3.22222, 0.239898, 0.192896, 0.636713, 0.636722, 0.363278
3.22778, 0.241728, 0.199905, 0.636245, 0.636254, 0.363746
3.23333, 0.24353, 0.206914, 0.635777, 0.635786, 0.364214
3.23889, 0.245304, 0.213924, 0.635309, 0.635318, 0.364682
3.24444, 0.247051, 0.220933, 0.634841, 0.634851, 0.365149
3.25, 0.223163, 0.215326, 0.634801, 0.634802, 0.365198
3.2551, 0.200371, 0.208316, 0.634791, 0.634791, 0.365209
3.2602, 0.180744, 0.201307, 0.634777, 0.634777, 0.365223
3.26531, 0.163388, 0.194298, 0.634758, 0.634758, 0.365242
3.27041, 0.147752, 0.187288, 0.634735, 0.634735, 0.365265
3.27551, 0.133475, 0.180279, 0.634707, 0.634707, 0.365293
3.28061, 0.120304, 0.17327, 0.634673, 0.634673, 0.365327
3.28571, 0.108057, 0.16626, 0.634633, 0.634633, 0.365367
3.29082, 0.096595, 0.159251, 0.634586, 0.634587, 0.365413
3.29592, 0.0858097, 0.152242, 0.634532, 0.634533, 0.365467
3.30102, 0.075616, 0.145233, 0.634471, 0.634472, 0.365528
3.30612, 0.0659445, 0.138223, 0.634403, 0.634404, 0.365596
3.31122, 0.0567383, 0.131214, 0.634327, 0.634328, 0.365672
3.31633, 0.0479499, 0.124205, 0.634243, 0.634245, 0.365755
3.32143, 0.0395392, 0.117195, 0.634152, 0.634154, 0.365846
3.32653, 0.031472, 0.110186, 0.634052, 0.634054, 0.365946
3.33163, 0.023719, 0.103177, 0.633945, 0.633947, 0.366053
3.33673, 0.0162544, 0.0961675, 0.633829, 0.633832, 0.366168
3.34184, 0.00905615, 0.0891582, 0.633706, 0.633708, 0.366292
3.34694, 0.00210451, 0.0821489, 0.633574, 0.633577, 0.366423
3.35204, -0.00461786, 0.0751397, 0.633435, 0.633438, 0.366562
3.35714, -0.0111264, 0.0681304, 0.633287, 0.63329, 0.36671
3.36224, -0.017435, 0.0611211, 0.633132, 0.633135, 0.366865
3.36735, -0.023556, 0.0541118, 0.632969, 0.632972, 0.367028
3.37245, -0.0295006, 0.0471025, 0.632797, 0.632801, 0.367199
3.37755, -0.0352789, 0.0400932, 0.632618, 0.632622, 0.367378
3.38265, -0.0409002, 0.0330839, 0.632432, 0.632435, 0.367565
3.38776, -0.0463729, 0.0260746, 0.632237, 0.632241, 0.367759
3.39286, -0.0517046, 0.0190653, 0.632035, 0.632039, 0.367961
3.39796, -0.0569024, 0.012056, 0.631826, 0.63183, 0.36817
3.40306, -0.0619728, 0.00504669, 0.631609, 0.631613, 0.368387
3.40816, -0.0669218, -0.0019626, 0.631384, 0.631389, 0.368611
3.41327, -0.0717549, -0.0089719, 0.631153, 0.631157, 0.368843
3.41837, -0.0764772, -0.0159812, 0.630914, 0.630919, 0.369081
3.42347, -0.0810935, -0.0229905, 0.630668, 0.630673, 0.369327
3.42857, -0.0856082, -0.0299998, 0.630415, 0.63042, 0.36958
3.43367, -0.0900254, -0.0370091, 0.630155, 0.63016, 0.36984
3.43878, -0.0943491, -0.0440184, 0.629888, 0.629893, 0.370107
3.44388, -0.0985827, -0.0510277, 0.629615, 0.62962, 0.37038
3.44898, -0.10273, -0.058037, 0.629334, 0.62934, 0.37066
3.45408, -0.106793, -0.0650463, 0.629048, 0.629054, 0.370946
3.45918, -0.110777, -0.0720556, 0.628755, 0.62876, 0.37124
3.46429, -0.114682, -0.0790649, 0.628455, 0.628461, 0.371539
3.46939, -0.118513, -0.0860742, 0.628149, 0.628155, 0.371845
3.47449, -0.122271, -0.0930834, 0.627837, 0.627844, 0.372156
3.47959, -0.125959, -0.100093, 0.627519, 0.627526, 0.372474
3.48469, -0.129579, -0.107102, 0.627196, 0.627202, 0.372798
3.4898, -0.133134, -0.114111, 0.626866, 0.626872, 0.373128
3.4949, -0.136555, -0.121121, 0.62653, 0.626537, 0.373463
3.5, -0.139829, -0.12813, 0.626189, 0.626196, 0.373804
3.5051, -0.143043, -0.135139, 0.625842, 0.625849, 0.374151
3.5102, -0.146199, -0.142149, 0.62549, 0.625497, 0.374503
3.51531, -0.149299, -0.149158, 0.625133, 0.62514, 0.37486
3.52041, -0.152343, -0.156167, 0.62477, 0.624778, 0.375222
3.52551, -0.155334, -0.163176, 0.624403, 0.62441, 0.37559
3.53061, -0.158273, -0.170186, 0.62403, 0.624038, 0.375962
3.53571, -0.161161, -0.177195, 0.623652, 0.62366, 0.37634
3.54082, -0.164, -0.184204, 0.62327, 0.623278, 0.376722
3.54592, -0.16679, -0.191214, 0.622883, 0.622891, 0.377109
3.55102, -0.169534, -0.198223, 0.622492, 0.6225, 0.3775
3.55612, -0.172232, -0.205232, 0.622096, 0.622104, 0.377896
3.56122, -0.174885, -0.212241, 0.621696, 0.621704, 0.378296
3.56633, -0.177495, -0.219251, 0.621291, 0.621299, 0.378701
3.57143, -0.180063, -0.22626, 0.620883, 0.620891, 0.379109
3.57653, -0.182589, -0.233269, 0.62047, 0.620478, 0.379522
3.58163, -0.185074, -0.240279, 0.620054, 0.620062, 0.379938
3.58673, -0.18752, -0.247288, 0.619634, 0.619642, 0.380358
3.59184, -0.189927, -0.254297, 0.61921, 0.619218, 0.380782
3.59694, -0.192296, -0.261307, 0.618783, 0.618791, 0.381209
3.60204, -0.194628, -0.268316, 0.618352, 0.618361, 0.381639
3.60714, -0.196924, -0.275325, 0.617918, 0.617927, 0.382073
3.61224, -0.199185, -0.282334, 0.617481, 0.61749, 0.38251
3.61735, -0.201411, -0.289344, 0.617041, 0.61705, 0.38295
3.62245, -0.203603, -0.296353, 0.616598, 0.616607, 0.383393
3.62755, -0.205761, -0.303362, 0.616152, 0.616161, 0.383839
3.63265, -0.207887, -0.310372, 0.615704, 0.615713, 0.384287
3.63776, -0.209982, -0.317381, 0.615253, 0.615262, 0.384738
3.64286, -0.212043, -0.32439, 0.6148, 0.614809, 0.385191
3.64796, -0.21407, -0.3314, 0.614346, 0.614355, 0.385645
3.65306, -0.216065, -0.338409, 0.61389, 0.613899, 0.386101
3.65816, -0.218027, -0.345418, 0.613433, 0.613442, 0.386558
3.66327, -0.219957, -0.352427, 0.612975, 0.612984, 0.387016
3.66837, -0.221857, -0.359437, 0.612515, 0.612525, 0.387475
3.67347, -0.223726, -0.366446, 0.612055, 0.612065, 0.387935
3.67857, -0.225566, -0.373455, 0.611595, 0.611604, 0.388396
3.68367, -0.227376, -0.380465, 0.611134, 0.611143, 0.388857
3.68878, -0.229158, -0.387474, 0.610672, 0.610681, 0.389319
3.69388, -0.230912, -0.394483, 0.61021, 0.610219, 0.389781
3.69898, -0.232638, -0.401492, 0.609748, 0.609758, 0.390242
3.70408, -0.234338, -0.408502, 0.609287, 0.609296, 0.390704
3.70918, -0.236011, -0.415511, 0.608825, 0.608834, 0.391166
3.71429, -0.237659, -0.42252, 0.608364, 0.608373, 0.391627
3.71939, -0.239281, -0.42953, 0.607903, 0.607913, 0.392087
3.72449, -0.240878, -0.436539, 0.607444, 0.607453, 0.392547
3.72959, -0.242451, -0.443548, 0.606985, 0.606994, 0.393006
3.73469, -0.244001, -0.450558, 0.606527, 0.606536, 0.393464
3.7398, -0.245527, -0.457567, 0.60607, 0.606079, 0.393921
3.7449, -0.24703, -0.464576, 0.605614, 0.605623, 0.394377
3.75, -0.224422, -0.459249, 0.605568, 0.605568, 0.394432
3.75459, -0.202201, -0.45224, 0.605564, 0.605564, 0.394436
3.75917, -0.183016, -0.44523, 0.605557, 0.605557, 0.394443
3.76376, -0.166078, -0.438221, 0.605547, 0.605547, 0.394453
3.76835, -0.150836, -0.431212, 0.605532, 0.605532, 0.394468
3.77294, -0.136932, -0.424203, 0.605512, 0.605512, 0.394488
3.77752, -0.124114, -0.417193, 0.605486, 0.605487, 0.394513
3.78211, -0.112202, -0.410184, 0.605454, 0.605455, 0.394545
3.7867, -0.101058, -0.403175, 0.605415, 0.605416, 0.394584
3.79128, -0.0905767, -0.396165, 0.605369, 0.60537, 0.39463
3.79587, -0.0806735, -0.389156, 0.605316, 0.605317, 0.394683
3.80046, -0.0712804, -0.382147, 0.605255, 0.605257, 0.394743
3.80505, -0.0623415, -0.375138, 0.605187, 0.605188, 0.394812
3.80963, -0.05381, -0.368128, 0.60511, 0.605112, 0.394888
3.81422, -0.0456468, -0.361119, 0.605026, 0.605028, 0.394972
3.81881, -0.0378184, -0.35411, 0.604934, 0.604936, 0.395064
3.82339, -0.0302958, -0.3471, 0.604833, 0.604835, 0.395165
3.82798, -0.0230543, -0.340091, 0.604725, 0.604727, 0.395273
3.83257, -0.0160718, -0.333082, 0.604608, 0.604611, 0.395389
3.83716, -0.00932941, -0.326072, 0.604484, 0.604487, 0.395513
3.84174, -0.00280998, -0.319063, 0.604351, 0.604354, 0.395646
3.84633, 0.00350153, -0.312054, 0.604211, 0.604214, 0.395786
3.85092, 0.0096186, -0.305045, 0.604062, 0.604065, 0.395935
3.8555, 0.0155534, -0.298035, 0.603906, 0.603909, 0.396091
3.86009, 0.0213167, -0.291026, 0.603741, 0.603745, 0.396255
3.86468, 0.0269185, -0.284017, 0.603569, 0.603573, 0.396427
3.86927, 0.0323678, -0.277007, 0.603389, 0.603393, 0.396607
3.87385, 0.0376727, -0.269998, 0.603202, 0.603206, 0.396794
3.87844, 0.0428408, -0.262989, 0.603007, 0.603011, 0.396989
3.88303, 0.0478789, -0.255979, 0.602804, 0.602808, 0.397192
3.88761, 0.0527932, -0.24897, 0.602594, 0.602598, 0.397402
3.8922, 0.0575898, -0.241961, 0.602376, 0.602381, 0.397619
3.89679, 0.0622738, -0.234952, 0.602152, 0.602156, 0.397844
3.90138, 0.0668504, -0.227942, 0.60192, 0.601924, 0.398076
3.90596, 0.0713241, -0.220933, 0.601681, 0.601685, 0.398315
3.91055, 0.0756993, -0.213924, 0.601434, 0.601439, 0.398561
3.91514, 0.0799799, -0.206914, 0.601181, 0.601187, 0.398813
3.91972, 0.0841697, -0.199905, 0.600922, 0.600927, 0.399073
3.92431, 0.0882723, -0.192896, 0.600655, 0.600661, 0.399339
3.9289, 0.0922909, -0.185887, 0.600382, 0.600387, 0.399613
3.93349, 0.0962285, -0.178877, 0.600102, 0.600108, 0.399892
3.93807, 0.100088, -0.171868, 0.599816, 0.599822, 0.400178
3.94266, 0.103873, -0.164859, 0.599524, 0.59953, 0.40047
3.94725, 0.107584, -0.157849, 0.599225, 0.599231, 0.400769
3.95183, 0.111226, -0.15084, 0.59892, 0.598926, 0.401074
3.95642, 0.114799, -0.143831, 0.598609, 0.598615, 0.401385
3.96101, 0.118307, -0.136821, 0.598292, 0.598299, 0.401701
3.9656, 0.121751, -0.129812, 0.59797, 0.597976, 0.402024
3.97018, 0.125067, -0.122803, 0.597641, 0.597648, 0.402352
3.97477, 0.128235, -0.115794, 0.597307, 0.597314, 0.402686
3.97936, 0.131344, -0.108784, 0.596968, 0.596974, 0.403026
3.98394, 0.134397, -0.101775, 0.596623, 0.59663, 0.40337
3.98853, 0.137396, -0.0947657, 0.596272, 0.596279, 0.403721
3.99312, 0.14034, -0.0877564, 0.595917, 0.595924, 0.404076
3.99771, 0.143233, -0.0807471, 0.595556, 0.595563, 0.404437
4.00229, 0.146076, -0.0737378, 0.59519, 0.595198, 0.404802
4.00688, 0.148869, -0.0667285, 0.59482, 0.594827, 0.405173
4.01147, 0.151615, -0.0597192, 0.594445, 0.594452, 0.405548
4.01606, 0.154314, -0.0527099, 0.594065, 0.594072, 0.405928
4.02064, 0.156968, -0.0457006, 0.59368, 0.593688, 0.406312
4.02523, 0.159577, -0.0386913, 0.593291, 0.593299, 0.406701
4.02982, 0.162143, -0.031682, 0.592898, 0.592906, 0.407094
4.0344, 0.164667, -0.0246727, 0.5925, 0.592508, 0.407492
4.03899, 0.167149, -0.0176634, 0.592099, 0.592107, 0.407893
4.04358, 0.169592, -0.0106541, 0.591693, 0.591701, 0.408299
4.04817, 0.171995, -0.00364483, 0.591283, 0.591291, 0.408709
4.05275, 0.17436, 0.00336446, 0.59087, 0.590878, 0.409122
4.05734, 0.176687, 0.0103738, 0.590453, 0.590461, 0.409539
4.06193, 0.178978, 0.0173831, 0.590032, 0.590041, 0.409959
4.06651, 0.181232, 0.0243923, 0.589608, 0.589616, 0.410384
4.0711, 0.183452, 0.0314016, 0.589181, 0.589189, 0.410811
4.07569, 0.185637, 0.0384109, 0.58875, 0.588759, 0.411241
4.08028, 0.187789, 0.0454202, 0.588316, 0.588325, 0.411675
4.08486, 0.189907, 0.0524295, 0.587879, 0.587888, 0.412112
4.08945, 0.191994, 0.0594388, 0.58744, 0.587449, 0.412551
4.09404, 0.194049, 0.0664481, 0.586997, 0.587006, 0.412994
4.09862, 0.196072, 0.0734574, 0.586553, 0.586561, 0.413439
4.10321, 0.198066, 0.0804667, 0.586105, 0.586114, 0.413886
4.1078, 0.20003, 0.087476, 0.585655, 0.585664, 0.414336
4.11239, 0.201964, 0.0944853, 0.585203, 0.585213, 0.414787
4.11697, 0.203866, 0.101495, 0.58475, 0.584759, 0.415241
4.12156, 0.205737, 0.108504, 0.584296, 0.584305, 0.415695
4.12615, 0.207579, 0.115513, 0.58384, 0.583849, 0.416151
4.13073, 0.209391, 0.122522, 0.583383, 0.583393, 0.416607
4.13532, 0.211174, 0.129532, 0.582926, 0.582935, 0.417065
4.13991, 0.212929, 0.136541, 0.582468, 0.582477, 0.417523
4.1445, 0.214656, 0.14355, 0.582009, 0.582018, 0.417982
4.14908, 0.216355, 0.15056, 0.58155, 0.581559, 0.418441
4.15367, 0.218028, 0.157569, 0.58109, 0.581099, 0.418901
4.15826, 0.219676, 0.164578, 0.58063, 0.58064, 0.41936
4.16284, 0.221297, 0.171588, 0.580171, 0.58018, 0.41982
4.16743, 0.222893, 0.178597, 0.579711, 0.579721, 0.420279
4.17202, 0.224465, 0.185606, 0.579252, 0.579261, 0.420739
4.17661, 0.226013, 0.192615, 0.578794, 0.578803, 0.421197
4.18119, 0.227537, 0.199625, 0.578335, 0.578345, 0.421655
4.18578, 0.229037, 0.206634, 0.577878, 0.577887, 0.422113
4.19037, 0.230516, 0.213643, 0.577422, 0.577431, 0.422569
4.19495, 0.231971, 0.220653, 0.576966, 0.576975, 0.423025
4.19954, 0.233405, 0.227662, 0.576512, 0.576521, 0.423479
4.20413, 0.234818, 0.234671, 0.576059, 0.576068, 0.423932
4.20872, 0.23621, 0.241681, 0.575608, 0.575617, 0.424383
4.2133, 0.237581, 0.24869, 0.575158, 0.575167, 0.424833
4.21789, 0.238932, 0.255699, 0.57471, 0.574719, 0.425281
4.22248, 0.240264, 0.262708, 0.574264, 0.574273, 0.425727
4.22706, 0.241576, 0.269718, 0.57382, 0.573829, 0.426171
4.23165, 0.242869, 0.276727, 0.573379, 0.573387, 0.426613
4.23624, 0.244144, 0.283736, 0.572939, 0.572948, 0.427052
4.24083, 0.2454, 0.290746, 0.572503, 0.572511, 0.427489
4.24541, 0.246639, 0.297755, 0.572069, 0.572077, 0.427923
4.25, 0.233476, 0.297194, 0.571878, 0.571878, 0.428122
4.25394, 0.210964, 0.290185, 0.571877, 0.571877, 0.428123
4.25787, 0.191519, 0.283176, 0.571874, 0.571874, 0.428126
4.26181, 0.174432, 0.276166, 0.571868, 0.571868, 0.428132
4.26575, 0.159166, 0.269157, 0.571858, 0.571858, 0.428142
4.26969, 0.145311, 0.262148, 0.571842, 0.571843, 0.428157
4.27362, 0.13259, 0.255138, 0.571822, 0.571822, 0.428178
4.27756, 0.120805, 0.248129, 0.571795, 0.571796, 0.428204
4.2815, 0.109809, 0.24112, 0.571762, 0.571762, 0.428238
4.28543, 0.0994893, 0.23411, 0.571721, 0.571722, 0.428278
4.28937, 0.0897563, 0.227101, 0.571673, 0.571674, 0.428326
4.29331, 0.0805389, 0.220092, 0.571618, 0.571619, 0.428381
4.29724, 0.071779, 0.213083, 0.571555, 0.571557, 0.428443
4.30118, 0.0634282, 0.206073, 0.571485, 0.571486, 0.428514
4.30512, 0.0554461, 0.199064, 0.571406, 0.571408, 0.428592
4.30906, 0.0477984, 0.192055, 0.57132, 0.571322, 0.428678
4.31299, 0.0404554, 0.185045, 0.571225, 0.571227, 0.428773
4.31693, 0.0333919, 0.178036, 0.571123, 0.571125, 0.428875
4.32087, 0.0265857, 0.171027, 0.571012, 0.571015, 0.428985
4.3248, 0.0200172, 0.164018, 0.570894, 0.570896, 0.429104
4.32874, 0.0136695, 0.157008, 0.570767, 0.57077, 0.42923
4.33268, 0.00752723, 0.149999, 0.570633, 0.570636, 0.429364
4.33661, 0.00157686, 0.14299, 0.570491, 0.570494, 0.429506
4.34055, -0.00419377, 0.13598, 0.570341, 0.570344, 0.429656
4.34449, -0.00979562, 0.128971, 0.570183, 0.570186, 0.429814
4.34843, -0.0152386, 0.121962, 0.570017, 0.57002, 0.42998
4.35236, -0.0205316, 0.114952, 0.569843, 0.569847, 0.430153
4.3563, -0.0256829, 0.107943, 0.569662, 0.569666, 0.430334
4.36024, -0.0306999, 0.100934, 0.569474, 0.569477, 0.430523
4.36417, -0.0355895, 0.0939246, 0.569278, 0.569282, 0.430718
4.36811, -0.0403578, 0.0869153, 0.569074, 0.569078, 0.430922
4.37205, -0.0450108, 0.079906, 0.568863, 0.568868, 0.431132
4.37598, -0.0495538, 0.0728967, 0.568645, 0.56865, 0.43135
4.37992, -0.0539916, 0.0658874, 0.56842, 0.568425, 0.431575
4.38386, -0.0583289, 0.0588781, 0.568188, 0.568193, 0.431807
4.3878, -0.06257, 0.0518688, 0.567949, 0.567953, 0.432047
4.39173, -0.0667188, 0.0448595, 0.567703, 0.567708, 0.432292
4.39567, -0.070779, 0.0378502, 0.56745, 0.567455, 0.432545
4.39961, -0.074754, 0.0308409, 0.56719, 0.567195, 0.432805
4.40354, -0.0786472, 0.0238316, 0.566924, 0.566929, 0.433071
4.40748, -0.0824615, 0.0168223, 0.566651, 0.566657, 0.433343
4.41142, -0.0861999, 0.00981301, 0.566372, 0.566378, 0.433622
4.41535, -0.0898649, 0.00280372, 0.566087, 0.566093, 0.433907
4.41929, -0.0934592, -0.00420558, 0.565795, 0.565801, 0.434199
4.42323, -0.0969851, -0.0112149, 0.565498, 0.565504, 0.434496
4.42717, -0.100445, -0.0182242, 0.565194, 0.5652, 0.4348
4.4311, -0.103841, -0.0252335, 0.564884, 0.56489, 0.43511
4.43504, -0.107175, -0.0322428, 0.564569, 0.564575, 0.435425
4.43898, -0.110435, -0.0392521, 0.564247, 0.564254, 0.435746
4.44291, -0.113496, -0.0462614, 0.563921, 0.563927, 0.436073
4.44685, -0.1165, -0.0532706, 0.563588, 0.563595, 0.436405
4.45079, -0.11945, -0.0602799, 0.56325, 0.563257, 0.436743
4.45472, -0.122346, -0.0672892, 0.562907, 0.562914, 0.437086
4.45866, -0.12519, -0.0742985, 0.562559, 0.562566, 0.437434
4.4626, -0.127985, -0.0813078, 0.562205, 0.562212, 0.437788
4.46654, -0.13073, -0.0883171, 0.561847, 0.561854, 0.438146
4.47047, -0.133427, -0.0953264, 0.561483, 0.561491, 0.438509
4.47441, -0.136078, -0.102336, 0.561115, 0.561123, 0.438877
4.47835, -0.138684, -0.109345, 0.560742, 0.56075, 0.43925
4.48228, -0.141246, -0.116354, 0.560365, 0.560372, 0.439628
4.48622, -0.143765, -0.123364, 0.559983, 0.55999, 0.44001
4.49016, -0.146241, -0.130373, 0.559596, 0.559604, 0.440396
4.49409, -0.148677, -0.137382, 0.559206, 0.559213, 0.440787
4.49803, -0.151073, -0.144391, 0.558811, 0.558819, 0.441181
4.50197, -0.15343, -0.151401, 0.558412, 0.55842, 0.44158
4.50591, -0.155749, -0.15841, 0.558009, 0.558017, 0.441983
4.50984, -0.158031, -0.165419, 0.557602, 0.55761, 0.44239
4.51378, -0.160276, -0.172429, 0.557191, 0.5572, 0.4428
4.51772, -0.162486, -0.179438, 0.556777, 0.556786, 0.443214
4.52165, -0.164661, -0.186447, 0.55636, 0.556368, 0.443632
4.52559, -0.166802, -0.193457, 0.555938, 0.555947, 0.444053
4.52953, -0.168909, -0.200466, 0.555514, 0.555522, 0.444478
4.53346, -0.170984, -0.207475, 0.555086, 0.555095, 0.444905
4.5374, -0.173027, -0.214484, 0.554655, 0.554664, 0.445336
4.54134, -0.175039, -0.221494, 0.554222, 0.55423, 0.44577
4.54528, -0.17702, -0.228503, 0.553785, 0.553794, 0.446206
4.54921, -0.178972, -0.235512, 0.553346, 0.553354, 0.446646
4.55315, -0.180894, -0.242522, 0.552903, 0.552912, 0.447088
4.55709, -0.182787, -0.249531, 0.552459, 0.552468, 0.447532
4.56102, -0.184652, -0.25654, 0.552012, 0.552021, 0.447979
4.56496, -0.186489, -0.26355, 0.551563, 0.551572, 0.448428
4.5689, -0.188299, -0.270559, 0.551111, 0.55112, 0.44888
4.57283, -0.190082, -0.277568, 0.550658, 0.550667, 0.449333
4.57677, -0.191836, -0.284577, 0.550203, 0.550212, 0.449788
4.58071, -0.193562, -0.291587, 0.549747, 0.549757, 0.450243
4.58465, -0.195261, -0.298596, 0.549291, 0.5493, 0.4507
4.58858, -0.196933, -0.305605, 0.548833, 0.548842, 0.451158
4.59252, -0.198578, -0.312615, 0.548375, 0.548384, 0.451616
4.59646, -0.200198, -0.319624, 0.547916, 0.547925, 0.452075
4.60039, -0.201792, -0.326633, 0.547457, 0.547466, 0.452534
4.60433, -0.203361, -0.333642, 0.546997, 0.547006, 0.452994
4.60827, -0.204905, -0.340652, 0.546537, 0.546546, 0.453454
4.6122, -0.206426, -0.347661, 0.546077, 0.546087, 0.453913
4.61614, -0.207923, -0.35467, 0.545618, 0.545627, 0.454373
4.62008, -0.209397, -0.36168, 0.545158, 0.545167, 0.454833
4.62402, -0.210849, -0.368689, 0.544699, 0.544709, 0.455291
4.62795, -0.212278, -0.375698, 0.544241, 0.54425, 0.45575
4.63189, -0.213686, -0.382708, 0.543783, 0.543792, 0.456208
4.63583, -0.215073, -0.389717, 0.543326, 0.543335, 0.456665
4.63976, -0.216438, -0.396726, 0.54287, 0.542879, 0.457121
4.6437, -0.217783, -0.403735, 0.542416, 0.542425, 0.457575
4.64764, -0.219108, -0.410745, 0.541962, 0.541971, 0.458029
4.65157, -0.220414, -0.417754, 0.54151, 0.541519, 0.458481
4.65551, -0.2217, -0.424763, 0.541059, 0.541068, 0.458932
4.65945, -0.222968, -0.431773, 0.54061, 0.540619, 0.459381
4.66339, -0.224217, -0.438782, 0.540163, 0.540172, 0.459828
4.66732, -0.225447, -0.445791, 0.539718, 0.539727, 0.460273
4.67126, -0.22666, -0.452801, 0.539275, 0.539284, 0.460716
4.6752, -0.227856, -0.45981, 0.538834, 0.538843, 0.461157
4.67913, -0.229035, -0.466819, 0.538396, 0.538404, 0.461596
4.68307, -0.230197, -0.473828, 0.53796, 0.537969, 0.462031
4.68701, -0.231342, -0.480838, 0.537527, 0.537535, 0.462465
4.69094, -0.232472, -0.487847, 0.537096, 0.537105, 0.462895
4.69488, -0.233586, -0.494856, 0.536669, 0.536677, 0.463323
4.69882, -0.234685, -0.501866, 0.536245, 0.536253, 0.463747
4.70276, -0.235768, -0.508875, 0.535824, 0.535832, 0.464168
4.70669, -0.236837, -0.515884, 0.535406, 0.535415, 0.464585
4.71063, -0.237892, -0.522893, 0.534992, 0.535001, 0.464999
4.71457, -0.238933, -0.529903, 0.534582, 0.53459, 0.46541
4.7185, -0.23996, -0.536912, 0.534176, 0.534184, 0.465816
4.72244, -0.240974, -0.543921, 0.533774, 0.533782, 0.466218
4.72638, -0.241974, -0.550931, 0.533376, 0.533383, 0.466617
4.73031, -0.242962, -0.55794, 0.532982, 0.53299, 0.46701
4.73425, -0.243938, -0.564949, 0.532593, 0.5326, 0.4674
4.73819, -0.244901, -0.571959, 0.532208, 0.532216, 0.467784
4.74213, -0.245852, -0.578968, 0.531828, 0.531836, 0.468164
4.74606, -0.246792, -0.585977, 0.531454, 0.531461, 0.468539
4.75, -0.233892, -0.585136, 0.531298, 0.531298, 0.468702
4.75316, -0.212725, -0.578127, 0.531297, 0.531297, 0.468703
4.75633, -0.194318, -0.571117, 0.531295, 0.531295, 0.468705
4.75949, -0.17797, -0.564108, 0.531289, 0.53129, 0.46871
4.76266, -0.163325, -0.557099, 0.53128, 0.531281, 0.468719
4.76582, -0.150052, -0.55009, 0.531266, 0.531267, 0.468733
4.76899, -0.137877, -0.54308, 0.531247, 0.531247, 0.468753
4.77215, -0.126607, -0.536071, 0.531221, 0.531222, 0.468778
4.77532, -0.116099, -0.529062, 0.531189, 0.53119, 0.46881
4.77848, -0.106242, -0.522052, 0.53115, 0.531151, 0.468849
4.78165, -0.0969499, -0.515043, 0.531104, 0.531105, 0.468895
4.78481, -0.0881535, -0.508034, 0.53105, 0.531051, 0.468949
4.78797, -0.0797965, -0.501024, 0.530988, 0.53099, 0.46901
4.79114, -0.0718322, -0.494015, 0.530919, 0.530921, 0.469079
4.7943, -0.0642214, -0.487006, 0.530843, 0.530844, 0.469156
4.79747, -0.0569309, -0.479997, 0.530758, 0.53076, 0.46924
4.80063, -0.0499325, -0.472987, 0.530665, 0.530667, 0.469333
4.8038, -0.0432015, -0.465978, 0.530565, 0.530567, 0.469433
4.80696, -0.0367167, -0.458969, 0.530456, 0.530459, 0.469541
4.81013, -0.0304593, -0.451959, 0.53034, 0.530343, 0.469657
4.81329, -0.0244129, -0.44495, 0.530216, 0.530219, 0.469781
4.81646, -0.0185627, -0.437941, 0.530084, 0.530087, 0.469913
4.81962, -0.0128959, -0.430932, 0.529944, 0.529947, 0.470053
4.82278, -0.00740074, -0.423922, 0.529797, 0.5298, 0.4702
4.82595, -0.00206666, -0.416913, 0.529642, 0.529645, 0.470355
4.82911, 0.00311579, -0.409904, 0.529479, 0.529482, 0.470518
4.83228, 0.00815521, -0.402894, 0.529308, 0.529312, 0.470688
4.83544, 0.0130594, -0.395885, 0.52913, 0.529134, 0.470866
4.83861, 0.0178356, -0.388876, 0.528945, 0.528949, 0.471051
4.84177, 0.0224903, -0.381866, 0.528752, 0.528756, 0.471244
4.84494, 0.0270295, -0.374857, 0.528552, 0.528557, 0.471443
4.8481, 0.0314587, -0.367848, 0.528345, 0.528349, 0.471651
4.85127, 0.0357831, -0.360839, 0.528131, 0.528135, 0.471865
4.85443, 0.0400074, -0.353829, 0.52791, 0.527914, 0.472086
4.85759, 0.0441359, -0.34682, 0.527681, 0.527686, 0.472314
4.86076, 0.0481728, -0.339811, 0.527446, 0.527451, 0.472549
4.86392, 0.0521217, -0.332801, 0.527204, 0.527209, 0.472791
4.86709, 0.0559864, -0.325792, 0.526956, 0.526961, 0.473039
4.87025, 0.05977, -0.318783, 0.5267, 0.526706, 0.473294
4.87342, 0.0634756, -0.311773, 0.526439, 0.526444, 0.473556
4.87658, 0.0671063, -0.304764, 0.526171, 0.526176, 0.473824
4.87975, 0.0706646, -0.297755, 0.525896, 0.525902, 0.474098
4.88291, 0.0741532, -0.290746, 0.525615, 0.525621, 0.474379
4.88608, 0.0775744, -0.283736, 0.525329, 0.525334, 0.474666
4.88924, 0.0809306, -0.276727, 0.525036, 0.525042, 0.474958
4.89241, 0.0842239, -0.269718, 0.524737, 0.524743, 0.475257
4.89557, 0.0874563, -0.262708, 0.524432, 0.524438, 0.475562
4.89873, 0.0906298, -0.255699, 0.524122, 0.524128, 0.475872
4.9019, 0.0937296, -0.24869, 0.523806, 0.523812, 0.476188
4.90506, 0.0966358, -0.241681, 0.523484, 0.523491, 0.476509
4.90823, 0.0994883, -0.234671, 0.523157, 0.523164, 0.476836
4.91139, 0.102289, -0.227662, 0.522824, 0.522831, 0.477169
4.91456, 0.105038, -0.220653, 0.522487, 0.522493, 0.477507
4.91772, 0.107739, -0.213643, 0.522144, 0.52215, 0.47785
4.92089, 0.110391, -0.206634, 0.521796, 0.521803, 0.478197
4.92405, 0.112997, -0.199625, 0.521442, 0.52145, 0.47855
4.92722, 0.115558, -0.192615, 0.521084, 0.521092, 0.478908
4.93038, 0.118074, -0.185606, 0.520722, 0.520729, 0.479271
4.93354, 0.120548, -0.178597, 0.520354, 0.520362, 0.479638
4.93671, 0.12298, -0.171588, 0.519982, 0.51999, 0.48001
4.93987, 0.12537, -0.164578, 0.519606, 0.519613, 0.480387
4.94304, 0.127721, -0.157569, 0.519225, 0.519232, 0.480768
4.9462, 0.130033, -0.15056, 0.51884, 0.518847, 0.481153
4.94937, 0.132307, -0.14355, 0.51845, 0.518458, 0.481542
4.95253, 0.134543, -0.136541, 0.518057, 0.518064, 0.481936
4.9557, 0.136744, -0.129532, 0.517659, 0.517667, 0.482333
4.95886, 0.138909, -0.122522, 0.517258, 0.517266, 0.482734
4.96203, 0.141039, -0.115513, 0.516852, 0.51686, 0.48314
4.96519, 0.143136, -0.108504, 0.516443, 0.516452, 0.483548
4.96835, 0.145199, -0.101495, 0.516031, 0.516039, 0.483961
4.97152, 0.147231, -0.0944853, 0.515615, 0.515623, 0.484377
4.97468, 0.14923, -0.087476, 0.515195, 0.515204, 0.484796
4.97785, 0.151198, -0.0804667, 0.514773, 0.514781, 0.485219
4.98101, 0.153136, -0.0734574, 0.514347, 0.514355, 0.485645
4.98418, 0.155044, -0.0664481, 0.513918, 0.513926, 0.486074
4.98734, 0.156924, -0.0594388, 0.513486, 0.513494, 0.486506
4.99051, 0.158774, -0.0524295, 0.513051, 0.51306, 0.48694
4.99367, 0.160597, -0.0454202, 0.512613, 0.512622, 0.487378
4.99684, 0.162392, -0.0384109, 0.512173, 0.512182, 0.487818
5, 0.16416, -0.0314016, 0.51173, 0.511739, 0.488261
5.00316, 0.165902, -0.0243923, 0.511285, 0.511294, 0.488706
5.00633, 0.167618, -0.0173831, 0.510837, 0.510846, 0.489154
5.00949, 0.169309, -0.0103738, 0.510387, 0.510396, 0.489604
5.01266, 0.170975, -0.00336446, 0.509935, 0.509944, 0.490056
5.01582, 0.172616, 0.00364483, 0.509481, 0.50949, 0.49051
5.01899, 0.174234, 0.0106541, 0.509025, 0.509035, 0.490965
5.02215, 0.175827, 0.0176634, 0.508568, 0.508577, 0.491423
5.02532, 0.177396, 0.0246727, 0.508109, 0.508118, 0.491882
5.02848, 0.17894, 0.031682, 0.50765, 0.507659, 0.492341
5.03165, 0.180459, 0.0386913, 0.507189, 0.507199, 0.492801
5.03481, 0.181955, 0.0457006, 0.506729, 0.506738, 0.493262
5.03797, 0.183427, 0.0527099, 0.506267, 0.506276, 0.493724
5.04114, 0.184876, 0.0597192, 0.505805, 0.505815, 0.494185
5.0443, 0.186303, 0.0667285, 0.505343, 0.505353, 0.494647
5.04747, 0.187708, 0.0737378, 0.504881, 0.504891, 0.495109
5.05063, 0.189091, 0.0807471, 0.504419, 0.504429, 0.495571
5.0538, 0.190452, 0.0877564, 0.503957, 0.503967, 0.496033
5.05696, 0.191793, 0.0947657, 0.503496, 0.503505, 0.496495
5.06013, 0.193114, 0.101775, 0.503035, 0.503044, 0.496956
5.06329, 0.194414, 0.108784, 0.502574, 0.502583, 0.497417
5.06646, 0.195695, 0.115794, 0.502114, 0.502123, 0.497877
5.06962, 0.196957, 0.122803, 0.501655, 0.501664, 0.498336
5.07278, 0.198199, 0.129812, 0.501197, 0.501206, 0.498794
5.07595, 0.199424, 0.136821, 0.50074, 0.500749, 0.499251
5.07911, 0.200629, 0.143831, 0.500284, 0.500293, 0.499707
5.08228, 0.201818, 0.15084, 0.49983, 0.499839, 0.500161
5.08544, 0.202988, 0.157849, 0.499377, 0.499386, 0.500614
5.08861, 0.204142, 0.164859, 0.498925, 0.498934, 0.501066
5.09177, 0.205278, 0.171868, 0.498476, 0.498485, 0.501515
5.09494, 0.206398, 0.178877, 0.498028, 0.498037, 0.501963
5.0981, 0.207502, 0.185887, 0.497582, 0.497591, 0.502409
5.10127, 0.208591, 0.192896, 0.497139, 0.497148, 0.502852
5.10443, 0.209663, 0.199905, 0.496698, 0.496707, 0.503293
5.10759, 0.210721, 0.206914, 0.496259, 0.496268, 0.503732
5.11076, 0.211764, 0.213924, 0.495823, 0.495831, 0.504169
5.11392, 0.212792, 0.220933, 0.495389, 0.495398, 0.504602
5.11709, 0.213806, 0.227942, 0.494958, 0.494967, 0.505033
5.12025, 0.214806, 0.234952, 0.494531, 0.494539, 0.505461
5.12342, 0.215792, 0.241961, 0.494106, 0.494115, 0.505885
5.12658, 0.216765, 0.24897, 0.493685, 0.493693, 0.506307
5.12975, 0.217725, 0.255979, 0.493267, 0.493275, 0.506725
5.13291, 0.218672, 0.262989, 0.492852, 0.492861, 0.507139
5.13608, 0.219607, 0.269998, 0.492442, 0.49245, 0.50755
5.13924, 0.22053, 0.277007, 0.492035, 0.492043, 0.507957
5.14241, 0.22144, 0.284017, 0.491632, 0.49164, 0.50836
5.14557, 0.222339, 0.291026, 0.491233, 0.491241, 0.508759
5.14873, 0.223227, 0.298035, 0.490838, 0.490846, 0.509154
5.1519, 0.224103, 0.305045, 0.490448, 0.490456, 0.509544
5.15506, 0.224969, 0.312054, 0.490063, 0.49007, 0.50993
5.15823, 0.225824, 0.319063, 0.489682, 0.489689, 0.510311
5.16139, 0.226669, 0.326072, 0.489306, 0.489313, 0.510687
5.16456, 0.227504, 0.333082, 0.488935, 0.488942, 0.511058
5.16772, 0.228329, 0.340091, 0.488569, 0.488576, 0.511424
5.17089, 0.229144, 0.3471, 0.488209, 0.488216, 0.511784
5.17405, 0.229951, 0.35411, 0.487854, 0.487861, 0.512139
5.17722, 0.230748, 0.361119, 0.487504, 0.487511, 0.512489
5.18038, 0.231537, 0.368128, 0.487161, 0.487168, 0.512832
5.18354, 0.232317, 0.375138, 0.486823, 0.48683, 0.51317
5.18671, 0.233089, 0.382147, 0.486492, 0.486498, 0.513502
5.18987, 0.233853, 0.389156, 0.486167, 0.486173, 0.513827
5.19304, 0.23461, 0.396165, 0.485848, 0.485855, 0.514145
5.1962, 0.235359, 0.403175, 0.485537, 0.485543, 0.514457
5.19937, 0.236101, 0.410184, 0.485232, 0.485238, 0.514762
5.20253, 0.236835, 0.417193, 0.484934, 0.48494, 0.51506
5.2057, 0.237564, 0.424203, 0.484643, 0.484649, 0.515351
5.20886, 0.238286, 0.431212, 0.48436, 0.484366, 0.515634
5.21203, 0.239002, 0.438221, 0.484085, 0.48409, 0.51591
5.21519, 0.239712, 0.44523, 0.483817, 0.483822, 0.516178
5.21835, 0.240416, 0.45224, 0.483558, 0.483563, 0.516437
5.22152, 0.241115, 0.459249, 0.483306, 0.483311, 0.516689
5.22468, 0.241809, 0.466258, 0.483063, 0.483068, 0.516932
5.22785, 0.242498, 0.473268, 0.482829, 0.482834, 0.517166
5.23101, 0.243182, 0.480277, 0.482604, 0.482609, 0.517391
5.23418, 0.243862, 0.487286, 0.482388, 0.482392, 0.517608
5.23734, 0.244538, 0.494296, 0.482182, 0.482186, 0.517814
5.24051, 0.245211, 0.501305, 0.481985, 0.481988, 0.518012
5.24367, 0.245879, 0.508314, 0.481798, 0.481801, 0.518199
5.24684, 0.246545, 0.515323, 0.481621, 0.481624, 0.518376
5.25, 0.247208, 0.522333, 0.481457, 0.481457, 0.518543
5.25249, 0.226483, 0.515323, 0.481457, 0.481457, 0.518543
5.25498, 0.208308, 0.508314, 0.481456, 0.481456, 0.518544
5.25746, 0.192159, 0.501305, 0.481453, 0.481454, 0.518546
5.25995, 0.177608, 0.494296, 0.481447, 0.481448, 0.518552
5.26244, 0.164351, 0.487286, 0.481437, 0.481437, 0.518563
5.26493, 0.152225, 0.480277, 0.481422, 0.481422, 0.518578
5.26741, 0.141076, 0.473268, 0.481401, 0.481401, 0.518599
5.2699, 0.130736, 0.466258, 0.481373, 0.481374, 0.518626
5.27239, 0.12108, 0.459249, 0.481339, 0.48134, 0.51866
5.27488, 0.112011, 0.45224, 0.481298, 0.481299, 0.518701
5.27736, 0.103453, 0.44523, 0.48125, 0.481251, 0.518749
5.27985, 0.0953437, 0.438221, 0.481195, 0.481196, 0.518804
5.28234, 0.0876334, 0.431212, 0.481132, 0.481133, 0.518867
5.28483, 0.0802804, 0.424203, 0.481061, 0.481062, 0.518938
5.28731, 0.0732494, 0.417193, 0.480983, 0.480984, 0.519016
5.2898, 0.0665107, 0.410184, 0.480897, 0.480898, 0.519102
5.29229, 0.0600386, 0.403175, 0.480803, 0.480805, 0.519195
5.29478, 0.053811, 0.396165, 0.480701, 0.480703, 0.519297
5.29726, 0.0478087, 0.389156, 0.480592, 0.480594, 0.519406
5.29975, 0.0420146, 0.382147, 0.480475, 0.480477, 0.519523
5.30224, 0.0364139, 0.375138, 0.48035, 0.480353, 0.519647
5.30473, 0.0309932, 0.368128, 0.480218, 0.48022, 0.51978
5.30721, 0.0257407, 0.361119, 0.480077, 0.48008, 0.51992
5.3097, 0.0206457, 0.35411, 0.47993, 0.479933, 0.520067
5.31219, 0.0156988, 0.3471, 0.479775, 0.479778, 0.520222
5.31468, 0.0108912, 0.340091, 0.479612, 0.479615, 0.520385
5.31716, 0.00621517, 0.333082, 0.479442, 0.479445, 0.520555
5.31965, 0.00166345, 0.326072, 0.479264, 0.479268, 0.520732
5.32214, -0.00277046, 0.319063, 0.47908, 0.479084, 0.520916
5.32463, -0.00709253, 0.312054, 0.478888, 0.478892, 0.521108
5.32711, -0.0113082, 0.305045, 0.478689, 0.478693, 0.521307
5.3296, -0.0154227, 0.298035, 0.478483, 0.478487, 0.521513
5.33209, -0.0194405, 0.291026, 0.47827, 0.478274, 0.521726
5.33458, -0.0233661, 0.284017, 0.47805, 0.478055, 0.521945
5.33706, -0.0272034, 0.277007, 0.477824, 0.477828, 0.522172
5.33955, -0.0309562, 0.269998, 0.47759, 0.477595, 0.522405
5.34204, -0.0346279, 0.262989, 0.47735, 0.477355, 0.522645
5.34453, -0.0382218, 0.255979, 0.477104, 0.477109, 0.522891
5.34701, -0.0417409, 0.24897, 0.476851, 0.476856, 0.523144
5.3495, -0.0451881, 0.241961, 0.476592, 0.476597, 0.523403
5.35199, -0.0485661, 0.234952, 0.476326, 0.476332, 0.523668
5.35448, -0.0518772, 0.227942, 0.476055, 0.47606, 0.52394
5.35697, -0.0551239, 0.220933, 0.475777, 0.475782, 0.524218
5.35945, -0.0583085, 0.213924, 0.475493, 0.475499, 0.524501
5.36194, -0.0614329, 0.206914, 0.475203, 0.475209, 0.524791
5.36443, -0.0644992, 0.199905, 0.474907, 0.474913, 0.525087
5.36692, -0.0675092, 0.192896, 0.474606, 0.474612, 0.525388
5.3694, -0.0704648, 0.185887, 0.474299, 0.474305, 0.525695
5.37189, -0.0732828, 0.178877, 0.473987, 0.473993, 0.526007
5.37438, -0.0759795, 0.171868, 0.473668, 0.473675, 0.526325
5.37687, -0.0786265, 0.164859, 0.473345, 0.473352, 0.526648
5.37935, -0.0812253, 0.157849, 0.473016, 0.473023, 0.526977
5.38184, -0.0837772, 0.15084, 0.472682, 0.472689, 0.527311
5.38433, -0.0862835, 0.143831, 0.472343, 0.47235, 0.52765
5.38682, -0.0887455, 0.136821, 0.471999, 0.472006, 0.527994
5.3893, -0.0911644, 0.129812, 0.47165, 0.471657, 0.528343
5.39179, -0.0935413, 0.122803, 0.471296, 0.471304, 0.528696
5.39428, -0.0958772, 0.115794, 0.470938, 0.470945, 0.529055
5.39677, -0.0981733, 0.108784, 0.470575, 0.470582, 0.529418
5.39925, -0.100431, 0.101775, 0.470207, 0.470214, 0.529786
5.40174, -0.10265, 0.0947657, 0.469834, 0.469842, 0.530158
5.40423, -0.104832, 0.0877564, 0.469458, 0.469465, 0.530535
5.40672, -0.106978, 0.0807471, 0.469077, 0.469084, 0.530916
5.4092, -0.109089, 0.0737378, 0.468692, 0.468699, 0.531301
5.41169, -0.111166, 0.0667285, 0.468302, 0.46831, 0.53169
5.41418, -0.113209, 0.0597192, 0.467909, 0.467917, 0.532083
5.41667, -0.115219, 0.0527099, 0.467512, 0.46752, 0.53248
5.41915, -0.117197, 0.0457006, 0.467111, 0.467119, 0.532881
5.42164, -0.119144, 0.0386913, 0.466706, 0.466714, 0.533286
5.42413, -0.121059, 0.031682, 0.466297, 0.466306, 0.533694
5.42662, -0.122945, 0.0246727, 0.465885, 0.465894, 0.534106
5.4291, -0.124801, 0.0176634, 0.46547, 0.465478, 0.534522
5.43159, -0.126628, 0.0106541, 0.465051, 0.465059, 0.534941
5.43408, -0.128427, 0.00364483, 0.464629, 0.464637, 0.535363
5.43657, -0.130199, -0.00336446, 0.464204, 0.464212, 0.535788
5.43905, -0.131943, -0.0103738, 0.463775, 0.463784, 0.536216
5.44154, -0.133661, -0.0173831, 0.463344, 0.463353, 0.536647
5.44403, -0.135352, -0.0243923, 0.46291, 0.462918, 0.537082
5.44652, -0.137019, -0.0314016, 0.462472, 0.462481, 0.537519
5.449, -0.13866, -0.0384109, 0.462033, 0.462041, 0.537959
5.45149, -0.140276, -0.0454202, 0.46159, 0.461599, 0.538401
5.45398, -0.141869, -0.0524295, 0.461145, 0.461154, 0.538846
5.45647, -0.143438, -0.0594388, 0.460698, 0.460707, 0.539293
5.45896, -0.144983, -0.0664481, 0.460248, 0.460257, 0.539743
5.46144, -0.146506, -0.0734574, 0.459796, 0.459805, 0.540195
5.46393, -0.148007, -0.0804667, 0.459342, 0.459351, 0.540649
5.46642, -0.149485, -0.087476, 0.458886, 0.458895, 0.541105
5.46891, -0.150942, -0.0944853, 0.458428, 0.458437, 0.541563
5.47139, -0.152378, -0.101495, 0.457968, 0.457978, 0.542022
5.47388, -0.153794, -0.108504, 0.457507, 0.457516, 0.542484
5.47637, -0.155189, -0.115513, 0.457044, 0.457053, 0.542947
5.47886, -0.156563, -0.122522, 0.456579, 0.456588, 0.543412
5.48134, -0.157919, -0.129532, 0.456113, 0.456122, 0.543878
5.48383, -0.159253, -0.136541, 0.455646, 0.455655, 0.544345
5.48632, -0.160567, -0.14355, 0.455179, 0.455188, 0.544812
5.48881, -0.16186, -0.15056, 0.454711, 0.45472, 0.54528
5.49129, -0.163134, -0.157569, 0.454242, 0.454252, 0.545748
5.49378, -0.164387, -0.164578, 0.453774, 0.453783, 0.546217
5.49627, -0.165622, -0.171588, 0.453306, 0.453315, 0.546685
5.49876, -0.166837, -0.178597, 0.452837, 0.452846, 0.547154
5.50124, -0.168034, -0.185606, 0.452369, 0.452378, 0.547622
5.50373, -0.169213, -0.192615, 0.451901, 0.45191, 0.54809
5.50622, -0.170374, -0.199625, 0.451433, 0.451442, 0.548558
5.50871, -0.171517, -0.206634, 0.450966, 0.450975, 0.549025
5.51119, -0.172644, -0.213643, 0.4505, 0.450509, 0.549491
5.51368, -0.173753, -0.220653, 0.450034, 0.450043, 0.549957
5.51617, -0.174846, -0.227662, 0.449569, 0.449578, 0.550422
5.51866, -0.175922, -0.234671, 0.449105, 0.449114, 0.550886
5.52114, -0.176982, -0.241681, 0.448642, 0.448652, 0.551348
5.52363, -0.178027, -0.24869, 0.448181, 0.44819, 0.55181
5.52612, -0.179057, -0.255699, 0.447721, 0.44773, 0.55227
5.52861, -0.180071, -0.262708, 0.447262, 0.447271, 0.552729
5.53109, -0.18107, -0.269718, 0.446805, 0.446814, 0.553186
5.53358, -0.182055, -0.276727, 0.44635, 0.446359, 0.553641
5.53607, -0.183026, -0.283736, 0.445897, 0.445906, 0.554094
5.53856, -0.183983, -0.290746, 0.445445, 0.445454, 0.554546
5.54104, -0.184926, -0.297755, 0.444996, 0.445005, 0.554995
5.54353, -0.185856, -0.304764, 0.444548, 0.444557, 0.555443
5.54602, -0.186773, -0.311773, 0.444104, 0.444113, 0.555887
5.54851, -0.187677, -0.318783, 0.443661, 0.44367, 0.55633
5.551, -0.188568, -0.325792, 0.443221, 0.44323, 0.55677
5.55348, -0.189447, -0.332801, 0.442784, 0.442793, 0.557207
5.55597, -0.190314, -0.339811, 0.44235, 0.442359, 0.557641
5.55846, -0.191169, -0.34682, 0.441919, 0.441927, 0.558073
5.56095, -0.192012, -0.353829, 0.441491, 0.441499, 0.558501
5.56343, -0.192844, -0.360839, 0.441066, 0.441074, 0.558926
5.56592, -0.193666, -0.367848, 0.440644, 0.440652, 0.559348
5.56841, -0.194476, -0.374857, 0.440226, 0.440234, 0.559766
5.5709, -0.195275, -0.381866, 0.439811, 0.439819, 0.560181
5.57338, -0.196065, -0.388876, 0.4394, 0.439409, 0.560591
5.57587, -0.196844, -0.395885, 0.438993, 0.439001, 0.560999
5.57836, -0.197613, -0.402894, 0.43859, 0.438598, 0.561402
5.58085, -0.198373, -0.409904, 0.438191, 0.438199, 0.561801
5.58333, -0.199123, -0.416913, 0.437797, 0.437805, 0.562195
5.58582, -0.199864, -0.423922, 0.437406, 0.437414, 0.562586
5.58831, -0.200597, -0.430932, 0.437021, 0.437028, 0.562972
5.5908, -0.20132, -0.437941, 0.43664, 0.436647, 0.563353
5.59328, -0.202035, -0.44495, 0.436263, 0.436271, 0.563729
5.59577, -0.202742, -0.451959, 0.435892, 0.4359, 0.5641
5.59826, -0.203441, -0.458969, 0.435526, 0.435533, 0.564467
5.60075, -0.204132, -0.465978, 0.435165, 0.435172, 0.564828
5.60323, -0.204815, -0.472987, 0.434809, 0.434816, 0.565184
5.60572, -0.205491, -0.479997, 0.434459, 0.434466, 0.565534
5.60821, -0.20616, -0.487006, 0.434115, 0.434122, 0.565878
5.6107, -0.206822, -0.494015, 0.433777, 0.433783, 0.566217
5.61318, -0.207477, -0.501024, 0.433444, 0.433451, 0.566549
5.61567, -0.208126, -0.508034, 0.433118, 0.433124, 0.566876
5.61816, -0.208769, -0.515043, 0.432798, 0.432804, 0.567196
5.62065, -0.209406, -0.522052, 0.432484, 0.43249, 0.56751
5.62313, -0.210036, -0.529062, 0.432177, 0.432183, 0.567817
5.62562, -0.210662, -0.536071, 0.431877, 0.431883, 0.568117
5.62811, -0.211282, -0.54308, 0.431584, 0.43159, 0.56841
5.6306, -0.211896, -0.55009, 0.431298, 0.431304, 0.568696
5.63308, -0.212506, -0.557099, 0.43102, 0.431025, 0.568975
5.63557, -0.213112, -0.564108, 0.430749, 0.430754, 0.569246
5.63806, -0.213712, -0.571117, 0.430486, 0.430491, 0.569509
5.64055, -0.214309, -0.578127, 0.43023, 0.430235, 0.569765
5.64303, -0.214902, -0.585136, 0.429983, 0.429988, 0.570012
5.64552, -0.21549, -0.592145, 0.429744, 0.429749, 0.570251
5.64801, -0.216076, -0.599155, 0.429514, 0.429518, 0.570482
5.6505, -0.216658, -0.606164, 0.429292, 0.429296, 0.570704
5.65299, -0.217237, -0.613173, 0.429079, 0.429084, 0.570916
5.65547, -0.217813, -0.620182, 0.428876, 0.42888, 0.57112
5.65796, -0.218386, -0.627192, 0.428682, 0.428686, 0.571314
5.66045, -0.218957, -0.634201, 0.428498, 0.428501, 0.571499
5.66294, -0.219527, -0.64121, 0.428323, 0.428326, 0.571674
5.66542, -0.220094, -0.64822, 0.428159, 0.428162, 0.571838
5.66791, -0.220659, -0.655229, 0.428005, 0.428008, 0.571992
5.6704, -0.221223, -0.662238, 0.427861, 0.427864, 0.572136
5.67289, -0.221787, -0.669248, 0.427729, 0.427732, 0.572268
5.67537, -0.222349, -0.676257, 0.427608, 0.42761, 0.57239
5.67786, -0.222911, -0.683266, 0.427498, 0.4275, 0.5725
5.68035, -0.223472, -0.690275, 0.4274, 0.427402, 0.572598
5.68284, -0.224033, -0.697285, 0.427315, 0.427316, 0.572684
5.68532, -0.224595, -0.704294, 0.427241, 0.427243, 0.572757
5.68781, -0.225157, -0.711303, 0.427181, 0.427182, 0.572818
5.6903, -0.22572, -0.718313, 0.427134, 0.427134, 0.572866
5.69279, -0.226284, -0.725322, 0.4271, 0.4271, 0.5729
5.69527, -0.226849, -0.732331, 0.42708, 0.42708, 0.57292
5.69776, -0.227416, -0.739341, 0.427074, 0.427074, 0.572926
5.70025, -0.22801, -0.74635, 0.427117, 0.427116, 0.572884
5.70274, -0.228648, -0.753359, 0.427231, 0.427228, 0.572772
5.70522, -0.229327, -0.760368, 0.427414, 0.427409, 0.572591
5.70771, -0.230047, -0.767378, 0.427665, 0.427659, 0.572341
5.7102, -0.230806, -0.774387, 0.427984, 0.427977, 0.572023
5.71269, -0.231602, -0.781396, 0.428369, 0.428361, 0.571639
5.71517, -0.232435, -0.788406, 0.42882, 0.42881, 0.57119
5.71766, -0.233302, -0.795415, 0.429334, 0.429324, 0.570676
5.72015, -0.234203, -0.802424, 0.429912, 0.429899, 0.570101
5.72264, -0.235136, -0.809433, 0.43055, 0.430537, 0.569463
5.72512, -0.236101, -0.816443, 0.431249, 0.431234, 0.568766
5.72761, -0.237096, -0.823452, 0.432006, 0.43199, 0.56801
5.7301, -0.238121, -0.830461, 0.43282, 0.432803, 0.567197
5.73259, -0.239174, -0.837471, 0.433691, 0.433673, 0.566327
5.73507, -0.240254, -0.84448, 0.434616, 0.434597, 0.565403
5.73756, -0.241362, -0.851489, 0.435595, 0.435575, 0.564425
5.74005, -0.242495, -0.858499, 0.436626, 0.436604, 0.563396
5.74254, -0.243653, -0.865508, 0.437707, 0.437685, 0.562315
5.74502, -0.244836, -0.872517, 0.438839, 0.438815, 0.561185
5.74751, -0.246043, -0.879526, 0.440018, 0.439994, 0.560006
5.75, -0.246543, -0.885975, 0.44117, 0.44117, 0.55883
5.75253, -0.228995, -0.878966, 0.44117, 0.44117, 0.55883
5.75505, -0.210831, -0.871956, 0.441167, 0.441167, 0.558833
5.75758, -0.192479, -0.864947, 0.441157, 0.441158, 0.558842
5.7601, -0.174362, -0.857938, 0.441138, 0.441138, 0.558862
5.76263, -0.156856, -0.850929, 0.441102, 0.441103, 0.558897
5.76515, -0.14029, -0.843919, 0.441044, 0.441045, 0.558955
5.76768, -0.124927, -0.83691, 0.440958, 0.44096, 0.55904
5.7702, -0.110741, -0.829901, 0.440839, 0.440842, 0.559158
5.77273, -0.0976529, -0.822891, 0.440684, 0.440688, 0.559312
5.77525, -0.085568, -0.815882, 0.440491, 0.440496, 0.559504
5.77778, -0.0743855, -0.808873, 0.440259, 0.440264, 0.559736
5.7803, -0.0640087, -0.801863, 0.439987, 0.439993, 0.560007
5.78283, -0.0543488, -0.794854, 0.439676, 0.439683, 0.560317
5.78535, -0.0453267, -0.787845, 0.439326, 0.439333, 0.560667
5.78788, -0.036873, -0.780836, 0.438937, 0.438945, 0.561055
5.7904, -0.0289273, -0.773826, 0.438511, 0.43852, 0.56148
5.79293, -0.0214372, -0.766817, 0.438049, 0.438058, 0.561942
5.79545, -0.0143575, -0.759808, 0.437552, 0.437562, 0.562438
5.79798, -0.00764899, -0.752798, 0.43702, 0.437031, 0.562969
5.80051, -0.00127757, -0.745789, 0.436457, 0.436468, 0.563532
5.80303, 0.00478644, -0.73878, 0.435861, 0.435874, 0.564126
5.80556, 0.010569, -0.73177, 0.435235, 0.435248, 0.564752
5.80808, 0.0160929, -0.724761, 0.43458, 0.434594, 0.565406
5.81061, 0.0213782, -0.717752, 0.433897, 0.433911, 0.566089
5.81313, 0.0264428, -0.710743, 0.433186, 0.4332, 0.5668
5.81566, 0.0313023, -0.703733, 0.432449, 0.432464, 0.567536
5.81818, 0.0359708, -0.696724, 0.431686, 0.431701, 0.568299
5.82071, 0.0404611, -0.689715, 0.430899, 0.430915, 0.569085
5.82323, 0.0447843, -0.682705, 0.430088, 0.430105, 0.569895
5.82576, 0.0489507, -0.675696, 0.429255, 0.429272, 0.570728
5.82828, 0.0529696, -0.668687, 0.4284, 0.428417, 0.571583
5.83081, 0.0568493, -0.661678, 0.427524, 0.427541, 0.572459
5.83333, 0.0605976, -0.654668, 0.426627, 0.426645, 0.573355
5.83586, 0.0642212, -0.647659, 0.425711, 0.42573, 0.57427
5.83838, 0.0677267, -0.64065, 0.424777, 0.424796, 0.575204
5.84091, 0.07112, -0.63364, 0.423824, 0.423843, 0.576157
5.84343, 0.0744064, -0.626631, 0.422854, 0.422874, 0.577126
5.84596, 0.0775908, -0.619622, 0.421868, 0.421887, 0.578113
5.84848, 0.0806781, -0.612612, 0.420865, 0.420885, 0.579115
5.85101, 0.0836723, -0.605603, 0.419847, 0.419868, 0.580132
5.85354, 0.0865776, -0.598594, 0.418815, 0.418836, 0.581164
5.85606, 0.0893976, -0.591585, 0.417769, 0.41779, 0.58221
5.85859, 0.0921359, -0.584575, 0.416709, 0.41673, 0.58327
5.86111, 0.0947955, -0.577566, 0.415636, 0.415658, 0.584342
5.86364, 0.0973797, -0.570557, 0.414552, 0.414573, 0.585427
5.86616, 0.0998913, -0.563547, 0.413455, 0.413477, 0.586523
5.86869, 0.102333, -0.556538, 0.412348, 0.41237, 0.58763
5.87121, 0.104707, -0.549529, 0.41123, 0.411253, 0.588747
5.87374, 0.106925, -0.542519, 0.410102, 0.410125, 0.589875
5.87626, 0.109017, -0.53551, 0.408965, 0.408988, 0.591012
5.87879, 0.111048, -0.528501, 0.407819, 0.407842, 0.592158
5.88131, 0.113021, -0.521492, 0.406665, 0.406688, 0.593312
5.88384, 0.114937, -0.514482, 0.405503, 0.405527, 0.594473
5.88636, 0.116798, -0.507473, 0.404334, 0.404358, 0.595642
5.88889, 0.118607, -0.500464, 0.403158, 0.403182, 0.596818
5.89141, 0.120364, -0.493454, 0.401976, 0.402, 0.598
5.89394, 0.122071, -0.486445, 0.400788, 0.400812, 0.599188
5.89646, 0.12373, -0.479436, 0.399595, 0.399619, 0.600381
5.89899, 0.125343, -0.472427, 0.398398, 0.398422, 0.601578
5.90152, 0.12691, -0.465417, 0.397196, 0.39722, 0.60278
5.90404, 0.128434, -0.458408, 0.39599, 0.396015, 0.603985
5.90657, 0.129915, -0.451399, 0.394782, 0.394806, 0.605194
5.90909, 0.131355, -0.444389, 0.39357, 0.393594, 0.606406
5.91162, 0.132755, -0.43738, 0.392356, 0.392381, 0.607619
5.91414, 0.134116, -0.430371, 0.391141, 0.391165, 0.608835
5.91667, 0.135439, -0.423361, 0.389924, 0.389949, 0.610051
5.91919, 0.136725, -0.416352, 0.388708, 0.388732, 0.611268
5.92172, 0.137973, -0.409343, 0.387493, 0.387518, 0.612482
5.92424, 0.139184, -0.402334, 0.386281, 0.386305, 0.613695
5.92677, 0.14036, -0.395324, 0.385072, 0.385096, 0.614904
5.92929, 0.141502, -0.388315, 0.383866, 0.38389, 0.61611
5.93182, 0.142611, -0.381306, 0.382665, 0.382689, 0.617311
5.93434, 0.143687, -0.374296, 0.381467, 0.381491, 0.618509
5.93687, 0.144733, -0.367287, 0.380275, 0.380299, 0.619701
5.93939, 0.145748, -0.360278, 0.379089, 0.379112, 0.620888
5.94192, 0.146734, -0.353269, 0.377908, 0.377931, 0.622069
5.94444, 0.147693, -0.346259, 0.376734, 0.376757, 0.623243
5.94697, 0.148624, -0.33925, 0.375566, 0.37559, 0.62441
5.94949, 0.149528, -0.332241, 0.374406, 0.37443, 0.62557
5.95202, 0.150408, -0.325231, 0.373254, 0.373277, 0.626723
5.95455, 0.151263, -0.318222, 0.372111, 0.372134, 0.627866
5.95707, 0.152094, -0.311213, 0.370976, 0.370999, 0.629001
5.9596, 0.152902, -0.304203, 0.369851, 0.369873, 0.630127
5.96212, 0.153689, -0.297194, 0.368735, 0.368757, 0.631243
5.96465, 0.154454, -0.290185, 0.367629, 0.367651, 0.632349
5.96717, 0.1552, -0.283176, 0.366535, 0.366556, 0.633444
5.9697, 0.155925, -0.276166, 0.365451, 0.365472, 0.634528
5.97222, 0.156632, -0.269157, 0.364379, 0.3644, 0.6356
5.97475, 0.157321, -0.262148, 0.363319, 0.36334, 0.63666
5.97727, 0.157993, -0.255138, 0.362271, 0.362292, 0.637708
5.9798, 0.158648, -0.248129, 0.361237, 0.361258, 0.638742
5.98232, 0.159287, -0.24112, 0.360216, 0.360236, 0.639764
5.98485, 0.159912, -0.23411, 0.359209, 0.359229, 0.640771
5.98737, 0.160522, -0.227101, 0.358216, 0.358236, 0.641764
5.9899, 0.161118, -0.220092, 0.357238, 0.357258, 0.642742
5.99242, 0.161702, -0.213083, 0.356276, 0.356295, 0.643705
5.99495, 0.162273, -0.206073, 0.355329, 0.355348, 0.644652
5.99747, 0.162833, -0.199064, 0.354398, 0.354417, 0.645583
6, 0.163382, -0.192055, 0.353485, 0.353503, 0.646497
6.00253, 0.16392, -0.185045, 0.352588, 0.352606, 0.647394
6.00505, 0.16445, -0.178036, 0.351709, 0.351727, 0.648273
6.00758, 0.16497, -0.171027, 0.350849, 0.350866, 0.649134
6.0101, 0.165482, -0.164018, 0.350007, 0.350024, 0.649976
6.01263, 0.165987, -0.157008, 0.349184, 0.349201, 0.650799
6.01515, 0.166485, -0.149999, 0.348382, 0.348397, 0.651603
6.01768, 0.166977, -0.14299, 0.347599, 0.347615, 0.652385
6.0202, 0.167463, -0.13598, 0.346837, 0.346853, 0.653147
6.02273, 0.167944, -0.128971, 0.346097, 0.346112, 0.653888
6.02525, 0.168421, -0.121962, 0.345379, 0.345393, 0.654607
6.02778, 0.168895, -0.114952, 0.344684, 0.344697, 0.655303
6.0303, 0.169366, -0.107943, 0.344011, 0.344024, 0.655976
6.03283, 0.169834, -0.100934, 0.343363, 0.343375, 0.656625
6.03535, 0.170301, -0.0939246, 0.342738, 0.342751, 0.657249
6.03788, 0.170767, -0.0869153, 0.342139, 0.342151, 0.657849
6.0404, 0.171233, -0.079906, 0.341566, 0.341577, 0.658423
6.04293, 0.1717, -0.0728967, 0.341019, 0.34103, 0.65897
6.04545, 0.172168, -0.0658874, 0.340499, 0.34051, 0.65949
6.04798, 0.172637, -0.0588781, 0.340008, 0.340017, 0.659983
6.05051, 0.17311, -0.0518688, 0.339544, 0.339553, 0.660447
6.05303, 0.173585, -0.0448595, 0.339111, 0.339119, 0.660881
6.05556, 0.174065, -0.0378502, 0.338707, 0.338715, 0.661285
6.05808, 0.17455, -0.0308409, 0.338335, 0.338342, 0.661658
6.06061, 0.17504, -0.0238316, 0.337995, 0.338001, 0.661999
6.06313, 0.175537, -0.0168223, 0.337687, 0.337693, 0.662307
6.06566, 0.176041, -0.00981301, 0.337414, 0.337419, 0.662581
6.06818, 0.176553, -0.00280372, 0.337175, 0.337179, 0.662821
6.07071, 0.177074, 0.00420558, 0.336972, 0.336976, 0.663024
6.07323, 0.177605, 0.0112149, 0.336807, 0.336809, 0.663191
6.07576, 0.178147, 0.0182242, 0.336679, 0.336681, 0.663319
6.07828, 0.1787, 0.0252335, 0.336591, 0.336592, 0.663408
6.08081, 0.179265, 0.0322428, 0.336543, 0.336543, 0.663457
6.08333, 0.179845, 0.0392521, 0.336539, 0.336538, 0.663462
6.08586, 0.180445, 0.0462614, 0.336602, 0.3366, 0.6634
6.08838, 0.181065, 0.0532706, 0.336734, 0.33673, 0.66327
6.09091, 0.181706, 0.0602799, 0.336932, 0.336927, 0.663073
6.09343, 0.182368, 0.0672892, 0.337193, 0.337188, 0.662812
6.09596, 0.183049, 0.0742985, 0.337515, 0.337508, 0.662492
6.09848, 0.18375, 0.0813078, 0.337894, 0.337886, 0.662114
6.10101, 0.184469, 0.0883171, 0.338328, 0.338319, 0.661681
6.10354, 0.185206, 0.0953264, 0.338815, 0.338804, 0.661196
6.10606, 0.185961, 0.102336, 0.339352, 0.33934, 0.66066
6.10859, 0.186733, 0.109345, 0.339937, 0.339924, 0.660076
6.11111, 0.187522, 0.116354, 0.340568, 0.340555, 0.659445
6.11364, 0.188327, 0.123364, 0.341243, 0.341229, 0.658771
6.11616, 0.189147, 0.130373, 0.341961, 0.341946, 0.658054
6.11869, 0.189982, 0.137382, 0.342719, 0.342703, 0.657297
6.12121, 0.190832, 0.144391, 0.343516, 0.3435, 0.6565
6.12374, 0.191696, 0.151401, 0.344351, 0.344334, 0.655666
6.12626, 0.192574, 0.15841, 0.345221, 0.345203, 0.654797
6.12879, 0.193465, 0.165419, 0.346126, 0.346108, 0.653892
6.13131, 0.19437, 0.172429, 0.347065, 0.347046, 0.652954
6.13384, 0.195287, 0.179438, 0.348037, 0.348017, 0.651983
6.13636, 0.196216, 0.186447, 0.34904, 0.349019, 0.650981
6.13889, 0.197158, 0.193457, 0.350073, 0.350052, 0.649948
6.14141, 0.198112, 0.200466, 0.351136, 0.351115, 0.648885
6.14394, 0.199078, 0.207475, 0.352227, 0.352205, 0.647795
6.14646, 0.200054, 0.214484, 0.353346, 0.353323, 0.646677
6.14899, 0.201042, 0.221494, 0.354491, 0.354468, 0.645532
6.15152, 0.20204, 0.228503, 0.355662, 0.355638, 0.644362
6.15404, 0.203048, 0.235512, 0.356857, 0.356833, 0.643167
6.15657, 0.204066, 0.242522, 0.358077, 0.358052, 0.641948
6.15909, 0.205095, 0.249531, 0.359319, 0.359294, 0.640706
6.16162, 0.206132, 0.25654, 0.360584, 0.360558, 0.639442
6.16414, 0.207179, 0.26355, 0.36187, 0.361844, 0.638156
6.16667, 0.208235, 0.270559, 0.363177, 0.363151, 0.636849
6.16919, 0.2093, 0.277568, 0.364504, 0.364477, 0.635523
6.17172, 0.210373, 0.284577, 0.365851, 0.365824, 0.634176
6.17424, 0.211454, 0.291587, 0.367217, 0.367189, 0.632811
6.17677, 0.212544, 0.298596, 0.368601, 0.368573, 0.631427
6.17929, 0.213641, 0.305605, 0.370003, 0.369975, 0.630025
6.18182, 0.214746, 0.312615, 0.371422, 0.371394, 0.628606
6.18434, 0.215862, 0.319624, 0.37286, 0.372831, 0.627169
6.18687, 0.216987, 0.326633, 0.374316, 0.374287, 0.625713
6.18939, 0.218123, 0.333642, 0.37579, 0.375761, 0.624239
6.19192, 0.219268, 0.340652, 0.377282, 0.377252, 0.622748
6.19444, 0.220424, 0.347661, 0.378792, 0.378762, 0.621238
6.19697, 0.221589, 0.35467, 0.380319, 0.380288, 0.619712
6.19949, 0.222763, 0.36168, 0.381863, 0.381832, 0.618168
6.20202, 0.223947, 0.368689, 0.383423, 0.383392, 0.616608
6.20455, 0.22514, 0.375698, 0.385001, 0.384969, 0.615031
6.20707, 0.226342, 0.382708, 0.386594, 0.386562, 0.613438
6.2096, 0.227553, 0.389717, 0.388204, 0.388172, 0.611828
6.21212, 0.228773, 0.396726, 0.389829, 0.389797, 0.610203
6.21465, 0.230002, 0.403735, 0.391471, 0.391438, 0.608562
6.21717, 0.231239, 0.410745, 0.393127, 0.393094, 0.606906
6.2197, 0.232485, 0.417754, 0.394799, 0.394766, 0.605234
6.22222, 0.23374, 0.424763, 0.396486, 0.396452, 0.603548
6.22475, 0.235003, 0.431773, 0.398188, 0.398154, 0.601846
6.22727, 0.236274, 0.438782, 0.399904, 0.39987, 0.60013
6.2298, 0.237553, 0.445791, 0.401635, 0.401601, 0.598399
6.23232, 0.23884, 0.452801, 0.403381, 0.403345, 0.596655
6.23485, 0.240135, 0.45981, 0.40514, 0.405104, 0.594896
6.23737, 0.241438, 0.466819, 0.406913, 0.406877, 0.593123
6.2399, 0.242749, 0.473828, 0.4087, 0.408664, 0.591336
6.24242, 0.244067, 0.480838, 0.4105, 0.410464, 0.589536
6.24495, 0.245393, 0.487847, 0.412314, 0.412278, 0.587722
6.24747, 0.246727, 0.494856, 0.414141, 0.414104, 0.585896
6.25, 0.238959, 0.492894, 0.414764, 0.414765, 0.585235
6.25149, 0.22559, 0.485884, 0.414754, 0.414754, 0.585246
6.25298, 0.211882, 0.478875, 0.414724, 0.414725, 0.585275
6.25446, 0.198088, 0.471866, 0.414666, 0.414667, 0.585333
6.25595, 0.184454, 0.464856, 0.414568, 0.41457, 0.58543
6.25744, 0.171193, 0.457847, 0.414418, 0.414421, 0.585579
6.25893, 0.158468, 0.450838, 0.414204, 0.414209, 0.585791
6.26042, 0.14638, 0.443829, 0.413916, 0.413922, 0.586078
6.2619, 0.135, 0.436819, 0.413546, 0.413554, 0.586446
6.26339, 0.124393, 0.42981, 0.413093, 0.413103, 0.586897
6.26488, 0.114505, 0.422801, 0.412555, 0.412567, 0.587433
6.26637, 0.105267, 0.415791, 0.411932, 0.411946, 0.588054
6.26786, 0.0966171, 0.408782, 0.411226, 0.411241, 0.588759
6.26935, 0.0884964, 0.401773, 0.410437, 0.410454, 0.589546
6.27083, 0.0808526, 0.394764, 0.409568, 0.409586, 0.590414
6.27232, 0.0736389, 0.387754, 0.408622, 0.408642, 0.591358
6.27381, 0.0668145, 0.380745, 0.407601, 0.407622, 0.592378
6.2753, 0.0603435, 0.373736, 0.406508, 0.40653, 0.59347
6.27679, 0.0541944, 0.366726, 0.405345, 0.405369, 0.594631
6.27827, 0.0483398, 0.359717, 0.404116, 0.404141, 0.595859
6.27976, 0.0427556, 0.352708, 0.402823, 0.402849, 0.597151
6.28125, 0.0374205, 0.345698, 0.401468, 0.401496, 0.598504
6.28274, 0.0323159, 0.338689, 0.400054, 0.400083, 0.599917
6.28423, 0.0274253, 0.33168, 0.398584, 0.398614, 0.601386
6.28571, 0.022734, 0.324671, 0.39706, 0.397091, 0.602909
6.2872, 0.0182289, 0.317661, 0.395483, 0.395515, 0.604485
6.28869, 0.0138984, 0.310652, 0.393856, 0.393889, 0.606111
6.29018, 0.00973198, 0.303643, 0.392181, 0.392215, 0.607785
6.29167, 0.00572021, 0.296633, 0.39046, 0.390495, 0.609505
6.29315, 0.00185457, 0.289624, 0.388695, 0.388731, 0.611269
6.29464, -0.00187266, 0.282615, 0.386887, 0.386924, 0.613076
6.29613, -0.0054685, 0.275606, 0.385039, 0.385077, 0.614923
6.29762, -0.00893936, 0.268596, 0.383152, 0.38319, 0.61681
6.29911, -0.0122911, 0.261587, 0.381228, 0.381267, 0.618733
6.3006, -0.0155291, 0.254578, 0.379268, 0.379307, 0.620693
6.30208, -0.0186583, 0.247568, 0.377273, 0.377313, 0.622687
6.30357, -0.0216834, 0.240559, 0.375246, 0.375287, 0.624713
6.30506, -0.0246084, 0.23355, 0.373188, 0.373229, 0.626771
6.30655, -0.0274375, 0.22654, 0.3711, 0.371142, 0.628858
6.30804, -0.0301741, 0.219531, 0.368983, 0.369025, 0.630975
6.30952, -0.0328218, 0.212522, 0.366839, 0.366882, 0.633118
6.31101, -0.0353837, 0.205513, 0.364669, 0.364713, 0.635287
6.3125, -0.0378628, 0.198503, 0.362475, 0.362519, 0.637481
6.31399, -0.040262, 0.191494, 0.360257, 0.360301, 0.639699
6.31548, -0.0425838, 0.184485, 0.358017, 0.358062, 0.641938
6.31696, -0.0448308, 0.177475, 0.355756, 0.355801, 0.644199
6.31845, -0.0470053, 0.170466, 0.353475, 0.353521, 0.646479
6.31994, -0.0491096, 0.163457, 0.351175, 0.351221, 0.648779
6.32143, -0.0511167, 0.156447, 0.348858, 0.348904, 0.651096
6.32292, -0.052932, 0.149438, 0.346524, 0.346571, 0.653429
6.3244, -0.0546831, 0.142429, 0.344174, 0.344221, 0.655779
6.32589, -0.0563719, 0.13542, 0.34181, 0.341857, 0.658143
6.32738, -0.0580001, 0.12841, 0.339432, 0.33948, 0.66052
6.32887, -0.0595694, 0.121401, 0.337042, 0.33709, 0.66291
6.33036, -0.0610814, 0.114392, 0.334641, 0.334689, 0.665311
6.33185, -0.0625376, 0.107382, 0.332228, 0.332277, 0.667723
6.33333, -0.0639396, 0.100373, 0.329807, 0.329855, 0.670145
6.33482, -0.0652888, 0.0933638, 0.327376, 0.327425, 0.672575
6.33631, -0.0665865, 0.0863545, 0.324937, 0.324986, 0.675014
6.3378, -0.0678341, 0.0793452, 0.322492, 0.322541, 0.677459
6.33929, -0.069033, 0.0723359, 0.32004, 0.320089, 0.679911
6.34077, -0.0701842, 0.0653266, 0.317584, 0.317633, 0.682367
6.34226, -0.0712892, 0.0583173, 0.315122, 0.315172, 0.684828
6.34375, -0.0723489, 0.051308, 0.312658, 0.312707, 0.687293
6.34524, -0.0733647, 0.0442987, 0.31019, 0.310239, 0.689761
6.34673, -0.0743375, 0.0372895, 0.307721, 0.30777, 0.69223
6.34821, -0.0752685, 0.0302802, 0.30525, 0.305299, 0.694701
6.3497, -0.0761588, 0.0232709, 0.302779, 0.302828, 0.697172
6.35119, -0.0770093, 0.0162616, 0.300308, 0.300358, 0.699642
6.35268, -0.0778211, 0.00925227, 0.297839, 0.297888, 0.702112
6.35417, -0.0785952, 0.00224297, 0.295371, 0.29542, 0.70458
6.35565, -0.0793324, -0.00476632, 0.292906, 0.292955, 0.707045
6.35714, -0.0800339, -0.0117756, 0.290444, 0.290493, 0.709507
6.35863, -0.0807005, -0.0187849, 0.287986, 0.288035, 0.711965
6.36012, -0.081333, -0.0257942, 0.285532, 0.285581, 0.714419
6.36161, -0.0819324, -0.0328035, 0.283085, 0.283133, 0.716867
6.3631, -0.0824997, -0.0398128, 0.280643, 0.280691, 0.719309
6.36458, -0.0830355, -0.0468221, 0.278207, 0.278256, 0.721744
6.36607, -0.0835408, -0.0538314, 0.27578, 0.275828, 0.724172
6.36756, -0.0840164, -0.0608407, 0.27336, 0.273408, 0.726592
6.36905, -0.0844631, -0.06785, 0.270949, 0.270997, 0.729003
6.37054, -0.0848817, -0.0748593, 0.268547, 0.268595, 0.731405
6.37202, -0.085273, -0.0818686, 0.266155, 0.266203, 0.733797
6.37351, -0.0856379, -0.0888779, 0.263773, 0.263821, 0.736179
6.375, -0.085977, -0.0958872, 0.261403, 0.26145, 0.73855
6.37649, -0.0862911, -0.102896, 0.259044, 0.259091, 0.740909
6.37798, -0.086581, -0.109906, 0.256698, 0.256745, 0.743255
6.37946, -0.0868475, -0.116915, 0.254365, 0.254411, 0.745589
6.38095, -0.0870913, -0.123924, 0.252045, 0.252091, 0.747909
6.38244, -0.087313, -0.130934, 0.249739, 0.249785, 0.750215
6.38393, -0.0875135, -0.137943, 0.247447, 0.247493, 0.752507
6.38542, -0.0876934, -0.144952, 0.245172, 0.245217, 0.754783
6.3869, -0.0878533, -0.151962, 0.242915, 0.24296, 0.75704
6.38839, -0.0879938, -0.158971, 0.240678, 0.240722, 0.759278
6.38988, -0.0881158, -0.16598, 0.238461, 0.238505, 0.761495
6.39137, -0.0882201, -0.172989, 0.236266, 0.236309, 0.763691
6.39286, -0.0883074, -0.179999, 0.234092, 0.234135, 0.765865
6.39435, -0.0883784, -0.187008, 0.231939, 0.231982, 0.768018
6.39583, -0.088434, -0.194017, 0.22981, 0.229852, 0.770148
6.39732, -0.0884747, -0.201027, 0.227703, 0.227745, 0.772255
6.39881, -0.0885015, -0.208036, 0.22562, 0.225662, 0.774338
6.4003, -0.0885149, -0.215045, 0.223561, 0.223602, 0.776398
6.40179, -0.0885157, -0.222054, 0.221527, 0.221567, 0.778433
6.40327, -0.0885046, -0.229064, 0.219517, 0.219557, 0.780443
6.40476, -0.0884823, -0.236073, 0.217533, 0.217572, 0.782428
6.40625, -0.0884496, -0.243082, 0.215574, 0.215613, 0.784387
6.40774, -0.088407, -0.250092, 0.213642, 0.213681, 0.786319
6.40923, -0.0883553, -0.257101, 0.211737, 0.211775, 0.788225
6.41071, -0.0882951, -0.26411, 0.209859, 0.209896, 0.790104
6.4122, -0.0882271, -0.27112, 0.208008, 0.208045, 0.791955
6.41369, -0.088152, -0.278129, 0.206186, 0.206222, 0.793778
6.41518, -0.0880704, -0.285138, 0.204391, 0.204427, 0.795573
6.41667, -0.087983, -0.292147, 0.202626, 0.202661, 0.797339
6.41815, -0.0878905, -0.299157, 0.20089, 0.200925, 0.799075
6.41964, -0.0877934, -0.306166, 0.199184, 0.199218, 0.800782
6.42113, -0.0876925, -0.313175, 0.197508, 0.197541, 0.802459
6.42262, -0.0875883, -0.320185, 0.195863, 0.195895, 0.804105
6.42411, -0.0874815, -0.327194, 0.194248, 0.19428, 0.80572
6.4256, -0.0873728, -0.334203, 0.192665, 0.192697, 0.807303
6.42708, -0.0872627, -0.341213, 0.191114, 0.191145, 0.808855
6.42857, -0.087152, -0.348222, 0.189595, 0.189625, 0.810375
6.43006, -0.0870412, -0.355231, 0.188109, 0.188138, 0.811862
6.43155, -0.0869309, -0.36224, 0.186656, 0.186685, 0.813315
6.43304, -0.0868219, -0.36925, 0.185236, 0.185265, 0.814735
6.43452, -0.0867147, -0.376259, 0.183851, 0.183878, 0.816122
6.43601, -0.08661, -0.383268, 0.1825, 0.182527, 0.817473
6.4375, -0.0865084, -0.390278, 0.181184, 0.18121, 0.81879
6.43899, -0.0864105, -0.397287, 0.179904, 0.179929, 0.820071
6.44048, -0.0863171, -0.404296, 0.17866, 0.178684, 0.821316
6.44196, -0.0862287, -0.411305, 0.177452, 0.177476, 0.822524
6.44345, -0.086146, -0.418315, 0.176281, 0.176305, 0.823695
6.44494, -0.0860697, -0.425324, 0.175149, 0.175171, 0.824829
6.44643, -0.0860005, -0.432333, 0.174054, 0.174075, 0.825925
6.44792, -0.085939, -0.439343, 0.172998, 0.173019, 0.826981
6.4494, -0.0858859, -0.446352, 0.171981, 0.172001, 0.827999
6.45089, -0.0858419, -0.453361, 0.171005, 0.171024, 0.828976
6.45238, -0.0858078, -0.460371, 0.17007, 0.170088, 0.829912
6.45387, -0.0857843, -0.46738, 0.169176, 0.169193, 0.830807
6.45536, -0.085772, -0.474389, 0.168324, 0.168341, 0.831659
6.45685, -0.0857718, -0.481398, 0.167516, 0.167531, 0.832469
6.45833, -0.0857845, -0.488408, 0.166751, 0.166766, 0.833234
6.45982, -0.0858108, -0.495417, 0.166031, 0.166045, 0.833955
6.46131, -0.0858516, -0.502426, 0.165356, 0.16537, 0.83463
6.4628, -0.0859077, -0.509436, 0.164729, 0.164741, 0.835259
6.46429, -0.0859799, -0.516445, 0.164149, 0.16416, 0.83584
6.46577, -0.0860692, -0.523454, 0.163617, 0.163627, 0.836373
6.46726, -0.0861765, -0.530464, 0.163135, 0.163145, 0.836855
6.46875, -0.0863026, -0.537473, 0.162705, 0.162713, 0.837287
6.47024, -0.0864487, -0.544482, 0.162326, 0.162333, 0.837667
6.47173, -0.0866157, -0.551491, 0.162001, 0.162007, 0.837993
6.47321, -0.0868047, -0.558501, 0.161731, 0.161736, 0.838264
6.4747, -0.0870168, -0.56551, 0.161517, 0.16152, 0.83848
6.47619, -0.0872531, -0.572519, 0.161361, 0.161363, 0.838637
6.47768, -0.0875148, -0.579529, 0.161264, 0.161265, 0.838735
6.47917, -0.0878031, -0.586538, 0.161228, 0.161228, 0.838772
6.48065, -0.088115, -0.593547, 0.161248, 0.161248, 0.838752
6.48214, -0.0884447, -0.600556, 0.161314, 0.161312, 0.838688
6.48363, -0.0887912, -0.607566, 0.161423, 0.161421, 0.838579
6.48512, -0.0891536, -0.614575, 0.161573, 0.161569, 0.838431
6.48661, -0.0895314, -0.621584, 0.161761, 0.161757, 0.838243
6.4881, -0.0899236, -0.628594, 0.161986, 0.161981, 0.838019
6.48958, -0.0903295, -0.635603, 0.162245, 0.16224, 0.83776
6.49107, -0.0907486, -0.642612, 0.162537, 0.162531, 0.837469
6.49256, -0.0911801, -0.649622, 0.16286, 0.162854, 0.837146
6.49405, -0.0916234, -0.656631, 0.163212, 0.163205, 0.836795
6.49554, -0.0920778, -0.66364, 0.163592, 0.163584, 0.836416
6.49702, -0.092543, -0.670649, 0.163998, 0.16399, 0.83601
6.49851, -0.0930181, -0.677659, 0.164429, 0.16442, 0.83558
6.5, -0.0935029, -0.684668, 0.164882, 0.164873, 0.835127
6.50149, -0.0939966, -0.691677, 0.165358, 0.165349, 0.834651
6.50298, -0.094499, -0.698687, 0.165855, 0.165845, 0.834155
6.50446, -0.0950094, -0.705696, 0.166371, 0.166361, 0.833639
6.50595, -0.0955275, -0.712705, 0.166906, 0.166895, 0.833105
6.50744, -0.0960528, -0.719714, 0.167459, 0.167448, 0.832552
6.50893, -0.0965851, -0.726724, 0.168028, 0.168017, 0.831983
6.51042, -0.0971238, -0.733733, 0.168613, 0.168601, 0.831399
6.5119, -0.0976686, -0.740742, 0.169213, 0.169201, 0.830799
6.51339, -0.0982192, -0.747752, 0.169826, 0.169814, 0.830186
6.51488, -0.0987753, -0.754761, 0.170453, 0.170441, 0.829559
6.51637, -0.0993365, -0.76177, 0.171093, 0.17108, 0.82892
6.51786, -0.0999026, -0.76878, 0.171744, 0.171731, 0.828269
6.51935, -0.100473, -0.775789, 0.172407, 0.172393, 0.827607
6.52083, -0.101048, -0.782798, 0.17308, 0.173066, 0.826934
6.52232, -0.101627, -0.789807, 0.173763, 0.173749, 0.826251
6.52381, -0.10221, -0.796817, 0.174455, 0.174441, 0.825559
6.5253, -0.102797, -0.803826, 0.175156, 0.175142, 0.824858
6.52679, -0.103386, -0.810835, 0.175866, 0.175852, 0.824148
6.52827, -0.10398, -0.817845, 0.176583, 0.176569, 0.823431
6.52976, -0.104576, -0.824854, 0.177309, 0.177294, 0.822706
6.53125, -0.105178, -0.831863, 0.178048, 0.178033, 0.821967
6.53274, -0.105789, -0.838873, 0.178803, 0.178788, 0.821212
6.53423, -0.106408, -0.845882, 0.179575, 0.179559, 0.820441
6.53571, -0.107035, -0.852891, 0.180363, 0.180347, 0.819653
6.5372, -0.10767, -0.8599, 0.181167, 0.181151, 0.818849
6.53869, -0.108313, -0.86691, 0.181987, 0.181971, 0.818029
6.54018, -0.108964, -0.873919, 0.182823, 0.182806, 0.817194
6.54167, -0.109624, -0.880928, 0.183675, 0.183658, 0.816342
6.54315, -0.110291, -0.887938, 0.184543, 0.184525, 0.815475
6.54464, -0.110967, -0.894947, 0.185426, 0.185408, 0.814592
6.54613, -0.111651, -0.901956, 0.186324, 0.186306, 0.813694
6.54762, -0.112342, -0.908965, 0.187238, 0.187219, 0.812781
6.54911, -0.113042, -0.915975, 0.188166, 0.188148, 0.811852
6.5506, -0.113749, -0.922984, 0.189109, 0.18909, 0.81091
6.55208, -0.114464, -0.929993, 0.190067, 0.190048, 0.809952
6.55357, -0.115187, -0.937003, 0.191039, 0.191019, 0.808981
6.55506, -0.115917, -0.944012, 0.192024, 0.192005, 0.807995
6.55655, -0.116655, -0.951021, 0.193024, 0.193004, 0.806996
6.55804, -0.1174, -0.958031, 0.194036, 0.194016, 0.805984
6.55952, -0.118152, -0.96504, 0.195062, 0.195041, 0.804959
6.56101, -0.118911, -0.972049, 0.1961, 0.196079, 0.803921
6.5625, -0.119676, -0.979058, 0.197151, 0.19713, 0.80287
6.56399, -0.120448, -0.986068, 0.198213, 0.198192, 0.801808
6.56548, -0.121227, -0.993077, 0.199288, 0.199266, 0.800734
6.56696, -0.122012, -1.00009, 0.200373, 0.200351, 0.799649
6.56845, -0.122803, -1.0071, 0.201469, 0.201447, 0.798553
6.56994, -0.1236, -1.0141, 0.202576, 0.202554, 0.797446
6.57143, -0.124402, -1.02111, 0.203694, 0.203671, 0.796329
6.57292, -0.12521, -1.02812, 0.204821, 0.204798, 0.795202
6.5744, -0.126024, -1.03513, 0.205957, 0.205934, 0.794066
6.57589, -0.126843, -1.04214, 0.207103, 0.20708, 0.79292
6.57738, -0.127666, -1.04915, 0.208257, 0.208234, 0.791766
6.57887, -0.128495, -1.05616, 0.20942, 0.209397, 0.790603
6.58036, -0.129328, -1.06317, 0.210592, 0.210568, 0.789432
6.58185, -0.130166, -1.07018, 0.211771, 0.211747, 0.788253
6.58333, -0.131008, -1.07719, 0.212958, 0.212934, 0.787066
6.58482, -0.131854, -1.0842, 0.214152, 0.214128, 0.785872
6.58631, -0.132704, -1.09121, 0.215353, 0.215329, 0.784671
6.5878, -0.133558, -1.09822, 0.216561, 0.216536, 0.783464
6.58929, -0.134416, -1.10523, 0.217775, 0.217751, 0.782249
6.59077, -0.135278, -1.11224, 0.218996, 0.218971, 0.781029
6.59226, -0.136143, -1.11924, 0.220223, 0.220198, 0.779802
6.59375, -0.137012, -1.12625, 0.221456, 0.221431, 0.778569
6.59524, -0.137884, -1.13326, 0.222695, 0.22267, 0.77733
6.59673, -0.13876, -1.14027, 0.223939, 0.223914, 0.776086
6.59821, -0.139639, -1.14728, 0.225189, 0.225164, 0.774836
6.5997, -0.14052, -1.15429, 0.226445, 0.22642, 0.77358
6.60119, -0.141406, -1.1613, 0.227706, 0.227681, 0.772319
6.60268, -0.142295, -1.16831, 0.228973, 0.228948, 0.771052
6.60417, -0.143188, -1.17532, 0.230247, 0.230221, 0.769779
6.60565, -0.144085, -1.18233, 0.231527, 0.231501, 0.768499
6.60714, -0.144986, -1.18934, 0.232814, 0.232788, 0.767212
6.60863, -0.145891, -1.19635, 0.234106, 0.23408, 0.76592
6.61012, -0.1468, -1.20336, 0.235406, 0.23538, 0.76462
6.61161, -0.147714, -1.21037, 0.236711, 0.236685, 0.763315
6.6131, -0.148631, -1.21737, 0.238023, 0.237996, 0.762004
6.61458, -0.149552, -1.22438, 0.23934, 0.239314, 0.760686
6.61607, -0.150476, -1.23139, 0.240664, 0.240638, 0.759362
6.61756, -0.151405, -1.2384, 0.241994, 0.241968, 0.758032
6.61905, -0.152338, -1.24541, 0.24333, 0.243303, 0.756697
6.62054, -0.153274, -1.25242, 0.244672, 0.244645, 0.755355
6.62202, -0.154214, -1.25943, 0.24602, 0.245993, 0.754007
6.62351, -0.155158, -1.26644, 0.247374, 0.247347, 0.752653
6.625, -0.156105, -1.27345, 0.248734, 0.248706, 0.751294
6.62649, -0.157057, -1.28046, 0.250099, 0.250072, 0.749928
6.62798, -0.158012, -1.28747, 0.25147, 0.251443, 0.748557
6.62946, -0.15897, -1.29448, 0.252847, 0.25282, 0.74718
6.63095, -0.159933, -1.30149, 0.25423, 0.254202, 0.745798
6.63244, -0.160899, -1.3085, 0.255618, 0.255591, 0.744409
6.63393, -0.161868, -1.3155, 0.257012, 0.256985, 0.743015
6.63542, -0.162841, -1.32251, 0.258412, 0.258384, 0.741616
6.6369, -0.163818, -1.32952, 0.259817, 0.259789, 0.740211
6.63839, -0.164798, -1.33653, 0.261228, 0.2612, 0.7388
6.63988, -0.165782, -1.34354, 0.262644, 0.262616, 0.737384
6.64137, -0.166769, -1.35055, 0.264066, 0.264037, 0.735963
6.64286, -0.16776, -1.35756, 0.265493, 0.265464, 0.734536
6.64435, -0.168754, -1.36457, 0.266926, 0.266897, 0.733103
6.64583, -0.169752, -1.37158, 0.268363, 0.268335, 0.731665
6.64732, -0.170753, -1.37859, 0.269807, 0.269778, 0.730222
6.64881, -0.171758, -1.3856, 0.271255, 0.271226, 0.728774
6.6503, -0.172766, -1.39261, 0.272709, 0.27268, 0.72732
6.65179, -0.173777, -1.39962, 0.274168, 0.274139, 0.725861
6.65327, -0.174791, -1.40663, 0.275632, 0.275603, 0.724397
6.65476, -0.175809, -1.41363, 0.277101, 0.277072, 0.722928
6.65625, -0.176831, -1.42064, 0.278576, 0.278546, 0.721454
6.65774, -0.177855, -1.42765, 0.280055, 0.280026, 0.719974
6.65923, -0.178883, -1.43466, 0.28154, 0.28151, 0.71849
6.66071, -0.179914, -1.44167, 0.28303, 0.283, 0.717
6.6622, -0.180949, -1.44868, 0.284525, 0.284495, 0.715505
6.66369, -0.181986, -1.45569, 0.286025, 0.285995, 0.714005
6.66518, -0.183027, -1.4627, 0.287529, 0.287499, 0.712501
6.66667, -0.184071, -1.46971, 0.289039, 0.289009, 0.710991
6.66815, -0.185119, -1.47672, 0.290554, 0.290523, 0.709477
6.66964, -0.186169, -1.48373, 0.292073, 0.292043, 0.707957
6.67113, -0.187223, -1.49074, 0.293598, 0.293567, 0.706433
6.67262, -0.188279, -1.49775, 0.295127, 0.295096, 0.704904
6.67411, -0.189339, -1.50476, 0.296661, 0.29663, 0.70337
6.6756, -0.190402, -1.51176, 0.2982, 0.298169, 0.701831
6.67708, -0.191468, -1.51877, 0.299744, 0.299713, 0.700287
6.67857, -0.192537, -1.52578, 0.301292, 0.301261, 0.698739
6.68006, -0.193609, -1.53279, 0.302845, 0.302814, 0.697186
6.68155, -0.194684, -1.5398, 0.304403, 0.304372, 0.695628
6.68304, -0.195763, -1.54681, 0.305966, 0.305934, 0.694066
6.68452, -0.196844, -1.55382, 0.307533, 0.307501, 0.692499
6.68601, -0.197928, -1.56083, 0.309105, 0.309073, 0.690927
6.6875, -0.199015, -1.56784, 0.310681, 0.310649, 0.689351
6.68899, -0.200106, -1.57485, 0.312262, 0.31223, 0.68777
6.69048, -0.201199, -1.58186, 0.313848, 0.313816, 0.686184
6.69196, -0.202295, -1.58887, 0.315438, 0.315406, 0.684594
6.69345, -0.203394, -1.59588, 0.317032, 0.317, 0.683
6.69494, -0.204496, -1.60289, 0.318631, 0.318599, 0.681401
6.69643, -0.205601, -1.6099, 0.320235, 0.320203, 0.679797
6.69792, -0.206708, -1.6169, 0.321843, 0.321811, 0.678189
6.6994, -0.207819, -1.62391, 0.323456, 0.323423, 0.676577
6.70089, -0.208932, -1.63092, 0.325073, 0.32504, 0.67496
6.70238, -0.210049, -1.63793, 0.326694, 0.326661, 0.673339
6.70387, -0.211168, -1.64494, 0.32832, 0.328287, 0.671713
6.70536, -0.21229, -1.65195, 0.32995, 0.329917, 0.670083
6.70685, -0.213415, -1.65896, 0.331584, 0.331551, 0.668449
6.70833, -0.214542, -1.66597, 0.333223, 0.33319, 0.66681
6.70982, -0.215673, -1.67298, 0.334866, 0.334833, 0.665167
6.71131, -0.216806, -1.67999, 0.336513, 0.33648, 0.66352
6.7128, -0.217942, -1.687, 0.338165, 0.338132, 0.661868
6.71429, -0.21908, -1.69401, 0.339821, 0.339787, 0.660213
6.71577, -0.220222, -1.70102, 0.341481, 0.341447, 0.658553
6.71726, -0.221366, -1.70803, 0.343145, 0.343112, 0.656888
6.71875, -0.222512, -1.71503, 0.344814, 0.34478, 0.65522
6.72024, -0.223662, -1.72204, 0.346486, 0.346453, 0.653547
6.72173, -0.224814, -1.72905, 0.348163, 0.348129, 0.651871
6.72321, -0.225969, -1.73606, 0.349844, 0.34981, 0.65019
6.7247, -0.227127, -1.74307, 0.351529, 0.351495, 0.648505
6.72619, -0.228287, -1.75008, 0.353218, 0.353184, 0.646816
6.72768, -0.22945, -1.75709, 0.354912, 0.354878, 0.645122
6.72917, -0.230615, -1.7641, 0.356609, 0.356575, 0.643425
6.73065, -0.231783, -1.77111, 0.35831, 0.358276, 0.641724
6.73214, -0.232954, -1.77812, 0.360016, 0.359982, 0.640018
6.73363, -0.234127, -1.78513, 0.361726, 0.361691, 0.638309
6.73512, -0.235303, -1.79214, 0.363439, 0.363405, 0.636595
6.73661, -0.236481, -1.79915, 0.365157, 0.365122, 0.634878
6.7381, -0.237662, -1.80616, 0.366878, 0.366844, 0.633156
6.73958, -0.238846, -1.81316, 0.368604, 0.368569, 0.631431
6.74107, -0.240032, -1.82017, 0.370333, 0.370299, 0.629701
6.74256, -0.241221, -1.82718, 0.372067, 0.372032, 0.627968
6.74405, -0.242412, -1.83419, 0.373804, 0.373769, 0.626231
6.74554, -0.243606, -1.8412, 0.375545, 0.37551, 0.62449
6.74702, -0.244802, -1.84821, 0.37729, 0.377255, 0.622745
6.74851, -0.246, -1.85522, 0.379039, 0.379004, 0.620996
6.75, -0.247202, -1.86223, 0.380757, 0.380757, 0.619243
6.75092, -0.238332, -1.85522, 0.380733, 0.380735, 0.619265
6.75183, -0.228987, -1.84821, 0.380583, 0.380587, 0.619413
6.75275, -0.219317, -1.8412, 0.38026, 0.380268, 0.619732
6.75366, -0.209459, -1.83419, 0.379723, 0.379736, 0.620264
6.75458, -0.199547, -1.82718, 0.37893, 0.378949, 0.621051
6.75549, -0.189699, -1.82017, 0.377844, 0.377869, 0.622131
6.75641, -0.180016, -1.81316, 0.376431, 0.376463, 0.623537
6.75733, -0.170572, -1.80616, 0.374669, 0.374707, 0.625293
6.75824, -0.16142, -1.79915, 0.372544, 0.37259, 0.62741
6.75916, -0.15259, -1.79214, 0.370053, 0.370106, 0.629894
6.76007, -0.144096, -1.78513, 0.3672, 0.36726, 0.63274
6.76099, -0.135943, -1.77812, 0.363996, 0.364063, 0.635937
6.7619, -0.128126, -1.77111, 0.360456, 0.36053, 0.63947
6.76282, -0.120637, -1.7641, 0.3566, 0.35668, 0.64332
6.76374, -0.113493, -1.75709, 0.352466, 0.352551, 0.647449
6.76465, -0.106683, -1.75008, 0.34808, 0.34817, 0.65183
6.76557, -0.100183, -1.74307, 0.343462, 0.343556, 0.656444
6.76648, -0.0939725, -1.73606, 0.33863, 0.338728, 0.661272
6.7674, -0.0880331, -1.72905, 0.333602, 0.333704, 0.666296
6.76832, -0.0823493, -1.72204, 0.328394, 0.3285, 0.6715
6.76923, -0.076907, -1.71503, 0.323023, 0.323132, 0.676868
6.77015, -0.071694, -1.70803, 0.317503, 0.317615, 0.682385
6.77106, -0.0666995, -1.70102, 0.31185, 0.311964, 0.688036
6.77198, -0.0619136, -1.69401, 0.306075, 0.306191, 0.693809
6.77289, -0.0573276, -1.687, 0.300192, 0.300311, 0.699689
6.77381, -0.0529336, -1.67999, 0.294214, 0.294335, 0.705665
6.77473, -0.0487244, -1.67298, 0.288152, 0.288274, 0.711726
6.77564, -0.0446934, -1.66597, 0.282017, 0.28214, 0.71786
6.77656, -0.0408346, -1.65896, 0.275819, 0.275944, 0.724056
6.77747, -0.0371423, -1.65195, 0.269569, 0.269695, 0.730305
6.77839, -0.0336113, -1.64494, 0.263277, 0.263403, 0.736597
6.7793, -0.0302368, -1.63793, 0.256951, 0.257078, 0.742922
6.78022, -0.0270141, -1.63092, 0.250601, 0.250728, 0.749272
6.78114, -0.0239388, -1.62391, 0.244234, 0.244362, 0.755638
6.78205, -0.0210067, -1.6169, 0.23786, 0.237988, 0.762012
6.78297, -0.0182139, -1.6099, 0.231486, 0.231614, 0.768386
6.78388, -0.0155565, -1.60289, 0.22512, 0.225247, 0.774753
6.7848, -0.0130309, -1.59588, 0.218768, 0.218895, 0.781105
6.78571, -0.0106333, -1.58887, 0.212438, 0.212564, 0.787436
6.78663, -0.00836041, -1.58186, 0.206136, 0.206262, 0.793738
6.78755, -0.00620867, -1.57485, 0.199869, 0.199994, 0.800006
6.78846, -0.00417478, -1.56784, 0.193642, 0.193767, 0.806233
6.78938, -0.00225543, -1.56083, 0.187463, 0.187586, 0.812414
6.79029, -0.000447392, -1.55382, 0.181335, 0.181457, 0.818543
6.79121, 0.00125253, -1.54681, 0.175265, 0.175386, 0.824614
6.79212, 0.0028475, -1.5398, 0.169258, 0.169378, 0.830622
6.79304, 0.00434065, -1.53279, 0.163319, 0.163437, 0.836563
6.79396, 0.00573507, -1.52578, 0.157452, 0.157569, 0.842431
6.79487, 0.0069491, -1.51877, 0.151662, 0.151777, 0.848223
6.79579, 0.00800051, -1.51176, 0.145953, 0.146066, 0.853934
6.7967, 0.00896238, -1.50476, 0.140329, 0.14044, 0.85956
6.79762, 0.00983775, -1.49775, 0.134794, 0.134904, 0.865096
6.79853, 0.0106296, -1.49074, 0.129352, 0.12946, 0.87054
6.79945, 0.011341, -1.48373, 0.124006, 0.124112, 0.875888
6.80037, 0.0119749, -1.47672, 0.11876, 0.118864, 0.881136
6.80128, 0.0125343, -1.46971, 0.113616, 0.113718, 0.886282
6.8022, 0.0130228, -1.4627, 0.108587, 0.108685, 0.891315
6.80311, 0.0134575, -1.45569, 0.103847, 0.103939, 0.896061
6.80403, 0.0138485, -1.44868, 0.0994371, 0.0995223, 0.900478
6.80495, 0.0141999, -1.44167, 0.0953266, 0.095406, 0.904594
6.80586, 0.0145156, -1.43466, 0.0914887, 0.091563, 0.908437
6.80678, 0.0147989, -1.42765, 0.0878998, 0.0879693, 0.912031
6.80769, 0.0150529, -1.42064, 0.0845387, 0.0846038, 0.915396
6.80861, 0.0152803, -1.41363, 0.0813866, 0.0814477, 0.918552
6.80952, 0.0154835, -1.40663, 0.0784264, 0.0784839, 0.921516
6.81044, 0.0156648, -1.39962, 0.0756431, 0.0756971, 0.924303
6.81136, 0.0158263, -1.39261, 0.0730227, 0.0730736, 0.926926
6.81227, 0.0159696, -1.3856, 0.0705531, 0.0706011, 0.929399
6.81319, 0.0160966, -1.37859, 0.0682229, 0.0682682, 0.931732
6.8141, 0.0162087, -1.37158, 0.0660221, 0.0660649, 0.933935
6.81502, 0.0163072, -1.36457, 0.0639413, 0.0639818, 0.936018
6.81593, 0.0163935, -1.35756, 0.0619722, 0.0620106, 0.937989
6.81685, 0.0164686, -1.35055, 0.0601071, 0.0601435, 0.939857
6.81777, 0.0165336, -1.34354, 0.0583391, 0.0583735, 0.941626
6.81868, 0.0165894, -1.33653, 0.0566616, 0.0566943, 0.943306
6.8196, 0.016637, -1.32952, 0.0550689, 0.0550999, 0.9449
6.82051, 0.016677, -1.32251, 0.0535555, 0.053585, 0.946415
6.82143, 0.0167103, -1.3155, 0.0521164, 0.0521445, 0.947855
6.82234, 0.0167375, -1.3085, 0.0507472, 0.0507739, 0.949226
6.82326, 0.0167591, -1.30149, 0.0494435, 0.049469, 0.950531
6.82418, 0.0167759, -1.29448, 0.0482016, 0.0482259, 0.951774
6.82509, 0.0167882, -1.28747, 0.0470178, 0.0470409, 0.952959
6.82601, 0.0167965, -1.28046, 0.0458888, 0.0459109, 0.954089
6.82692, 0.0168014, -1.27345, 0.0448115, 0.0448326, 0.955167
6.82784, 0.0168031, -1.26644, 0.0437832, 0.0438033, 0.956197
6.82875, 0.0168022, -1.25943, 0.042801, 0.0428202, 0.95718
6.82967, 0.0167988, -1.25242, 0.0418627, 0.041881, 0.958119
6.83059, 0.0167935, -1.24541, 0.0409658, 0.0409834, 0.959017
6.8315, 0.0167863, -1.2384, 0.0401084, 0.0401252, 0.959875
6.83242, 0.0167777, -1.23139, 0.0392884, 0.0393044, 0.960696
6.83333, 0.0167679, -1.22438, 0.0385039, 0.0385193, 0.961481
6.83425, 0.0167572, -1.21737, 0.0377534, 0.0377681, 0.962232
6.83516, 0.0167457, -1.21037, 0.0370353, 0.0370493, 0.962951
6.83608, 0.0167338, -1.20336, 0.0363493, 0.0363627, 0.963637
6.837, 0.0167216, -1.19635, 0.0356944, 0.0357072, 0.964293
6.83791, 0.0167093, -1.18934, 0.0350691, 0.0350813, 0.964919
6.83883, 0.0166972, -1.18233, 0.034472, 0.0344837, 0.965516
6.83974, 0.0166854, -1.17532, 0.0339021, 0.0339132, 0.966087
6.84066, 0.0166741, -1.16831, 0.033358, 0.0333687, 0.966631
6.84158, 0.0166634, -1.1613, 0.0328388, 0.0328489, 0.967151
6.84249, 0.0166535, -1.15429, 0.0323434, 0.0323531, 0.967647
6.84341, 0.0166446, -1.14728, 0.0318709, 0.0318802, 0.96812
6.84432, 0.0166369, -1.14027, 0.0314205, 0.0314293, 0.968571
6.84524, 0.0166303, -1.13326, 0.0309914, 0.0309997, 0.969
6.84615, 0.0166252, -1.12625, 0.0305828, 0.0305907, 0.969409
6.84707, 0.0166217, -1.11924, 0.030194, 0.0302016, 0.969798
6.84799, 0.0166198, -1.11224, 0.0298245, 0.0298317, 0.970168
6.8489, 0.0166198, -1.10523, 0.0294737, 0.0294806, 0.970519
6.84982, 0.0166219, -1.09822, 0.0291412, 0.0291476, 0.970852
6.85073, 0.0166261, -1.09121, 0.0288263, 0.0288325, 0.971168
6.85165, 0.0166327, -1.0842, 0.0285289, 0.0285347, 0.971465
6.85256, 0.0166418, -1.07719, 0.0282485, 0.0282539, 0.971746
6.85348, 0.0166536, -1.07018, 0.0279848, 0.0279899, 0.97201
6.8544, 0.0166684, -1.06317, 0.0277377, 0.0277424, 0.972258
6.85531, 0.0166863, -1.05616, 0.0275069, 0.0275114, 0.972489
6.85623, 0.0167076, -1.04915, 0.0272924, 0.0272966, 0.972703
6.85714, 0.0167325, -1.04214, 0.0270942, 0.027098, 0.972902
6.85806, 0.0167614, -1.03513, 0.0269122, 0.0269157, 0.973084
6.85897, 0.0167945, -1.02812, 0.0267466, 0.0267498, 0.97325
6.85989, 0.0168322, -1.02111, 0.0265976, 0.0266004, 0.9734
6.86081, 0.0168748, -1.0141, 0.0264655, 0.0264679, 0.973532
6.86172, 0.0169228, -1.0071, 0.0263505, 0.0263527, 0.973647
6.86264, 0.0169768, -1.00009, 0.0262533, 0.0262551, 0.973745
6.86355, 0.0170371, -0.993077, 0.0261745, 0.0261758, 0.973824
6.86447, 0.0171044, -0.986068, 0.0261147, 0.0261157, 0.973884
6.86538, 0.0171795, -0.979058, 0.0260749, 0.0260755, 0.973925
6.8663, 0.0172631, -0.972049, 0.0260562, 0.0260564, 0.973944
6.86722, 0.0173568, -0.96504, 0.0260617, 0.0260613, 0.973939
6.86813, 0.0174634, -0.958031, 0.0260962, 0.0260952, 0.973905
6.86905, 0.0175819, -0.951021, 0.0261576, 0.0261561, 0.973844
6.86996, 0.0177114, -0.944012, 0.0262434, 0.0262414, 0.973759
6.87088, 0.0178511, -0.937003, 0.0263515, 0.0263491, 0.973651
6.87179, 0.0180002, -0.929993, 0.02648, 0.0264772, 0.973523
6.87271, 0.018158, -0.922984, 0.0266271, 0.0266239, 0.973376
6.87363, 0.0183237, -0.915975, 0.0267912, 0.0267878, 0.973212
6.87454, 0.0184969, -0.908965, 0.026971, 0.0269673, 0.973033
6.87546, 0.0186769, -0.901956, 0.0271651, 0.0271611, 0.972839
6.87637, 0.0188633, -0.894947, 0.0273724, 0.0273681, 0.972632
6.87729, 0.0190556, -0.887938, 0.0275917, 0.0275872, 0.972413
6.87821, 0.0192532, -0.880928, 0.0278221, 0.0278174, 0.972183
6.87912, 0.0194559, -0.873919, 0.0280626, 0.0280577, 0.971942
6.88004, 0.0196633, -0.86691, 0.0283125, 0.0283074, 0.971693
6.88095, 0.0198749, -0.8599, 0.0285708, 0.0285656, 0.971434
6.88187, 0.0200904, -0.852891, 0.028837, 0.0288316, 0.971168
6.88278, 0.0203096, -0.845882, 0.0291102, 0.0291047, 0.970895
6.8837, 0.020532, -0.838873, 0.02939, 0.0293843, 0.970616
6.88462, 0.0207576, -0.831863, 0.0296757, 0.0296699, 0.97033
6.88553, 0.0209859, -0.824854, 0.0299668, 0.0299609, 0.970039
6.88645, 0.0212167, -0.817845, 0.0302627, 0.0302567, 0.969743
6.88736, 0.0214498, -0.810835, 0.0305631, 0.030557, 0.969443
6.88828, 0.021685, -0.803826, 0.0308674, 0.0308613, 0.969139
6.88919, 0.021922, -0.796817, 0.0311753, 0.0311691, 0.968831
6.89011, 0.0221607, -0.789807, 0.0314864, 0.0314801, 0.96852
6.89103, 0.0224009, -0.782798, 0.0318003, 0.031794, 0.968206
6.89194, 0.0226424, -0.775789, 0.0321168, 0.0321104, 0.96789
6.89286, 0.022885, -0.76878, 0.0324354, 0.032429, 0.967571
6.89377, 0.0231286, -0.76177, 0.0327559, 0.0327495, 0.967251
6.89469, 0.023373, -0.754761, 0.0330781, 0.0330716, 0.966928
6.8956, 0.0236182, -0.747752, 0.0334017, 0.0333952, 0.966605
6.89652, 0.0238639, -0.740742, 0.0337264, 0.0337199, 0.96628
6.89744, 0.0241101, -0.733733, 0.0340521, 0.0340456, 0.965954
6.89835, 0.0243566, -0.726724, 0.0343785, 0.034372, 0.965628
6.89927, 0.0246033, -0.719714, 0.0347055, 0.0346989, 0.965301
6.90018, 0.0248502, -0.712705, 0.0350328, 0.0350263, 0.964974
6.9011, 0.025097, -0.705696, 0.0353604, 0.0353538, 0.964646
6.90201, 0.0253439, -0.698687, 0.035688, 0.0356814, 0.964319
6.90293, 0.0255906, -0.691677, 0.0360155, 0.036009, 0.963991
6.90385, 0.025837, -0.684668, 0.0363429, 0.0363363, 0.963664
6.90476, 0.0260832, -0.677659, 0.0366699, 0.0366634, 0.963337
6.90568, 0.0263291, -0.670649, 0.0369965, 0.03699, 0.96301
6.90659, 0.0265745, -0.66364, 0.0373226, 0.037316, 0.962684
6.90751, 0.0268194, -0.656631, 0.037648, 0.0376415, 0.962359
6.90842, 0.0270638, -0.649622, 0.0379727, 0.0379662, 0.962034
6.90934, 0.0273077, -0.642612, 0.0382966, 0.0382901, 0.96171
6.91026, 0.0275509, -0.635603, 0.0386197, 0.0386132, 0.961387
6.91117, 0.0277934, -0.628594, 0.0389418, 0.0389354, 0.961065
6.91209, 0.0280353, -0.621584, 0.0392629, 0.0392565, 0.960743
6.913, 0.0282764, -0.614575, 0.039583, 0.0395766, 0.960423
6.91392, 0.0285167, -0.607566, 0.039902, 0.0398956, 0.960104
6.91484, 0.0287562, -0.600556, 0.0402198, 0.0402135, 0.959787
6.91575, 0.0289949, -0.593547, 0.0405364, 0.0405301, 0.95947
6.91667, 0.0292327, -0.586538, 0.0408519, 0.0408456, 0.959154
6.91758, 0.0294696, -0.579529, 0.041166, 0.0411597, 0.95884
6.9185, 0.0297056, -0.572519, 0.0414789, 0.0414726, 0.958527
6.91941, 0.0299407, -0.56551, 0.0417904, 0.0417842, 0.958216
6.92033, 0.0301748, -0.558501, 0.0421006, 0.0420944, 0.957906
6.92125, 0.030408, -0.551491, 0.0424095, 0.0424033, 0.957597
6.92216, 0.0306402, -0.544482, 0.042717, 0.0427108, 0.957289
6.92308, 0.0308714, -0.537473, 0.043023, 0.0430169, 0.956983
6.92399, 0.0311017, -0.530464, 0.0433279, 0.0433218, 0.956678
6.92491, 0.0313333, -0.523454, 0.043635, 0.0436288, 0.956371
6.92582, 0.031567, -0.516445, 0.0439458, 0.0439395, 0.95606
6.92674, 0.0318029, -0.509436, 0.0442602, 0.0442539, 0.955746
6.92766, 0.032041, -0.502426, 0.0445784, 0.044572, 0.955428
6.92857, 0.0322815, -0.495417, 0.0449005, 0.044894, 0.955106
6.92949, 0.0325242, -0.488408, 0.0452263, 0.0452198, 0.95478
6.9304, 0.0327693, -0.481398, 0.0455561, 0.0455494, 0.954451
6.93132, 0.0330168, -0.474389, 0.0458897, 0.045883, 0.954117
6.93223, 0.0332667, -0.46738, 0.0462274, 0.0462206, 0.953779
6.93315, 0.0335191, -0.460371, 0.0465691, 0.0465622, 0.953438
6.93407, 0.0337739, -0.453361, 0.0469149, 0.0469079, 0.953092
6.93498, 0.0340314, -0.446352, 0.0472648, 0.0472578, 0.952742
6.9359, 0.0342913, -0.439343, 0.0476189, 0.0476117, 0.952388
6.93681, 0.0345539, -0.432333, 0.0479772, 0.0479699, 0.95203
6.93773, 0.0348192, -0.425324, 0.0483397, 0.0483324, 0.951668
6.93864, 0.0350871, -0.418315, 0.0487066, 0.0486992, 0.951301
6.93956, 0.0353577, -0.411305, 0.0490778, 0.0490703, 0.95093
6.94048, 0.0356311, -0.404296, 0.0494534, 0.0494458, 0.950554
6.94139, 0.0359072, -0.397287, 0.0498334, 0.0498257, 0.950174
6.94231, 0.0361862, -0.390278, 0.0502179, 0.0502102, 0.94979
6.94322, 0.036468, -0.383268, 0.0506069, 0.0505991, 0.949401
6.94414, 0.0367527, -0.376259, 0.0510005, 0.0509926, 0.949007
6.94505, 0.0370403, -0.36925, 0.0513987, 0.0513907, 0.948609
6.94597, 0.0373308, -0.36224, 0.0518015, 0.0517934, 0.948207
6.94689, 0.0376243, -0.355231, 0.052209, 0.0522008, 0.947799
6.9478, 0.0379208, -0.348222, 0.0526213, 0.052613, 0.947387
6.94872, 0.0382204, -0.341213, 0.0530382, 0.0530298, 0.94697
6.94963, 0.0385229, -0.334203, 0.05346, 0.0534515, 0.946549
6.95055, 0.0388286, -0.327194, 0.0538865, 0.053878, 0.946122
6.95147, 0.0391374, -0.320185, 0.054318, 0.0543093, 0.945691
6.95238, 0.0394493, -0.313175, 0.0547543, 0.0547455, 0.945255
6.9533, 0.0397643, -0.306166, 0.0551955, 0.0551866, 0.944813
6.95421, 0.0400826, -0.299157, 0.0556416, 0.0556327, 0.944367
6.95513, 0.040404, -0.292147, 0.0560927, 0.0560837, 0.943916
6.95604, 0.0407287, -0.285138, 0.0565489, 0.0565397, 0.94346
6.95696, 0.0410565, -0.278129, 0.05701, 0.0570007, 0.942999
6.95788, 0.0413877, -0.27112, 0.0574762, 0.0574668, 0.942533
6.95879, 0.0417221, -0.26411, 0.0579474, 0.0579379, 0.942062
6.95971, 0.0420598, -0.257101, 0.0584237, 0.0584141, 0.941586
6.96062, 0.0424009, -0.250092, 0.0589051, 0.0588954, 0.941105
6.96154, 0.0427452, -0.243082, 0.0593916, 0.0593818, 0.940618
6.96245, 0.0430929, -0.236073, 0.0598833, 0.0598734, 0.940127
6.96337, 0.0434439, -0.229064, 0.06038, 0.06037, 0.93963
6.96429, 0.0437983, -0.222054, 0.060882, 0.0608719, 0.939128
6.9652, 0.044156, -0.215045, 0.0613891, 0.0613789, 0.938621
6.96612, 0.0445171, -0.208036, 0.0619013, 0.061891, 0.938109
6.96703, 0.0448816, -0.201027, 0.0624187, 0.0624083, 0.937592
6.96795, 0.0452494, -0.194017, 0.0629413, 0.0629308, 0.937069
6.96886, 0.0456207, -0.187008, 0.0634691, 0.0634585, 0.936542
6.96978, 0.0459953, -0.179999, 0.064002, 0.0639913, 0.936009
6.9707, 0.0463733, -0.172989, 0.0645401, 0.0645293, 0.935471
6.97161, 0.0467547, -0.16598, 0.0650834, 0.0650725, 0.934928
6.97253, 0.0471394, -0.158971, 0.0656318, 0.0656208, 0.934379
6.97344, 0.0475275, -0.151962, 0.0661853, 0.0661742, 0.933826
6.97436, 0.0479189, -0.144952, 0.0667439, 0.0667327, 0.933267
6.97527, 0.0483137, -0.137943, 0.0673076, 0.0672963, 0.932704
6.97619, 0.0487119, -0.130934, 0.0678764, 0.067865, 0.932135
6.97711, 0.0491133, -0.123924, 0.0684502, 0.0684387, 0.931561
6.97802, 0.049518, -0.116915, 0.069029, 0.0690174, 0.930983
6.97894, 0.049926, -0.109906, 0.0696129, 0.0696012, 0.930399
6.97985, 0.0503373, -0.102896, 0.0702017, 0.0701899, 0.92981
6.98077, 0.0507519, -0.0958872, 0.0707954, 0.0707835, 0.929216
6.98168, 0.0511697, -0.0888779, 0.0713941, 0.0713821, 0.928618
6.9826, 0.0515906, -0.0818686, 0.0719976, 0.0719855, 0.928014
6.98352, 0.0520148, -0.0748593, 0.072606, 0.0725938, 0.927406
6.98443, 0.0524422, -0.06785, 0.0732193, 0.073207, 0.926793
6.98535, 0.0528727, -0.0608407, 0.0738373, 0.0738249, 0.926175
6.98626, 0.0533062, -0.0538314, 0.07446, 0.0744475, 0.925552
6.98718, 0.0537424, -0.0468221, 0.0750876, 0.075075, 0.924925
6.9881, 0.0541814, -0.0398128, 0.0757199, 0.0757073, 0.924293
6.98901, 0.0546231, -0.0328035, 0.076357, 0.0763442, 0.923656
6.98993, 0.0550675, -0.0257942, 0.0769987, 0.0769858, 0.923014
6.99084, 0.0555146, -0.0187849, 0.077645, 0.077632, 0.922368
6.99176, 0.0559644, -0.0117756, 0.0782959, 0.0782828, 0.921717
6.99267, 0.0564168, -0.00476632, 0.0789513, 0.0789381, 0.921062
6.99359, 0.056872, 0.00224297, 0.0796112, 0.0795979, 0.920402
6.99451, 0.0573297, 0.00925227, 0.0802755, 0.0802621, 0.919738
6.99542, 0.0577901, 0.0162616, 0.0809442, 0.0809308, 0.919069
6.99634, 0.0582531, 0.0232709, 0.0816172, 0.0816037, 0.918396
6.99725, 0.0587187, 0.0302802, 0.0822946, 0.082281, 0.917719
6.99817, 0.0591869, 0.0372895, 0.0829762, 0.0829625, 0.917038
6.99908, 0.0596576, 0.0442987, 0.083662, 0.0836482, 0.916352
7, 0.0601308, 0.051308, 0.0843519, 0.0843381, 0.915662
7.00092, 0.0606065, 0.0583173, 0.085046, 0.085032, 0.914968
7.00183, 0.0610847, 0.0653266, 0.0857441, 0.0857301, 0.91427
7.00275, 0.0615654, 0.0723359, 0.0864462, 0.0864321, 0.913568
7.00366, 0.0620485, 0.0793452, 0.0871523, 0.0871381, 0.912862
7.00458, 0.062534, 0.0863545, 0.0878623, 0.087848, 0.912152
7.00549, 0.0630219, 0.0933638, 0.0885761, 0.0885618, 0.911438
7.00641, 0.0635122, 0.100373, 0.0892938, 0.0892794, 0.910721
7.00733, 0.0640048, 0.107382, 0.0900153, 0.0900008, 0.909999
7.00824, 0.0644997, 0.114392, 0.0907405, 0.0907259, 0.909274
7.00916, 0.0649969, 0.121401, 0.0914694, 0.0914547, 0.908545
7.01007, 0.0654964, 0.12841, 0.0922019, 0.0921872, 0.907813
7.01099, 0.0659981, 0.13542, 0.092938, 0.0929232, 0.907077
7.0119, 0.066502, 0.142429, 0.0936777, 0.0936628, 0.906337
7.01282, 0.0670081, 0.149438, 0.0944208, 0.0944059, 0.905594
7.01374, 0.0675164, 0.156447, 0.0951674, 0.0951525, 0.904848
7.01465, 0.0680268, 0.163457, 0.0959175, 0.0959024, 0.904098
7.01557, 0.0685393, 0.170466, 0.0966709, 0.0966558, 0.903344
7.01648, 0.069054, 0.177475, 0.0974276, 0.0974125, 0.902588
7.0174, 0.0695707, 0.184485, 0.0981877, 0.0981724, 0.901828
7.01832, 0.0700894, 0.191494, 0.098951, 0.0989357, 0.901064
7.01923, 0.0706102, 0.198503, 0.0997175, 0.0997021, 0.900298
7.02015, 0.0711329, 0.205513, 0.100487, 0.100472, 0.899528
7.02106, 0.0716576, 0.212522, 0.10126, 0.101244, 0.898756
7.02198, 0.0721843, 0.219531, 0.102036, 0.10202, 0.89798
7.02289, 0.0727129, 0.22654, 0.102815, 0.102799, 0.897201
7.02381, 0.0732434, 0.23355, 0.103597, 0.103581, 0.896419
7.02473, 0.0737758, 0.240559, 0.104382, 0.104366, 0.895634
7.02564, 0.0743101, 0.247568, 0.10517, 0.105154, 0.894846
7.02656, 0.0748462, 0.254578, 0.10596, 0.105945, 0.894055
7.02747, 0.0753842, 0.261587, 0.106754, 0.106738, 0.893262
7.02839, 0.0759239, 0.268596, 0.107551, 0.107535, 0.892465
7.0293, 0.0764655, 0.275606, 0.10835, 0.108334, 0.891666
7.03022, 0.0770088, 0.282615, 0.109152, 0.109136, 0.890864
7.03114, 0.0775538, 0.289624, 0.109957, 0.109941, 0.890059
7.03205, 0.0781006, 0.296633, 0.110765, 0.110748, 0.889252
7.03297, 0.0786491, 0.303643, 0.111575, 0.111559, 0.888441
7.03388, 0.0791993, 0.310652, 0.112388, 0.112372, 0.887628
7.0348, 0.0797512, 0.317661, 0.113204, 0.113187, 0.886813
7.03571, 0.0803047, 0.324671, 0.114022, 0.114005, 0.885995
7.03663, 0.0808599, 0.33168, 0.114843, 0.114826, 0.885174
7.03755, 0.0814167, 0.338689, 0.115666, 0.11565, 0.88435
7.03846, 0.0819752, 0.345698, 0.116492, 0.116475, 0.883525
7.03938, 0.0825353, 0.352708, 0.11732, 0.117304, 0.882696
7.04029, 0.0830969, 0.359717, 0.118151, 0.118135, 0.881865
7.04121, 0.0836601, 0.366726, 0.118985, 0.118968, 0.881032
7.04212, 0.084225, 0.373736, 0.119821, 0.119804, 0.880196
7.04304, 0.0847913, 0.380745, 0.120659, 0.120642, 0.879358
7.04396, 0.0853592, 0.387754, 0.1215, 0.121483, 0.878517
7.04487, 0.0859287, 0.394764, 0.122343, 0.122326, 0.877674
7.04579, 0.0864997, 0.401773, 0.123188, 0.123171, 0.876829
7.0467, 0.0870722, 0.408782, 0.124036, 0.124019, 0.875981
7.04762, 0.0876462, 0.415791, 0.124886, 0.124869, 0.875131
7.04853, 0.0882217, 0.422801, 0.125739, 0.125722, 0.874278
7.04945, 0.0887986, 0.42981, 0.126594, 0.126577, 0.873423
7.05037, 0.0893771, 0.436819, 0.127451, 0.127434, 0.872566
7.05128, 0.0899571, 0.443829, 0.128311, 0.128293, 0.871707
7.0522, 0.0905385, 0.450838, 0.129172, 0.129155, 0.870845
7.05311, 0.0911213, 0.457847, 0.130036, 0.130019, 0.869981
7.05403, 0.0917057, 0.464856, 0.130903, 0.130885, 0.869115
7.05495, 0.0922915, 0.471866, 0.131771, 0.131754, 0.868246
7.05586, 0.0928787, 0.478875, 0.132642, 0.132625, 0.867375
7.05678, 0.0934673, 0.485884, 0.133515, 0.133498, 0.866502
7.05769, 0.0940574, 0.492894, 0.13439, 0.134373, 0.865627
7.05861, 0.094649, 0.499903, 0.135268, 0.13525, 0.86475
7.05952, 0.0952419, 0.506912, 0.136147, 0.13613, 0.86387
7.06044, 0.0958363, 0.513922, 0.137029, 0.137012, 0.862988
7.06136, 0.0964321, 0.520931, 0.137913, 0.137896, 0.862104
7.06227, 0.0970293, 0.52794, 0.1388, 0.138782, 0.861218
7.06319, 0.0976279, 0.534949, 0.139688, 0.13967, 0.86033
7.0641, 0.098228, 0.541959, 0.140579, 0.140561, 0.859439
7.06502, 0.0988294, 0.548968, 0.141471, 0.141454, 0.858546
7.06593, 0.0994323, 0.555977, 0.142366, 0.142348, 0.857652
7.06685, 0.100037, 0.562987, 0.143264, 0.143246, 0.856754
7.06777, 0.100642, 0.569996, 0.144163, 0.144145, 0.855855
7.06868, 0.10125, 0.577005, 0.145065, 0.145047, 0.854953
7.0696, 0.101859, 0.584015, 0.145969, 0.145951, 0.854049
7.07051, 0.102469, 0.591024, 0.146876, 0.146857, 0.853143
7.07143, 0.103081, 0.598033, 0.147784, 0.147766, 0.852234
7.07234, 0.103694, 0.605042, 0.148696, 0.148677, 0.851323
7.07326, 0.104309, 0.612052, 0.149609, 0.149591, 0.850409
7.07418, 0.104926, 0.619061, 0.150525, 0.150507, 0.849493
7.07509, 0.105544, 0.62607, 0.151443, 0.151425, 0.848575
7.07601, 0.106163, 0.63308, 0.152363, 0.152345, 0.847655
7.07692, 0.106784, 0.640089, 0.153286, 0.153268, 0.846732
7.07784, 0.107407, 0.647098, 0.154211, 0.154193, 0.845807
7.07875, 0.108031, 0.654107, 0.155139, 0.15512, 0.84488
7.07967, 0.108656, 0.661117, 0.156068, 0.15605, 0.84395
7.08059, 0.109284, 0.668126, 0.157, 0.156982, 0.843018
7.0815, 0.109912, 0.675135, 0.157935, 0.157916, 0.842084
7.08242, 0.110542, 0.682145, 0.158871, 0.158853, 0.841147
7.08333, 0.111174, 0.689154, 0.15981, 0.159791, 0.840209
7.08425, 0.111807, 0.696163, 0.160752, 0.160733, 0.839267
7.08516, 0.112442, 0.703173, 0.161695, 0.161676, 0.838324
7.08608, 0.113078, 0.710182, 0.162641, 0.162622, 0.837378
7.087, 0.113716, 0.717191, 0.163589, 0.16357, 0.83643
7.08791, 0.114355, 0.7242, 0.164539, 0.16452, 0.83548
7.08883, 0.114996, 0.73121, 0.165492, 0.165473, 0.834527
7.08974, 0.115638, 0.738219, 0.166447, 0.166428, 0.833572
7.09066, 0.116282, 0.745228, 0.167404, 0.167385, 0.832615
7.09158, 0.116927, 0.752238, 0.168363, 0.168344, 0.831656
7.09249, 0.11757, 0.759247, 0.169325, 0.169306, 0.830694
7.09341, 0.118209, 0.766256, 0.170289, 0.170269, 0.829731
7.09432, 0.118849, 0.773266, 0.171255, 0.171235, 0.828765
7.09524, 0.11949, 0.780275, 0.172223, 0.172204, 0.827796
7.09615, 0.120133, 0.787284, 0.173193, 0.173174, 0.826826
7.09707, 0.120778, 0.794293, 0.174166, 0.174147, 0.825853
7.09799, 0.121423, 0.801303, 0.175141, 0.175122, 0.824878
7.0989, 0.122071, 0.808312, 0.176118, 0.176099, 0.823901
7.09982, 0.122719, 0.815321, 0.177098, 0.177078, 0.822922
7.10073, 0.123369, 0.822331, 0.17808, 0.17806, 0.82194
7.10165, 0.124021, 0.82934, 0.179064, 0.179044, 0.820956
7.10256, 0.124674, 0.836349, 0.18005, 0.180031, 0.819969
7.10348, 0.125328, 0.843358, 0.181039, 0.181019, 0.818981
7.1044, 0.125984, 0.850368, 0.18203, 0.18201, 0.81799
7.10531, 0.126641, 0.857377, 0.183023, 0.183003, 0.816997
7.10623, 0.1273, 0.864386, 0.184019, 0.183999, 0.816001
7.10714, 0.12796, 0.871396, 0.185017, 0.184997, 0.815003
7.10806, 0.128622, 0.878405, 0.186017, 0.185997, 0.814003
7.10897, 0.129285, 0.885414, 0.187019, 0.186999, 0.813001
7.10989, 0.129949, 0.892424, 0.188023, 0.188003, 0.811997
7.11081, 0.130615, 0.899433, 0.18903, 0.18901, 0.81099
7.11172, 0.131282, 0.906442, 0.190039, 0.190019, 0.809981
7.11264, 0.131951, 0.913451, 0.19105, 0.19103, 0.80897
7.11355, 0.132621, 0.920461, 0.192064, 0.192044, 0.807956
7.11447, 0.133292, 0.92747, 0.19308, 0.193059, 0.806941
7.11538, 0.133965, 0.934479, 0.194098, 0.194077, 0.805923
7.1163, 0.134639, 0.941489, 0.195118, 0.195097, 0.804903
7.11722, 0.135315, 0.948498, 0.19614, 0.19612, 0.80388
7.11813, 0.135992, 0.955507, 0.197165, 0.197145, 0.802855
7.11905, 0.13667, 0.962516, 0.198192, 0.198171, 0.801829
7.11996, 0.13735, 0.969526, 0.199221, 0.199201, 0.800799
7.12088, 0.138031, 0.976535, 0.200253, 0.200232, 0.799768
7.12179, 0.138714, 0.983544, 0.201286, 0.201266, 0.798734
7.12271, 0.139398, 0.990554, 0.202322, 0.202301, 0.797699
7.12363, 0.140084, 0.997563, 0.20336, 0.203339, 0.796661
7.12454, 0.14077, 1.00457, 0.2044, 0.20438, 0.79562
7.12546, 0.141459, 1.01158, 0.205443, 0.205422, 0.794578
7.12637, 0.142148, 1.01859, 0.206488, 0.206467, 0.793533
7.12729, 0.142839, 1.0256, 0.207534, 0.207514, 0.792486
7.12821, 0.143532, 1.03261, 0.208584, 0.208563, 0.791437
7.12912, 0.144226, 1.03962, 0.209635, 0.209614, 0.790386
7.13004, 0.144921, 1.04663, 0.210688, 0.210667, 0.789333
7.13095, 0.145617, 1.05364, 0.211744, 0.211723, 0.788277
7.13187, 0.146315, 1.06065, 0.212802, 0.212781, 0.787219
7.13278, 0.147015, 1.06766, 0.213862, 0.213841, 0.786159
7.1337, 0.147715, 1.07467, 0.214925, 0.214903, 0.785097
7.13462, 0.148417, 1.08167, 0.215989, 0.215968, 0.784032
7.13553, 0.149121, 1.08868, 0.217056, 0.217035, 0.782965
7.13645, 0.149826, 1.09569, 0.218125, 0.218103, 0.781897
7.13736, 0.150532, 1.1027, 0.219196, 0.219174, 0.780826
7.13828, 0.151239, 1.10971, 0.220269, 0.220248, 0.779752
7.13919, 0.151948, 1.11672, 0.221345, 0.221323, 0.778677
7.14011, 0.152658, 1.12373, 0.222422, 0.222401, 0.777599
7.14103, 0.15337, 1.13074, 0.223502, 0.223481, 0.776519
7.14194, 0.154083, 1.13775, 0.224584, 0.224563, 0.775437
7.14286, 0.154798, 1.14476, 0.225668, 0.225647, 0.774353
7.14377, 0.155513, 1.15177, 0.226755, 0.226733, 0.773267
7.14469, 0.15623, 1.15878, 0.227843, 0.227821, 0.772179
7.1456, 0.156949, 1.16579, 0.228934, 0.228912, 0.771088
7.14652, 0.157669, 1.1728, 0.230027, 0.230005, 0.769995
7.14744, 0.15839, 1.1798, 0.231122, 0.2311, 0.7689
7.14835, 0.159112, 1.18681, 0.232219, 0.232197, 0.767803
7.14927, 0.159836, 1.19382, 0.233318, 0.233296, 0.766704
7.15018, 0.160561, 1.20083, 0.23442, 0.234398, 0.765602
7.1511, 0.161288, 1.20784, 0.235524, 0.235502, 0.764498
7.15201, 0.162016, 1.21485, 0.236629, 0.236607, 0.763393
7.15293, 0.162745, 1.22186, 0.237737, 0.237715, 0.762285
7.15385, 0.163476, 1.22887, 0.238848, 0.238825, 0.761175
7.15476, 0.164208, 1.23588, 0.23996, 0.239938, 0.760062
7.15568, 0.164941, 1.24289, 0.241074, 0.241052, 0.758948
7.15659, 0.165676, 1.2499, 0.242191, 0.242169, 0.757831
7.15751, 0.166412, 1.25691, 0.24331, 0.243287, 0.756713
7.15842, 0.167149, 1.26392, 0.24443, 0.244408, 0.755592
7.15934, 0.167888, 1.27093, 0.245553, 0.245531, 0.754469
7.16026, 0.168628, 1.27793, 0.246678, 0.246656, 0.753344
7.16117, 0.169369, 1.28494, 0.247806, 0.247783, 0.752217
7.16209, 0.170111, 1.29195, 0.248935, 0.248913, 0.751087
7.163, 0.170855, 1.29896, 0.250067, 0.250044, 0.749956
7.16392, 0.171601, 1.30597, 0.2512, 0.251178, 0.748822
7.16484, 0.172347, 1.31298, 0.252336, 0.252313, 0.747687
7.16575, 0.173095, 1.31999, 0.253474, 0.253451, 0.746549
7.16667, 0.173845, 1.327, 0.254614, 0.254591, 0.745409
7.16758, 0.174595, 1.33401, 0.255756, 0.255733, 0.744267
7.1685, 0.175347, 1.34102, 0.2569, 0.256877, 0.743123
7.16941, 0.1761, 1.34803, 0.258047, 0.258024, 0.741976
7.17033, 0.176855, 1.35504, 0.259195, 0.259172, 0.740828
7.17125, 0.177611, 1.36205, 0.260346, 0.260323, 0.739677
7.17216, 0.178368, 1.36906, 0.261499, 0.261476, 0.738524
7.17308, 0.179126, 1.37606, 0.262653, 0.26263, 0.73737
7.17399, 0.179886, 1.38307, 0.26381, 0.263787, 0.736213
7.17491, 0.180647, 1.39008, 0.264969, 0.264946, 0.735054
7.17582, 0.18141, 1.39709, 0.266131, 0.266107, 0.733893
7.17674, 0.182173, 1.4041, 0.267294, 0.26727, 0.73273
7.17766, 0.182938, 1.41111, 0.268459, 0.268436, 0.731564
7.17857, 0.183705, 1.41812, 0.269627, 0.269603, 0.730397
7.17949, 0.184472, 1.42513, 0.270796, 0.270773, 0.729227
7.1804, 0.185241, 1.43214, 0.271968, 0.271944, 0.728056
7.18132, 0.186011, 1.43915, 0.273141, 0.273118, 0.726882
7.18223, 0.186783, 1.44616, 0.274317, 0.274294, 0.725706
7.18315, 0.187556, 1.45317, 0.275495, 0.275472, 0.724528
7.18407, 0.18833, 1.46018, 0.276675, 0.276651, 0.723349
7.18498, 0.189105, 1.46719, 0.277857, 0.277833, 0.722167
7.1859, 0.189882, 1.4742, 0.279041, 0.279018, 0.720982
7.18681, 0.19066, 1.4812, 0.280227, 0.280204, 0.719796
7.18773, 0.191439, 1.48821, 0.281416, 0.281392, 0.718608
7.18864, 0.19222, 1.49522, 0.282606, 0.282582, 0.717418
7.18956, 0.193002, 1.50223, 0.283799, 0.283775, 0.716225
7.19048, 0.193785, 1.50924, 0.284993, 0.284969, 0.715031
7.19139, 0.194569, 1.51625, 0.28619, 0.286166, 0.713834
7.19231, 0.195355, 1.52326, 0.287388, 0.287364, 0.712636
7.19322, 0.196142, 1.53027, 0.288589, 0.288565, 0.711435
7.19414, 0.19693, 1.53728, 0.289792, 0.289768, 0.710232
7.19505, 0.19772, 1.54429, 0.290997, 0.290973, 0.709027
7.19597, 0.198511, 1.5513, 0.292204, 0.292179, 0.707821
7.19689, 0.199303, 1.55831, 0.293413, 0.293388, 0.706612
7.1978, 0.200096, 1.56532, 0.294624, 0.294599, 0.705401
7.19872, 0.200891, 1.57233, 0.295837, 0.295812, 0.704188
7.19963, 0.201687, 1.57933, 0.297052, 0.297027, 0.702973
7.20055, 0.202484, 1.58634, 0.298269, 0.298245, 0.701755
7.20147, 0.203282, 1.59335, 0.299488, 0.299464, 0.700536
7.20238, 0.204082, 1.60036, 0.300709, 0.300685, 0.699315
7.2033, 0.204883, 1.60737, 0.301933, 0.301908, 0.698092
7.20421, 0.205685, 1.61438, 0.303158, 0.303134, 0.696866
7.20513, 0.206489, 1.62139, 0.304386, 0.304361, 0.695639
7.20604, 0.207294, 1.6284, 0.305615, 0.30559, 0.69441
7.20696, 0.2081, 1.63541, 0.306846, 0.306822, 0.693178
7.20788, 0.208907, 1.64242, 0.30808, 0.308055, 0.691945
7.20879, 0.209716, 1.64943, 0.309316, 0.309291, 0.690709
7.20971, 0.210526, 1.65644, 0.310553, 0.310528, 0.689472
7.21062, 0.211337, 1.66345, 0.311793, 0.311768, 0.688232
7.21154, 0.212149, 1.67046, 0.313034, 0.31301, 0.68699
7.21245, 0.212963, 1.67746, 0.314278, 0.314253, 0.685747
7.21337, 0.213777, 1.68447, 0.315524, 0.315499, 0.684501
7.21429, 0.214593, 1.69148, 0.316771, 0.316746, 0.683254
7.2152, 0.215411, 1.69849, 0.318021, 0.317996, 0.682004
7.21612, 0.216229, 1.7055, 0.319273, 0.319248, 0.680752
7.21703, 0.217049, 1.71251, 0.320527, 0.320502, 0.679498
7.21795, 0.21787, 1.71952, 0.321782, 0.321757, 0.678243
7.21886, 0.218692, 1.72653, 0.32304, 0.323015, 0.676985
7.21978, 0.219516, 1.73354, 0.3243, 0.324275, 0.675725
7.2207, 0.220341, 1.74055, 0.325562, 0.325537, 0.674463
7.22161, 0.221167, 1.74756, 0.326826, 0.3268, 0.6732
7.22253, 0.221994, 1.75457, 0.328092, 0.328066, 0.671934
7.22344, 0.222823, 1.76158, 0.329359, 0.329334, 0.670666
7.22436, 0.223652, 1.76859, 0.330629, 0.330604, 0.669396
7.22527, 0.224483, 1.77559, 0.331901, 0.331876, 0.668124
7.22619, 0.225315, 1.7826, 0.333175, 0.333149, 0.666851
7.22711, 0.226149, 1.78961, 0.334451, 0.334425, 0.665575
7.22802, 0.226984, 1.79662, 0.335729, 0.335703, 0.664297
7.22894, 0.227819, 1.80363, 0.337008, 0.336983, 0.663017
7.22985, 0.228657, 1.81064, 0.33829, 0.338265, 0.661735
7.23077, 0.229495, 1.81765, 0.339574, 0.339548, 0.660452
7.23168, 0.230334, 1.82466, 0.34086, 0.340834, 0.659166
7.2326, 0.231175, 1.83167, 0.342148, 0.342122, 0.657878
7.23352, 0.232017, 1.83868, 0.343437, 0.343412, 0.656588
7.23443, 0.23286, 1.84569, 0.344729, 0.344703, 0.655297
7.23535, 0.233705, 1.8527, 0.346023, 0.345997, 0.654003
7.23626, 0.23455, 1.85971, 0.347319, 0.347293, 0.652707
7.23718, 0.235397, 1.86672, 0.348616, 0.34859, 0.65141
7.2381, 0.236245, 1.87372, 0.349916, 0.34989, 0.65011
7.23901, 0.237095, 1.88073, 0.351217, 0.351191, 0.648809
7.23993, 0.237945, 1.88774, 0.352521, 0.352495, 0.647505
7.24084, 0.238797, 1.89475, 0.353827, 0.353801, 0.646199
7.24176, 0.23965, 1.90176, 0.355134, 0.355108, 0.644892
7.24267, 0.240504, 1.90877, 0.356444, 0.356417, 0.643583
7.24359, 0.241359, 1.91578, 0.357755, 0.357729, 0.642271
7.24451, 0.242216, 1.92279, 0.359069, 0.359042, 0.640958
7.24542, 0.243074, 1.9298, 0.360384, 0.360358, 0.639642
7.24634, 0.243933, 1.93681, 0.361701, 0.361675, 0.638325
7.24725, 0.244793, 1.94382, 0.363021, 0.362994, 0.637006
7.24817, 0.245654, 1.95083, 0.364342, 0.364315, 0.635685
7.24908, 0.246517, 1.95784, 0.365665, 0.365639, 0.634361
7.25, 0.245851, 1.96204, 0.366698, 0.366698, 0.633302
7.25005, 0.238743, 1.95503, 0.366601, 0.366607, 0.633393
7.2501, 0.231336, 1.94802, 0.366131, 0.366145, 0.633855
7.25015, 0.223721, 1.94101, 0.365235, 0.365257, 0.634743
7.2502, 0.215967, 1.934, 0.363881, 0.363912, 0.636088
7.25025, 0.208137, 1.927, 0.362045, 0.362086, 0.637914
7.2503, 0.200284, 1.91999, 0.359714, 0.359766, 0.640234
7.25035, 0.192454, 1.91298, 0.356886, 0.356947, 0.643053
7.2504, 0.184685, 1.90597, 0.353564, 0.353635, 0.646365
7.25046, 0.177004, 1.89896, 0.349762, 0.349842, 0.650158
7.25051, 0.169435, 1.89195, 0.345498, 0.345588, 0.654412
7.25056, 0.161996, 1.88494, 0.340796, 0.340894, 0.659106
7.25061, 0.154698, 1.87793, 0.335681, 0.335788, 0.664212
7.25066, 0.147553, 1.87092, 0.330184, 0.330297, 0.669703
7.25071, 0.140566, 1.86391, 0.324332, 0.324452, 0.675548
7.25076, 0.133745, 1.8569, 0.318155, 0.318282, 0.681718
7.25081, 0.127093, 1.84989, 0.311684, 0.311816, 0.688184
7.25086, 0.120612, 1.84288, 0.304947, 0.305084, 0.694916
7.25091, 0.114306, 1.83587, 0.297972, 0.298113, 0.701887
7.25096, 0.108175, 1.82887, 0.290785, 0.290931, 0.709069
7.25101, 0.102221, 1.82186, 0.283414, 0.283563, 0.716437
7.25106, 0.0964444, 1.81485, 0.275883, 0.276035, 0.723965
7.25111, 0.0908458, 1.80784, 0.268216, 0.26837, 0.73163
7.25116, 0.0854398, 1.80083, 0.260458, 0.260614, 0.739386
7.25121, 0.0802284, 1.79382, 0.252638, 0.252795, 0.747205
7.25126, 0.0752071, 1.78681, 0.244771, 0.244929, 0.755071
7.25131, 0.0703718, 1.7798, 0.236875, 0.237034, 0.762966
7.25137, 0.0657187, 1.77279, 0.228966, 0.229124, 0.770876
7.25142, 0.0612444, 1.76578, 0.221057, 0.221215, 0.778785
7.25147, 0.0569454, 1.75877, 0.213164, 0.213321, 0.786679
7.25152, 0.0528185, 1.75176, 0.205298, 0.205455, 0.794545
7.25157, 0.0488607, 1.74475, 0.197472, 0.197628, 0.802372
7.25162, 0.0450688, 1.73774, 0.189699, 0.189853, 0.810147
7.25167, 0.04144, 1.73074, 0.181988, 0.182142, 0.817858
7.25172, 0.0379714, 1.72373, 0.174352, 0.174504, 0.825496
7.25177, 0.0346601, 1.71672, 0.1668, 0.16695, 0.83305
7.25182, 0.0315032, 1.70971, 0.159341, 0.159489, 0.840511
7.25187, 0.0284977, 1.7027, 0.151985, 0.152131, 0.847869
7.25192, 0.0256408, 1.69569, 0.144741, 0.144884, 0.855116
7.25197, 0.0229297, 1.68868, 0.137616, 0.137757, 0.862243
7.25202, 0.0203611, 1.68167, 0.130618, 0.130757, 0.869243
7.25207, 0.0179323, 1.67466, 0.123756, 0.123892, 0.876108
7.25212, 0.0156401, 1.66765, 0.117036, 0.117168, 0.882832
7.25217, 0.0134814, 1.66064, 0.110464, 0.110594, 0.889406
7.25222, 0.0114693, 1.65363, 0.10419, 0.104311, 0.895689
7.25228, 0.0096185, 1.64662, 0.098394, 0.0985055, 0.901494
7.25233, 0.00791526, 1.63961, 0.0930358, 0.0931389, 0.906861
7.25238, 0.00634659, 1.63261, 0.0880784, 0.0881739, 0.911826
7.25243, 0.0049006, 1.6256, 0.0834879, 0.0835763, 0.916424
7.25248, 0.0036821, 1.61859, 0.079233, 0.079315, 0.920685
7.25253, 0.00260443, 1.61158, 0.0752856, 0.0753617, 0.924638
7.25258, 0.00161941, 1.60457, 0.0716203, 0.071691, 0.928309
7.25263, 0.000718717, 1.59756, 0.0682135, 0.0682793, 0.931721
7.25268, -0.000105244, 1.59055, 0.0650441, 0.0651053, 0.934895
7.25273, -0.00085938, 1.58354, 0.0620925, 0.0621496, 0.93785
7.25278, -0.00154998, 1.57653, 0.0593413, 0.0593944, 0.940606
7.25283, -0.00218274, 1.56952, 0.0567742, 0.0568238, 0.943176
7.25288, -0.00276287, 1.56251, 0.0543766, 0.054423, 0.945577
7.25293, -0.00329507, 1.5555, 0.0521352, 0.0521786, 0.947821
7.25298, -0.00378363, 1.54849, 0.0500379, 0.0500785, 0.949922
7.25303, -0.00423243, 1.54148, 0.0480734, 0.0481115, 0.951889
7.25308, -0.00464499, 1.53448, 0.0462318, 0.0462675, 0.953733
7.25313, -0.00502453, 1.52747, 0.0445037, 0.0445372, 0.955463
7.25319, -0.00537393, 1.52046, 0.0428807, 0.0429122, 0.957088
7.25324, -0.00569585, 1.51345, 0.041355, 0.0413846, 0.958615
7.25329, -0.00599268, 1.50644, 0.0399196, 0.0399475, 0.960052
7.25334, -0.0062666, 1.49943, 0.0385681, 0.0385943, 0.961406
7.25339, -0.00651959, 1.49242, 0.0372943, 0.0373191, 0.962681
7.25344, -0.00675345, 1.48541, 0.036093, 0.0361163, 0.963884
7.25349, -0.00696981, 1.4784, 0.0349591, 0.0349811, 0.965019
7.25354, -0.00717018, 1.47139, 0.0338879, 0.0339087, 0.966091
7.25359, -0.0073559, 1.46438, 0.0328753, 0.032895, 0.967105
7.25364, -0.00752822, 1.45737, 0.0319174, 0.031936, 0.968064
7.25369, -0.00768825, 1.45036, 0.0310105, 0.0310282, 0.968972
7.25374, -0.00783704, 1.44335, 0.0301514, 0.0301682, 0.969832
7.25379, -0.00797552, 1.43634, 0.029337, 0.0293529, 0.970647
7.25384, -0.00810455, 1.42934, 0.0285645, 0.0285796, 0.97142
7.25389, -0.00822491, 1.42233, 0.0278313, 0.0278456, 0.972154
7.25394, -0.00833732, 1.41532, 0.0271349, 0.0271484, 0.972852
7.25399, -0.00844244, 1.40831, 0.0264731, 0.026486, 0.973514
7.25404, -0.00854086, 1.4013, 0.0258438, 0.0258561, 0.974144
7.2541, -0.00863314, 1.39429, 0.0252452, 0.0252569, 0.974743
7.25415, -0.00871979, 1.38728, 0.0246754, 0.0246865, 0.975313
7.2542, -0.00880126, 1.38027, 0.0241327, 0.0241433, 0.975857
7.25425, -0.00887798, 1.37326, 0.0236157, 0.0236258, 0.976374
7.2543, -0.00895034, 1.36625, 0.0231229, 0.0231325, 0.976868
7.25435, -0.0090187, 1.35924, 0.0226528, 0.022662, 0.977338
7.2544, -0.00908339, 1.35223, 0.0222044, 0.0222132, 0.977787
7.25445, -0.00914471, 1.34522, 0.0217764, 0.0217848, 0.978215
7.2545, -0.00920295, 1.33821, 0.0213678, 0.0213758, 0.978624
7.25455, -0.00925837, 1.33121, 0.0209774, 0.0209851, 0.979015
7.2546, -0.00931119, 1.3242, 0.0206045, 0.0206118, 0.979388
7.25465, -0.00936164, 1.31719, 0.020248, 0.020255, 0.979745
7.2547, -0.00940993, 1.31018, 0.0199072, 0.0199139, 0.980086
7.25475, -0.00945624, 1.30317, 0.0195813, 0.0195877, 0.980412
7.2548, -0.00950075, 1.29616, 0.0192695, 0.0192756, 0.980724
7.25485, -0.00954361, 1.28915, 0.0189712, 0.018977, 0.981023
7.2549, -0.00958499, 1.28214, 0.0186857, 0.0186913, 0.981309
7.25495, -0.009625, 1.27513, 0.0184125, 0.0184178, 0.981582
7.25501, -0.0096638, 1.26812, 0.0181509, 0.018156, 0.981844
7.25506, -0.00970149, 1.26111, 0.0179005, 0.0179054, 0.982095
7.25511, -0.00973819, 1.2541, 0.0176607, 0.0176654, 0.982335
7.25516, -0.009774, 1.24709, 0.0174311, 0.0174356, 0.982564
7.25521, -0.00980903, 1.24008, 0.0172112, 0.0172155, 0.982784
7.25526, -0.00984331, 1.23308, 0.017001, 0.0170051, 0.982995
7.25531, -0.00987691, 1.22607, 0.0168003, 0.0168042, 0.983196
7.25536, -0.00990989, 1.21906, 0.0166086, 0.0166123, 0.983388
7.25541, -0.00994234, 1.21205, 0.0164256, 0.0164292, 0.983571
7.25546, -0.00997434, 1.20504, 0.0162509, 0.0162543, 0.983746
7.25551, -0.0100059, 1.19803, 0.0160842, 0.0160874, 0.983913
7.25556, -0.0100372, 1.19102, 0.0159251, 0.0159282, 0.984072
7.25561, -0.0100683, 1.18401, 0.0157735, 0.0157764, 0.984224
7.25566, -0.0100991, 1.177, 0.0156289, 0.0156317, 0.984368
7.25571, -0.0101298, 1.16999, 0.0154912, 0.0154939, 0.984506
7.25576, -0.0101604, 1.16298, 0.0153601, 0.0153627, 0.984637
7.25581, -0.010191, 1.15597, 0.0152354, 0.0152379, 0.984762
7.25586, -0.0102216, 1.14896, 0.0151169, 0.0151193, 0.984881
7.25592, -0.0102523, 1.14195, 0.0150045, 0.0150067, 0.984993
7.25597, -0.0102831, 1.13495, 0.0148979, 0.0149, 0.9851
7.25602, -0.0103142, 1.12794, 0.014797, 0.0147989, 0.985201
7.25607, -0.0103455, 1.12093, 0.0147017, 0.0147035, 0.985296
7.25612, -0.0103771, 1.11392, 0.0146118, 0.0146135, 0.985386
7.25617, -0.0104091, 1.10691, 0.0145273, 0.0145289, 0.985471
7.25622, -0.0104416, 1.0999, 0.014448, 0.0144496, 0.98555
7.25627, -0.0104746, 1.09289, 0.014374, 0.0143754, 0.985625
7.25632, -0.0105082, 1.08588, 0.0143052, 0.0143065, 0.985693
7.25637, -0.0105425, 1.07887, 0.0142415, 0.0142427, 0.985757
7.25642, -0.0105776, 1.07186, 0.014183, 0.0141841, 0.985816
7.25647, -0.0106136, 1.06485, 0.0141297, 0.0141307, 0.985869
7.25652, -0.0106506, 1.05784, 0.0140816, 0.0140825, 0.985918
7.25657, -0.0106887, 1.05083, 0.0140389, 0.0140397, 0.98596
7.25662, -0.0107281, 1.04382, 0.0140016, 0.0140023, 0.985998
7.25667, -0.010769, 1.03682, 0.0139699, 0.0139705, 0.986029
7.25672, -0.0108115, 1.02981, 0.0139441, 0.0139446, 0.986055
7.25677, -0.0108558, 1.0228, 0.0139244, 0.0139248, 0.986075
7.25683, -0.0109022, 1.01579, 0.0139112, 0.0139114, 0.986089
7.25688, -0.010951, 1.00878, 0.0139047, 0.0139048, 0.986095
7.25693, -0.0110038, 1.00177, 0.0139083, 0.013908, 0.986092
7.25698, -0.0110655, 0.994759, 0.0139313, 0.0139306, 0.986069
7.25703, -0.0111357, 0.98775, 0.0139724, 0.0139714, 0.986029
7.25708, -0.0112134, 0.980741, 0.0140295, 0.0140282, 0.985972
7.25713, -0.0112981, 0.973731, 0.014101, 0.0140994, 0.985901
7.25718, -0.011389, 0.966722, 0.0141853, 0.0141835, 0.985816
7.25723, -0.0114856, 0.959713, 0.0142814, 0.0142793, 0.985721
7.25728, -0.0115875, 0.952703, 0.0143879, 0.0143857, 0.985614
7.25733, -0.0116941, 0.945694, 0.0145041, 0.0145017, 0.985498
7.25738, -0.0118051, 0.938685, 0.014629, 0.0146264, 0.985374
7.25743, -0.0119202, 0.931676, 0.0147619, 0.0147591, 0.985241
7.25748, -0.0120391, 0.924666, 0.014902, 0.0148992, 0.985101
7.25753, -0.0121614, 0.917657, 0.0150489, 0.0150459, 0.984954
7.25758, -0.012287, 0.910648, 0.0152018, 0.0151987, 0.984801
7.25763, -0.0124155, 0.903638, 0.0153603, 0.0153571, 0.984643
7.25768, -0.0125467, 0.896629, 0.0155239, 0.0155206, 0.984479
7.25774, -0.0126805, 0.88962, 0.0156922, 0.0156888, 0.984311
7.25779, -0.0128165, 0.882611, 0.0158647, 0.0158612, 0.984139
7.25784, -0.0129548, 0.875601, 0.0160411, 0.0160375, 0.983962
7.25789, -0.0130949, 0.868592, 0.0162211, 0.0162174, 0.983783
7.25794, -0.0132369, 0.861583, 0.0164042, 0.0164005, 0.983599
7.25799, -0.0133805, 0.854573, 0.0165903, 0.0165865, 0.983413
7.25804, -0.0135256, 0.847564, 0.016779, 0.0167752, 0.983225
7.25809, -0.013672, 0.840555, 0.01697, 0.0169662, 0.983034
7.25814, -0.0138197, 0.833545, 0.0171631, 0.0171593, 0.982841
7.25819, -0.0139684, 0.826536, 0.0173582, 0.0173542, 0.982646
7.25824, -0.0141181, 0.819527, 0.0175548, 0.0175509, 0.982449
7.25829, -0.0142687, 0.812518, 0.017753, 0.017749, 0.982251
7.25834, -0.01442, 0.805508, 0.0179523, 0.0179483, 0.982052
7.25839, -0.0145719, 0.798499, 0.0181528, 0.0181488, 0.981851
7.25844, -0.0147244, 0.79149, 0.0183542, 0.0183502, 0.98165
7.25849, -0.0148774, 0.78448, 0.0185563, 0.0185523, 0.981448
7.25854, -0.0150307, 0.777471, 0.0187591, 0.018755, 0.981245
7.25859, -0.0151843, 0.770462, 0.0189623, 0.0189582, 0.981042
7.25865, -0.0153381, 0.763452, 0.0191659, 0.0191618, 0.980838
7.2587, -0.015492, 0.756443, 0.0193696, 0.0193656, 0.980634
7.25875, -0.015646, 0.749434, 0.0195735, 0.0195695, 0.980431
7.2588, -0.0158, 0.742425, 0.0197775, 0.0197734, 0.980227
7.25885, -0.015954, 0.735415, 0.0199813, 0.0199772, 0.980023
7.2589, -0.0161079, 0.728406, 0.0201849, 0.0201809, 0.979819
7.25895, -0.0162615, 0.721397, 0.0203883, 0.0203842, 0.979616
7.259, -0.016415, 0.714387, 0.0205914, 0.0205873, 0.979413
7.25905, -0.0165682, 0.707378, 0.020794, 0.0207899, 0.97921
7.2591, -0.0167211, 0.700369, 0.0209962, 0.0209921, 0.979008
7.25915, -0.0168736, 0.69336, 0.0211978, 0.0211937, 0.978806
7.2592, -0.0170257, 0.68635, 0.0213988, 0.0213948, 0.978605
7.25925, -0.0171775, 0.679341, 0.0215992, 0.0215952, 0.978405
7.2593, -0.0173287, 0.672332, 0.0217989, 0.0217949, 0.978205
7.25935, -0.0174795, 0.665322, 0.0219978, 0.0219939, 0.978006
7.2594, -0.0176298, 0.658313, 0.022196, 0.0221921, 0.977808
7.25945, -0.0177795, 0.651304, 0.0223934, 0.0223894, 0.977611
7.2595, -0.0179286, 0.644294, 0.0225899, 0.022586, 0.977414
7.25956, -0.0180772, 0.637285, 0.0227856, 0.0227817, 0.977218
7.25961, -0.0182252, 0.630276, 0.0229803, 0.0229764, 0.977024
7.25966, -0.0183725, 0.623267, 0.0231741, 0.0231703, 0.97683
7.25971, -0.0185192, 0.616257, 0.023367, 0.0233632, 0.976637
7.25976, -0.0186652, 0.609248, 0.0235589, 0.0235551, 0.976445
7.25981, -0.0188105, 0.602239, 0.0237498, 0.023746, 0.976254
7.25986, -0.0189552, 0.595229, 0.0239398, 0.023936, 0.976064
7.25991, -0.0190992, 0.58822, 0.0241287, 0.0241249, 0.975875
7.25996, -0.0192424, 0.581211, 0.0243166, 0.0243128, 0.975687
7.26001, -0.0193849, 0.574202, 0.0245034, 0.0244997, 0.9755
7.26006, -0.0195267, 0.567192, 0.0246892, 0.0246855, 0.975314
7.26011, -0.0196678, 0.560183, 0.024874, 0.0248703, 0.97513
7.26016, -0.0198081, 0.553174, 0.0250577, 0.0250541, 0.974946
7.26021, -0.0199477, 0.546164, 0.0252404, 0.0252368, 0.974763
7.26026, -0.0200865, 0.539155, 0.025422, 0.0254184, 0.974582
7.26031, -0.0202246, 0.532146, 0.0256026, 0.025599, 0.974401
7.26036, -0.0203619, 0.525136, 0.025782, 0.0257785, 0.974222
7.26041, -0.0204985, 0.518127, 0.0259605, 0.0259569, 0.974043
7.26047, -0.0206342, 0.511118, 0.0261378, 0.0261343, 0.973866
7.26052, -0.0207693, 0.504109, 0.0263142, 0.0263106, 0.973689
7.26057, -0.0209035, 0.497099, 0.0264894, 0.0264859, 0.973514
7.26062, -0.021037, 0.49009, 0.0266636, 0.0266602, 0.97334
7.26067, -0.0211697, 0.483081, 0.0268368, 0.0268333, 0.973167
7.26072, -0.0213017, 0.476071, 0.0270089, 0.0270055, 0.972995
7.26077, -0.0214329, 0.469062, 0.02718, 0.0271766, 0.972823
7.26082, -0.0215633, 0.462053, 0.0273501, 0.0273467, 0.972653
7.26087, -0.021693, 0.455043, 0.0275191, 0.0275157, 0.972484
7.26092, -0.0218219, 0.448034, 0.0276871, 0.0276837, 0.972316
7.26097, -0.02195, 0.441025, 0.0278541, 0.0278508, 0.972149
7.26102, -0.0220774, 0.434016, 0.0280201, 0.0280168, 0.971983
7.26107, -0.0222041, 0.427006, 0.0281851, 0.0281818, 0.971818
7.26112, -0.02233, 0.419997, 0.0283491, 0.0283458, 0.971654
7.26117, -0.0224552, 0.412988, 0.0285121, 0.0285089, 0.971491
7.26122, -0.0225796, 0.405978, 0.0286742, 0.0286709, 0.971329
7.26127, -0.0227032, 0.398969, 0.0288352, 0.028832, 0.971168
7.26132, -0.0228262, 0.39196, 0.0289954, 0.0289922, 0.971008
7.26138, -0.0229484, 0.384951, 0.0291545, 0.0291514, 0.970849
7.26143, -0.0230699, 0.377941, 0.0293128, 0.0293096, 0.97069
7.26148, -0.0231907, 0.370932, 0.0294701, 0.0294669, 0.970533
7.26153, -0.0233107, 0.363923, 0.0296265, 0.0296233, 0.970377
7.26158, -0.02343, 0.356913, 0.0297819, 0.0297788, 0.970221
7.26163, -0.0235487, 0.349904, 0.0299365, 0.0299334, 0.970067
7.26168, -0.0236666, 0.342895, 0.0300901, 0.0300871, 0.969913
7.26173, -0.0237838, 0.335885, 0.0302429, 0.0302399, 0.96976
7.26178, -0.0239004, 0.328876, 0.0303948, 0.0303918, 0.969608
7.26183, -0.0240162, 0.321867, 0.0305458, 0.0305428, 0.969457
7.26188, -0.0241314, 0.314858, 0.030696, 0.030693, 0.969307
7.26193, -0.0242458, 0.307848, 0.0308453, 0.0308423, 0.969158
7.26198, -0.0243597, 0.300839, 0.0309938, 0.0309908, 0.969009
7.26203, -0.0244728, 0.29383, 0.0311414, 0.0311385, 0.968862
7.26208, -0.0245853, 0.28682, 0.0312883, 0.0312853, 0.968715
7.26213, -0.0246971, 0.279811, 0.0314343, 0.0314314, 0.968569
7.26218, -0.0248082, 0.272802, 0.0315795, 0.0315766, 0.968423
7.26223, -0.0249189, 0.265792, 0.0317241, 0.0317212, 0.968279
7.26229, -0.0250298, 0.258783, 0.0318694, 0.0318665, 0.968134
7.26234, -0.0251413, 0.251774, 0.0320156, 0.0320127, 0.967987
7.26239, -0.0252533, 0.244765, 0.0321628, 0.0321598, 0.96784
7.26244, -0.0253657, 0.237755, 0.0323109, 0.032308, 0.967692
7.26249, -0.0254787, 0.230746, 0.03246, 0.032457, 0.967543
7.26254, -0.0255922, 0.223737, 0.03261, 0.032607, 0.967393
7.26259, -0.0257063, 0.216727, 0.0327611, 0.032758, 0.967242
7.26264, -0.0258209, 0.209718, 0.032913, 0.03291, 0.96709
7.26269, -0.025936, 0.202709, 0.033066, 0.0330629, 0.966937
7.26274, -0.0260516, 0.1957, 0.03322, 0.0332169, 0.966783
7.26279, -0.0261675, 0.18869, 0.033375, 0.0333719, 0.966628
7.26284, -0.0262837, 0.181681, 0.033531, 0.0335279, 0.966472
7.26289, -0.0264001, 0.174672, 0.033688, 0.0336849, 0.966315
7.26294, -0.0265169, 0.167662, 0.0338461, 0.0338429, 0.966157
7.26299, -0.0266341, 0.160653, 0.0340052, 0.034002, 0.965998
7.26304, -0.0267516, 0.153644, 0.0341654, 0.0341622, 0.965838
7.26309, -0.0268694, 0.146634, 0.0343267, 0.0343234, 0.965677
7.26314, -0.0269877, 0.139625, 0.0344889, 0.0344857, 0.965514
7.2632, -0.0271064, 0.132616, 0.0346523, 0.034649, 0.965351
7.26325, -0.0272256, 0.125607, 0.0348168, 0.0348135, 0.965187
7.2633, -0.0273453, 0.118597, 0.0349823, 0.034979, 0.965021
7.26335, -0.0274654, 0.111588, 0.0351489, 0.0351455, 0.964854
7.2634, -0.027586, 0.104579, 0.0353166, 0.0353132, 0.964687
7.26345, -0.0277072, 0.0975694, 0.0354854, 0.035482, 0.964518
7.2635, -0.0278289, 0.0905601, 0.0356553, 0.0356519, 0.964348
7.26355, -0.0279511, 0.0835508, 0.0358264, 0.035823, 0.964177
7.2636, -0.028074, 0.0765415, 0.0359986, 0.0359951, 0.964005
7.26365, -0.0281974, 0.0695322, 0.0361719, 0.0361684, 0.963832
7.2637, -0.0283214, 0.0625229, 0.0363464, 0.0363429, 0.963657
7.26375, -0.028446, 0.0555136, 0.036522, 0.0365184, 0.963482
7.2638, -0.0285712, 0.0485043, 0.0366988, 0.0366952, 0.963305
7.26385, -0.0286971, 0.041495, 0.0368767, 0.0368731, 0.963127
7.2639, -0.0288237, 0.0344857, 0.0370558, 0.0370522, 0.962948
7.26395, -0.0289508, 0.0274764, 0.0372362, 0.0372325, 0.962767
7.264, -0.0290787, 0.0204671, 0.0374177, 0.037414, 0.962586
7.26405, -0.0292073, 0.0134578, 0.0376004, 0.0375967, 0.962403
7.26411, -0.0293365, 0.00644855, 0.0377844, 0.0377807, 0.962219
7.26416, -0.0294665, -0.000560744, 0.0379695, 0.0379658, 0.962034
7.26421, -0.0295972, -0.00757004, 0.0381559, 0.0381522, 0.961848
7.26426, -0.0297286, -0.0145793, 0.0383436, 0.0383398, 0.96166
7.26431, -0.0298608, -0.0215886, 0.0385325, 0.0385287, 0.961471
7.26436, -0.0299937, -0.0285979, 0.0387227, 0.0387188, 0.961281
7.26441, -0.0301274, -0.0356072, 0.0389141, 0.0389103, 0.96109
7.26446, -0.0302618, -0.0426165, 0.0391068, 0.039103, 0.960897
7.26451, -0.030397, -0.0496258, 0.0393008, 0.0392969, 0.960703
7.26456, -0.0305331, -0.0566351, 0.0394962, 0.0394922, 0.960508
7.26461, -0.0306699, -0.0636444, 0.0396928, 0.0396888, 0.960311
7.26466, -0.0308075, -0.0706537, 0.0398907, 0.0398868, 0.960113
7.26471, -0.030946, -0.077663, 0.04009, 0.040086, 0.959914
7.26476, -0.0310853, -0.0846723, 0.0402906, 0.0402866, 0.959713
7.26481, -0.0312255, -0.0916816, 0.0404926, 0.0404886, 0.959511
7.26486, -0.0313664, -0.0986909, 0.040696, 0.0406919, 0.959308
7.26491, -0.0315083, -0.1057, 0.0409007, 0.0408965, 0.959103
7.26496, -0.031651, -0.112709, 0.0411067, 0.0411026, 0.958897
7.26502, -0.0317946, -0.119719, 0.0413142, 0.0413101, 0.95869
7.26507, -0.0319391, -0.126728, 0.0415231, 0.0415189, 0.958481
7.26512, -0.0320845, -0.133737, 0.0417334, 0.0417292, 0.958271
7.26517, -0.0322308, -0.140747, 0.0419451, 0.0419408, 0.958059
7.26522, -0.032378, -0.147756, 0.0421582, 0.042154, 0.957846
7.26527, -0.0325261, -0.154765, 0.0423728, 0.0423685, 0.957631
7.26532, -0.0326752, -0.161775, 0.0425889, 0.0425845, 0.957415
7.26537, -0.0328252, -0.168784, 0.0428064, 0.042802, 0.957198
7.26542, -0.0329761, -0.175793, 0.0430253, 0.0430209, 0.956979
7.26547, -0.033128, -0.182802, 0.0432458, 0.0432414, 0.956759
7.26552, -0.0332809, -0.189812, 0.0434677, 0.0434633, 0.956537
7.26557, -0.0334347, -0.196821, 0.0436912, 0.0436867, 0.956313
7.26562, -0.0335895, -0.20383, 0.0439161, 0.0439116, 0.956088
7.26567, -0.0337453, -0.21084, 0.0441426, 0.0441381, 0.955862
7.26572, -0.0339022, -0.217849, 0.0443707, 0.0443661, 0.955634
7.26577, -0.03406, -0.224858, 0.0446002, 0.0445956, 0.955404
7.26582, -0.0342188, -0.231868, 0.0448314, 0.0448267, 0.955173
7.26587, -0.0343787, -0.238877, 0.0450641, 0.0450594, 0.954941
7.26593, -0.0345396, -0.245886, 0.0452983, 0.0452936, 0.954706
7.26598, -0.0347015, -0.252895, 0.0455342, 0.0455295, 0.954471
7.26603, -0.0348645, -0.259905, 0.0457717, 0.0457669, 0.954233
7.26608, -0.0350285, -0.266914, 0.0460107, 0.0460059, 0.953994
7.26613, -0.0351936, -0.273923, 0.0462514, 0.0462466, 0.953753
7.26618, -0.0353598, -0.280933, 0.0464938, 0.0464889, 0.953511
7.26623, -0.0355271, -0.287942, 0.0467377, 0.0467328, 0.953267
7.26628, -0.0356954, -0.294951, 0.0469833, 0.0469784, 0.953022
7.26633, -0.0358648, -0.30196, 0.0472306, 0.0472257, 0.952774
7.26638, -0.0360354, -0.30897, 0.0474796, 0.0474746, 0.952525
7.26643, -0.0362071, -0.315979, 0.0477302, 0.0477252, 0.952275
7.26648, -0.0363798, -0.322988, 0.0479826, 0.0479775, 0.952023
7.26653, -0.0365538, -0.329998, 0.0482366, 0.0482315, 0.951769
7.26658, -0.0367288, -0.337007, 0.0484924, 0.0484872, 0.951513
7.26663, -0.036905, -0.344016, 0.0487498, 0.0487447, 0.951255
7.26668, -0.0370824, -0.351026, 0.0490091, 0.0490039, 0.950996
7.26673, -0.0372609, -0.358035, 0.04927, 0.0492648, 0.950735
7.26678, -0.0374406, -0.365044, 0.0495328, 0.0495275, 0.950472
7.26684, -0.0376214, -0.372053, 0.0497973, 0.049792, 0.950208
7.26689, -0.0378035, -0.379063, 0.0500636, 0.0500582, 0.949942
7.26694, -0.0379867, -0.386072, 0.0503317, 0.0503263, 0.949674
7.26699, -0.0381712, -0.393081, 0.0506015, 0.0505961, 0.949404
7.26704, -0.0383568, -0.400091, 0.0508732, 0.0508678, 0.949132
7.26709, -0.0385437, -0.4071, 0.0511468, 0.0511413, 0.948859
7.26714, -0.0387318, -0.414109, 0.0514221, 0.0514166, 0.948583
7.26719, -0.0389211, -0.421118, 0.0516993, 0.0516938, 0.948306
7.26724, -0.0391117, -0.428128, 0.0519784, 0.0519728, 0.948027
7.26729, -0.0393035, -0.435137, 0.0522593, 0.0522537, 0.947746
7.26734, -0.0394965, -0.442146, 0.0525421, 0.0525365, 0.947464
7.26739, -0.0396909, -0.449156, 0.0528268, 0.0528211, 0.947179
7.26744, -0.0398865, -0.456165, 0.0531134, 0.0531077, 0.946892
7.26749, -0.0400834, -0.463174, 0.0534019, 0.0533961, 0.946604
7.26754, -0.0402815, -0.470184, 0.0536924, 0.0536865, 0.946313
7.26759, -0.040481, -0.477193, 0.0539847, 0.0539789, 0.946021
7.26764, -0.0406817, -0.484202, 0.054279, 0.0542731, 0.945727
7.26769, -0.0408838, -0.491211, 0.0545753, 0.0545693, 0.945431
7.26775, -0.0410872, -0.498221, 0.0548735, 0.0548675, 0.945132
7.2678, -0.0412919, -0.50523, 0.0551737, 0.0551677, 0.944832
7.26785, -0.041498, -0.512239, 0.0554759, 0.0554698, 0.94453
7.2679, -0.0417053, -0.519249, 0.05578, 0.0557739, 0.944226
7.26795, -0.0419141, -0.526258, 0.0560862, 0.0560801, 0.94392
7.268, -0.0421241, -0.533267, 0.0563944, 0.0563882, 0.943612
7.26805, -0.0423356, -0.540277, 0.0567046, 0.0566984, 0.943302
7.2681, -0.0425484, -0.547286, 0.0570169, 0.0570106, 0.942989
7.26815, -0.0427626, -0.554295, 0.0573312, 0.0573249, 0.942675
7.2682, -0.0429781, -0.561304, 0.0576475, 0.0576412, 0.942359
7.26825, -0.0431951, -0.568314, 0.0579659, 0.0579595, 0.94204
7.2683, -0.0434135, -0.575323, 0.0582864, 0.05828, 0.94172
7.26835, -0.0436332, -0.582332, 0.058609, 0.0586025, 0.941397
7.2684, -0.0438544, -0.589342, 0.0589337, 0.0589272, 0.941073
7.26845, -0.044077, -0.596351, 0.0592605, 0.0592539, 0.940746
7.2685, -0.044301, -0.60336, 0.0595893, 0.0595827, 0.940417
7.26855, -0.0445264, -0.610369, 0.0599204, 0.0599137, 0.940086
7.2686, -0.0447533, -0.617379, 0.0602535, 0.0602468, 0.939753
7.26866, -0.0449817, -0.624388, 0.0605888, 0.0605821, 0.939418
7.26871, -0.0452114, -0.631397, 0.0609263, 0.0609195, 0.939081
7.26876, -0.0454427, -0.638407, 0.0612659, 0.0612591, 0.938741
7.26881, -0.0456754, -0.645416, 0.0616076, 0.0616008, 0.938399
7.26886, -0.0459096, -0.652425, 0.0619516, 0.0619447, 0.938055
7.26891, -0.0461453, -0.659435, 0.0622978, 0.0622908, 0.937709
7.26896, -0.0463824, -0.666444, 0.0626461, 0.0626391, 0.937361
7.26901, -0.0466211, -0.673453, 0.0629967, 0.0629896, 0.93701
7.26906, -0.0468612, -0.680462, 0.0633494, 0.0633424, 0.936658
7.26911, -0.0471029, -0.687472, 0.0637044, 0.0636973, 0.936303
7.26916, -0.047346, -0.694481, 0.0640617, 0.0640545, 0.935945
7.26921, -0.0475907, -0.70149, 0.0644211, 0.0644139, 0.935586
7.26926, -0.047836, -0.7085, 0.0647828, 0.0647756, 0.935224
7.26931, -0.0480809, -0.715509, 0.0651467, 0.0651394, 0.934861
7.26936, -0.0483273, -0.722518, 0.0655129, 0.0655055, 0.934494
7.26941, -0.0485752, -0.729528, 0.0658813, 0.0658739, 0.934126
7.26946, -0.0488246, -0.736537, 0.066252, 0.0662446, 0.933755
7.26951, -0.0490756, -0.743546, 0.0666251, 0.0666176, 0.933382
7.26957, -0.0493281, -0.750555, 0.0670004, 0.0669929, 0.933007
7.26962, -0.0495821, -0.757565, 0.0673781, 0.0673705, 0.93263
7.26967, -0.0498376, -0.764574, 0.067758, 0.0677504, 0.93225
7.26972, -0.0500947, -0.771583, 0.0681403, 0.0681327, 0.931867
7.26977, -0.0503534, -0.778593, 0.068525, 0.0685172, 0.931483
7.26982, -0.0506136, -0.785602, 0.0689119, 0.0689042, 0.931096
7.26987, -0.0508753, -0.792611, 0.0693013, 0.0692935, 0.930707
7.26992, -0.0511387, -0.79962, 0.069693, 0.0696851, 0.930315
7.26997, -0.0514035, -0.80663, 0.070087, 0.0700791, 0.929921
7.27002, -0.05167, -0.813639, 0.0704835, 0.0704755, 0.929524
7.27007, -0.0519381, -0.820648, 0.0708823, 0.0708743, 0.929126
7.27012, -0.0522077, -0.827658, 0.0712835, 0.0712754, 0.928725
7.27017, -0.0524789, -0.834667, 0.0716871, 0.071679, 0.928321
7.27022, -0.0527517, -0.841676, 0.0720931, 0.0720849, 0.927915
7.27027, -0.0530261, -0.848686, 0.0725015, 0.0724933, 0.927507
7.27032, -0.0533021, -0.855695, 0.0729123, 0.072904, 0.927096
7.27037, -0.0535797, -0.862704, 0.0733255, 0.0733172, 0.926683
7.27042, -0.0538589, -0.869713, 0.0737412, 0.0737329, 0.926267
7.27048, -0.0541397, -0.876723, 0.0741593, 0.0741509, 0.925849
7.27053, -0.0544221, -0.883732, 0.0745798, 0.0745714, 0.925429
7.27058, -0.0547061, -0.890741, 0.0750028, 0.0749943, 0.925006
7.27063, -0.0549918, -0.897751, 0.0754282, 0.0754196, 0.92458
7.27068, -0.055279, -0.90476, 0.075856, 0.0758475, 0.924153
7.27073, -0.0555679, -0.911769, 0.0762864, 0.0762777, 0.923722
7.27078, -0.0558585, -0.918778, 0.0767191, 0.0767105, 0.92329
7.27083, -0.0561506, -0.925788, 0.0771544, 0.0771457, 0.922854
7.27088, -0.0564444, -0.932797, 0.0775921, 0.0775833, 0.922417
7.27093, -0.0567398, -0.939806, 0.0780323, 0.0780235, 0.921977
7.27098, -0.0570369, -0.946816, 0.078475, 0.0784661, 0.921534
7.27103, -0.0573356, -0.953825, 0.0789202, 0.0789112, 0.921089
7.27108, -0.057636, -0.960834, 0.0793678, 0.0793588, 0.920641
7.27113, -0.057938, -0.967844, 0.079818, 0.0798089, 0.920191
7.27118, -0.0582416, -0.974853, 0.0802706, 0.0802615, 0.919738
7.27123, -0.0585469, -0.981862, 0.0807257, 0.0807166, 0.919283
7.27128, -0.0588538, -0.988871, 0.0811834, 0.0811742, 0.918826
7.27133, -0.0591625, -0.995881, 0.0816435, 0.0816343, 0.918366
7.27139, -0.0594727, -1.00289, 0.0821062, 0.0820969, 0.917903
7.27144, -0.0597846, -1.0099, 0.0825713, 0.082562, 0.917438
7.27149, -0.0600982, -1.01691, 0.083039, 0.0830296, 0.91697
7.27154, -0.0604135, -1.02392, 0.0835092, 0.0834998, 0.9165
7.27159, -0.0607304, -1.03093, 0.0839819, 0.0839724, 0.916028
7.27164, -0.0610489, -1.03794, 0.0844572, 0.0844476, 0.915552
7.27169, -0.0613691, -1.04495, 0.0849349, 0.0849254, 0.915075
7.27174, -0.061691, -1.05196, 0.0854152, 0.0854056, 0.914594
7.27179, -0.0620146, -1.05896, 0.0858981, 0.0858884, 0.914112
7.27184, -0.0623398, -1.06597, 0.0863834, 0.0863737, 0.913626
7.27189, -0.0626667, -1.07298, 0.0868713, 0.0868615, 0.913138
7.27194, -0.0629953, -1.07999, 0.0873617, 0.0873519, 0.912648
7.27199, -0.0633255, -1.087, 0.0878547, 0.0878448, 0.912155
7.27204, -0.0636575, -1.09401, 0.0883502, 0.0883402, 0.91166
7.27209, -0.063991, -1.10102, 0.0888482, 0.0888382, 0.911162
7.27214, -0.0643263, -1.10803, 0.0893488, 0.0893387, 0.910661
7.27219, -0.0646632, -1.11504, 0.0898519, 0.0898418, 0.910158
7.27224, -0.0650018, -1.12205, 0.0903575, 0.0903474, 0.909653
7.2723, -0.0653421, -1.12906, 0.0908657, 0.0908555, 0.909144
7.27235, -0.065684, -1.13607, 0.0913764, 0.0913662, 0.908634
7.2724, -0.0660276, -1.14308, 0.0918897, 0.0918794, 0.908121
7.27245, -0.0663729, -1.15009, 0.0924055, 0.0923952, 0.907605
7.2725, -0.0667198, -1.15709, 0.0929238, 0.0929134, 0.907087
7.27255, -0.0670684, -1.1641, 0.0934447, 0.0934343, 0.906566
7.2726, -0.0674187, -1.17111, 0.0939681, 0.0939577, 0.906042
7.27265, -0.0677707, -1.17812, 0.0944941, 0.0944836, 0.905516
7.2727, -0.0681243, -1.18513, 0.0950226, 0.095012, 0.904988
7.27275, -0.0684796, -1.19214, 0.0955536, 0.095543, 0.904457
7.2728, -0.0688365, -1.19915, 0.0960872, 0.0960765, 0.903923
7.27285, -0.0691951, -1.20616, 0.0966233, 0.0966126, 0.903387
7.2729, -0.0695554, -1.21317, 0.0971619, 0.0971511, 0.902849
7.27295, -0.0699173, -1.22018, 0.0977031, 0.0976923, 0.902308
7.273, -0.0702809, -1.22719, 0.0982468, 0.0982359, 0.901764
7.27305, -0.0706462, -1.2342, 0.098793, 0.0987821, 0.901218
7.2731, -0.0710131, -1.24121, 0.0993418, 0.0993308, 0.900669
7.27315, -0.0713817, -1.24822, 0.0998931, 0.099882, 0.900118
7.27321, -0.0717519, -1.25522, 0.100447, 0.100436, 0.899564
7.27326, -0.0721238, -1.26223, 0.101003, 0.100992, 0.899008
7.27331, -0.0724973, -1.26924, 0.101562, 0.101551, 0.898449
7.27336, -0.0728725, -1.27625, 0.102123, 0.102112, 0.897888
7.27341, -0.0732493, -1.28326, 0.102687, 0.102676, 0.897324
7.27346, -0.0736277, -1.29027, 0.103254, 0.103242, 0.896758
7.27351, -0.0740078, -1.29728, 0.103822, 0.103811, 0.896189
7.27356, -0.0743896, -1.30429, 0.104394, 0.104382, 0.895618
7.27361, -0.074773, -1.3113, 0.104968, 0.104956, 0.895044
7.27366, -0.075158, -1.31831, 0.105544, 0.105533, 0.894467
7.27371, -0.0755446, -1.32532, 0.106123, 0.106111, 0.893889
7.27376, -0.0759329, -1.33233, 0.106704, 0.106693, 0.893307
7.27381, -0.0763228, -1.33934, 0.107288, 0.107277, 0.892723
7.27386, -0.0767143, -1.34635, 0.107875, 0.107863, 0.892137
7.27391, -0.0771074, -1.35335, 0.108463, 0.108452, 0.891548
7.27396, -0.0775022, -1.36036, 0.109055, 0.109043, 0.890957
7.27401, -0.0778986, -1.36737, 0.109648, 0.109636, 0.890364
7.27406, -0.0782966, -1.37438, 0.110245, 0.110233, 0.889767
7.27412, -0.0786962, -1.38139, 0.110843, 0.110831, 0.889169
7.27417, -0.0790974, -1.3884, 0.111444, 0.111432, 0.888568
7.27422, -0.0795002, -1.39541, 0.112048, 0.112036, 0.887964
7.27427, -0.0799046, -1.40242, 0.112654, 0.112642, 0.887358
7.27432, -0.0803106, -1.40943, 0.113263, 0.11325, 0.88675
7.27437, -0.0807182, -1.41644, 0.113874, 0.113861, 0.886139
7.27442, -0.0811274, -1.42345, 0.114487, 0.114475, 0.885525
7.27447, -0.0815382, -1.43046, 0.115103, 0.11509, 0.88491
7.27452, -0.0819505, -1.43747, 0.115721, 0.115709, 0.884291
7.27457, -0.0823645, -1.44448, 0.116342, 0.116329, 0.883671
7.27462, -0.08278, -1.45148, 0.116965, 0.116952, 0.883048
7.27467, -0.083197, -1.45849, 0.11759, 0.117578, 0.882422
7.27472, -0.0836157, -1.4655, 0.118218, 0.118206, 0.881794
7.27477, -0.0840359, -1.47251, 0.118849, 0.118836, 0.881164
7.27482, -0.0844577, -1.47952, 0.119481, 0.119469, 0.880531
7.27487, -0.084881, -1.48653, 0.120116, 0.120104, 0.879896
7.27492, -0.0853059, -1.49354, 0.120754, 0.120741, 0.879259
7.27497, -0.0857324, -1.50055, 0.121394, 0.121381, 0.878619
7.27503, -0.0861603, -1.50756, 0.122036, 0.122023, 0.877977
7.27508, -0.0865899, -1.51457, 0.122681, 0.122668, 0.877332
7.27513, -0.0870209, -1.52158, 0.123327, 0.123315, 0.876685
7.27518, -0.0874535, -1.52859, 0.123977, 0.123964, 0.876036
7.27523, -0.0878876, -1.5356, 0.124629, 0.124615, 0.875385
7.27528, -0.0883233, -1.54261, 0.125283, 0.125269, 0.874731
7.27533, -0.0887605, -1.54962, 0.125939, 0.125926, 0.874074
7.27538, -0.0891991, -1.55662, 0.126598, 0.126584, 0.873416
7.27543, -0.0896393, -1.56363, 0.127259, 0.127245, 0.872755
7.27548, -0.0900811, -1.57064, 0.127922, 0.127909, 0.872091
7.27553, -0.0905243, -1.57765, 0.128588, 0.128574, 0.871426
7.27558, -0.090969, -1.58466, 0.129256, 0.129242, 0.870758
7.27563, -0.0914152, -1.59167, 0.129926, 0.129913, 0.870087
7.27568, -0.0918629, -1.59868, 0.130599, 0.130585, 0.869415
7.27573, -0.0923121, -1.60569, 0.131274, 0.13126, 0.86874
7.27578, -0.0927627, -1.6127, 0.131951, 0.131937, 0.868063
7.27583, -0.0932149, -1.61971, 0.13263, 0.132617, 0.867383
7.27588, -0.0936685, -1.62672, 0.133312, 0.133298, 0.866702
7.27594, -0.0941236, -1.63373, 0.133996, 0.133982, 0.866018
7.27599, -0.0945802, -1.64074, 0.134682, 0.134668, 0.865332
7.27604, -0.0950382, -1.64775, 0.135371, 0.135357, 0.864643
7.27609, -0.0954977, -1.65475, 0.136061, 0.136048, 0.863952
7.27614, -0.0959586, -1.66176, 0.136755, 0.136741, 0.863259
7.27619, -0.096421, -1.66877, 0.13745, 0.137436, 0.862564
7.27624, -0.0968848, -1.67578, 0.138147, 0.138133, 0.861867
7.27629, -0.09735, -1.68279, 0.138847, 0.138833, 0.861167
7.27634, -0.0978167, -1.6898, 0.139549, 0.139535, 0.860465
7.27639, -0.0982849, -1.69681, 0.140253, 0.140239, 0.859761
7.27644, -0.0987544, -1.70382, 0.140959, 0.140945, 0.859055
7.27649, -0.0992254, -1.71083, 0.141668, 0.141654, 0.858346
7.27654, -0.0996978, -1.71784, 0.142379, 0.142365, 0.857635
7.27659, -0.100172, -1.72485, 0.143092, 0.143077, 0.856923
7.27664, -0.100647, -1.73186, 0.143807, 0.143793, 0.856207
7.27669, -0.101123, -1.73887, 0.144524, 0.14451, 0.85549
7.27674, -0.101601, -1.74588, 0.145244, 0.145229, 0.854771
7.27679, -0.102081, -1.75288, 0.145965, 0.145951, 0.854049
7.27685, -0.102562, -1.75989, 0.146689, 0.146675, 0.853325
7.2769, -0.103044, -1.7669, 0.147415, 0.1474, 0.8526
7.27695, -0.103527, -1.77391, 0.148143, 0.148128, 0.851872
7.277, -0.104012, -1.78092, 0.148873, 0.148859, 0.851141
7.27705, -0.104499, -1.78793, 0.149606, 0.149591, 0.850409
7.2771, -0.104986, -1.79494, 0.15034, 0.150325, 0.849675
7.27715, -0.105475, -1.80195, 0.151077, 0.151062, 0.848938
7.2772, -0.105966, -1.80896, 0.151815, 0.151801, 0.848199
7.27725, -0.106457, -1.81597, 0.152556, 0.152541, 0.847459
7.2773, -0.10695, -1.82298, 0.153299, 0.153284, 0.846716
7.27735, -0.107445, -1.82999, 0.154044, 0.154029, 0.845971
7.2774, -0.107941, -1.837, 0.154791, 0.154776, 0.845224
7.27745, -0.108438, -1.84401, 0.15554, 0.155525, 0.844475
7.2775, -0.108936, -1.85101, 0.156291, 0.156276, 0.843724
7.27755, -0.109436, -1.85802, 0.157045, 0.15703, 0.84297
7.2776, -0.109937, -1.86503, 0.1578, 0.157785, 0.842215
7.27765, -0.110439, -1.87204, 0.158557, 0.158542, 0.841458
7.2777, -0.110943, -1.87905, 0.159317, 0.159302, 0.840698
7.27776, -0.111448, -1.88606, 0.160078, 0.160063, 0.839937
7.27781, -0.111955, -1.89307, 0.160842, 0.160827, 0.839173
7.27786, -0.112462, -1.90008, 0.161607, 0.161592, 0.838408
7.27791, -0.112971, -1.90709, 0.162375, 0.16236, 0.83764
7.27796, -0.113481, -1.9141, 0.163145, 0.163129, 0.836871
7.27801, -0.113993, -1.92111, 0.163916, 0.163901, 0.836099
7.27806, -0.114506, -1.92812, 0.16469, 0.164674, 0.835326
7.27811, -0.11502, -1.93513, 0.165465, 0.16545, 0.83455
7.27816, -0.115535, -1.94214, 0.166243, 0.166227, 0.833773
7.27821, -0.116052, -1.94914, 0.167023, 0.167007, 0.832993
7.27826, -0.11657, -1.95615, 0.167804, 0.167789, 0.832211
7.27831, -0.117089, -1.96316, 0.168588, 0.168572, 0.831428
7.27836, -0.117609, -1.97017, 0.169373, 0.169357, 0.830643
7.27841, -0.118131, -1.97718, 0.170161, 0.170145, 0.829855
7.27846, -0.118654, -1.98419, 0.17095, 0.170934, 0.829066
7.27851, -0.119178, -1.9912, 0.171741, 0.171726, 0.828274
7.27856, -0.119704, -1.99821, 0.172535, 0.172519, 0.827481
7.27861, -0.12023, -2.00522, 0.17333, 0.173314, 0.826686
7.27867, -0.120758, -2.01223, 0.174127, 0.174111, 0.825889
7.27872, -0.121287, -2.01924, 0.174926, 0.17491, 0.82509
7.27877, -0.121818, -2.02625, 0.175727, 0.175711, 0.824289
7.27882, -0.122349, -2.03326, 0.17653, 0.176514, 0.823486
7.27887, -0.122882, -2.04027, 0.177335, 0.177319, 0.822681
7.27892, -0.123416, -2.04728, 0.178142, 0.178126, 0.821874
7.27897, -0.123951, -2.05428, 0.178951, 0.178934, 0.821066
7.27902, -0.124488, -2.06129, 0.179761, 0.179745, 0.820255
7.27907, -0.125025, -2.0683, 0.180574, 0.180557, 0.819443
7.27912, -0.125564, -2.07531, 0.181388, 0.181372, 0.818628
7.27917, -0.126104, -2.08232, 0.182204, 0.182188, 0.817812
7.27922, -0.126645, -2.08933, 0.183022, 0.183006, 0.816994
7.27927, -0.127188, -2.09634, 0.183842, 0.183826, 0.816174
7.27932, -0.127731, -2.10335, 0.184664, 0.184648, 0.815352
7.27937, -0.128276, -2.11036, 0.185488, 0.185471, 0.814529
7.27942, -0.128822, -2.11737, 0.186313, 0.186297, 0.813703
7.27947, -0.129369, -2.12438, 0.187141, 0.187124, 0.812876
7.27952, -0.129917, -2.13139, 0.18797, 0.187953, 0.812047
7.27958, -0.130467, -2.1384, 0.188801, 0.188784, 0.811216
7.27963, -0.131017, -2.14541, 0.189634, 0.189617, 0.810383
7.27968, -0.131569, -2.15241, 0.190468, 0.190452, 0.809548
7.27973, -0.132122, -2.15942, 0.191305, 0.191288, 0.808712
7.27978, -0.132676, -2.16643, 0.192143, 0.192126, 0.807874
7.27983, -0.133231, -2.17344, 0.192983, 0.192966, 0.807034
7.27988, -0.133788, -2.18045, 0.193825, 0.193808, 0.806192
7.27993, -0.134345, -2.18746, 0.194669, 0.194652, 0.805348
7.27998, -0.134904, -2.19447, 0.195514, 0.195497, 0.804503
7.28003, -0.135464, -2.20148, 0.196362, 0.196345, 0.803655
7.28008, -0.136025, -2.20849, 0.197211, 0.197194, 0.802806
7.28013, -0.136587, -2.2155, 0.198062, 0.198045, 0.801955
7.28018, -0.13715, -2.22251, 0.198914, 0.198897, 0.801103
7.28023, -0.137714, -2.22952, 0.199769, 0.199752, 0.800248
7.28028, -0.13828, -2.23653, 0.200625, 0.200608, 0.799392
7.28033, -0.138846, -2.24354, 0.201483, 0.201466, 0.798534
7.28038, -0.139414, -2.25054, 0.202342, 0.202325, 0.797675
7.28043, -0.139982, -2.25755, 0.203204, 0.203187, 0.796813
7.28049, -0.140552, -2.26456, 0.204067, 0.20405, 0.79595
7.28054, -0.141123, -2.27157, 0.204932, 0.204915, 0.795085
7.28059, -0.141695, -2.27858, 0.205799, 0.205781, 0.794219
7.28064, -0.142268, -2.28559, 0.206667, 0.20665, 0.79335
7.28069, -0.142843, -2.2926, 0.207537, 0.20752, 0.79248
7.28074, -0.143418, -2.29961, 0.208409, 0.208391, 0.791609
7.28079, -0.143994, -2.30662, 0.209282, 0.209265, 0.790735
7.28084, -0.144572, -2.31363, 0.210158, 0.21014, 0.78986
7.28089, -0.14515, -2.32064, 0.211035, 0.211017, 0.788983
7.28094, -0.14573, -2.32765, 0.211913, 0.211896, 0.788104
7.28099, -0.146311, -2.33466, 0.212794, 0.212776, 0.787224
7.28104, -0.146893, -2.34167, 0.213676, 0.213658, 0.786342
7.28109, -0.147475, -2.34867, 0.21456, 0.214542, 0.785458
7.28114, -0.148059, -2.35568, 0.215445, 0.215427, 0.784573
7.28119, -0.148644, -2.36269, 0.216332, 0.216314, 0.783686
7.28124, -0.14923, -2.3697, 0.217221, 0.217203, 0.782797
7.28129, -0.149818, -2.37671, 0.218112, 0.218094, 0.781906
7.28134, -0.150406, -2.38372, 0.219004, 0.218986, 0.781014
7.2814, -0.150995, -2.39073, 0.219898, 0.21988, 0.78012
7.28145, -0.151585, -2.39774, 0.220793, 0.220775, 0.779225
7.2815, -0.152176, -2.40475, 0.22169, 0.221672, 0.778328
7.28155, -0.152769, -2.41176, 0.222589, 0.222571, 0.777429
7.2816, -0.153362, -2.41877, 0.223489, 0.223471, 0.776529
7.28165, -0.153957, -2.42578, 0.224392, 0.224374, 0.775626
7.2817, -0.154552, -2.43279, 0.225295, 0.225277, 0.774723
7.28175, -0.155148, -2.4398, 0.226201, 0.226183, 0.773817
7.2818, -0.155746, -2.4468, 0.227108, 0.22709, 0.77291
7.28185, -0.156345, -2.45381, 0.228016, 0.227998, 0.772002
7.2819, -0.156944, -2.46082, 0.228927, 0.228909, 0.771091
7.28195, -0.157545, -2.46783, 0.229839, 0.22982, 0.77018
7.282, -0.158146, -2.47484, 0.230752, 0.230734, 0.769266
7.28205, -0.158749, -2.48185, 0.231667, 0.231649, 0.768351
7.2821, -0.159353, -2.48886, 0.232584, 0.232566, 0.767434
7.28215, -0.159957, -2.49587, 0.233503, 0.233484, 0.766516
7.2822, -0.160563, -2.50288, 0.234423, 0.234404, 0.765596
7.28225, -0.161169, -2.50989, 0.235344, 0.235326, 0.764674
7.28231, -0.161777, -2.5169, 0.236267, 0.236249, 0.763751
7.28236, -0.162386, -2.52391, 0.237192, 0.237174, 0.762826
7.28241, -0.162995, -2.53092, 0.238119, 0.2381, 0.7619
7.28246, -0.163606, -2.53793, 0.239047, 0.239028, 0.760972
7.28251, -0.164218, -2.54494, 0.239976, 0.239958, 0.760042
7.28256, -0.16483, -2.55194, 0.240907, 0.240889, 0.759111
7.28261, -0.165444, -2.55895, 0.24184, 0.241821, 0.758179
7.28266, -0.166059, -2.56596, 0.242774, 0.242756, 0.757244
7.28271, -0.166674, -2.57297, 0.24371, 0.243692, 0.756308
7.28276, -0.167291, -2.57998, 0.244648, 0.244629, 0.755371
7.28281, -0.167909, -2.58699, 0.245587, 0.245568, 0.754432
7.28286, -0.168527, -2.594, 0.246527, 0.246509, 0.753491
7.28291, -0.169147, -2.60101, 0.24747, 0.247451, 0.752549
7.28296, -0.169767, -2.60802, 0.248413, 0.248394, 0.751606
7.28301, -0.170389, -2.61503, 0.249359, 0.24934, 0.75066
7.28306, -0.171011, -2.62204, 0.250305, 0.250286, 0.749714
7.28311, -0.171635, -2.62905, 0.251254, 0.251235, 0.748765
7.28316, -0.172259, -2.63606, 0.252204, 0.252185, 0.747815
7.28322, -0.172884, -2.64307, 0.253155, 0.253136, 0.746864
7.28327, -0.173511, -2.65007, 0.254108, 0.254089, 0.745911
7.28332, -0.174138, -2.65708, 0.255063, 0.255044, 0.744956
7.28337, -0.174766, -2.66409, 0.256019, 0.256, 0.744
7.28342, -0.175395, -2.6711, 0.256976, 0.256957, 0.743043
7.28347, -0.176026, -2.67811, 0.257936, 0.257916, 0.742084
7.28352, -0.176657, -2.68512, 0.258896, 0.258877, 0.741123
7.28357, -0.177289, -2.69213, 0.259858, 0.259839, 0.740161
7.28362, -0.177922, -2.69914, 0.260822, 0.260803, 0.739197
7.28367, -0.178556, -2.70615, 0.261787, 0.261768, 0.738232
7.28372, -0.179191, -2.71316, 0.262754, 0.262735, 0.737265
7.28377, -0.179827, -2.72017, 0.263723, 0.263703, 0.736297
7.28382, -0.180463, -2.72718, 0.264692, 0.264673, 0.735327
7.28387, -0.181101, -2.73419, 0.265664, 0.265644, 0.734356
7.28392, -0.18174, -2.7412, 0.266636, 0.266617, 0.733383
7.28397, -0.182379, -2.7482, 0.267611, 0.267591, 0.732409
7.28402, -0.18302, -2.75521, 0.268587, 0.268567, 0.731433
7.28407, -0.183661, -2.76222, 0.269564, 0.269544, 0.730456
7.28413, -0.184304, -2.76923, 0.270543, 0.270523, 0.729477
7.28418, -0.184947, -2.77624, 0.271523, 0.271503, 0.728497
7.28423, -0.185592, -2.78325, 0.272505, 0.272485, 0.727515
7.28428, -0.186237, -2.79026, 0.273488, 0.273469, 0.726531
7.28433, -0.186883, -2.79727, 0.274473, 0.274453, 0.725547
7.28438, -0.18753, -2.80428, 0.275459, 0.27544, 0.72456
7.28443, -0.188178, -2.81129, 0.276447, 0.276427, 0.723573
7.28448, -0.188827, -2.8183, 0.277436, 0.277416, 0.722584
7.28453, -0.189477, -2.82531, 0.278427, 0.278407, 0.721593
7.28458, -0.190127, -2.83232, 0.279419, 0.279399, 0.720601
7.28463, -0.190779, -2.83933, 0.280413, 0.280393, 0.719607
7.28468, -0.191432, -2.84633, 0.281408, 0.281388, 0.718612
7.28473, -0.192085, -2.85334, 0.282405, 0.282385, 0.717615
7.28478, -0.19274, -2.86035, 0.283403, 0.283383, 0.716617
7.28483, -0.193395, -2.86736, 0.284402, 0.284382, 0.715618
7.28488, -0.194051, -2.87437, 0.285403, 0.285383, 0.714617
7.28493, -0.194708, -2.88138, 0.286406, 0.286386, 0.713614
7.28498, -0.195366, -2.88839, 0.28741, 0.28739, 0.71261
7.28504, -0.196025, -2.8954, 0.288415, 0.288395, 0.711605
7.28509, -0.196685, -2.90241, 0.289422, 0.289402, 0.710598
7.28514, -0.197346, -2.90942, 0.29043, 0.29041, 0.70959
7.28519, -0.198008, -2.91643, 0.29144, 0.29142, 0.70858
7.28524, -0.19867, -2.92344, 0.292452, 0.292431, 0.707569
7.28529, -0.199334, -2.93045, 0.293464, 0.293444, 0.706556
7.28534, -0.199998, -2.93746, 0.294478, 0.294458, 0.705542
7.28539, -0.200663, -2.94446, 0.295494, 0.295474, 0.704526
7.28544, -0.201329, -2.95147, 0.296511, 0.296491, 0.703509
7.28549, -0.201997, -2.95848, 0.297529, 0.297509, 0.702491
7.28554, -0.202664, -2.96549, 0.298549, 0.298529, 0.701471
7.28559, -0.203333, -2.9725, 0.299571, 0.29955, 0.70045
7.28564, -0.204003, -2.97951, 0.300593, 0.300573, 0.699427
7.28569, -0.204674, -2.98652, 0.301618, 0.301597, 0.698403
7.28574, -0.205345, -2.99353, 0.302643, 0.302623, 0.697377
7.28579, -0.205977, -3.00012, 0.303588, 0.303588, 0.696412
7.28584, -0.205977, -3.00012, 0.303588, 0.303588, 0.696412
7.28589, -0.205977, -3.00012, 0.303588, 0.303588, 0.696412
7.28595, -0.205977, -3.00012, 0.303588, 0.303588, 0.696412
7.286, -0.205977, -3.00012, 0.303588, 0.303588, 0.696412
7.28605, -0.205977, -3.00012, 0.303588, 0.303588, 0.696412
7.2861, -0.205977, -3.00012, 0.303588, 0.303588, 0.696412
7.28615, -0.205977, -3.00012, 0.303588, 0.303588, 0.696412
7.2862, -0.205977, -3.00012, 0.303588, 0.303588, 0.696412
7.28625, -0.205977, -3.00012, 0.303588, 0.303588, 0.696412
7.2863, -0.205977, -3.00012, 0.303588, 0.303588, 0.696412
7.28635, -0.205977, -3.00012, 0.303588, 0.303588, 0.696412
7.2864, -0.205977, -3.00012, 0.303588, 0.303588, 0.696412
7.28645, -0.205977, -3.00012, 0.303588, 0.303588, 0.696412
7.2865, -0.205977, -3.00012, 0.303588, 0.303588, 0.696412
7.28655, -0.205977, -3.00012, 0.303588, 0.303588, 0.696412
7.2866, -0.205977, -3.00012, 0.303588, 0.303588, 0.696412
7.28665, -0.205977, -3.00012, 0.303588, 0.303588, 0.696412
7.2867, -0.205977, -3.00012, 0.303588, 0.303588, 0.696412
7.28675, -0.205977, -3.00012, 0.303588, 0.303588, 0.696412
7.2868, -0.205977, -3.00012, 0.303588, 0.303588, 0.696412
7.28686, -0.205977, -3.00012, 0.303588, 0.303588, 0.696412
7.28691, -0.205977, -3.00012, 0.303588, 0.303588, 0.696412
7.28696, -0.205977, -3.00012, 0.303588, 0.303588, 0.696412
7.28701, -0.205977, -3.00012, 0.303588, 0.303588, 0.696412
7.28706, -0.205977, -3.00012, 0.303588, 0.303588, 0.696412
7.28711, -0.205977, -3.00012, 0.303588, 0.303588, 0.696412
7.28716, -0.205977, -3.00012, 0.303588, 0.303588, 0.696412
7.28721, -0.20599, -3.00026, 0.303609, 0.303609, 0.696391
7.28726, -0.206004, -3.0004, 0.303629, 0.303629, 0.696371
7.28731, -0.206004, -3.0004, 0.303629, 0.303629, 0.696371
7.28736, -0.206004, -3.0004, 0.303629, 0.303629, 0.696371
7.28741, -0.206004, -3.0004, 0.303629, 0.303629, 0.696371
7.28746, -0.206004, -3.0004, 0.303629, 0.303629, 0.696371
7.28751, -0.206004, -3.0004, 0.303629, 0.303629, 0.696371
7.28756, -0.206004, -3.0004, 0.303629, 0.303629, 0.696371
7.28761, -0.206004, -3.0004, 0.303629, 0.303629, 0.696371
7.28766, -0.206004, -3.0004, 0.303629, 0.303629, 0.696371
7.28771, -0.206004, -3.0004, 0.303629, 0.303629, 0.696371
7.28777, -0.206004, -3.0004, 0.303629, 0.303629, 0.696371
7.28782, -0.206004, -3.0004, 0.303629, 0.303629, 0.696371
7.28787, -0.206004, -3.0004, 0.303629, 0.303629, 0.696371
7.28792, -0.206004, -3.0004, 0.303629, 0.303629, 0.696371
7.28797, -0.206004, -3.0004, 0.303629, 0.303629, 0.696371
7.28802, -0.206017, -3.00054, 0.30365, 0.30365, 0.69635
7.28807, -0.206017, -3.00054, 0.30365, 0.30365, 0.69635
7.28812, -0.206017, -3.00054, 0.30365, 0.30365, 0.69635
7.28817, -0.206017, -3.00054, 0.30365, 0.30365, 0.69635
7.28822, -0.206017, -3.00054, 0.30365, 0.30365, 0.69635
7.28827, -0.206017, -3.00054, 0.30365, 0.30365, 0.69635
7.28832, -0.206017, -3.00054, 0.30365, 0.30365, 0.69635
7.28837, -0.206017, -3.00054, 0.30365, 0.30365, 0.69635
7.28842, -0.206017, -3.00054, 0.30365, 0.30365, 0.69635
7.28847, -0.206017, -3.00054, 0.30365, 0.30365, 0.69635
7.28852, -0.206017, -3.00054, 0.30365, 0.30365, 0.69635
7.28857, -0.206017, -3.00054, 0.30365, 0.30365, 0.69635
7.28862, -0.206017, -3.00054, 0.30365, 0.30365, 0.69635
7.28868, -0.206017, -3.00054, 0.30365, 0.30365, 0.69635
7.28873, -0.206017, -3.00054, 0.30365, 0.30365, 0.69635
7.28878, -0.206017, -3.00054, 0.30365, 0.30365, 0.69635
7.28883, -0.206017, -3.00054, 0.30365, 0.30365, 0.69635
7.28888, -0.206017, -3.00054, 0.30365, 0.30365, 0.69635
7.28893, -0.206017, -3.00054, 0.30365, 0.30365, 0.69635
7.28898, -0.206017, -3.00054, 0.30365, 0.30365, 0.69635
7.28903, -0.206017, -3.00054, 0.30365, 0.30365, 0.69635
7.28908, -0.206017, -3.00054, 0.30365, 0.30365, 0.69635
7.28913, -0.206017, -3.00054, 0.30365, 0.30365, 0.69635
7.28918, -0.206017, -3.00054, 0.30365, 0.30365, 0.69635
7.28923, -0.206017, -3.00054, 0.30365, 0.30365, 0.69635
7.28928, -0.206017, -3.00054, 0.30365, 0.30365, 0.69635
7.28933, -0.206017, -3.00054, 0.30365, 0.30365, 0.69635
7.28938, -0.206017, -3.00054, 0.30365, 0.30365, 0.69635
7.28943, -0.206031, -3.00068, 0.30367, 0.30367, 0.69633
7.28948, -0.206031, -3.00068, 0.30367, 0.30367, 0.69633
7.28953, -0.206031, -3.00068, 0.30367, 0.30367, 0.69633
7.28959, -0.206031, -3.00068, 0.30367, 0.30367, 0.69633
7.28964, -0.206031, -3.00068, 0.30367, 0.30367, 0.69633
7.28969, -0.206031, -3.00068, 0.30367, 0.30367, 0.69633
7.28974, -0.206031, -3.00068, 0.30367, 0.30367, 0.69633
7.28979, -0.206031, -3.00068, 0.30367, 0.30367, 0.69633
7.28984, -0.206031, -3.00068, 0.30367, 0.30367, 0.69633
7.28989, -0.206031, -3.00068, 0.30367, 0.30367, 0.69633
7.28994, -0.206031, -3.00068, 0.30367, 0.30367, 0.69633
7.28999, -0.206031, -3.00068, 0.30367, 0.30367, 0.69633
7.29004, -0.206031, -3.00068, 0.30367, 0.30367, 0.69633
7.29009, -0.206031, -3.00068, 0.30367, 0.30367, 0.69633
7.29014, -0.206044, -3.00082, 0.303691, 0.303691, 0.696309
7.29019, -0.206044, -3.00082, 0.303691, 0.303691, 0.696309
7.29024, -0.206044, -3.00082, 0.303691, 0.303691, 0.696309
7.29029, -0.206044, -3.00082, 0.303691, 0.303691, 0.696309
7.29034, -0.206044, -3.00082, 0.303691, 0.303691, 0.696309
7.29039, -0.206044, -3.00082, 0.303691, 0.303691, 0.696309
7.29044, -0.206044, -3.00082, 0.303691, 0.303691, 0.696309
7.2905, -0.206044, -3.00082, 0.303691, 0.303691, 0.696309
7.29055, -0.206044, -3.00082, 0.303691, 0.303691, 0.696309
7.2906, -0.206044, -3.00082, 0.303691, 0.303691, 0.696309
7.29065, -0.206044, -3.00082, 0.303691, 0.303691, 0.696309
7.2907, -0.206044, -3.00082, 0.303691, 0.303691, 0.696309
7.29075, -0.206044, -3.00082, 0.303691, 0.303691, 0.696309
7.2908, -0.206058, -3.00096, 0.303712, 0.303712, 0.696288
7.29085, -0.206058, -3.00096, 0.303712, 0.303712, 0.696288
7.2909, -0.206058, -3.00096, 0.303712, 0.303712, 0.696288
7.29095, -0.206058, -3.00096, 0.303712, 0.303712, 0.696288
7.291, -0.206058, -3.00096, 0.303712, 0.303712, 0.696288
7.29105, -0.206058, -3.00096, 0.303712, 0.303712, 0.696288
7.2911, -0.206058, -3.00096, 0.303712, 0.303712, 0.696288
7.29115, -0.206058, -3.00096, 0.303712, 0.303712, 0.696288
7.2912, -0.206058, -3.00096, 0.303712, 0.303712, 0.696288
7.29125, -0.206058, -3.00096, 0.303712, 0.303712, 0.696288
7.2913, -0.206058, -3.00096, 0.303712, 0.303712, 0.696288
7.29135, -0.206058, -3.00096, 0.303712, 0.303712, 0.696288
7.29141, -0.206058, -3.00096, 0.303712, 0.303712, 0.696288
7.29146, -0.206058, -3.00096, 0.303712, 0.303712, 0.696288
7.29151, -0.206058, -3.00096, 0.303712, 0.303712, 0.696288
7.29156, -0.206058, -3.00096, 0.303712, 0.303712, 0.696288
7.29161, -0.206071, -3.0011, 0.303732, 0.303732, 0.696268
7.29166, -0.206071, -3.0011, 0.303732, 0.303732, 0.696268
7.29171, -0.206071, -3.0011, 0.303732, 0.303732, 0.696268
7.29176, -0.206071, -3.0011, 0.303732, 0.303732, 0.696268
7.29181, -0.206071, -3.0011, 0.303732, 0.303732, 0.696268
7.29186, -0.206071, -3.0011, 0.303732, 0.303732, 0.696268
7.29191, -0.206071, -3.0011, 0.303732, 0.303732, 0.696268
7.29196, -0.206071, -3.0011, 0.303732, 0.303732, 0.696268
7.29201, -0.206071, -3.0011, 0.303732, 0.303732, 0.696268
7.29206, -0.206071, -3.0011, 0.303732, 0.303732, 0.696268
7.29211, -0.206071, -3.0011, 0.303732, 0.303732, 0.696268
7.29216, -0.206071, -3.0011, 0.303732, 0.303732, 0.696268
7.29221, -0.206071, -3.0011, 0.303732, 0.303732, 0.696268
7.29226, -0.206071, -3.0011, 0.303732, 0.303732, 0.696268
7.29232, -0.206071, -3.0011, 0.303732, 0.303732, 0.696268
7.29237, -0.206071, -3.0011, 0.303732, 0.303732, 0.696268
7.29242, -0.206071, -3.0011, 0.303732, 0.303732, 0.696268
7.29247, -0.206071, -3.0011, 0.303732, 0.303732, 0.696268
7.29252, -0.206071, -3.0011, 0.303732, 0.303732, 0.696268
7.29257, -0.206071, -3.0011, 0.303732, 0.303732, 0.696268
7.29262, -0.206071, -3.0011, 0.303732, 0.303732, 0.696268
7.29267, -0.206071, -3.0011, 0.303732, 0.303732, 0.696268
7.29272, -0.206071, -3.0011, 0.303732, 0.303732, 0.696268
7.29277, -0.206071, -3.0011, 0.303732, 0.303732, 0.696268
7.29282, -0.206071, -3.0011, 0.303732, 0.303732, 0.696268
7.29287, -0.206071, -3.0011, 0.303732, 0.303732, 0.696268
7.29292, -0.206071, -3.0011, 0.303732, 0.303732, 0.696268
7.29297, -0.206071, -3.0011, 0.303732, 0.303732, 0.696268
7.29302, -0.206071, -3.0011, 0.303732, 0.303732, 0.696268
7.29307, -0.206071, -3.0011, 0.303732, 0.303732, 0.696268
7.29312, -0.206071, -3.0011, 0.303732, 0.303732, 0.696268
7.29317, -0.206071, -3.0011, 0.303732, 0.303732, 0.696268
7.29323, -0.206071, -3.0011, 0.303732, 0.303732, 0.696268
7.29328, -0.206071, -3.0011, 0.303732, 0.303732, 0.696268
7.29333, -0.206071, -3.0011, 0.303732, 0.303732, 0.696268
7.29338, -0.206071, -3.0011, 0.303732, 0.303732, 0.696268
7.29343, -0.206071, -3.0011, 0.303732, 0.303732, 0.696268
7.29348, -0.206071, -3.0011, 0.303732, 0.303732, 0.696268
7.29353, -0.206071, -3.0011, 0.303732, 0.303732, 0.696268
7.29358, -0.206071, -3.0011, 0.303732, 0.303732, 0.696268
7.29363, -0.206071, -3.0011, 0.303732, 0.303732, 0.696268
7.29368, -0.206071, -3.0011, 0.303732, 0.303732, 0.696268
7.29373, -0.206071, -3.0011, 0.303732, 0.303732, 0.696268
7.29378, -0.206071, -3.0011, 0.303732, 0.303732, 0.696268
7.29383, -0.206085, -3.00124, 0.303753, 0.303753, 0.696247
7.29388, -0.206085, -3.00124, 0.303753, 0.303753, 0.696247
7.29393, -0.206085, -3.00124, 0.303753, 0.303753, 0.696247
7.29398, -0.206085, -3.00124, 0.303753, 0.303753, 0.696247
7.29403, -0.206085, -3.00124, 0.303753, 0.303753, 0.696247
7.29408, -0.206085, -3.00124, 0.303753, 0.303753, 0.696247
7.29414, -0.206085, -3.00124, 0.303753, 0.303753, 0.696247
7.29419, -0.206085, -3.00124, 0.303753, 0.303753, 0.696247
7.29424, -0.206085, -3.00124, 0.303753, 0.303753, 0.696247
7.29429, -0.206085, -3.00124, 0.303753, 0.303753, 0.696247
7.29434, -0.206085, -3.00124, 0.303753, 0.303753, 0.696247
7.29439, -0.206085, -3.00124, 0.303753, 0.303753, 0.696247
7.29444, -0.206098, -3.00138, 0.303773, 0.303773, 0.696227
7.29449, -0.206098, -3.00138, 0.303773, 0.303773, 0.696227
7.29454, -0.206098, -3.00138, 0.303773, 0.303773, 0.696227
7.29459, -0.206098, -3.00138, 0.303773, 0.303773, 0.696227
7.29464, -0.206098, -3.00138, 0.303773, 0.303773, 0.696227
7.29469, -0.206098, -3.00138, 0.303773, 0.303773, 0.696227
7.29474, -0.206098, -3.00138, 0.303773, 0.303773, 0.696227
7.29479, -0.206098, -3.00138, 0.303773, 0.303773, 0.696227
7.29484, -0.206098, -3.00138, 0.303773, 0.303773, 0.696227
7.29489, -0.206098, -3.00138, 0.303773, 0.303773, 0.696227
7.29494, -0.206098, -3.00138, 0.303773, 0.303773, 0.696227
7.29499, -0.206098, -3.00138, 0.303773, 0.303773, 0.696227
7.29505, -0.206098, -3.00138, 0.303773, 0.303773, 0.696227
7.2951, -0.206098, -3.00138, 0.303773, 0.303773, 0.696227
7.29515, -0.206098, -3.00138, 0.303773, 0.303773, 0.696227
7.2952, -0.206098, -3.00138, 0.303773, 0.303773, 0.696227
7.29525, -0.206098, -3.00138, 0.303773, 0.303773, 0.696227
7.2953, -0.206098, -3.00138, 0.303773, 0.303773, 0.696227
7.29535, -0.206098, -3.00138, 0.303773, 0.303773, 0.696227
7.2954, -0.206098, -3.00138, 0.303773, 0.303773, 0.696227
7.29545, -0.206098, -3.00138, 0.303773, 0.303773, 0.696227
7.2955, -0.206098, -3.00138, 0.303773, 0.303773, 0.696227
7.29555, -0.206098, -3.00138, 0.303773, 0.303773, 0.696227
7.2956, -0.206098, -3.00138, 0.303773, 0.303773, 0.696227
7.29565, -0.206098, -3.00138, 0.303773, 0.303773, 0.696227
7.2957, -0.206098, -3.00138, 0.303773, 0.303773, 0.696227
7.29575, -0.206098, -3.00138, 0.303773, 0.303773, 0.696227
7.2958, -0.206098, -3.00138, 0.303773, 0.303773, 0.696227
7.29585, -0.206098, -3.00138, 0.303773, 0.303773, 0.696227
7.2959, -0.206098, -3.00138, 0.303773, 0.303773, 0.696227
7.29596, -0.206098, -3.00138, 0.303773, 0.303773, 0.696227
7.29601, -0.206098, -3.00138, 0.303773, 0.303773, 0.696227
7.29606, -0.206111, -3.00152, 0.303794, 0.303794, 0.696206
7.29611, -0.206111, -3.00152, 0.303794, 0.303794, 0.696206
7.29616, -0.206111, -3.00152, 0.303794, 0.303794, 0.696206
7.29621, -0.206111, -3.00152, 0.303794, 0.303794, 0.696206
7.29626, -0.206111, -3.00152, 0.303794, 0.303794, 0.696206
7.29631, -0.206111, -3.00152, 0.303794, 0.303794, 0.696206
7.29636, -0.206111, -3.00152, 0.303794, 0.303794, 0.696206
7.29641, -0.206111, -3.00152, 0.303794, 0.303794, 0.696206
7.29646, -0.206111, -3.00152, 0.303794, 0.303794, 0.696206
7.29651, -0.206111, -3.00152, 0.303794, 0.303794, 0.696206
7.29656, -0.206111, -3.00152, 0.303794, 0.303794, 0.696206
7.29661, -0.206111, -3.00152, 0.303794, 0.303794, 0.696206
7.29666, -0.206111, -3.00152, 0.303794, 0.303794, 0.696206
7.29671, -0.206111, -3.00152, 0.303794, 0.303794, 0.696206
7.29676, -0.206111, -3.00152, 0.303794, 0.303794, 0.696206
7.29681, -0.206111, -3.00152, 0.303794, 0.303794, 0.696206
7.29687, -0.206111, -3.00152, 0.303794, 0.303794, 0.696206
7.29692, -0.206111, -3.00152, 0.303794, 0.303794, 0.696206
7.29697, -0.206111, -3.00152, 0.303794, 0.303794, 0.696206
7.29702, -0.206111, -3.00152, 0.303794, 0.303794, 0.696206
7.29707, -0.206111, -3.00152, 0.303794, 0.303794, 0.696206
7.29712, -0.206111, -3.00152, 0.303794, 0.303794, 0.696206
7.29717, -0.206111, -3.00152, 0.303794, 0.303794, 0.696206
7.29722, -0.206111, -3.00152, 0.303794, 0.303794, 0.696206
7.29727, -0.206111, -3.00152, 0.303794, 0.303794, 0.696206
7.29732, -0.206111, -3.00152, 0.303794, 0.303794, 0.696206
7.29737, -0.206111, -3.00152, 0.303794, 0.303794, 0.696206
7.29742, -0.206111, -3.00152, 0.303794, 0.303794, 0.696206
7.29747, -0.206111, -3.00152, 0.303794, 0.303794, 0.696206
7.29752, -0.206111, -3.00152, 0.303794, 0.303794, 0.696206
7.29757, -0.206111, -3.00152, 0.303794, 0.303794, 0.696206
7.29762, -0.206111, -3.00152, 0.303794, 0.303794, 0.696206
7.29767, -0.206111, -3.00152, 0.303794, 0.303794, 0.696206
7.29772, -0.206111, -3.00152, 0.303794, 0.303794, 0.696206
7.29778, -0.206111, -3.00152, 0.303794, 0.303794, 0.696206
7.29783, -0.206111, -3.00152, 0.303794, 0.303794, 0.696206
7.29788, -0.206125, -3.00166, 0.303814, 0.303814, 0.696186
7.29793, -0.206125, -3.00166, 0.303814, 0.303814, 0.696186
7.29798, -0.206125, -3.00166, 0.303814, 0.303814, 0.696186
7.29803, -0.206138, -3.0018, 0.303835, 0.303835, 0.696165
7.29808, -0.206138, -3.0018, 0.303835, 0.303835, 0.696165
7.29813, -0.206138, -3.0018, 0.303835, 0.303835, 0.696165
7.29818, -0.206138, -3.0018, 0.303835, 0.303835, 0.696165
7.29823, -0.206138, -3.0018, 0.303835, 0.303835, 0.696165
7.29828, -0.206138, -3.0018, 0.303835, 0.303835, 0.696165
7.29833, -0.206138, -3.0018, 0.303835, 0.303835, 0.696165
7.29838, -0.206152, -3.00194, 0.303856, 0.303856, 0.696144
7.29843, -0.206152, -3.00194, 0.303856, 0.303856, 0.696144
7.29848, -0.206152, -3.00194, 0.303856, 0.303856, 0.696144
7.29853, -0.206152, -3.00194, 0.303856, 0.303856, 0.696144
7.29858, -0.206152, -3.00194, 0.303856, 0.303856, 0.696144
7.29863, -0.206152, -3.00194, 0.303856, 0.303856, 0.696144
7.29869, -0.206152, -3.00194, 0.303856, 0.303856, 0.696144
7.29874, -0.206152, -3.00194, 0.303856, 0.303856, 0.696144
7.29879, -0.206152, -3.00194, 0.303856, 0.303856, 0.696144
7.29884, -0.206152, -3.00194, 0.303856, 0.303856, 0.696144
7.29889, -0.206152, -3.00194, 0.303856, 0.303856, 0.696144
7.29894, -0.206152, -3.00194, 0.303856, 0.303856, 0.696144
7.29899, -0.206152, -3.00194, 0.303856, 0.303856, 0.696144
7.29904, -0.206152, -3.00194, 0.303856, 0.303856, 0.696144
7.29909, -0.206152, -3.00194, 0.303856, 0.303856, 0.696144
7.29914, -0.206152, -3.00194, 0.303856, 0.303856, 0.696144
7.29919, -0.206152, -3.00194, 0.303856, 0.303856, 0.696144
7.29924, -0.206152, -3.00194, 0.303856, 0.303856, 0.696144
7.29929, -0.206152, -3.00194, 0.303856, 0.303856, 0.696144
7.29934, -0.206152, -3.00194, 0.303856, 0.303856, 0.696144
7.29939, -0.206152, -3.00194, 0.303856, 0.303856, 0.696144
7.29944, -0.206152, -3.00194, 0.303856, 0.303856, 0.696144
7.29949, -0.206152, -3.00194, 0.303856, 0.303856, 0.696144
7.29954, -0.206152, -3.00194, 0.303856, 0.303856, 0.696144
7.2996, -0.206152, -3.00194, 0.303856, 0.303856, 0.696144
7.29965, -0.206152, -3.00194, 0.303856, 0.303856, 0.696144
7.2997, -0.206152, -3.00194, 0.303856, 0.303856, 0.696144
7.29975, -0.206152, -3.00194, 0.303856, 0.303856, 0.696144
7.2998, -0.206152, -3.00194, 0.303856, 0.303856, 0.696144
7.29985, -0.206152, -3.00194, 0.303856, 0.303856, 0.696144
7.2999, -0.206152, -3.00194, 0.303856, 0.303856, 0.696144
7.29995, -0.206152, -3.00194, 0.303856, 0.303856, 0.696144
7.3, -0.206152, -3.00194, 0.303856, 0.303856, 0.696144
7.30005, -0.206152, -3.00194, 0.303856, 0.303856, 0.696144
7.3001, -0.206152, -3.00194, 0.303856, 0.303856, 0.696144
7.30015, -0.206152, -3.00194, 0.303856, 0.303856, 0.696144
7.3002, -0.206152, -3.00194, 0.303856, 0.303856, 0.696144
7.30025, -0.206152, -3.00194, 0.303856, 0.303856, 0.696144
7.3003, -0.206152, -3.00194, 0.303856, 0.303856, 0.696144
7.30035, -0.206152, -3.00194, 0.303856, 0.303856, 0.696144
7.3004, -0.206152, -3.00194, 0.303856, 0.303856, 0.696144
7.30046, -0.206152, -3.00194, 0.303856, 0.303856, 0.696144
7.30051, -0.206152, -3.00194, 0.303856, 0.303856, 0.696144
7.30056, -0.206152, -3.00194, 0.303856, 0.303856, 0.696144
7.30061, -0.206152, -3.00194, 0.303856, 0.303856, 0.696144
7.30066, -0.206152, -3.00194, 0.303856, 0.303856, 0.696144
7.30071, -0.206165, -3.00208, 0.303876, 0.303876, 0.696124
7.30076, -0.206165, -3.00208, 0.303876, 0.303876, 0.696124
7.30081, -0.206165, -3.00208, 0.303876, 0.303876, 0.696124
7.30086, -0.206165, -3.00208, 0.303876, 0.303876, 0.696124
7.30091, -0.206165, -3.00208, 0.303876, 0.303876, 0.696124
7.30096, -0.206165, -3.00208, 0.303876, 0.303876, 0.696124
7.30101, -0.206165, -3.00208, 0.303876, 0.303876, 0.696124
7.30106, -0.206165, -3.00208, 0.303876, 0.303876, 0.696124
7.30111, -0.206165, -3.00208, 0.303876, 0.303876, 0.696124
7.30116, -0.206165, -3.00208, 0.303876, 0.303876, 0.696124
7.30121, -0.206165, -3.00208, 0.303876, 0.303876, 0.696124
7.30126, -0.206165, -3.00208, 0.303876, 0.303876, 0.696124
7.30131, -0.206165, -3.00208, 0.303876, 0.303876, 0.696124
7.30137, -0.206165, -3.00208, 0.303876, 0.303876, 0.696124
7.30142, -0.206165, -3.00208, 0.303876, 0.303876, 0.696124
7.30147, -0.206165, -3.00208, 0.303876, 0.303876, 0.696124
7.30152, -0.206165, -3.00208, 0.303876, 0.303876, 0.696124
7.30157, -0.206165, -3.00208, 0.303876, 0.303876, 0.696124
7.30162, -0.206179, -3.00222, 0.303897, 0.303897, 0.696103
7.30167, -0.206179, -3.00222, 0.303897, 0.303897, 0.696103
7.30172, -0.206179, -3.00222, 0.303897, 0.303897, 0.696103
7.30177, -0.206179, -3.00222, 0.303897, 0.303897, 0.696103
7.30182, -0.206179, -3.00222, 0.303897, 0.303897, 0.696103
7.30187, -0.206179, -3.00222, 0.303897, 0.303897, 0.696103
7.30192, -0.206179, -3.00222, 0.303897, 0.303897, 0.696103
7.30197, -0.206179, -3.00222, 0.303897, 0.303897, 0.696103
7.30202, -0.206179, -3.00222, 0.303897, 0.303897, 0.696103
7.30207, -0.206179, -3.00222, 0.303897, 0.303897, 0.696103
7.30212, -0.206179, -3.00222, 0.303897, 0.303897, 0.696103
7.30217, -0.206179, -3.00222, 0.303897, 0.303897, 0.696103
7.30222, -0.206179, -3.00222, 0.303897, 0.303897, 0.696103
7.30228, -0.206179, -3.00222, 0.303897, 0.303897, 0.696103
7.30233, -0.206179, -3.00222, 0.303897, 0.303897, 0.696103
7.30238, -0.206179, -3.00222, 0.303897, 0.303897, 0.696103
7.30243, -0.206179, -3.00222, 0.303897, 0.303897, 0.696103
7.30248, -0.206179, -3.00222, 0.303897, 0.303897, 0.696103
7.30253, -0.206179, -3.00222, 0.303897, 0.303897, 0.696103
7.30258, -0.206179, -3.00222, 0.303897, 0.303897, 0.696103
7.30263, -0.206179, -3.00222, 0.303897, 0.303897, 0.696103
7.30268, -0.206179, -3.00222, 0.303897, 0.303897, 0.696103
7.30273, -0.206179, -3.00222, 0.303897, 0.303897, 0.696103
7.30278, -0.206179, -3.00222, 0.303897, 0.303897, 0.696103
7.30283, -0.206179, -3.00222, 0.303897, 0.303897, 0.696103
7.30288, -0.206179, -3.00222, 0.303897, 0.303897, 0.696103
7.30293, -0.206179, -3.00222, 0.303897, 0.303897, 0.696103
7.30298, -0.206179, -3.00222, 0.303897, 0.303897, 0.696103
7.30303, -0.206179, -3.00222, 0.303897, 0.303897, 0.696103
7.30308, -0.206192, -3.00236, 0.303917, 0.303917, 0.696083
7.30313, -0.206192, -3.00236, 0.303917, 0.303917, 0.696083
7.30319, -0.206192, -3.00236, 0.303917, 0.303917, 0.696083
7.30324, -0.206192, -3.00236, 0.303917, 0.303917, 0.696083
7.30329, -0.206192, -3.00236, 0.303917, 0.303917, 0.696083
7.30334, -0.206192, -3.00236, 0.303917, 0.303917, 0.696083
7.30339, -0.206192, -3.00236, 0.303917, 0.303917, 0.696083
7.30344, -0.206192, -3.00236, 0.303917, 0.303917, 0.696083
7.30349, -0.206192, -3.00236, 0.303917, 0.303917, 0.696083
7.30354, -0.206192, -3.00236, 0.303917, 0.303917, 0.696083
7.30359, -0.206192, -3.00236, 0.303917, 0.303917, 0.696083
7.30364, -0.206192, -3.00236, 0.303917, 0.303917, 0.696083
7.30369, -0.206192, -3.00236, 0.303917, 0.303917, 0.696083
7.30374, -0.206192, -3.00236, 0.303917, 0.303917, 0.696083
7.30379, -0.206192, -3.00236, 0.303917, 0.303917, 0.696083
7.30384, -0.206192, -3.00236, 0.303917, 0.303917, 0.696083
7.30389, -0.206192, -3.00236, 0.303917, 0.303917, 0.696083
7.30394, -0.206192, -3.00236, 0.303917, 0.303917, 0.696083
7.30399, -0.206192, -3.00236, 0.303917, 0.303917, 0.696083
7.30404, -0.206192, -3.00236, 0.303917, 0.303917, 0.696083
7.3041, -0.206192, -3.00236, 0.303917, 0.303917, 0.696083
7.30415, -0.206192, -3.00236, 0.303917, 0.303917, 0.696083
7.3042, -0.206192, -3.00236, 0.303917, 0.303917, 0.696083
7.30425, -0.206192, -3.00236, 0.303917, 0.303917, 0.696083
7.3043, -0.206192, -3.00236, 0.303917, 0.303917, 0.696083
7.30435, -0.206192, -3.00236, 0.303917, 0.303917, 0.696083
7.3044, -0.206192, -3.00236, 0.303917, 0.303917, 0.696083
7.30445, -0.206192, -3.00236, 0.303917, 0.303917, 0.696083
7.3045, -0.206192, -3.00236, 0.303917, 0.303917, 0.696083
7.30455, -0.206192, -3.00236, 0.303917, 0.303917, 0.696083
7.3046, -0.206192, -3.00236, 0.303917, 0.303917, 0.696083
7.30465, -0.206192, -3.00236, 0.303917, 0.303917, 0.696083
7.3047, -0.206192, -3.00236, 0.303917, 0.303917, 0.696083
7.30475, -0.206192, -3.00236, 0.303917, 0.303917, 0.696083
7.3048, -0.206192, -3.00236, 0.303917, 0.303917, 0.696083
7.30485, -0.206192, -3.00236, 0.303917, 0.303917, 0.696083
7.3049, -0.206192, -3.00236, 0.303917, 0.303917, 0.696083
7.30495, -0.206192, -3.00236, 0.303917, 0.303917, 0.696083
7.30501, -0.206192, -3.00236, 0.303917, 0.303917, 0.696083
7.30506, -0.206192, -3.00236, 0.303917, 0.303917, 0.696083
7.30511, -0.206192, -3.00236, 0.303917, 0.303917, 0.696083
7.30516, -0.206192, -3.00236, 0.303917, 0.303917, 0.696083
7.30521, -0.206192, -3.00236, 0.303917, 0.303917, 0.696083
7.30526, -0.206206, -3.0025, 0.303938, 0.303938, 0.696062
7.30531, -0.206206, -3.0025, 0.303938, 0.303938, 0.696062
7.30536, -0.206206, -3.0025, 0.303938, 0.303938, 0.696062
7.30541, -0.206206, -3.0025, 0.303938, 0.303938, 0.696062
7.30546, -0.206206, -3.0025, 0.303938, 0.303938, 0.696062
7.30551, -0.206219, -3.00264, 0.303958, 0.303958, 0.696042
7.30556, -0.206219, -3.00264, 0.303958, 0.303958, 0.696042
7.30561, -0.206219, -3.00264, 0.303958, 0.303958, 0.696042
7.30566, -0.206219, -3.00264, 0.303958, 0.303958, 0.696042
7.30571, -0.206219, -3.00264, 0.303958, 0.303958, 0.696042
7.30576, -0.206219, -3.00264, 0.303958, 0.303958, 0.696042
7.30581, -0.206219, -3.00264, 0.303958, 0.303958, 0.696042
7.30586, -0.206219, -3.00264, 0.303958, 0.303958, 0.696042
7.30592, -0.206219, -3.00264, 0.303958, 0.303958, 0.696042
7.30597, -0.206219, -3.00264, 0.303958, 0.303958, 0.696042
7.30602, -0.206219, -3.00264, 0.303958, 0.303958, 0.696042
7.30607, -0.206219, -3.00264, 0.303958, 0.303958, 0.696042
7.30612, -0.206219, -3.00264, 0.303958, 0.303958, 0.696042
7.30617, -0.206219, -3.00264, 0.303958, 0.303958, 0.696042
7.30622, -0.206219, -3.00264, 0.303958, 0.303958, 0.696042
7.30627, -0.206219, -3.00264, 0.303958, 0.303958, 0.696042
7.30632, -0.206219, -3.00264, 0.303958, 0.303958, 0.696042
7.30637, -0.206219, -3.00264, 0.303958, 0.303958, 0.696042
7.30642, -0.206219, -3.00264, 0.303958, 0.303958, 0.696042
7.30647, -0.206219, -3.00264, 0.303958, 0.303958, 0.696042
7.30652, -0.206219, -3.00264, 0.303958, 0.303958, 0.696042
7.30657, -0.206219, -3.00264, 0.303958, 0.303958, 0.696042
7.30662, -0.206219, -3.00264, 0.303958, 0.303958, 0.696042
7.30667, -0.206219, -3.00264, 0.303958, 0.303958, 0.696042
7.30672, -0.206219, -3.00264, 0.303958, 0.303958, 0.696042
7.30677, -0.206219, -3.00264, 0.303958, 0.303958, 0.696042
7.30683, -0.206219, -3.00264, 0.303958, 0.303958, 0.696042
7.30688, -0.206219, -3.00264, 0.303958, 0.303958, 0.696042
7.30693, -0.206219, -3.00264, 0.303958, 0.303958, 0.696042
7.30698, -0.206219, -3.00264, 0.303958, 0.303958, 0.696042
7.30703, -0.206219, -3.00264, 0.303958, 0.303958, 0.696042
7.30708, -0.206219, -3.00264, 0.303958, 0.303958, 0.696042
7.30713, -0.206219, -3.00264, 0.303958, 0.303958, 0.696042
7.30718, -0.206219, -3.00264, 0.303958, 0.303958, 0.696042
7.30723, -0.206219, -3.00264, 0.303958, 0.303958, 0.696042
7.30728, -0.206219, -3.00264, 0.303958, 0.303958, 0.696042
7.30733, -0.206219, -3.00264, 0.303958, 0.303958, 0.696042
7.30738, -0.206219, -3.00264, 0.303958, 0.303958, 0.696042
7.30743, -0.206219, -3.00264, 0.303958, 0.303958, 0.696042
7.30748, -0.206219, -3.00264, 0.303958, 0.303958, 0.696042
7.30753, -0.206219, -3.00264, 0.303958, 0.303958, 0.696042
7.30758, -0.206219, -3.00264, 0.303958, 0.303958, 0.696042
7.30763, -0.206219, -3.00264, 0.303958, 0.303958, 0.696042
7.30768, -0.206219, -3.00264, 0.303958, 0.303958, 0.696042
7.30774, -0.206219, -3.00264, 0.303958, 0.303958, 0.696042
7.30779, -0.206219, -3.00264, 0.303958, 0.303958, 0.696042
7.30784, -0.206219, -3.00264, 0.303958, 0.303958, 0.696042
7.30789, -0.206219, -3.00264, 0.303958, 0.303958, 0.696042
7.30794, -0.206219, -3.00264, 0.303958, 0.303958, 0.696042
7.30799, -0.206219, -3.00264, 0.303958, 0.303958, 0.696042
7.30804, -0.206233, -3.00278, 0.303979, 0.303979, 0.696021
7.30809, -0.206233, -3.00278, 0.303979, 0.303979, 0.696021
7.30814, -0.206233, -3.00278, 0.303979, 0.303979, 0.696021
7.30819, -0.206233, -3.00278, 0.303979, 0.303979, 0.696021
7.30824, -0.206233, -3.00278, 0.303979, 0.303979, 0.696021
7.30829, -0.206233, -3.00278, 0.303979, 0.303979, 0.696021
7.30834, -0.206233, -3.00278, 0.303979, 0.303979, 0.696021
7.30839, -0.206233, -3.00278, 0.303979, 0.303979, 0.696021
7.30844, -0.206233, -3.00278, 0.303979, 0.303979, 0.696021
7.30849, -0.206233, -3.00278, 0.303979, 0.303979, 0.696021
7.30854, -0.206246, -3.00292, 0.303999, 0.303999, 0.696001
7.30859, -0.206246, -3.00292, 0.303999, 0.303999, 0.696001
7.30865, -0.206246, -3.00292, 0.303999, 0.303999, 0.696001
7.3087, -0.206246, -3.00292, 0.303999, 0.303999, 0.696001
7.30875, -0.206246, -3.00292, 0.303999, 0.303999, 0.696001
7.3088, -0.206246, -3.00292, 0.303999, 0.303999, 0.696001
7.30885, -0.20626, -3.00306, 0.30402, 0.30402, 0.69598
7.3089, -0.20626, -3.00306, 0.30402, 0.30402, 0.69598
7.30895, -0.20626, -3.00306, 0.30402, 0.30402, 0.69598
7.309, -0.20626, -3.00306, 0.30402, 0.30402, 0.69598
7.30905, -0.20626, -3.00306, 0.30402, 0.30402, 0.69598
7.3091, -0.20626, -3.00306, 0.30402, 0.30402, 0.69598
7.30915, -0.20626, -3.00306, 0.30402, 0.30402, 0.69598
7.3092, -0.20626, -3.00306, 0.30402, 0.30402, 0.69598
7.30925, -0.20626, -3.00306, 0.30402, 0.30402, 0.69598
7.3093, -0.20626, -3.00306, 0.30402, 0.30402, 0.69598
7.30935, -0.20626, -3.00306, 0.30402, 0.30402, 0.69598
7.3094, -0.20626, -3.00306, 0.30402, 0.30402, 0.69598
7.30945, -0.20626, -3.00306, 0.30402, 0.30402, 0.69598
7.3095, -0.20626, -3.00306, 0.30402, 0.30402, 0.69598
7.30956, -0.20626, -3.00306, 0.30402, 0.30402, 0.69598
7.30961, -0.20626, -3.00306, 0.30402, 0.30402, 0.69598
7.30966, -0.20626, -3.00306, 0.30402, 0.30402, 0.69598
7.30971, -0.20626, -3.00306, 0.30402, 0.30402, 0.69598
7.30976, -0.20626, -3.00306, 0.30402, 0.30402, 0.69598
7.30981, -0.20626, -3.00306, 0.30402, 0.30402, 0.69598
7.30986, -0.20626, -3.00306, 0.30402, 0.30402, 0.69598
7.30991, -0.20626, -3.00306, 0.30402, 0.30402, 0.69598
7.30996, -0.20626, -3.00306, 0.30402, 0.30402, 0.69598
7.31001, -0.20626, -3.00306, 0.30402, 0.30402, 0.69598
7.31006, -0.20626, -3.00306, 0.30402, 0.30402, 0.69598
7.31011, -0.20626, -3.00306, 0.30402, 0.30402, 0.69598
7.31016, -0.20626, -3.00306, 0.30402, 0.30402, 0.69598
7.31021, -0.20626, -3.00306, 0.30402, 0.30402, 0.69598
7.31026, -0.20626, -3.00306, 0.30402, 0.30402, 0.69598
7.31031, -0.20626, -3.00306, 0.30402, 0.30402, 0.69598
7.31036, -0.20626, -3.00306, 0.30402, 0.30402, 0.69598
7.31041, -0.20626, -3.00306, 0.30402, 0.30402, 0.69598
7.31047, -0.20626, -3.00306, 0.30402, 0.30402, 0.69598
7.31052, -0.20626, -3.00306, 0.30402, 0.30402, 0.69598
7.31057, -0.206273, -3.0032, 0.304041, 0.304041, 0.695959
7.31062, -0.206273, -3.0032, 0.304041, 0.304041, 0.695959
7.31067, -0.206273, -3.0032, 0.304041, 0.304041, 0.695959
7.31072, -0.206273, -3.0032, 0.304041, 0.304041, 0.695959
7.31077, -0.206273, -3.0032, 0.304041, 0.304041, 0.695959
7.31082, -0.206273, -3.0032, 0.304041, 0.304041, 0.695959
7.31087, -0.206273, -3.0032, 0.304041, 0.304041, 0.695959
7.31092, -0.206273, -3.0032, 0.304041, 0.304041, 0.695959
7.31097, -0.206273, -3.0032, 0.304041, 0.304041, 0.695959
7.31102, -0.206273, -3.0032, 0.304041, 0.304041, 0.695959
7.31107, -0.206273, -3.0032, 0.304041, 0.304041, 0.695959
7.31112, -0.206273, -3.0032, 0.304041, 0.304041, 0.695959
7.31117, -0.206273, -3.0032, 0.304041, 0.304041, 0.695959
7.31122, -0.206273, -3.0032, 0.304041, 0.304041, 0.695959
7.31127, -0.206273, -3.0032, 0.304041, 0.304041, 0.695959
7.31132, -0.206273, -3.0032, 0.304041, 0.304041, 0.695959
7.31138, -0.206273, -3.0032, 0.304041, 0.304041, 0.695959
7.31143, -0.206273, -3.0032, 0.304041, 0.304041, 0.695959
7.31148, -0.206273, -3.0032, 0.304041, 0.304041, 0.695959
7.31153, -0.206273, -3.0032, 0.304041, 0.304041, 0.695959
7.31158, -0.206273, -3.0032, 0.304041, 0.304041, 0.695959
7.31163, -0.206273, -3.0032, 0.304041, 0.304041, 0.695959
7.31168, -0.206273, -3.0032, 0.304041, 0.304041, 0.695959
7.31173, -0.206273, -3.0032, 0.304041, 0.304041, 0.695959
7.31178, -0.206273, -3.0032, 0.304041, 0.304041, 0.695959
7.31183, -0.206273, -3.0032, 0.304041, 0.304041, 0.695959
7.31188, -0.206273, -3.0032, 0.304041, 0.304041, 0.695959
7.31193, -0.206273, -3.0032, 0.304041, 0.304041, 0.695959
7.31198, -0.206273, -3.0032, 0.304041, 0.304041, 0.695959
7.31203, -0.206273, -3.0032, 0.304041, 0.304041, 0.695959
7.31208, -0.206273, -3.0032, 0.304041, 0.304041, 0.695959
7.31213, -0.206273, -3.0032, 0.304041, 0.304041, 0.695959
7.31218, -0.206273, -3.0032, 0.304041, 0.304041, 0.695959
7.31223, -0.206273, -3.0032, 0.304041, 0.304041, 0.695959
7.31229, -0.206273, -3.0032, 0.304041, 0.304041, 0.695959
7.31234, -0.206273, -3.0032, 0.304041, 0.304041, 0.695959
7.31239, -0.206273, -3.0032, 0.304041, 0.304041, 0.695959
7.31244, -0.206286, -3.00334, 0.304061, 0.304061, 0.695939
7.31249, -0.206286, -3.00334, 0.304061, 0.304061, 0.695939
7.31254, -0.206286, -3.00334, 0.304061, 0.304061, 0.695939
7.31259, -0.206286, -3.00334, 0.304061, 0.304061, 0.695939
7.31264, -0.206286, -3.00334, 0.304061, 0.304061, 0.695939
7.31269, -0.206286, -3.00334, 0.304061, 0.304061, 0.695939
7.31274, -0.206286, -3.00334, 0.304061, 0.304061, 0.695939
7.31279, -0.206286, -3.00334, 0.304061, 0.304061, 0.695939
7.31284, -0.206286, -3.00334, 0.304061, 0.304061, 0.695939
7.31289, -0.206286, -3.00334, 0.304061, 0.304061, 0.695939
7.31294, -0.206286, -3.00334, 0.304061, 0.304061, 0.695939
7.31299, -0.206286, -3.00334, 0.304061, 0.304061, 0.695939
7.31304, -0.206286, -3.00334, 0.304061, 0.304061, 0.695939
7.31309, -0.206286, -3.00334, 0.304061, 0.304061, 0.695939
7.31314, -0.206286, -3.00334, 0.304061, 0.304061, 0.695939
7.3132, -0.2063, -3.00348, 0.304082, 0.304082, 0.695918
7.31325, -0.2063, -3.00348, 0.304082, 0.304082, 0.695918
7.3133, -0.2063, -3.00348, 0.304082, 0.304082, 0.695918
7.31335, -0.2063, -3.00348, 0.304082, 0.304082, 0.695918
7.3134, -0.2063, -3.00348, 0.304082, 0.304082, 0.695918
7.31345, -0.2063, -3.00348, 0.304082, 0.304082, 0.695918
7.3135, -0.2063, -3.00348, 0.304082, 0.304082, 0.695918
7.31355, -0.2063, -3.00348, 0.304082, 0.304082, 0.695918
7.3136, -0.2063, -3.00348, 0.304082, 0.304082, 0.695918
7.31365, -0.2063, -3.00348, 0.304082, 0.304082, 0.695918
7.3137, -0.2063, -3.00348, 0.304082, 0.304082, 0.695918
7.31375, -0.2063, -3.00348, 0.304082, 0.304082, 0.695918
7.3138, -0.2063, -3.00348, 0.304082, 0.304082, 0.695918
7.31385, -0.2063, -3.00348, 0.304082, 0.304082, 0.695918
7.3139, -0.2063, -3.00348, 0.304082, 0.304082, 0.695918
7.31395, -0.2063, -3.00348, 0.304082, 0.304082, 0.695918
7.314, -0.2063, -3.00348, 0.304082, 0.304082, 0.695918
7.31405, -0.2063, -3.00348, 0.304082, 0.304082, 0.695918
7.31411, -0.2063, -3.00348, 0.304082, 0.304082, 0.695918
7.31416, -0.2063, -3.00348, 0.304082, 0.304082, 0.695918
7.31421, -0.2063, -3.00348, 0.304082, 0.304082, 0.695918
7.31426, -0.2063, -3.00348, 0.304082, 0.304082, 0.695918
7.31431, -0.2063, -3.00348, 0.304082, 0.304082, 0.695918
7.31436, -0.2063, -3.00348, 0.304082, 0.304082, 0.695918
7.31441, -0.2063, -3.00348, 0.304082, 0.304082, 0.695918
7.31446, -0.2063, -3.00348, 0.304082, 0.304082, 0.695918
7.31451, -0.2063, -3.00348, 0.304082, 0.304082, 0.695918
7.31456, -0.2063, -3.00348, 0.304082, 0.304082, 0.695918
7.31461, -0.2063, -3.00348, 0.304082, 0.304082, 0.695918
7.31466, -0.2063, -3.00348, 0.304082, 0.304082, 0.695918
7.31471, -0.2063, -3.00348, 0.304082, 0.304082, 0.695918
7.31476, -0.2063, -3.00348, 0.304082, 0.304082, 0.695918
7.31481, -0.2063, -3.00348, 0.304082, 0.304082, 0.695918
7.31486, -0.2063, -3.00348, 0.304082, 0.304082, 0.695918
7.31491, -0.2063, -3.00348, 0.304082, 0.304082, 0.695918
7.31496, -0.2063, -3.00348, 0.304082, 0.304082, 0.695918
7.31502, -0.2063, -3.00348, 0.304082, 0.304082, 0.695918
7.31507, -0.2063, -3.00348, 0.304082, 0.304082, 0.695918
7.31512, -0.2063, -3.00348, 0.304082, 0.304082, 0.695918
7.31517, -0.2063, -3.00348, 0.304082, 0.304082, 0.695918
7.31522, -0.2063, -3.00348, 0.304082, 0.304082, 0.695918
7.31527, -0.2063, -3.00348, 0.304082, 0.304082, 0.695918
7.31532, -0.2063, -3.00348, 0.304082, 0.304082, 0.695918
7.31537, -0.2063, -3.00348, 0.304082, 0.304082, 0.695918
7.31542, -0.2063, -3.00348, 0.304082, 0.304082, 0.695918
7.31547, -0.2063, -3.00348, 0.304082, 0.304082, 0.695918
7.31552, -0.2063, -3.00348, 0.304082, 0.304082, 0.695918
7.31557, -0.2063, -3.00348, 0.304082, 0.304082, 0.695918
7.31562, -0.2063, -3.00348, 0.304082, 0.304082, 0.695918
7.31567, -0.2063, -3.00348, 0.304082, 0.304082, 0.695918
7.31572, -0.2063, -3.00348, 0.304082, 0.304082, 0.695918
7.31577, -0.2063, -3.00348, 0.304082, 0.304082, 0.695918
7.31582, -0.2063, -3.00348, 0.304082, 0.304082, 0.695918
7.31587, -0.206313, -3.00362, 0.304102, 0.304102, 0.695898
7.31593, -0.206313, -3.00362, 0.304102, 0.304102, 0.695898
7.31598, -0.206313, -3.00362, 0.304102, 0.304102, 0.695898
7.31603, -0.206313, -3.00362, 0.304102, 0.304102, 0.695898
7.31608, -0.206327, -3.00376, 0.304123, 0.304123, 0.695877
7.31613, -0.206327, -3.00376, 0.304123, 0.304123, 0.695877
7.31618, -0.206327, -3.00376, 0.304123, 0.304123, 0.695877
7.31623, -0.206327, -3.00376, 0.304123, 0.304123, 0.695877
7.31628, -0.206327, -3.00376, 0.304123, 0.304123, 0.695877
7.31633, -0.206327, -3.00376, 0.304123, 0.304123, 0.695877
7.31638, -0.206327, -3.00376, 0.304123, 0.304123, 0.695877
7.31643, -0.206327, -3.00376, 0.304123, 0.304123, 0.695877
7.31648, -0.206327, -3.00376, 0.304123, 0.304123, 0.695877
7.31653, -0.206327, -3.00376, 0.304123, 0.304123, 0.695877
7.31658, -0.206327, -3.00376, 0.304123, 0.304123, 0.695877
7.31663, -0.206327, -3.00376, 0.304123, 0.304123, 0.695877
7.31668, -0.206327, -3.00376, 0.304123, 0.304123, 0.695877
7.31673, -0.206327, -3.00376, 0.304123, 0.304123, 0.695877
7.31678, -0.206327, -3.00376, 0.304123, 0.304123, 0.695877
7.31684, -0.206327, -3.00376, 0.304123, 0.304123, 0.695877
7.31689, -0.206327, -3.00376, 0.304123, 0.304123, 0.695877
7.31694, -0.206327, -3.00376, 0.304123, 0.304123, 0.695877
7.31699, -0.206327, -3.00376, 0.304123, 0.304123, 0.695877
7.31704, -0.206327, -3.00376, 0.304123, 0.304123, 0.695877
7.31709, -0.206327, -3.00376, 0.304123, 0.304123, 0.695877
7.31714, -0.206327, -3.00376, 0.304123, 0.304123, 0.695877
7.31719, -0.206327, -3.00376, 0.304123, 0.304123, 0.695877
7.31724, -0.206327, -3.00376, 0.304123, 0.304123, 0.695877
7.31729, -0.206327, -3.00376, 0.304123, 0.304123, 0.695877
7.31734, -0.206327, -3.00376, 0.304123, 0.304123, 0.695877
7.31739, -0.206327, -3.00376, 0.304123, 0.304123, 0.695877
7.31744, -0.206327, -3.00376, 0.304123, 0.304123, 0.695877
7.31749, -0.206327, -3.00376, 0.304123, 0.304123, 0.695877
7.31754, -0.206327, -3.00376, 0.304123, 0.304123, 0.695877
7.31759, -0.206327, -3.00376, 0.304123, 0.304123, 0.695877
7.31764, -0.206327, -3.00376, 0.304123, 0.304123, 0.695877
7.31769, -0.206327, -3.00376, 0.304123, 0.304123, 0.695877
7.31775, -0.206327, -3.00376, 0.304123, 0.304123, 0.695877
7.3178, -0.206327, -3.00376, 0.304123, 0.304123, 0.695877
7.31785, -0.206327, -3.00376, 0.304123, 0.304123, 0.695877
7.3179, -0.206327, -3.00376, 0.304123, 0.304123, 0.695877
7.31795, -0.206327, -3.00376, 0.304123, 0.304123, 0.695877
7.318, -0.206327, -3.00376, 0.304123, 0.304123, 0.695877
7.31805, -0.206327, -3.00376, 0.304123, 0.304123, 0.695877
7.3181, -0.206327, -3.00376, 0.304123, 0.304123, 0.695877
7.31815, -0.206327, -3.00376, 0.304123, 0.304123, 0.695877
7.3182, -0.206327, -3.00376, 0.304123, 0.304123, 0.695877
7.31825, -0.206327, -3.00376, 0.304123, 0.304123, 0.695877
7.3183, -0.206327, -3.00376, 0.304123, 0.304123, 0.695877
7.31835, -0.206327, -3.00376, 0.304123, 0.304123, 0.695877
7.3184, -0.206327, -3.00376, 0.304123, 0.304123, 0.695877
7.31845, -0.206327, -3.00376, 0.304123, 0.304123, 0.695877
7.3185, -0.206327, -3.00376, 0.304123, 0.304123, 0.695877
7.31855, -0.206327, -3.00376, 0.304123, 0.304123, 0.695877
7.3186, -0.206327, -3.00376, 0.304123, 0.304123, 0.695877
7.31866, -0.20634, -3.0039, 0.304143, 0.304143, 0.695857
7.31871, -0.20634, -3.0039, 0.304143, 0.304143, 0.695857
7.31876, -0.20634, -3.0039, 0.304143, 0.304143, 0.695857
7.31881, -0.20634, -3.0039, 0.304143, 0.304143, 0.695857
7.31886, -0.20634, -3.0039, 0.304143, 0.304143, 0.695857
7.31891, -0.20634, -3.0039, 0.304143, 0.304143, 0.695857
7.31896, -0.20634, -3.0039, 0.304143, 0.304143, 0.695857
7.31901, -0.20634, -3.0039, 0.304143, 0.304143, 0.695857
7.31906, -0.20634, -3.0039, 0.304143, 0.304143, 0.695857
7.31911, -0.20634, -3.0039, 0.304143, 0.304143, 0.695857
7.31916, -0.20634, -3.0039, 0.304143, 0.304143, 0.695857
7.31921, -0.20634, -3.0039, 0.304143, 0.304143, 0.695857
7.31926, -0.20634, -3.0039, 0.304143, 0.304143, 0.695857
7.31931, -0.20634, -3.0039, 0.304143, 0.304143, 0.695857
7.31936, -0.20634, -3.0039, 0.304143, 0.304143, 0.695857
7.31941, -0.20634, -3.0039, 0.304143, 0.304143, 0.695857
7.31946, -0.20634, -3.0039, 0.304143, 0.304143, 0.695857
7.31951, -0.20634, -3.0039, 0.304143, 0.304143, 0.695857
7.31957, -0.20634, -3.0039, 0.304143, 0.304143, 0.695857
7.31962, -0.20634, -3.0039, 0.304143, 0.304143, 0.695857
7.31967, -0.206354, -3.00404, 0.304164, 0.304164, 0.695836
7.31972, -0.206354, -3.00404, 0.304164, 0.304164, 0.695836
7.31977, -0.206354, -3.00404, 0.304164, 0.304164, 0.695836
7.31982, -0.206354, -3.00404, 0.304164, 0.304164, 0.695836
7.31987, -0.206354, -3.00404, 0.304164, 0.304164, 0.695836
7.31992, -0.206354, -3.00404, 0.304164, 0.304164, 0.695836
7.31997, -0.206354, -3.00404, 0.304164, 0.304164, 0.695836
7.32002, -0.206354, -3.00404, 0.304164, 0.304164, 0.695836
7.32007, -0.206354, -3.00404, 0.304164, 0.304164, 0.695836
7.32012, -0.206354, -3.00404, 0.304164, 0.304164, 0.695836
7.32017, -0.206354, -3.00404, 0.304164, 0.304164, 0.695836
7.32022, -0.206354, -3.00404, 0.304164, 0.304164, 0.695836
7.32027, -0.206354, -3.00404, 0.304164, 0.304164, 0.695836
7.32032, -0.206354, -3.00404, 0.304164, 0.304164, 0.695836
7.32037, -0.206354, -3.00404, 0.304164, 0.304164, 0.695836
7.32042, -0.206354, -3.00404, 0.304164, 0.304164, 0.695836
7.32048, -0.206354, -3.00404, 0.304164, 0.304164, 0.695836
7.32053, -0.206354, -3.00404, 0.304164, 0.304164, 0.695836
7.32058, -0.206354, -3.00404, 0.304164, 0.304164, 0.695836
7.32063, -0.206354, -3.00404, 0.304164, 0.304164, 0.695836
7.32068, -0.206354, -3.00404, 0.304164, 0.304164, 0.695836
7.32073, -0.206354, -3.00404, 0.304164, 0.304164, 0.695836
7.32078, -0.206354, -3.00404, 0.304164, 0.304164, 0.695836
7.32083, -0.206354, -3.00404, 0.304164, 0.304164, 0.695836
7.32088, -0.206354, -3.00404, 0.304164, 0.304164, 0.695836
7.32093, -0.206354, -3.00404, 0.304164, 0.304164, 0.695836
7.32098, -0.206354, -3.00404, 0.304164, 0.304164, 0.695836
7.32103, -0.206354, -3.00404, 0.304164, 0.304164, 0.695836
7.32108, -0.206354, -3.00404, 0.304164, 0.304164, 0.695836
7.32113, -0.206354, -3.00404, 0.304164, 0.304164, 0.695836
7.32118, -0.206354, -3.00404, 0.304164, 0.304164, 0.695836
7.32123, -0.206354, -3.00404, 0.304164, 0.304164, 0.695836
7.32128, -0.206354, -3.00404, 0.304164, 0.304164, 0.695836
7.32133, -0.206354, -3.00404, 0.304164, 0.304164, 0.695836
7.32139, -0.206354, -3.00404, 0.304164, 0.304164, 0.695836
7.32144, -0.206354, -3.00404, 0.304164, 0.304164, 0.695836
7.32149, -0.206354, -3.00404, 0.304164, 0.304164, 0.695836
7.32154, -0.206367, -3.00418, 0.304185, 0.304185, 0.695815
7.32159, -0.206367, -3.00418, 0.304185, 0.304185, 0.695815
7.32164, -0.206367, -3.00418, 0.304185, 0.304185, 0.695815
7.32169, -0.206367, -3.00418, 0.304185, 0.304185, 0.695815
7.32174, -0.206367, -3.00418, 0.304185, 0.304185, 0.695815
7.32179, -0.206367, -3.00418, 0.304185, 0.304185, 0.695815
7.32184, -0.206367, -3.00418, 0.304185, 0.304185, 0.695815
7.32189, -0.206367, -3.00418, 0.304185, 0.304185, 0.695815
7.32194, -0.206367, -3.00418, 0.304185, 0.304185, 0.695815
7.32199, -0.206367, -3.00418, 0.304185, 0.304185, 0.695815
7.32204, -0.206367, -3.00418, 0.304185, 0.304185, 0.695815
7.32209, -0.206367, -3.00418, 0.304185, 0.304185, 0.695815
7.32214, -0.206367, -3.00418, 0.304185, 0.304185, 0.695815
7.32219, -0.206367, -3.00418, 0.304185, 0.304185, 0.695815
7.32224, -0.206367, -3.00418, 0.304185, 0.304185, 0.695815
7.3223, -0.206367, -3.00418, 0.304185, 0.304185, 0.695815
7.32235, -0.206367, -3.00418, 0.304185, 0.304185, 0.695815
7.3224, -0.206367, -3.00418, 0.304185, 0.304185, 0.695815
7.32245, -0.206367, -3.00418, 0.304185, 0.304185, 0.695815
7.3225, -0.206367, -3.00418, 0.304185, 0.304185, 0.695815
7.32255, -0.206367, -3.00418, 0.304185, 0.304185, 0.695815
7.3226, -0.206367, -3.00418, 0.304185, 0.304185, 0.695815
7.32265, -0.206367, -3.00418, 0.304185, 0.304185, 0.695815
7.3227, -0.206367, -3.00418, 0.304185, 0.304185, 0.695815
7.32275, -0.206367, -3.00418, 0.304185, 0.304185, 0.695815
7.3228, -0.206367, -3.00418, 0.304185, 0.304185, 0.695815
7.32285, -0.206367, -3.00418, 0.304185, 0.304185, 0.695815
7.3229, -0.206367, -3.00418, 0.304185, 0.304185, 0.695815
7.32295, -0.206367, -3.00418, 0.304185, 0.304185, 0.695815
7.323, -0.206367, -3.00418, 0.304185, 0.304185, 0.695815
7.32305, -0.206367, -3.00418, 0.304185, 0.304185, 0.695815
7.3231, -0.206367, -3.00418, 0.304185, 0.304185, 0.695815
7.32315, -0.206367, -3.00418, 0.304185, 0.304185, 0.695815
7.32321, -0.206367, -3.00418, 0.304185, 0.304185, 0.695815
7.32326, -0.206381, -3.00432, 0.304205, 0.304205, 0.695795
7.32331, -0.206381, -3.00432, 0.304205, 0.304205, 0.695795
7.32336, -0.206381, -3.00432, 0.304205, 0.304205, 0.695795
7.32341, -0.206381, -3.00432, 0.304205, 0.304205, 0.695795
7.32346, -0.206381, -3.00432, 0.304205, 0.304205, 0.695795
7.32351, -0.206381, -3.00432, 0.304205, 0.304205, 0.695795
7.32356, -0.206381, -3.00432, 0.304205, 0.304205, 0.695795
7.32361, -0.206381, -3.00432, 0.304205, 0.304205, 0.695795
7.32366, -0.206381, -3.00432, 0.304205, 0.304205, 0.695795
7.32371, -0.206381, -3.00432, 0.304205, 0.304205, 0.695795
7.32376, -0.206381, -3.00432, 0.304205, 0.304205, 0.695795
7.32381, -0.206381, -3.00432, 0.304205, 0.304205, 0.695795
7.32386, -0.206381, -3.00432, 0.304205, 0.304205, 0.695795
7.32391, -0.206381, -3.00432, 0.304205, 0.304205, 0.695795
7.32396, -0.206381, -3.00432, 0.304205, 0.304205, 0.695795
7.32401, -0.206381, -3.00432, 0.304205, 0.304205, 0.695795
7.32406, -0.206381, -3.00432, 0.304205, 0.304205, 0.695795
7.32412, -0.206381, -3.00432, 0.304205, 0.304205, 0.695795
7.32417, -0.206381, -3.00432, 0.304205, 0.304205, 0.695795
7.32422, -0.206381, -3.00432, 0.304205, 0.304205, 0.695795
7.32427, -0.206381, -3.00432, 0.304205, 0.304205, 0.695795
7.32432, -0.206381, -3.00432, 0.304205, 0.304205, 0.695795
7.32437, -0.206381, -3.00432, 0.304205, 0.304205, 0.695795
7.32442, -0.206381, -3.00432, 0.304205, 0.304205, 0.695795
7.32447, -0.206381, -3.00432, 0.304205, 0.304205, 0.695795
7.32452, -0.206394, -3.00446, 0.304226, 0.304226, 0.695774
7.32457, -0.206394, -3.00446, 0.304226, 0.304226, 0.695774
7.32462, -0.206394, -3.00446, 0.304226, 0.304226, 0.695774
7.32467, -0.206394, -3.00446, 0.304226, 0.304226, 0.695774
7.32472, -0.206394, -3.00446, 0.304226, 0.304226, 0.695774
7.32477, -0.206394, -3.00446, 0.304226, 0.304226, 0.695774
7.32482, -0.206394, -3.00446, 0.304226, 0.304226, 0.695774
7.32487, -0.206394, -3.00446, 0.304226, 0.304226, 0.695774
7.32492, -0.206394, -3.00446, 0.304226, 0.304226, 0.695774
7.32497, -0.206408, -3.0046, 0.304246, 0.304246, 0.695754
7.32503, -0.206408, -3.0046, 0.304246, 0.304246, 0.695754
7.32508, -0.206408, -3.0046, 0.304246, 0.304246, 0.695754
7.32513, -0.206408, -3.0046, 0.304246, 0.304246, 0.695754
7.32518, -0.206408, -3.0046, 0.304246, 0.304246, 0.695754
7.32523, -0.206408, -3.0046, 0.304246, 0.304246, 0.695754
7.32528, -0.206408, -3.0046, 0.304246, 0.304246, 0.695754
7.32533, -0.206408, -3.0046, 0.304246, 0.304246, 0.695754
7.32538, -0.206408, -3.0046, 0.304246, 0.304246, 0.695754
7.32543, -0.206408, -3.0046, 0.304246, 0.304246, 0.695754
7.32548, -0.206408, -3.0046, 0.304246, 0.304246, 0.695754
7.32553, -0.206408, -3.0046, 0.304246, 0.304246, 0.695754
7.32558, -0.206408, -3.0046, 0.304246, 0.304246, 0.695754
7.32563, -0.206408, -3.0046, 0.304246, 0.304246, 0.695754
7.32568, -0.206408, -3.0046, 0.304246, 0.304246, 0.695754
7.32573, -0.206408, -3.0046, 0.304246, 0.304246, 0.695754
7.32578, -0.206408, -3.0046, 0.304246, 0.304246, 0.695754
7.32583, -0.206408, -3.0046, 0.304246, 0.304246, 0.695754
7.32588, -0.206408, -3.0046, 0.304246, 0.304246, 0.695754
7.32594, -0.206408, -3.0046, 0.304246, 0.304246, 0.695754
7.32599, -0.206408, -3.0046, 0.304246, 0.304246, 0.695754
7.32604, -0.206408, -3.0046, 0.304246, 0.304246, 0.695754
7.32609, -0.206408, -3.0046, 0.304246, 0.304246, 0.695754
7.32614, -0.206408, -3.0046, 0.304246, 0.304246, 0.695754
7.32619, -0.206408, -3.0046, 0.304246, 0.304246, 0.695754
7.32624, -0.206408, -3.0046, 0.304246, 0.304246, 0.695754
7.32629, -0.206408, -3.0046, 0.304246, 0.304246, 0.695754
7.32634, -0.206408, -3.0046, 0.304246, 0.304246, 0.695754
7.32639, -0.206408, -3.0046, 0.304246, 0.304246, 0.695754
7.32644, -0.206408, -3.0046, 0.304246, 0.304246, 0.695754
7.32649, -0.206408, -3.0046, 0.304246, 0.304246, 0.695754
7.32654, -0.206408, -3.0046, 0.304246, 0.304246, 0.695754
7.32659, -0.206408, -3.0046, 0.304246, 0.304246, 0.695754
7.32664, -0.206408, -3.0046, 0.304246, 0.304246, 0.695754
7.32669, -0.206408, -3.0046, 0.304246, 0.304246, 0.695754
7.32674, -0.206408, -3.0046, 0.304246, 0.304246, 0.695754
7.32679, -0.206408, -3.0046, 0.304246, 0.304246, 0.695754
7.32685, -0.206408, -3.0046, 0.304246, 0.304246, 0.695754
7.3269, -0.206421, -3.00474, 0.304267, 0.304267, 0.695733
7.32695, -0.206421, -3.00474, 0.304267, 0.304267, 0.695733
7.327, -0.206421, -3.00474, 0.304267, 0.304267, 0.695733
7.32705, -0.206421, -3.00474, 0.304267, 0.304267, 0.695733
7.3271, -0.206421, -3.00474, 0.304267, 0.304267, 0.695733
7.32715, -0.206421, -3.00474, 0.304267, 0.304267, 0.695733
7.3272, -0.206421, -3.00474, 0.304267, 0.304267, 0.695733
7.32725, -0.206421, -3.00474, 0.304267, 0.304267, 0.695733
7.3273, -0.206421, -3.00474, 0.304267, 0.304267, 0.695733
7.32735, -0.206421, -3.00474, 0.304267, 0.304267, 0.695733
7.3274, -0.206421, -3.00474, 0.304267, 0.304267, 0.695733
7.32745, -0.206421, -3.00474, 0.304267, 0.304267, 0.695733
7.3275, -0.206421, -3.00474, 0.304267, 0.304267, 0.695733
7.32755, -0.206421, -3.00474, 0.304267, 0.304267, 0.695733
7.3276, -0.206435, -3.00489, 0.304287, 0.304287, 0.695713
7.32765, -0.206435, -3.00489, 0.304287, 0.304287, 0.695713
7.3277, -0.206435, -3.00489, 0.304287, 0.304287, 0.695713
7.32776, -0.206435, -3.00489, 0.304287, 0.304287, 0.695713
7.32781, -0.206435, -3.00489, 0.304287, 0.304287, 0.695713
7.32786, -0.206435, -3.00489, 0.304287, 0.304287, 0.695713
7.32791, -0.206435, -3.00489, 0.304287, 0.304287, 0.695713
7.32796, -0.206435, -3.00489, 0.304287, 0.304287, 0.695713
7.32801, -0.206435, -3.00489, 0.304287, 0.304287, 0.695713
7.32806, -0.206435, -3.00489, 0.304287, 0.304287, 0.695713
7.32811, -0.206435, -3.00489, 0.304287, 0.304287, 0.695713
7.32816, -0.206435, -3.00489, 0.304287, 0.304287, 0.695713
7.32821, -0.206435, -3.00489, 0.304287, 0.304287, 0.695713
7.32826, -0.206435, -3.00489, 0.304287, 0.304287, 0.695713
7.32831, -0.206435, -3.00489, 0.304287, 0.304287, 0.695713
7.32836, -0.206435, -3.00489, 0.304287, 0.304287, 0.695713
7.32841, -0.206435, -3.00489, 0.304287, 0.304287, 0.695713
7.32846, -0.206435, -3.00489, 0.304287, 0.304287, 0.695713
7.32851, -0.206435, -3.00489, 0.304287, 0.304287, 0.695713
7.32856, -0.206435, -3.00489, 0.304287, 0.304287, 0.695713
7.32861, -0.206435, -3.00489, 0.304287, 0.304287, 0.695713
7.32867, -0.206435, -3.00489, 0.304287, 0.304287, 0.695713
7.32872, -0.206435, -3.00489, 0.304287, 0.304287, 0.695713
7.32877, -0.206435, -3.00489, 0.304287, 0.304287, 0.695713
7.32882, -0.206435, -3.00489, 0.304287, 0.304287, 0.695713
7.32887, -0.206435, -3.00489, 0.304287, 0.304287, 0.695713
7.32892, -0.206435, -3.00489, 0.304287, 0.304287, 0.695713
7.32897, -0.206435, -3.00489, 0.304287, 0.304287, 0.695713
7.32902, -0.206435, -3.00489, 0.304287, 0.304287, 0.695713
7.32907, -0.206435, -3.00489, 0.304287, 0.304287, 0.695713
7.32912, -0.206435, -3.00489, 0.304287, 0.304287, 0.695713
7.32917, -0.206435, -3.00489, 0.304287, 0.304287, 0.695713
7.32922, -0.206435, -3.00489, 0.304287, 0.304287, 0.695713
7.32927, -0.206435, -3.00489, 0.304287, 0.304287, 0.695713
7.32932, -0.206435, -3.00489, 0.304287, 0.304287, 0.695713
7.32937, -0.206435, -3.00489, 0.304287, 0.304287, 0.695713
7.32942, -0.206435, -3.00489, 0.304287, 0.304287, 0.695713
7.32947, -0.206435, -3.00489, 0.304287, 0.304287, 0.695713
7.32952, -0.206435, -3.00489, 0.304287, 0.304287, 0.695713
7.32958, -0.206435, -3.00489, 0.304287, 0.304287, 0.695713
7.32963, -0.206435, -3.00489, 0.304287, 0.304287, 0.695713
7.32968, -0.206435, -3.00489, 0.304287, 0.304287, 0.695713
7.32973, -0.206435, -3.00489, 0.304287, 0.304287, 0.695713
7.32978, -0.206435, -3.00489, 0.304287, 0.304287, 0.695713
7.32983, -0.206435, -3.00489, 0.304287, 0.304287, 0.695713
7.32988, -0.206435, -3.00489, 0.304287, 0.304287, 0.695713
7.32993, -0.206435, -3.00489, 0.304287, 0.304287, 0.695713
7.32998, -0.206435, -3.00489, 0.304287, 0.304287, 0.695713
7.33003, -0.206435, -3.00489, 0.304287, 0.304287, 0.695713
7.33008, -0.206435, -3.00489, 0.304287, 0.304287, 0.695713
7.33013, -0.206435, -3.00489, 0.304287, 0.304287, 0.695713
7.33018, -0.206435, -3.00489, 0.304287, 0.304287, 0.695713
7.33023, -0.206435, -3.00489, 0.304287, 0.304287, 0.695713
7.33028, -0.206435, -3.00489, 0.304287, 0.304287, 0.695713
7.33033, -0.206435, -3.00489, 0.304287, 0.304287, 0.695713
7.33038, -0.206435, -3.00489, 0.304287, 0.304287, 0.695713
7.33043, -0.206435, -3.00489, 0.304287, 0.304287, 0.695713
7.33049, -0.206448, -3.00503, 0.304308, 0.304308, 0.695692
7.33054, -0.206448, -3.00503, 0.304308, 0.304308, 0.695692
7.33059, -0.206448, -3.00503, 0.304308, 0.304308, 0.695692
7.33064, -0.206448, -3.00503, 0.304308, 0.304308, 0.695692
7.33069, -0.206448, -3.00503, 0.304308, 0.304308, 0.695692
7.33074, -0.206448, -3.00503, 0.304308, 0.304308, 0.695692
7.33079, -0.206448, -3.00503, 0.304308, 0.304308, 0.695692
7.33084, -0.206448, -3.00503, 0.304308, 0.304308, 0.695692
7.33089, -0.206462, -3.00517, 0.304329, 0.304329, 0.695671
7.33094, -0.206462, -3.00517, 0.304329, 0.304329, 0.695671
7.33099, -0.206462, -3.00517, 0.304329, 0.304329, 0.695671
7.33104, -0.206462, -3.00517, 0.304329, 0.304329, 0.695671
7.33109, -0.206462, -3.00517, 0.304329, 0.304329, 0.695671
7.33114, -0.206462, -3.00517, 0.304329, 0.304329, 0.695671
7.33119, -0.206462, -3.00517, 0.304329, 0.304329, 0.695671
7.33124, -0.206462, -3.00517, 0.304329, 0.304329, 0.695671
7.33129, -0.206462, -3.00517, 0.304329, 0.304329, 0.695671
7.33134, -0.206462, -3.00517, 0.304329, 0.304329, 0.695671
7.3314, -0.206462, -3.00517, 0.304329, 0.304329, 0.695671
7.33145, -0.206462, -3.00517, 0.304329, 0.304329, 0.695671
7.3315, -0.206462, -3.00517, 0.304329, 0.304329, 0.695671
7.33155, -0.206462, -3.00517, 0.304329, 0.304329, 0.695671
7.3316, -0.206462, -3.00517, 0.304329, 0.304329, 0.695671
7.33165, -0.206462, -3.00517, 0.304329, 0.304329, 0.695671
7.3317, -0.206462, -3.00517, 0.304329, 0.304329, 0.695671
7.33175, -0.206462, -3.00517, 0.304329, 0.304329, 0.695671
7.3318, -0.206462, -3.00517, 0.304329, 0.304329, 0.695671
7.33185, -0.206462, -3.00517, 0.304329, 0.304329, 0.695671
7.3319, -0.206462, -3.00517, 0.304329, 0.304329, 0.695671
7.33195, -0.206462, -3.00517, 0.304329, 0.304329, 0.695671
7.332, -0.206462, -3.00517, 0.304329, 0.304329, 0.695671
7.33205, -0.206462, -3.00517, 0.304329, 0.304329, 0.695671
7.3321, -0.206462, -3.00517, 0.304329, 0.304329, 0.695671
7.33215, -0.206462, -3.00517, 0.304329, 0.304329, 0.695671
7.3322, -0.206462, -3.00517, 0.304329, 0.304329, 0.695671
7.33225, -0.206462, -3.00517, 0.304329, 0.304329, 0.695671
7.33231, -0.206462, -3.00517, 0.304329, 0.304329, 0.695671
7.33236, -0.206462, -3.00517, 0.304329, 0.304329, 0.695671
7.33241, -0.206462, -3.00517, 0.304329, 0.304329, 0.695671
7.33246, -0.206462, -3.00517, 0.304329, 0.304329, 0.695671
7.33251, -0.206462, -3.00517, 0.304329, 0.304329, 0.695671
7.33256, -0.206462, -3.00517, 0.304329, 0.304329, 0.695671
7.33261, -0.206462, -3.00517, 0.304329, 0.304329, 0.695671
7.33266, -0.206462, -3.00517, 0.304329, 0.304329, 0.695671
7.33271, -0.206462, -3.00517, 0.304329, 0.304329, 0.695671
7.33276, -0.206462, -3.00517, 0.304329, 0.304329, 0.695671
7.33281, -0.206462, -3.00517, 0.304329, 0.304329, 0.695671
7.33286, -0.206462, -3.00517, 0.304329, 0.304329, 0.695671
7.33291, -0.206462, -3.00517, 0.304329, 0.304329, 0.695671
7.33296, -0.206462, -3.00517, 0.304329, 0.304329, 0.695671
7.33301, -0.206462, -3.00517, 0.304329, 0.304329, 0.695671
7.33306, -0.206462, -3.00517, 0.304329, 0.304329, 0.695671
7.33311, -0.206462, -3.00517, 0.304329, 0.304329, 0.695671
7.33316, -0.206462, -3.00517, 0.304329, 0.304329, 0.695671
7.33322, -0.206462, -3.00517, 0.304329, 0.304329, 0.695671
7.33327, -0.206462, -3.00517, 0.304329, 0.304329, 0.695671
7.33332, -0.206462, -3.00517, 0.304329, 0.304329, 0.695671
7.33337, -0.206462, -3.00517, 0.304329, 0.304329, 0.695671
7.33342, -0.206462, -3.00517, 0.304329, 0.304329, 0.695671
7.33347, -0.206462, -3.00517, 0.304329, 0.304329, 0.695671
7.33352, -0.206462, -3.00517, 0.304329, 0.304329, 0.695671
7.33357, -0.206462, -3.00517, 0.304329, 0.304329, 0.695671
7.33362, -0.206462, -3.00517, 0.304329, 0.304329, 0.695671
7.33367, -0.206462, -3.00517, 0.304329, 0.304329, 0.695671
7.33372, -0.206462, -3.00517, 0.304329, 0.304329, 0.695671
7.33377, -0.206462, -3.00517, 0.304329, 0.304329, 0.695671
7.33382, -0.206462, -3.00517, 0.304329, 0.304329, 0.695671
7.33387, -0.206462, -3.00517, 0.304329, 0.304329, 0.695671
7.33392, -0.206462, -3.00517, 0.304329, 0.304329, 0.695671
7.33397, -0.206462, -3.00517, 0.304329, 0.304329, 0.695671
7.33402, -0.206462, -3.00517, 0.304329, 0.304329, 0.695671
7.33407, -0.206462, -3.00517, 0.304329, 0.304329, 0.695671
7.33413, -0.206475, -3.00531, 0.304349, 0.304349, 0.695651
7.33418, -0.206475, -3.00531, 0.304349, 0.304349, 0.695651
7.33423, -0.206475, -3.00531, 0.304349, 0.304349, 0.695651
7.33428, -0.206488, -3.00545, 0.30437, 0.30437, 0.69563
7.33433, -0.206488, -3.00545, 0.30437, 0.30437, 0.69563
7.33438, -0.206488, -3.00545, 0.30437, 0.30437, 0.69563
7.33443, -0.206488, -3.00545, 0.30437, 0.30437, 0.69563
7.33448, -0.206488, -3.00545, 0.30437, 0.30437, 0.69563
7.33453, -0.206488, -3.00545, 0.30437, 0.30437, 0.69563
7.33458, -0.206488, -3.00545, 0.30437, 0.30437, 0.69563
7.33463, -0.206488, -3.00545, 0.30437, 0.30437, 0.69563
7.33468, -0.206488, -3.00545, 0.30437, 0.30437, 0.69563
7.33473, -0.206488, -3.00545, 0.30437, 0.30437, 0.69563
7.33478, -0.206488, -3.00545, 0.30437, 0.30437, 0.69563
7.33483, -0.206488, -3.00545, 0.30437, 0.30437, 0.69563
7.33488, -0.206488, -3.00545, 0.30437, 0.30437, 0.69563
7.33493, -0.206488, -3.00545, 0.30437, 0.30437, 0.69563
7.33498, -0.206488, -3.00545, 0.30437, 0.30437, 0.69563
7.33504, -0.206488, -3.00545, 0.30437, 0.30437, 0.69563
7.33509, -0.206488, -3.00545, 0.30437, 0.30437, 0.69563
7.33514, -0.206488, -3.00545, 0.30437, 0.30437, 0.69563
7.33519, -0.206488, -3.00545, 0.30437, 0.30437, 0.69563
7.33524, -0.206488, -3.00545, 0.30437, 0.30437, 0.69563
7.33529, -0.206488, -3.00545, 0.30437, 0.30437, 0.69563
7.33534, -0.206488, -3.00545, 0.30437, 0.30437, 0.69563
7.33539, -0.206488, -3.00545, 0.30437, 0.30437, 0.69563
7.33544, -0.206488, -3.00545, 0.30437, 0.30437, 0.69563
7.33549, -0.206488, -3.00545, 0.30437, 0.30437, 0.69563
7.33554, -0.206488, -3.00545, 0.30437, 0.30437, 0.69563
7.33559, -0.206488, -3.00545, 0.30437, 0.30437, 0.69563
7.33564, -0.206488, -3.00545, 0.30437, 0.30437, 0.69563
7.33569, -0.206488, -3.00545, 0.30437, 0.30437, 0.69563
7.33574, -0.206488, -3.00545, 0.30437, 0.30437, 0.69563
7.33579, -0.206488, -3.00545, 0.30437, 0.30437, 0.69563
7.33584, -0.206488, -3.00545, 0.30437, 0.30437, 0.69563
7.33589, -0.206488, -3.00545, 0.30437, 0.30437, 0.69563
7.33595, -0.206488, -3.00545, 0.30437, 0.30437, 0.69563
7.336, -0.206488, -3.00545, 0.30437, 0.30437, 0.69563
7.33605, -0.206488, -3.00545, 0.30437, 0.30437, 0.69563
7.3361, -0.206488, -3.00545, 0.30437, 0.30437, 0.69563
7.33615, -0.206488, -3.00545, 0.30437, 0.30437, 0.69563
7.3362, -0.206488, -3.00545, 0.30437, 0.30437, 0.69563
7.33625, -0.206488, -3.00545, 0.30437, 0.30437, 0.69563
7.3363, -0.206488, -3.00545, 0.30437, 0.30437, 0.69563
7.33635, -0.206488, -3.00545, 0.30437, 0.30437, 0.69563
7.3364, -0.206488, -3.00545, 0.30437, 0.30437, 0.69563
7.33645, -0.206488, -3.00545, 0.30437, 0.30437, 0.69563
7.3365, -0.206488, -3.00545, 0.30437, 0.30437, 0.69563
7.33655, -0.206488, -3.00545, 0.30437, 0.30437, 0.69563
7.3366, -0.206488, -3.00545, 0.30437, 0.30437, 0.69563
7.33665, -0.206488, -3.00545, 0.30437, 0.30437, 0.69563
7.3367, -0.206488, -3.00545, 0.30437, 0.30437, 0.69563
7.33675, -0.206488, -3.00545, 0.30437, 0.30437, 0.69563
7.3368, -0.206488, -3.00545, 0.30437, 0.30437, 0.69563
7.33686, -0.206488, -3.00545, 0.30437, 0.30437, 0.69563
7.33691, -0.206488, -3.00545, 0.30437, 0.30437, 0.69563
7.33696, -0.206488, -3.00545, 0.30437, 0.30437, 0.69563
7.33701, -0.206488, -3.00545, 0.30437, 0.30437, 0.69563
7.33706, -0.206488, -3.00545, 0.30437, 0.30437, 0.69563
7.33711, -0.206488, -3.00545, 0.30437, 0.30437, 0.69563
7.33716, -0.206488, -3.00545, 0.30437, 0.30437, 0.69563
7.33721, -0.206488, -3.00545, 0.30437, 0.30437, 0.69563
7.33726, -0.206488, -3.00545, 0.30437, 0.30437, 0.69563
7.33731, -0.206488, -3.00545, 0.30437, 0.30437, 0.69563
7.33736, -0.206488, -3.00545, 0.30437, 0.30437, 0.69563
7.33741, -0.206488, -3.00545, 0.30437, 0.30437, 0.69563
7.33746, -0.206488, -3.00545, 0.30437, 0.30437, 0.69563
7.33751, -0.206488, -3.00545, 0.30437, 0.30437, 0.69563
7.33756, -0.206488, -3.00545, 0.30437, 0.30437, 0.69563
7.33761, -0.206488, -3.00545, 0.30437, 0.30437, 0.69563
7.33766, -0.206488, -3.00545, 0.30437, 0.30437, 0.69563
7.33771, -0.206502, -3.00559, 0.30439, 0.30439, 0.69561
7.33777, -0.206502, -3.00559, 0.30439, 0.30439, 0.69561
7.33782, -0.206502, -3.00559, 0.30439, 0.30439, 0.69561
7.33787, -0.206502, -3.00559, 0.30439, 0.30439, 0.69561
7.33792, -0.206515, -3.00573, 0.304411, 0.304411, 0.695589
7.33797, -0.206515, -3.00573, 0.304411, 0.304411, 0.695589
7.33802, -0.206515, -3.00573, 0.304411, 0.304411, 0.695589
7.33807, -0.206515, -3.00573, 0.304411, 0.304411, 0.695589
7.33812, -0.206515, -3.00573, 0.304411, 0.304411, 0.695589
7.33817, -0.206515, -3.00573, 0.304411, 0.304411, 0.695589
7.33822, -0.206515, -3.00573, 0.304411, 0.304411, 0.695589
7.33827, -0.206515, -3.00573, 0.304411, 0.304411, 0.695589
7.33832, -0.206515, -3.00573, 0.304411, 0.304411, 0.695589
7.33837, -0.206515, -3.00573, 0.304411, 0.304411, 0.695589
7.33842, -0.206515, -3.00573, 0.304411, 0.304411, 0.695589
7.33847, -0.206515, -3.00573, 0.304411, 0.304411, 0.695589
7.33852, -0.206515, -3.00573, 0.304411, 0.304411, 0.695589
7.33857, -0.206515, -3.00573, 0.304411, 0.304411, 0.695589
7.33862, -0.206515, -3.00573, 0.304411, 0.304411, 0.695589
7.33868, -0.206515, -3.00573, 0.304411, 0.304411, 0.695589
7.33873, -0.206515, -3.00573, 0.304411, 0.304411, 0.695589
7.33878, -0.206515, -3.00573, 0.304411, 0.304411, 0.695589
7.33883, -0.206515, -3.00573, 0.304411, 0.304411, 0.695589
7.33888, -0.206515, -3.00573, 0.304411, 0.304411, 0.695589
7.33893, -0.206515, -3.00573, 0.304411, 0.304411, 0.695589
7.33898, -0.206515, -3.00573, 0.304411, 0.304411, 0.695589
7.33903, -0.206515, -3.00573, 0.304411, 0.304411, 0.695589
7.33908, -0.206515, -3.00573, 0.304411, 0.304411, 0.695589
7.33913, -0.206515, -3.00573, 0.304411, 0.304411, 0.695589
7.33918, -0.206515, -3.00573, 0.304411, 0.304411, 0.695589
7.33923, -0.206515, -3.00573, 0.304411, 0.304411, 0.695589
7.33928, -0.206515, -3.00573, 0.304411, 0.304411, 0.695589
7.33933, -0.206515, -3.00573, 0.304411, 0.304411, 0.695589
7.33938, -0.206515, -3.00573, 0.304411, 0.304411, 0.695589
7.33943, -0.206515, -3.00573, 0.304411, 0.304411, 0.695589
7.33948, -0.206515, -3.00573, 0.304411, 0.304411, 0.695589
7.33953, -0.206515, -3.00573, 0.304411, 0.304411, 0.695589
7.33959, -0.206515, -3.00573, 0.304411, 0.304411, 0.695589
7.33964, -0.206515, -3.00573, 0.304411, 0.304411, 0.695589
7.33969, -0.206515, -3.00573, 0.304411, 0.304411, 0.695589
7.33974, -0.206515, -3.00573, 0.304411, 0.304411, 0.695589
7.33979, -0.206515, -3.00573, 0.304411, 0.304411, 0.695589
7.33984, -0.206515, -3.00573, 0.304411, 0.304411, 0.695589
7.33989, -0.206515, -3.00573, 0.304411, 0.304411, 0.695589
7.33994, -0.206515, -3.00573, 0.304411, 0.304411, 0.695589
7.33999, -0.206515, -3.00573, 0.304411, 0.304411, 0.695589
7.34004, -0.206515, -3.00573, 0.304411, 0.304411, 0.695589
7.34009, -0.206515, -3.00573, 0.304411, 0.304411, 0.695589
7.34014, -0.206515, -3.00573, 0.304411, 0.304411, 0.695589
7.34019, -0.206515, -3.00573, 0.304411, 0.304411, 0.695589
7.34024, -0.206515, -3.00573, 0.304411, 0.304411, 0.695589
7.34029, -0.206515, -3.00573, 0.304411, 0.304411, 0.695589
7.34034, -0.206515, -3.00573, 0.304411, 0.304411, 0.695589
7.34039, -0.206515, -3.00573, 0.304411, 0.304411, 0.695589
7.34044, -0.206515, -3.00573, 0.304411, 0.304411, 0.695589
7.3405, -0.206515, -3.00573, 0.304411, 0.304411, 0.695589
7.34055, -0.206515, -3.00573, 0.304411, 0.304411, 0.695589
7.3406, -0.206515, -3.00573, 0.304411, 0.304411, 0.695589
7.34065, -0.206515, -3.00573, 0.304411, 0.304411, 0.695589
7.3407, -0.206515, -3.00573, 0.304411, 0.304411, 0.695589
7.34075, -0.206515, -3.00573, 0.304411, 0.304411, 0.695589
7.3408, -0.206515, -3.00573, 0.304411, 0.304411, 0.695589
7.34085, -0.206515, -3.00573, 0.304411, 0.304411, 0.695589
7.3409, -0.206515, -3.00573, 0.304411, 0.304411, 0.695589
7.34095, -0.206515, -3.00573, 0.304411, 0.304411, 0.695589
7.341, -0.206515, -3.00573, 0.304411, 0.304411, 0.695589
7.34105, -0.206515, -3.00573, 0.304411, 0.304411, 0.695589
7.3411, -0.206515, -3.00573, 0.304411, 0.304411, 0.695589
7.34115, -0.206515, -3.00573, 0.304411, 0.304411, 0.695589
7.3412, -0.206515, -3.00573, 0.304411, 0.304411, 0.695589
7.34125, -0.206515, -3.00573, 0.304411, 0.304411, 0.695589
7.3413, -0.206529, -3.00587, 0.304431, 0.304431, 0.695569
7.34135, -0.206529, -3.00587, 0.304431, 0.304431, 0.695569
7.34141, -0.206529, -3.00587, 0.304431, 0.304431, 0.695569
7.34146, -0.206529, -3.00587, 0.304431, 0.304431, 0.695569
7.34151, -0.206529, -3.00587, 0.304431, 0.304431, 0.695569
7.34156, -0.206529, -3.00587, 0.304431, 0.304431, 0.695569
7.34161, -0.206529, -3.00587, 0.304431, 0.304431, 0.695569
7.34166, -0.206529, -3.00587, 0.304431, 0.304431, 0.695569
7.34171, -0.206529, -3.00587, 0.304431, 0.304431, 0.695569
7.34176, -0.206529, -3.00587, 0.304431, 0.304431, 0.695569
7.34181, -0.206542, -3.00601, 0.304452, 0.304452, 0.695548
7.34186, -0.206542, -3.00601, 0.304452, 0.304452, 0.695548
7.34191, -0.206542, -3.00601, 0.304452, 0.304452, 0.695548
7.34196, -0.206542, -3.00601, 0.304452, 0.304452, 0.695548
7.34201, -0.206542, -3.00601, 0.304452, 0.304452, 0.695548
7.34206, -0.206542, -3.00601, 0.304452, 0.304452, 0.695548
7.34211, -0.206542, -3.00601, 0.304452, 0.304452, 0.695548
7.34216, -0.206542, -3.00601, 0.304452, 0.304452, 0.695548
7.34221, -0.206542, -3.00601, 0.304452, 0.304452, 0.695548
7.34226, -0.206542, -3.00601, 0.304452, 0.304452, 0.695548
7.34232, -0.206542, -3.00601, 0.304452, 0.304452, 0.695548
7.34237, -0.206542, -3.00601, 0.304452, 0.304452, 0.695548
7.34242, -0.206542, -3.00601, 0.304452, 0.304452, 0.695548
7.34247, -0.206542, -3.00601, 0.304452, 0.304452, 0.695548
7.34252, -0.206542, -3.00601, 0.304452, 0.304452, 0.695548
7.34257, -0.206542, -3.00601, 0.304452, 0.304452, 0.695548
7.34262, -0.206542, -3.00601, 0.304452, 0.304452, 0.695548
7.34267, -0.206542, -3.00601, 0.304452, 0.304452, 0.695548
7.34272, -0.206542, -3.00601, 0.304452, 0.304452, 0.695548
7.34277, -0.206542, -3.00601, 0.304452, 0.304452, 0.695548
7.34282, -0.206542, -3.00601, 0.304452, 0.304452, 0.695548
7.34287, -0.206542, -3.00601, 0.304452, 0.304452, 0.695548
7.34292, -0.206542, -3.00601, 0.304452, 0.304452, 0.695548
7.34297, -0.206542, -3.00601, 0.304452, 0.304452, 0.695548
7.34302, -0.206542, -3.00601, 0.304452, 0.304452, 0.695548
7.34307, -0.206542, -3.00601, 0.304452, 0.304452, 0.695548
7.34312, -0.206542, -3.00601, 0.304452, 0.304452, 0.695548
7.34317, -0.206542, -3.00601, 0.304452, 0.304452, 0.695548
7.34323, -0.206542, -3.00601, 0.304452, 0.304452, 0.695548
7.34328, -0.206542, -3.00601, 0.304452, 0.304452, 0.695548
7.34333, -0.206542, -3.00601, 0.304452, 0.304452, 0.695548
7.34338, -0.206542, -3.00601, 0.304452, 0.304452, 0.695548
7.34343, -0.206542, -3.00601, 0.304452, 0.304452, 0.695548
7.34348, -0.206542, -3.00601, 0.304452, 0.304452, 0.695548
7.34353, -0.206542, -3.00601, 0.304452, 0.304452, 0.695548
7.34358, -0.206542, -3.00601, 0.304452, 0.304452, 0.695548
7.34363, -0.206542, -3.00601, 0.304452, 0.304452, 0.695548
7.34368, -0.206542, -3.00601, 0.304452, 0.304452, 0.695548
7.34373, -0.206542, -3.00601, 0.304452, 0.304452, 0.695548
7.34378, -0.206542, -3.00601, 0.304452, 0.304452, 0.695548
7.34383, -0.206542, -3.00601, 0.304452, 0.304452, 0.695548
7.34388, -0.206542, -3.00601, 0.304452, 0.304452, 0.695548
7.34393, -0.206542, -3.00601, 0.304452, 0.304452, 0.695548
7.34398, -0.206542, -3.00601, 0.304452, 0.304452, 0.695548
7.34403, -0.206542, -3.00601, 0.304452, 0.304452, 0.695548
7.34408, -0.206542, -3.00601, 0.304452, 0.304452, 0.695548
7.34414, -0.206542, -3.00601, 0.304452, 0.304452, 0.695548
7.34419, -0.206542, -3.00601, 0.304452, 0.304452, 0.695548
7.34424, -0.206542, -3.00601, 0.304452, 0.304452, 0.695548
7.34429, -0.206542, -3.00601, 0.304452, 0.304452, 0.695548
7.34434, -0.206542, -3.00601, 0.304452, 0.304452, 0.695548
7.34439, -0.206542, -3.00601, 0.304452, 0.304452, 0.695548
7.34444, -0.206542, -3.00601, 0.304452, 0.304452, 0.695548
7.34449, -0.206542, -3.00601, 0.304452, 0.304452, 0.695548
7.34454, -0.206542, -3.00601, 0.304452, 0.304452, 0.695548
7.34459, -0.206542, -3.00601, 0.304452, 0.304452, 0.695548
7.34464, -0.206542, -3.00601, 0.304452, 0.304452, 0.695548
7.34469, -0.206542, -3.00601, 0.304452, 0.304452, 0.695548
7.34474, -0.206542, -3.00601, 0.304452, 0.304452, 0.695548
7.34479, -0.206542, -3.00601, 0.304452, 0.304452, 0.695548
7.34484, -0.206542, -3.00601, 0.304452, 0.304452, 0.695548
7.34489, -0.206542, -3.00601, 0.304452, 0.304452, 0.695548
7.34494, -0.206556, -3.00615, 0.304473, 0.304473, 0.695527
7.34499, -0.206556, -3.00615, 0.304473, 0.304473, 0.695527
7.34505, -0.206556, -3.00615, 0.304473, 0.304473, 0.695527
7.3451, -0.206556, -3.00615, 0.304473, 0.304473, 0.695527
7.34515, -0.206556, -3.00615, 0.304473, 0.304473, 0.695527
7.3452, -0.206556, -3.00615, 0.304473, 0.304473, 0.695527
7.34525, -0.206556, -3.00615, 0.304473, 0.304473, 0.695527
7.3453, -0.206556, -3.00615, 0.304473, 0.304473, 0.695527
7.34535, -0.206556, -3.00615, 0.304473, 0.304473, 0.695527
7.3454, -0.206556, -3.00615, 0.304473, 0.304473, 0.695527
7.34545, -0.206556, -3.00615, 0.304473, 0.304473, 0.695527
7.3455, -0.206556, -3.00615, 0.304473, 0.304473, 0.695527
7.34555, -0.206556, -3.00615, 0.304473, 0.304473, 0.695527
7.3456, -0.206556, -3.00615, 0.304473, 0.304473, 0.695527
7.34565, -0.206556, -3.00615, 0.304473, 0.304473, 0.695527
7.3457, -0.206556, -3.00615, 0.304473, 0.304473, 0.695527
7.34575, -0.206556, -3.00615, 0.304473, 0.304473, 0.695527
7.3458, -0.206556, -3.00615, 0.304473, 0.304473, 0.695527
7.34585, -0.206556, -3.00615, 0.304473, 0.304473, 0.695527
7.3459, -0.206556, -3.00615, 0.304473, 0.304473, 0.695527
7.34596, -0.206556, -3.00615, 0.304473, 0.304473, 0.695527
7.34601, -0.206556, -3.00615, 0.304473, 0.304473, 0.695527
7.34606, -0.20657, -3.00629, 0.304493, 0.304493, 0.695507
7.34611, -0.206569, -3.00629, 0.304493, 0.304493, 0.695507
7.34616, -0.206569, -3.00629, 0.304493, 0.304493, 0.695507
7.34621, -0.206569, -3.00629, 0.304493, 0.304493, 0.695507
7.34626, -0.206569, -3.00629, 0.304493, 0.304493, 0.695507
7.34631, -0.206569, -3.00629, 0.304493, 0.304493, 0.695507
7.34636, -0.206569, -3.00629, 0.304493, 0.304493, 0.695507
7.34641, -0.206569, -3.00629, 0.304493, 0.304493, 0.695507
7.34646, -0.206569, -3.00629, 0.304493, 0.304493, 0.695507
7.34651, -0.206569, -3.00629, 0.304493, 0.304493, 0.695507
7.34656, -0.206569, -3.00629, 0.304493, 0.304493, 0.695507
7.34661, -0.206569, -3.00629, 0.304493, 0.304493, 0.695507
7.34666, -0.206569, -3.00629, 0.304493, 0.304493, 0.695507
7.34671, -0.206569, -3.00629, 0.304493, 0.304493, 0.695507
7.34676, -0.206569, -3.00629, 0.304493, 0.304493, 0.695507
7.34681, -0.206569, -3.00629, 0.304493, 0.304493, 0.695507
7.34687, -0.206569, -3.00629, 0.304493, 0.304493, 0.695507
7.34692, -0.206569, -3.00629, 0.304493, 0.304493, 0.695507
7.34697, -0.206569, -3.00629, 0.304493, 0.304493, 0.695507
7.34702, -0.206569, -3.00629, 0.304493, 0.304493, 0.695507
7.34707, -0.206569, -3.00629, 0.304493, 0.304493, 0.695507
7.34712, -0.206569, -3.00629, 0.304493, 0.304493, 0.695507
7.34717, -0.206569, -3.00629, 0.304493, 0.304493, 0.695507
7.34722, -0.206569, -3.00629, 0.304493, 0.304493, 0.695507
7.34727, -0.206569, -3.00629, 0.304493, 0.304493, 0.695507
7.34732, -0.206569, -3.00629, 0.304493, 0.304493, 0.695507
7.34737, -0.206569, -3.00629, 0.304493, 0.304493, 0.695507
7.34742, -0.206569, -3.00629, 0.304493, 0.304493, 0.695507
7.34747, -0.206569, -3.00629, 0.304493, 0.304493, 0.695507
7.34752, -0.206569, -3.00629, 0.304493, 0.304493, 0.695507
7.34757, -0.206569, -3.00629, 0.304493, 0.304493, 0.695507
7.34762, -0.206569, -3.00629, 0.304493, 0.304493, 0.695507
7.34767, -0.206569, -3.00629, 0.304493, 0.304493, 0.695507
7.34772, -0.206569, -3.00629, 0.304493, 0.304493, 0.695507
7.34778, -0.206569, -3.00629, 0.304493, 0.304493, 0.695507
7.34783, -0.206569, -3.00629, 0.304493, 0.304493, 0.695507
7.34788, -0.206569, -3.00629, 0.304493, 0.304493, 0.695507
7.34793, -0.206569, -3.00629, 0.304493, 0.304493, 0.695507
7.34798, -0.206569, -3.00629, 0.304493, 0.304493, 0.695507
7.34803, -0.206569, -3.00629, 0.304493, 0.304493, 0.695507
7.34808, -0.206569, -3.00629, 0.304493, 0.304493, 0.695507
7.34813, -0.206569, -3.00629, 0.304493, 0.304493, 0.695507
7.34818, -0.206569, -3.00629, 0.304493, 0.304493, 0.695507
7.34823, -0.206569, -3.00629, 0.304493, 0.304493, 0.695507
7.34828, -0.206569, -3.00629, 0.304493, 0.304493, 0.695507
7.34833, -0.206569, -3.00629, 0.304493, 0.304493, 0.695507
7.34838, -0.206569, -3.00629, 0.304493, 0.304493, 0.695507
7.34843, -0.206569, -3.00629, 0.304493, 0.304493, 0.695507
7.34848, -0.206569, -3.00629, 0.304493, 0.304493, 0.695507
7.34853, -0.206583, -3.00643, 0.304514, 0.304514, 0.695486
7.34858, -0.206583, -3.00643, 0.304514, 0.304514, 0.695486
7.34863, -0.206583, -3.00643, 0.304514, 0.304514, 0.695486
7.34869, -0.206583, -3.00643, 0.304514, 0.304514, 0.695486
7.34874, -0.206583, -3.00643, 0.304514, 0.304514, 0.695486
7.34879, -0.206583, -3.00643, 0.304514, 0.304514, 0.695486
7.34884, -0.206583, -3.00643, 0.304514, 0.304514, 0.695486
7.34889, -0.206583, -3.00643, 0.304514, 0.304514, 0.695486
7.34894, -0.206583, -3.00643, 0.304514, 0.304514, 0.695486
7.34899, -0.206583, -3.00643, 0.304514, 0.304514, 0.695486
7.34904, -0.206583, -3.00643, 0.304514, 0.304514, 0.695486
7.34909, -0.206583, -3.00643, 0.304514, 0.304514, 0.695486
7.34914, -0.206596, -3.00657, 0.304534, 0.304534, 0.695466
7.34919, -0.206596, -3.00657, 0.304534, 0.304534, 0.695466
7.34924, -0.206596, -3.00657, 0.304534, 0.304534, 0.695466
7.34929, -0.206596, -3.00657, 0.304534, 0.304534, 0.695466
7.34934, -0.206596, -3.00657, 0.304534, 0.304534, 0.695466
7.34939, -0.206596, -3.00657, 0.304534, 0.304534, 0.695466
7.34944, -0.206596, -3.00657, 0.304534, 0.304534, 0.695466
7.34949, -0.206596, -3.00657, 0.304534, 0.304534, 0.695466
7.34954, -0.206596, -3.00657, 0.304534, 0.304534, 0.695466
7.3496, -0.206596, -3.00657, 0.304534, 0.304534, 0.695466
7.34965, -0.206596, -3.00657, 0.304534, 0.304534, 0.695466
7.3497, -0.206596, -3.00657, 0.304534, 0.304534, 0.695466
7.34975, -0.206596, -3.00657, 0.304534, 0.304534, 0.695466
7.3498, -0.206596, -3.00657, 0.304534, 0.304534, 0.695466
7.34985, -0.206596, -3.00657, 0.304534, 0.304534, 0.695466
7.3499, -0.206596, -3.00657, 0.304534, 0.304534, 0.695466
7.34995, -0.206596, -3.00657, 0.304534, 0.304534, 0.695466
7.35, -0.206596, -3.00657, 0.304534, 0.304534, 0.695466
7.35005, -0.206596, -3.00657, 0.304534, 0.304534, 0.695466
7.3501, -0.206596, -3.00657, 0.304534, 0.304534, 0.695466
7.35015, -0.206596, -3.00657, 0.304534, 0.304534, 0.695466
7.3502, -0.206596, -3.00657, 0.304534, 0.304534, 0.695466
7.35025, -0.206596, -3.00657, 0.304534, 0.304534, 0.695466
7.3503, -0.206596, -3.00657, 0.304534, 0.304534, 0.695466
7.35035, -0.206596, -3.00657, 0.304534, 0.304534, 0.695466
7.3504, -0.206596, -3.00657, 0.304534, 0.304534, 0.695466
7.35046, -0.206596, -3.00657, 0.304534, 0.304534, 0.695466
7.35051, -0.206596, -3.00657, 0.304534, 0.304534, 0.695466
7.35056, -0.206596, -3.00657, 0.304534, 0.304534, 0.695466
7.35061, -0.206596, -3.00657, 0.304534, 0.304534, 0.695466
7.35066, -0.206596, -3.00657, 0.304534, 0.304534, 0.695466
7.35071, -0.206596, -3.00657, 0.304534, 0.304534, 0.695466
7.35076, -0.206596, -3.00657, 0.304534, 0.304534, 0.695466
7.35081, -0.206596, -3.00657, 0.304534, 0.304534, 0.695466
7.35086, -0.20661, -3.00671, 0.304555, 0.304555, 0.695445
7.35091, -0.20661, -3.00671, 0.304555, 0.304555, 0.695445
7.35096, -0.20661, -3.00671, 0.304555, 0.304555, 0.695445
7.35101, -0.20661, -3.00671, 0.304555, 0.304555, 0.695445
7.35106, -0.20661, -3.00671, 0.304555, 0.304555, 0.695445
7.35111, -0.20661, -3.00671, 0.304555, 0.304555, 0.695445
7.35116, -0.20661, -3.00671, 0.304555, 0.304555, 0.695445
7.35121, -0.20661, -3.00671, 0.304555, 0.304555, 0.695445
7.35126, -0.20661, -3.00671, 0.304555, 0.304555, 0.695445
7.35131, -0.20661, -3.00671, 0.304555, 0.304555, 0.695445
7.35137, -0.20661, -3.00671, 0.304555, 0.304555, 0.695445
7.35142, -0.20661, -3.00671, 0.304555, 0.304555, 0.695445
7.35147, -0.20661, -3.00671, 0.304555, 0.304555, 0.695445
7.35152, -0.20661, -3.00671, 0.304555, 0.304555, 0.695445
7.35157, -0.20661, -3.00671, 0.304555, 0.304555, 0.695445
7.35162, -0.20661, -3.00671, 0.304555, 0.304555, 0.695445
7.35167, -0.20661, -3.00671, 0.304555, 0.304555, 0.695445
7.35172, -0.20661, -3.00671, 0.304555, 0.304555, 0.695445
7.35177, -0.20661, -3.00671, 0.304555, 0.304555, 0.695445
7.35182, -0.20661, -3.00671, 0.304555, 0.304555, 0.695445
7.35187, -0.20661, -3.00671, 0.304555, 0.304555, 0.695445
7.35192, -0.20661, -3.00671, 0.304555, 0.304555, 0.695445
7.35197, -0.20661, -3.00671, 0.304555, 0.304555, 0.695445
7.35202, -0.20661, -3.00671, 0.304555, 0.304555, 0.695445
7.35207, -0.20661, -3.00671, 0.304555, 0.304555, 0.695445
7.35212, -0.206623, -3.00685, 0.304575, 0.304575, 0.695425
7.35217, -0.206623, -3.00685, 0.304575, 0.304575, 0.695425
7.35222, -0.206623, -3.00685, 0.304575, 0.304575, 0.695425
7.35228, -0.206623, -3.00685, 0.304575, 0.304575, 0.695425
7.35233, -0.206623, -3.00685, 0.304575, 0.304575, 0.695425
7.35238, -0.206623, -3.00685, 0.304575, 0.304575, 0.695425
7.35243, -0.206623, -3.00685, 0.304575, 0.304575, 0.695425
7.35248, -0.206623, -3.00685, 0.304575, 0.304575, 0.695425
7.35253, -0.206623, -3.00685, 0.304575, 0.304575, 0.695425
7.35258, -0.206623, -3.00685, 0.304575, 0.304575, 0.695425
7.35263, -0.206623, -3.00685, 0.304575, 0.304575, 0.695425
7.35268, -0.206623, -3.00685, 0.304575, 0.304575, 0.695425
7.35273, -0.206623, -3.00685, 0.304575, 0.304575, 0.695425
7.35278, -0.206623, -3.00685, 0.304575, 0.304575, 0.695425
7.35283, -0.206623, -3.00685, 0.304575, 0.304575, 0.695425
7.35288, -0.206623, -3.00685, 0.304575, 0.304575, 0.695425
7.35293, -0.206623, -3.00685, 0.304575, 0.304575, 0.695425
7.35298, -0.206623, -3.00685, 0.304575, 0.304575, 0.695425
7.35303, -0.206623, -3.00685, 0.304575, 0.304575, 0.695425
7.35308, -0.206623, -3.00685, 0.304575, 0.304575, 0.695425
7.35313, -0.206623, -3.00685, 0.304575, 0.304575, 0.695425
7.35319, -0.206623, -3.00685, 0.304575, 0.304575, 0.695425
7.35324, -0.206623, -3.00685, 0.304575, 0.304575, 0.695425
7.35329, -0.206623, -3.00685, 0.304575, 0.304575, 0.695425
7.35334, -0.206623, -3.00685, 0.304575, 0.304575, 0.695425
7.35339, -0.206623, -3.00685, 0.304575, 0.304575, 0.695425
7.35344, -0.206623, -3.00685, 0.304575, 0.304575, 0.695425
7.35349, -0.206623, -3.00685, 0.304575, 0.304575, 0.695425
7.35354, -0.206623, -3.00685, 0.304575, 0.304575, 0.695425
7.35359, -0.206623, -3.00685, 0.304575, 0.304575, 0.695425
7.35364, -0.206623, -3.00685, 0.304575, 0.304575, 0.695425
7.35369, -0.206623, -3.00685, 0.304575, 0.304575, 0.695425
7.35374, -0.206623, -3.00685, 0.304575, 0.304575, 0.695425
7.35379, -0.206623, -3.00685, 0.304575, 0.304575, 0.695425
7.35384, -0.206623, -3.00685, 0.304575, 0.304575, 0.695425
7.35389, -0.206623, -3.00685, 0.304575, 0.304575, 0.695425
7.35394, -0.206623, -3.00685, 0.304575, 0.304575, 0.695425
7.35399, -0.206623, -3.00685, 0.304575, 0.304575, 0.695425
7.35404, -0.206623, -3.00685, 0.304575, 0.304575, 0.695425
7.3541, -0.206623, -3.00685, 0.304575, 0.304575, 0.695425
7.35415, -0.206623, -3.00685, 0.304575, 0.304575, 0.695425
7.3542, -0.206623, -3.00685, 0.304575, 0.304575, 0.695425
7.35425, -0.206623, -3.00685, 0.304575, 0.304575, 0.695425
7.3543, -0.206623, -3.00685, 0.304575, 0.304575, 0.695425
7.35435, -0.206623, -3.00685, 0.304575, 0.304575, 0.695425
7.3544, -0.206623, -3.00685, 0.304575, 0.304575, 0.695425
7.35445, -0.206623, -3.00685, 0.304575, 0.304575, 0.695425
7.3545, -0.206623, -3.00685, 0.304575, 0.304575, 0.695425
7.35455, -0.206623, -3.00685, 0.304575, 0.304575, 0.695425
7.3546, -0.206623, -3.00685, 0.304575, 0.304575, 0.695425
7.35465, -0.206623, -3.00685, 0.304575, 0.304575, 0.695425
7.3547, -0.206623, -3.00685, 0.304575, 0.304575, 0.695425
7.35475, -0.206623, -3.00685, 0.304575, 0.304575, 0.695425
7.3548, -0.206623, -3.00685, 0.304575, 0.304575, 0.695425
7.35485, -0.206623, -3.00685, 0.304575, 0.304575, 0.695425
7.3549, -0.206623, -3.00685, 0.304575, 0.304575, 0.695425
7.35495, -0.206623, -3.00685, 0.304575, 0.304575, 0.695425
7.35501, -0.206623, -3.00685, 0.304575, 0.304575, 0.695425
7.35506, -0.206623, -3.00685, 0.304575, 0.304575, 0.695425
7.35511, -0.206623, -3.00685, 0.304575, 0.304575, 0.695425
7.35516, -0.206623, -3.00685, 0.304575, 0.304575, 0.695425
7.35521, -0.206623, -3.00685, 0.304575, 0.304575, 0.695425
7.35526, -0.206623, -3.00685, 0.304575, 0.304575, 0.695425
7.35531, -0.206623, -3.00685, 0.304575, 0.304575, 0.695425
7.35536, -0.206623, -3.00685, 0.304575, 0.304575, 0.695425
7.35541, -0.206623, -3.00685, 0.304575, 0.304575, 0.695425
7.35546, -0.206623, -3.00685, 0.304575, 0.304575, 0.695425
7.35551, -0.206623, -3.00685, 0.304575, 0.304575, 0.695425
7.35556, -0.206623, -3.00685, 0.304575, 0.304575, 0.695425
7.35561, -0.206623, -3.00685, 0.304575, 0.304575, 0.695425
7.35566, -0.206623, -3.00685, 0.304575, 0.304575, 0.695425
7.35571, -0.206623, -3.00685, 0.304575, 0.304575, 0.695425
7.35576, -0.206637, -3.00699, 0.304596, 0.304596, 0.695404
7.35581, -0.206637, -3.00699, 0.304596, 0.304596, 0.695404
7.35586, -0.206637, -3.00699, 0.304596, 0.304596, 0.695404
7.35592, -0.206637, -3.00699, 0.304596, 0.304596, 0.695404
7.35597, -0.206637, -3.00699, 0.304596, 0.304596, 0.695404
7.35602, -0.206637, -3.00699, 0.304596, 0.304596, 0.695404
7.35607, -0.206637, -3.00699, 0.304596, 0.304596, 0.695404
7.35612, -0.206637, -3.00699, 0.304596, 0.304596, 0.695404
7.35617, -0.206637, -3.00699, 0.304596, 0.304596, 0.695404
7.35622, -0.206637, -3.00699, 0.304596, 0.304596, 0.695404
7.35627, -0.206637, -3.00699, 0.304596, 0.304596, 0.695404
7.35632, -0.206637, -3.00699, 0.304596, 0.304596, 0.695404
7.35637, -0.20665, -3.00713, 0.304617, 0.304617, 0.695383
7.35642, -0.20665, -3.00713, 0.304617, 0.304617, 0.695383
7.35647, -0.20665, -3.00713, 0.304617, 0.304617, 0.695383
7.35652, -0.20665, -3.00713, 0.304617, 0.304617, 0.695383
7.35657, -0.20665, -3.00713, 0.304617, 0.304617, 0.695383
7.35662, -0.20665, -3.00713, 0.304617, 0.304617, 0.695383
7.35667, -0.20665, -3.00713, 0.304617, 0.304617, 0.695383
7.35672, -0.20665, -3.00713, 0.304617, 0.304617, 0.695383
7.35677, -0.20665, -3.00713, 0.304617, 0.304617, 0.695383
7.35683, -0.20665, -3.00713, 0.304617, 0.304617, 0.695383
7.35688, -0.20665, -3.00713, 0.304617, 0.304617, 0.695383
7.35693, -0.20665, -3.00713, 0.304617, 0.304617, 0.695383
7.35698, -0.20665, -3.00713, 0.304617, 0.304617, 0.695383
7.35703, -0.20665, -3.00713, 0.304617, 0.304617, 0.695383
7.35708, -0.20665, -3.00713, 0.304617, 0.304617, 0.695383
7.35713, -0.20665, -3.00713, 0.304617, 0.304617, 0.695383
7.35718, -0.20665, -3.00713, 0.304617, 0.304617, 0.695383
7.35723, -0.20665, -3.00713, 0.304617, 0.304617, 0.695383
7.35728, -0.20665, -3.00713, 0.304617, 0.304617, 0.695383
7.35733, -0.20665, -3.00713, 0.304617, 0.304617, 0.695383
7.35738, -0.20665, -3.00713, 0.304617, 0.304617, 0.695383
7.35743, -0.20665, -3.00713, 0.304617, 0.304617, 0.695383
7.35748, -0.20665, -3.00713, 0.304617, 0.304617, 0.695383
7.35753, -0.20665, -3.00713, 0.304617, 0.304617, 0.695383
7.35758, -0.20665, -3.00713, 0.304617, 0.304617, 0.695383
7.35763, -0.20665, -3.00713, 0.304617, 0.304617, 0.695383
7.35768, -0.20665, -3.00713, 0.304617, 0.304617, 0.695383
7.35774, -0.20665, -3.00713, 0.304617, 0.304617, 0.695383
7.35779, -0.20665, -3.00713, 0.304617, 0.304617, 0.695383
7.35784, -0.20665, -3.00713, 0.304617, 0.304617, 0.695383
7.35789, -0.20665, -3.00713, 0.304617, 0.304617, 0.695383
7.35794, -0.20665, -3.00713, 0.304617, 0.304617, 0.695383
7.35799, -0.20665, -3.00713, 0.304617, 0.304617, 0.695383
7.35804, -0.20665, -3.00713, 0.304617, 0.304617, 0.695383
7.35809, -0.20665, -3.00713, 0.304617, 0.304617, 0.695383
7.35814, -0.20665, -3.00713, 0.304617, 0.304617, 0.695383
7.35819, -0.20665, -3.00713, 0.304617, 0.304617, 0.695383
7.35824, -0.20665, -3.00713, 0.304617, 0.304617, 0.695383
7.35829, -0.20665, -3.00713, 0.304617, 0.304617, 0.695383
7.35834, -0.20665, -3.00713, 0.304617, 0.304617, 0.695383
7.35839, -0.20665, -3.00713, 0.304617, 0.304617, 0.695383
7.35844, -0.20665, -3.00713, 0.304617, 0.304617, 0.695383
7.35849, -0.20665, -3.00713, 0.304617, 0.304617, 0.695383
7.35854, -0.20665, -3.00713, 0.304617, 0.304617, 0.695383
7.35859, -0.20665, -3.00713, 0.304617, 0.304617, 0.695383
7.35865, -0.20665, -3.00713, 0.304617, 0.304617, 0.695383
7.3587, -0.20665, -3.00713, 0.304617, 0.304617, 0.695383
7.35875, -0.20665, -3.00713, 0.304617, 0.304617, 0.695383
7.3588, -0.20665, -3.00713, 0.304617, 0.304617, 0.695383
7.35885, -0.20665, -3.00713, 0.304617, 0.304617, 0.695383
7.3589, -0.20665, -3.00713, 0.304617, 0.304617, 0.695383
7.35895, -0.20665, -3.00713, 0.304617, 0.304617, 0.695383
7.359, -0.20665, -3.00713, 0.304617, 0.304617, 0.695383
7.35905, -0.20665, -3.00713, 0.304617, 0.304617, 0.695383
7.3591, -0.20665, -3.00713, 0.304617, 0.304617, 0.695383
7.35915, -0.20665, -3.00713, 0.304617, 0.304617, 0.695383
7.3592, -0.20665, -3.00713, 0.304617, 0.304617, 0.695383
7.35925, -0.20665, -3.00713, 0.304617, 0.304617, 0.695383
7.3593, -0.20665, -3.00713, 0.304617, 0.304617, 0.695383
7.35935, -0.206664, -3.00727, 0.304637, 0.304637, 0.695363
7.3594, -0.206664, -3.00727, 0.304637, 0.304637, 0.695363
7.35945, -0.206664, -3.00727, 0.304637, 0.304637, 0.695363
7.3595, -0.206664, -3.00727, 0.304637, 0.304637, 0.695363
7.35956, -0.206664, -3.00727, 0.304637, 0.304637, 0.695363
7.35961, -0.206664, -3.00727, 0.304637, 0.304637, 0.695363
7.35966, -0.206664, -3.00727, 0.304637, 0.304637, 0.695363
7.35971, -0.206664, -3.00727, 0.304637, 0.304637, 0.695363
7.35976, -0.206664, -3.00727, 0.304637, 0.304637, 0.695363
7.35981, -0.206664, -3.00727, 0.304637, 0.304637, 0.695363
7.35986, -0.206664, -3.00727, 0.304637, 0.304637, 0.695363
7.35991, -0.206664, -3.00727, 0.304637, 0.304637, 0.695363
7.35996, -0.206664, -3.00727, 0.304637, 0.304637, 0.695363
7.36001, -0.206664, -3.00727, 0.304637, 0.304637, 0.695363
7.36006, -0.206664, -3.00727, 0.304637, 0.304637, 0.695363
7.36011, -0.206664, -3.00727, 0.304637, 0.304637, 0.695363
7.36016, -0.206664, -3.00727, 0.304637, 0.304637, 0.695363
7.36021, -0.206664, -3.00727, 0.304637, 0.304637, 0.695363
7.36026, -0.206664, -3.00727, 0.304637, 0.304637, 0.695363
7.36031, -0.206664, -3.00727, 0.304637, 0.304637, 0.695363
7.36036, -0.206664, -3.00727, 0.304637, 0.304637, 0.695363
7.36041, -0.206664, -3.00727, 0.304637, 0.304637, 0.695363
7.36047, -0.206664, -3.00727, 0.304637, 0.304637, 0.695363
7.36052, -0.206664, -3.00727, 0.304637, 0.304637, 0.695363
7.36057, -0.206664, -3.00727, 0.304637, 0.304637, 0.695363
7.36062, -0.206664, -3.00727, 0.304637, 0.304637, 0.695363
7.36067, -0.206664, -3.00727, 0.304637, 0.304637, 0.695363
7.36072, -0.206664, -3.00727, 0.304637, 0.304637, 0.695363
7.36077, -0.206664, -3.00727, 0.304637, 0.304637, 0.695363
7.36082, -0.206664, -3.00727, 0.304637, 0.304637, 0.695363
7.36087, -0.206664, -3.00727, 0.304637, 0.304637, 0.695363
7.36092, -0.206664, -3.00727, 0.304637, 0.304637, 0.695363
7.36097, -0.206664, -3.00727, 0.304637, 0.304637, 0.695363
7.36102, -0.206664, -3.00727, 0.304637, 0.304637, 0.695363
7.36107, -0.206664, -3.00727, 0.304637, 0.304637, 0.695363
7.36112, -0.206664, -3.00727, 0.304637, 0.304637, 0.695363
7.36117, -0.206664, -3.00727, 0.304637, 0.304637, 0.695363
7.36122, -0.206664, -3.00727, 0.304637, 0.304637, 0.695363
7.36127, -0.206664, -3.00727, 0.304637, 0.304637, 0.695363
7.36132, -0.206664, -3.00727, 0.304637, 0.304637, 0.695363
7.36138, -0.206664, -3.00727, 0.304637, 0.304637, 0.695363
7.36143, -0.206664, -3.00727, 0.304637, 0.304637, 0.695363
7.36148, -0.206664, -3.00727, 0.304637, 0.304637, 0.695363
7.36153, -0.206664, -3.00727, 0.304637, 0.304637, 0.695363
7.36158, -0.206664, -3.00727, 0.304637, 0.304637, 0.695363
7.36163, -0.206664, -3.00727, 0.304637, 0.304637, 0.695363
7.36168, -0.206664, -3.00727, 0.304637, 0.304637, 0.695363
7.36173, -0.206664, -3.00727, 0.304637, 0.304637, 0.695363
7.36178, -0.206664, -3.00727, 0.304637, 0.304637, 0.695363
7.36183, -0.206664, -3.00727, 0.304637, 0.304637, 0.695363
7.36188, -0.206664, -3.00727, 0.304637, 0.304637, 0.695363
7.36193, -0.206664, -3.00727, 0.304637, 0.304637, 0.695363
7.36198, -0.206664, -3.00727, 0.304637, 0.304637, 0.695363
7.36203, -0.206664, -3.00727, 0.304637, 0.304637, 0.695363
7.36208, -0.206664, -3.00727, 0.304637, 0.304637, 0.695363
7.36213, -0.206664, -3.00727, 0.304637, 0.304637, 0.695363
7.36218, -0.206664, -3.00727, 0.304637, 0.304637, 0.695363
7.36223, -0.206664, -3.00727, 0.304637, 0.304637, 0.695363
7.36229, -0.206664, -3.00727, 0.304637, 0.304637, 0.695363
7.36234, -0.206664, -3.00727, 0.304637, 0.304637, 0.695363
7.36239, -0.206664, -3.00727, 0.304637, 0.304637, 0.695363
7.36244, -0.206664, -3.00727, 0.304637, 0.304637, 0.695363
7.36249, -0.206664, -3.00727, 0.304637, 0.304637, 0.695363
7.36254, -0.206664, -3.00727, 0.304637, 0.304637, 0.695363
7.36259, -0.206664, -3.00727, 0.304637, 0.304637, 0.695363
7.36264, -0.206664, -3.00727, 0.304637, 0.304637, 0.695363
7.36269, -0.206664, -3.00727, 0.304637, 0.304637, 0.695363
7.36274, -0.206664, -3.00727, 0.304637, 0.304637, 0.695363
7.36279, -0.206664, -3.00727, 0.304637, 0.304637, 0.695363
7.36284, -0.206664, -3.00727, 0.304637, 0.304637, 0.695363
7.36289, -0.206664, -3.00727, 0.304637, 0.304637, 0.695363
7.36294, -0.206677, -3.00741, 0.304658, 0.304658, 0.695342
7.36299, -0.206677, -3.00741, 0.304658, 0.304658, 0.695342
7.36304, -0.206677, -3.00741, 0.304658, 0.304658, 0.695342
7.36309, -0.206677, -3.00741, 0.304658, 0.304658, 0.695342
7.36314, -0.206677, -3.00741, 0.304658, 0.304658, 0.695342
7.3632, -0.206691, -3.00755, 0.304678, 0.304678, 0.695322
7.36325, -0.206691, -3.00755, 0.304678, 0.304678, 0.695322
7.3633, -0.206691, -3.00755, 0.304678, 0.304678, 0.695322
7.36335, -0.206691, -3.00755, 0.304678, 0.304678, 0.695322
7.3634, -0.206691, -3.00755, 0.304678, 0.304678, 0.695322
7.36345, -0.206691, -3.00755, 0.304678, 0.304678, 0.695322
7.3635, -0.206691, -3.00755, 0.304678, 0.304678, 0.695322
7.36355, -0.206691, -3.00755, 0.304678, 0.304678, 0.695322
7.3636, -0.206691, -3.00755, 0.304678, 0.304678, 0.695322
7.36365, -0.206691, -3.00755, 0.304678, 0.304678, 0.695322
7.3637, -0.206691, -3.00755, 0.304678, 0.304678, 0.695322
7.36375, -0.206691, -3.00755, 0.304678, 0.304678, 0.695322
7.3638, -0.206691, -3.00755, 0.304678, 0.304678, 0.695322
7.36385, -0.206691, -3.00755, 0.304678, 0.304678, 0.695322
7.3639, -0.206691, -3.00755, 0.304678, 0.304678, 0.695322
7.36395, -0.206691, -3.00755, 0.304678, 0.304678, 0.695322
7.364, -0.206691, -3.00755, 0.304678, 0.304678, 0.695322
7.36405, -0.206691, -3.00755, 0.304678, 0.304678, 0.695322
7.36411, -0.206691, -3.00755, 0.304678, 0.304678, 0.695322
7.36416, -0.206691, -3.00755, 0.304678, 0.304678, 0.695322
7.36421, -0.206691, -3.00755, 0.304678, 0.304678, 0.695322
7.36426, -0.206691, -3.00755, 0.304678, 0.304678, 0.695322
7.36431, -0.206691, -3.00755, 0.304678, 0.304678, 0.695322
7.36436, -0.206691, -3.00755, 0.304678, 0.304678, 0.695322
7.36441, -0.206691, -3.00755, 0.304678, 0.304678, 0.695322
7.36446, -0.206691, -3.00755, 0.304678, 0.304678, 0.695322
7.36451, -0.206691, -3.00755, 0.304678, 0.304678, 0.695322
7.36456, -0.206691, -3.00755, 0.304678, 0.304678, 0.695322
7.36461, -0.206691, -3.00755, 0.304678, 0.304678, 0.695322
7.36466, -0.206691, -3.00755, 0.304678, 0.304678, 0.695322
7.36471, -0.206691, -3.00755, 0.304678, 0.304678, 0.695322
7.36476, -0.206691, -3.00755, 0.304678, 0.304678, 0.695322
7.36481, -0.206691, -3.00755, 0.304678, 0.304678, 0.695322
7.36486, -0.206691, -3.00755, 0.304678, 0.304678, 0.695322
7.36491, -0.206691, -3.00755, 0.304678, 0.304678, 0.695322
7.36496, -0.206691, -3.00755, 0.304678, 0.304678, 0.695322
7.36502, -0.206691, -3.00755, 0.304678, 0.304678, 0.695322
7.36507, -0.206691, -3.00755, 0.304678, 0.304678, 0.695322
7.36512, -0.206691, -3.00755, 0.304678, 0.304678, 0.695322
7.36517, -0.206691, -3.00755, 0.304678, 0.304678, 0.695322
7.36522, -0.206691, -3.00755, 0.304678, 0.304678, 0.695322
7.36527, -0.206691, -3.00755, 0.304678, 0.304678, 0.695322
7.36532, -0.206691, -3.00755, 0.304678, 0.304678, 0.695322
7.36537, -0.206691, -3.00755, 0.304678, 0.304678, 0.695322
7.36542, -0.206691, -3.00755, 0.304678, 0.304678, 0.695322
7.36547, -0.206691, -3.00755, 0.304678, 0.304678, 0.695322
7.36552, -0.206691, -3.00755, 0.304678, 0.304678, 0.695322
7.36557, -0.206691, -3.00755, 0.304678, 0.304678, 0.695322
7.36562, -0.206691, -3.00755, 0.304678, 0.304678, 0.695322
7.36567, -0.206691, -3.00755, 0.304678, 0.304678, 0.695322
7.36572, -0.206691, -3.00755, 0.304678, 0.304678, 0.695322
7.36577, -0.206691, -3.00755, 0.304678, 0.304678, 0.695322
7.36582, -0.206691, -3.00755, 0.304678, 0.304678, 0.695322
7.36587, -0.206691, -3.00755, 0.304678, 0.304678, 0.695322
7.36593, -0.206691, -3.00755, 0.304678, 0.304678, 0.695322
7.36598, -0.206691, -3.00755, 0.304678, 0.304678, 0.695322
7.36603, -0.206691, -3.00755, 0.304678, 0.304678, 0.695322
7.36608, -0.206691, -3.00755, 0.304678, 0.304678, 0.695322
7.36613, -0.206691, -3.00755, 0.304678, 0.304678, 0.695322
7.36618, -0.206691, -3.00755, 0.304678, 0.304678, 0.695322
7.36623, -0.206691, -3.00755, 0.304678, 0.304678, 0.695322
7.36628, -0.206691, -3.00755, 0.304678, 0.304678, 0.695322
7.36633, -0.206691, -3.00755, 0.304678, 0.304678, 0.695322
7.36638, -0.206691, -3.00755, 0.304678, 0.304678, 0.695322
7.36643, -0.206691, -3.00755, 0.304678, 0.304678, 0.695322
7.36648, -0.206691, -3.00755, 0.304678, 0.304678, 0.695322
7.36653, -0.206691, -3.00755, 0.304678, 0.304678, 0.695322
7.36658, -0.206704, -3.00769, 0.304699, 0.304699, 0.695301
7.36663, -0.206704, -3.00769, 0.304699, 0.304699, 0.695301
7.36668, -0.206704, -3.00769, 0.304699, 0.304699, 0.695301
7.36673, -0.206704, -3.00769, 0.304699, 0.304699, 0.695301
7.36678, -0.206704, -3.00769, 0.304699, 0.304699, 0.695301
7.36684, -0.206704, -3.00769, 0.304699, 0.304699, 0.695301
7.36689, -0.206704, -3.00769, 0.304699, 0.304699, 0.695301
7.36694, -0.206704, -3.00769, 0.304699, 0.304699, 0.695301
7.36699, -0.206704, -3.00769, 0.304699, 0.304699, 0.695301
7.36704, -0.206704, -3.00769, 0.304699, 0.304699, 0.695301
7.36709, -0.206704, -3.00769, 0.304699, 0.304699, 0.695301
7.36714, -0.206704, -3.00769, 0.304699, 0.304699, 0.695301
7.36719, -0.206704, -3.00769, 0.304699, 0.304699, 0.695301
7.36724, -0.206704, -3.00769, 0.304699, 0.304699, 0.695301
7.36729, -0.206704, -3.00769, 0.304699, 0.304699, 0.695301
7.36734, -0.206704, -3.00769, 0.304699, 0.304699, 0.695301
7.36739, -0.206704, -3.00769, 0.304699, 0.304699, 0.695301
7.36744, -0.206704, -3.00769, 0.304699, 0.304699, 0.695301
7.36749, -0.206704, -3.00769, 0.304699, 0.304699, 0.695301
7.36754, -0.206704, -3.00769, 0.304699, 0.304699, 0.695301
7.36759, -0.206704, -3.00769, 0.304699, 0.304699, 0.695301
7.36764, -0.206704, -3.00769, 0.304699, 0.304699, 0.695301
7.36769, -0.206704, -3.00769, 0.304699, 0.304699, 0.695301
7.36775, -0.206704, -3.00769, 0.304699, 0.304699, 0.695301
7.3678, -0.206704, -3.00769, 0.304699, 0.304699, 0.695301
7.36785, -0.206704, -3.00769, 0.304699, 0.304699, 0.695301
7.3679, -0.206704, -3.00769, 0.304699, 0.304699, 0.695301
7.36795, -0.206704, -3.00769, 0.304699, 0.304699, 0.695301
7.368, -0.206704, -3.00769, 0.304699, 0.304699, 0.695301
7.36805, -0.206704, -3.00769, 0.304699, 0.304699, 0.695301
7.3681, -0.206704, -3.00769, 0.304699, 0.304699, 0.695301
7.36815, -0.206704, -3.00769, 0.304699, 0.304699, 0.695301
7.3682, -0.206704, -3.00769, 0.304699, 0.304699, 0.695301
7.36825, -0.206704, -3.00769, 0.304699, 0.304699, 0.695301
7.3683, -0.206704, -3.00769, 0.304699, 0.304699, 0.695301
7.36835, -0.206704, -3.00769, 0.304699, 0.304699, 0.695301
7.3684, -0.206704, -3.00769, 0.304699, 0.304699, 0.695301
7.36845, -0.206704, -3.00769, 0.304699, 0.304699, 0.695301
7.3685, -0.206704, -3.00769, 0.304699, 0.304699, 0.695301
7.36855, -0.206704, -3.00769, 0.304699, 0.304699, 0.695301
7.3686, -0.206704, -3.00769, 0.304699, 0.304699, 0.695301
7.36866, -0.206704, -3.00769, 0.304699, 0.304699, 0.695301
7.36871, -0.206704, -3.00769, 0.304699, 0.304699, 0.695301
7.36876, -0.206704, -3.00769, 0.304699, 0.304699, 0.695301
7.36881, -0.206704, -3.00769, 0.304699, 0.304699, 0.695301
7.36886, -0.206704, -3.00769, 0.304699, 0.304699, 0.695301
7.36891, -0.206704, -3.00769, 0.304699, 0.304699, 0.695301
7.36896, -0.206704, -3.00769, 0.304699, 0.304699, 0.695301
7.36901, -0.206704, -3.00769, 0.304699, 0.304699, 0.695301
7.36906, -0.206704, -3.00769, 0.304699, 0.304699, 0.695301
7.36911, -0.206704, -3.00769, 0.304699, 0.304699, 0.695301
7.36916, -0.206704, -3.00769, 0.304699, 0.304699, 0.695301
7.36921, -0.206704, -3.00769, 0.304699, 0.304699, 0.695301
7.36926, -0.206704, -3.00769, 0.304699, 0.304699, 0.695301
7.36931, -0.206704, -3.00769, 0.304699, 0.304699, 0.695301
7.36936, -0.206704, -3.00769, 0.304699, 0.304699, 0.695301
7.36941, -0.206704, -3.00769, 0.304699, 0.304699, 0.695301
7.36946, -0.206704, -3.00769, 0.304699, 0.304699, 0.695301
7.36951, -0.206704, -3.00769, 0.304699, 0.304699, 0.695301
7.36957, -0.206704, -3.00769, 0.304699, 0.304699, 0.695301
7.36962, -0.206704, -3.00769, 0.304699, 0.304699, 0.695301
7.36967, -0.206704, -3.00769, 0.304699, 0.304699, 0.695301
7.36972, -0.206704, -3.00769, 0.304699, 0.304699, 0.695301
7.36977, -0.206704, -3.00769, 0.304699, 0.304699, 0.695301
7.36982, -0.206704, -3.00769, 0.304699, 0.304699, 0.695301
7.36987, -0.206704, -3.00769, 0.304699, 0.304699, 0.695301
7.36992, -0.206704, -3.00769, 0.304699, 0.304699, 0.695301
7.36997, -0.206704, -3.00769, 0.304699, 0.304699, 0.695301
7.37002, -0.206704, -3.00769, 0.304699, 0.304699, 0.695301
7.37007, -0.206704, -3.00769, 0.304699, 0.304699, 0.695301
7.37012, -0.206704, -3.00769, 0.304699, 0.304699, 0.695301
7.37017, -0.206718, -3.00783, 0.30472, 0.30472, 0.69528
7.37022, -0.206718, -3.00783, 0.30472, 0.30472, 0.69528
7.37027, -0.206718, -3.00783, 0.30472, 0.30472, 0.69528
7.37032, -0.206718, -3.00783, 0.30472, 0.30472, 0.69528
7.37037, -0.206718, -3.00783, 0.30472, 0.30472, 0.69528
7.37042, -0.206718, -3.00783, 0.30472, 0.30472, 0.69528
7.37048, -0.206718, -3.00783, 0.30472, 0.30472, 0.69528
7.37053, -0.206718, -3.00783, 0.30472, 0.30472, 0.69528
7.37058, -0.206718, -3.00783, 0.30472, 0.30472, 0.69528
7.37063, -0.206718, -3.00783, 0.30472, 0.30472, 0.69528
7.37068, -0.206718, -3.00783, 0.30472, 0.30472, 0.69528
7.37073, -0.206718, -3.00783, 0.30472, 0.30472, 0.69528
7.37078, -0.206731, -3.00797, 0.30474, 0.30474, 0.69526
7.37083, -0.206731, -3.00797, 0.30474, 0.30474, 0.69526
7.37088, -0.206731, -3.00797, 0.30474, 0.30474, 0.69526
7.37093, -0.206731, -3.00797, 0.30474, 0.30474, 0.69526
7.37098, -0.206731, -3.00797, 0.30474, 0.30474, 0.69526
7.37103, -0.206731, -3.00797, 0.30474, 0.30474, 0.69526
7.37108, -0.206731, -3.00797, 0.30474, 0.30474, 0.69526
7.37113, -0.206731, -3.00797, 0.30474, 0.30474, 0.69526
7.37118, -0.206731, -3.00797, 0.30474, 0.30474, 0.69526
7.37123, -0.206731, -3.00797, 0.30474, 0.30474, 0.69526
7.37128, -0.206731, -3.00797, 0.30474, 0.30474, 0.69526
7.37133, -0.206731, -3.00797, 0.30474, 0.30474, 0.69526
7.37139, -0.206731, -3.00797, 0.30474, 0.30474, 0.69526
7.37144, -0.206731, -3.00797, 0.30474, 0.30474, 0.69526
7.37149, -0.206731, -3.00797, 0.30474, 0.30474, 0.69526
7.37154, -0.206731, -3.00797, 0.30474, 0.30474, 0.69526
7.37159, -0.206731, -3.00797, 0.30474, 0.30474, 0.69526
7.37164, -0.206731, -3.00797, 0.30474, 0.30474, 0.69526
7.37169, -0.206731, -3.00797, 0.30474, 0.30474, 0.69526
7.37174, -0.206731, -3.00797, 0.30474, 0.30474, 0.69526
7.37179, -0.206731, -3.00797, 0.30474, 0.30474, 0.69526
7.37184, -0.206731, -3.00797, 0.30474, 0.30474, 0.69526
7.37189, -0.206731, -3.00797, 0.30474, 0.30474, 0.69526
7.37194, -0.206731, -3.00797, 0.30474, 0.30474, 0.69526
7.37199, -0.206731, -3.00797, 0.30474, 0.30474, 0.69526
7.37204, -0.206731, -3.00797, 0.30474, 0.30474, 0.69526
7.37209, -0.206731, -3.00797, 0.30474, 0.30474, 0.69526
7.37214, -0.206731, -3.00797, 0.30474, 0.30474, 0.69526
7.37219, -0.206731, -3.00797, 0.30474, 0.30474, 0.69526
7.37224, -0.206731, -3.00797, 0.30474, 0.30474, 0.69526
7.3723, -0.206731, -3.00797, 0.30474, 0.30474, 0.69526
7.37235, -0.206731, -3.00797, 0.30474, 0.30474, 0.69526
7.3724, -0.206731, -3.00797, 0.30474, 0.30474, 0.69526
7.37245, -0.206731, -3.00797, 0.30474, 0.30474, 0.69526
7.3725, -0.206731, -3.00797, 0.30474, 0.30474, 0.69526
7.37255, -0.206731, -3.00797, 0.30474, 0.30474, 0.69526
7.3726, -0.206731, -3.00797, 0.30474, 0.30474, 0.69526
7.37265, -0.206731, -3.00797, 0.30474, 0.30474, 0.69526
7.3727, -0.206731, -3.00797, 0.30474, 0.30474, 0.69526
7.37275, -0.206731, -3.00797, 0.30474, 0.30474, 0.69526
7.3728, -0.206731, -3.00797, 0.30474, 0.30474, 0.69526
7.37285, -0.206731, -3.00797, 0.30474, 0.30474, 0.69526
7.3729, -0.206731, -3.00797, 0.30474, 0.30474, 0.69526
7.37295, -0.206731, -3.00797, 0.30474, 0.30474, 0.69526
7.373, -0.206731, -3.00797, 0.30474, 0.30474, 0.69526
7.37305, -0.206731, -3.00797, 0.30474, 0.30474, 0.69526
7.3731, -0.206731, -3.00797, 0.30474, 0.30474, 0.69526
7.37315, -0.206731, -3.00797, 0.30474, 0.30474, 0.69526
7.37321, -0.206731, -3.00797, 0.30474, 0.30474, 0.69526
7.37326, -0.206731, -3.00797, 0.30474, 0.30474, 0.69526
7.37331, -0.206731, -3.00797, 0.30474, 0.30474, 0.69526
7.37336, -0.206731, -3.00797, 0.30474, 0.30474, 0.69526
7.37341, -0.206731, -3.00797, 0.30474, 0.30474, 0.69526
7.37346, -0.206731, -3.00797, 0.30474, 0.30474, 0.69526
7.37351, -0.206731, -3.00797, 0.30474, 0.30474, 0.69526
7.37356, -0.206731, -3.00797, 0.30474, 0.30474, 0.69526
7.37361, -0.206731, -3.00797, 0.30474, 0.30474, 0.69526
7.37366, -0.206731, -3.00797, 0.30474, 0.30474, 0.69526
7.37371, -0.206731, -3.00797, 0.30474, 0.30474, 0.69526
7.37376, -0.206731, -3.00797, 0.304761, 0.30474, 0.69526
7.37381, -0.206744, -3.00811, 0.304761, 0.304761, 0.695239
7.37386, -0.206744, -3.00811, 0.304761, 0.304761, 0.695239
7.37391, -0.206744, -3.00811, 0.304761, 0.304761, 0.695239
7.37396, -0.206744, -3.00811, 0.304761, 0.304761, 0.695239
7.37401, -0.206744, -3.00811, 0.304761, 0.304761, 0.695239
7.37406, -0.206744, -3.00811, 0.304761, 0.304761, 0.695239
7.37412, -0.206744, -3.00811, 0.304761, 0.304761, 0.695239
7.37417, -0.206744, -3.00811, 0.304761, 0.304761, 0.695239
7.37422, -0.206744, -3.00811, 0.304761, 0.304761, 0.695239
7.37427, -0.206744, -3.00811, 0.304761, 0.304761, 0.695239
7.37432, -0.206744, -3.00811, 0.304761, 0.304761, 0.695239
7.37437, -0.206744, -3.00811, 0.304761, 0.304761, 0.695239
7.37442, -0.206744, -3.00811, 0.304761, 0.304761, 0.695239
7.37447, -0.206744, -3.00811, 0.304761, 0.304761, 0.695239
7.37452, -0.206744, -3.00811, 0.304761, 0.304761, 0.695239
7.37457, -0.206744, -3.00811, 0.304761, 0.304761, 0.695239
7.37462, -0.206744, -3.00811, 0.304761, 0.304761, 0.695239
7.37467, -0.206744, -3.00811, 0.304761, 0.304761, 0.695239
7.37472, -0.206744, -3.00811, 0.304761, 0.304761, 0.695239
7.37477, -0.206744, -3.00811, 0.304761, 0.304761, 0.695239
7.37482, -0.206744, -3.00811, 0.304761, 0.304761, 0.695239
7.37487, -0.206744, -3.00811, 0.304761, 0.304761, 0.695239
7.37492, -0.206744, -3.00811, 0.304761, 0.304761, 0.695239
7.37497, -0.206744, -3.00811, 0.304761, 0.304761, 0.695239
7.37503, -0.206744, -3.00811, 0.304761, 0.304761, 0.695239
7.37508, -0.206744, -3.00811, 0.304761, 0.304761, 0.695239
7.37513, -0.206744, -3.00811, 0.304761, 0.304761, 0.695239
7.37518, -0.206744, -3.00811, 0.304761, 0.304761, 0.695239
7.37523, -0.206744, -3.00811, 0.304761, 0.304761, 0.695239
7.37528, -0.206744, -3.00811, 0.304761, 0.304761, 0.695239
7.37533, -0.206744, -3.00811, 0.304761, 0.304761, 0.695239
7.37538, -0.206744, -3.00811, 0.304761, 0.304761, 0.695239
7.37543, -0.206744, -3.00811, 0.304761, 0.304761, 0.695239
7.37548, -0.206744, -3.00811, 0.304761, 0.304761, 0.695239
7.37553, -0.206744, -3.00811, 0.304761, 0.304761, 0.695239
7.37558, -0.206744, -3.00811, 0.304761, 0.304761, 0.695239
7.37563, -0.206744, -3.00811, 0.304761, 0.304761, 0.695239
7.37568, -0.206744, -3.00811, 0.304761, 0.304761, 0.695239
7.37573, -0.206744, -3.00811, 0.304761, 0.304761, 0.695239
7.37578, -0.206744, -3.00811, 0.304761, 0.304761, 0.695239
7.37583, -0.206744, -3.00811, 0.304761, 0.304761, 0.695239
7.37588, -0.206744, -3.00811, 0.304761, 0.304761, 0.695239
7.37594, -0.206744, -3.00811, 0.304761, 0.304761, 0.695239
7.37599, -0.206744, -3.00811, 0.304761, 0.304761, 0.695239
7.37604, -0.206744, -3.00811, 0.304761, 0.304761, 0.695239
7.37609, -0.206744, -3.00811, 0.304761, 0.304761, 0.695239
7.37614, -0.206744, -3.00811, 0.304761, 0.304761, 0.695239
7.37619, -0.206744, -3.00811, 0.304761, 0.304761, 0.695239
7.37624, -0.206744, -3.00811, 0.304761, 0.304761, 0.695239
7.37629, -0.206744, -3.00811, 0.304761, 0.304761, 0.695239
7.37634, -0.206744, -3.00811, 0.304761, 0.304761, 0.695239
7.37639, -0.206744, -3.00811, 0.304761, 0.304761, 0.695239
7.37644, -0.206744, -3.00811, 0.304761, 0.304761, 0.695239
7.37649, -0.206744, -3.00811, 0.304761, 0.304761, 0.695239
7.37654, -0.206744, -3.00811, 0.304761, 0.304761, 0.695239
7.37659, -0.206744, -3.00811, 0.304761, 0.304761, 0.695239
7.37664, -0.206744, -3.00811, 0.304761, 0.304761, 0.695239
7.37669, -0.206744, -3.00811, 0.304761, 0.304761, 0.695239
7.37674, -0.206744, -3.00811, 0.304761, 0.304761, 0.695239
7.37679, -0.206744, -3.00811, 0.304761, 0.304761, 0.695239
7.37685, -0.206744, -3.00811, 0.304761, 0.304761, 0.695239
7.3769, -0.206744, -3.00811, 0.304761, 0.304761, 0.695239
7.37695, -0.206744, -3.00811, 0.304761, 0.304761, 0.695239
7.377, -0.206744, -3.00811, 0.304761, 0.304761, 0.695239
7.37705, -0.206744, -3.00811, 0.304761, 0.304761, 0.695239
7.3771, -0.206744, -3.00811, 0.304761, 0.304761, 0.695239
7.37715, -0.206744, -3.00811, 0.304761, 0.304761, 0.695239
7.3772, -0.206744, -3.00811, 0.304761, 0.304761, 0.695239
7.37725, -0.206744, -3.00811, 0.304761, 0.304761, 0.695239
7.3773, -0.206744, -3.00811, 0.304761, 0.304761, 0.695239
7.37735, -0.206744, -3.00811, 0.304761, 0.304761, 0.695239
7.3774, -0.206758, -3.00825, 0.304781, 0.304781, 0.695219
7.37745, -0.206758, -3.00825, 0.304781, 0.304781, 0.695219
7.3775, -0.206758, -3.00825, 0.304781, 0.304781, 0.695219
7.37755, -0.206758, -3.00825, 0.304781, 0.304781, 0.695219
7.3776, -0.206758, -3.00825, 0.304781, 0.304781, 0.695219
7.37765, -0.206758, -3.00825, 0.304781, 0.304781, 0.695219
7.3777, -0.206758, -3.00825, 0.304781, 0.304781, 0.695219
7.37776, -0.206758, -3.00825, 0.304781, 0.304781, 0.695219
7.37781, -0.206758, -3.00825, 0.304781, 0.304781, 0.695219
7.37786, -0.206758, -3.00825, 0.304781, 0.304781, 0.695219
7.37791, -0.206758, -3.00825, 0.304781, 0.304781, 0.695219
7.37796, -0.206758, -3.00825, 0.304781, 0.304781, 0.695219
7.37801, -0.206758, -3.00825, 0.304781, 0.304781, 0.695219
7.37806, -0.206758, -3.00825, 0.304781, 0.304781, 0.695219
7.37811, -0.206758, -3.00825, 0.304781, 0.304781, 0.695219
7.37816, -0.206758, -3.00825, 0.304781, 0.304781, 0.695219
7.37821, -0.206758, -3.00825, 0.304781, 0.304781, 0.695219
7.37826, -0.206758, -3.00825, 0.304781, 0.304781, 0.695219
7.37831, -0.206758, -3.00825, 0.304781, 0.304781, 0.695219
7.37836, -0.206758, -3.00825, 0.304802, 0.304781, 0.695219
7.37841, -0.206771, -3.00839, 0.304802, 0.304802, 0.695198
7.37846, -0.206771, -3.00839, 0.304802, 0.304802, 0.695198
7.37851, -0.206771, -3.00839, 0.304802, 0.304802, 0.695198
7.37856, -0.206771, -3.00839, 0.304802, 0.304802, 0.695198
7.37861, -0.206771, -3.00839, 0.304802, 0.304802, 0.695198
7.37867, -0.206771, -3.00839, 0.304802, 0.304802, 0.695198
7.37872, -0.206771, -3.00839, 0.304802, 0.304802, 0.695198
7.37877, -0.206771, -3.00839, 0.304802, 0.304802, 0.695198
7.37882, -0.206771, -3.00839, 0.304802, 0.304802, 0.695198
7.37887, -0.206771, -3.00839, 0.304802, 0.304802, 0.695198
7.37892, -0.206771, -3.00839, 0.304802, 0.304802, 0.695198
7.37897, -0.206771, -3.00839, 0.304802, 0.304802, 0.695198
7.37902, -0.206771, -3.00839, 0.304802, 0.304802, 0.695198
7.37907, -0.206771, -3.00839, 0.304802, 0.304802, 0.695198
7.37912, -0.206771, -3.00839, 0.304802, 0.304802, 0.695198
7.37917, -0.206771, -3.00839, 0.304802, 0.304802, 0.695198
7.37922, -0.206771, -3.00839, 0.304802, 0.304802, 0.695198
7.37927, -0.206771, -3.00839, 0.304802, 0.304802, 0.695198
7.37932, -0.206771, -3.00839, 0.304802, 0.304802, 0.695198
7.37937, -0.206771, -3.00839, 0.304802, 0.304802, 0.695198
7.37942, -0.206771, -3.00839, 0.304802, 0.304802, 0.695198
7.37947, -0.206771, -3.00839, 0.304802, 0.304802, 0.695198
7.37952, -0.206771, -3.00839, 0.304802, 0.304802, 0.695198
7.37958, -0.206771, -3.00839, 0.304802, 0.304802, 0.695198
7.37963, -0.206771, -3.00839, 0.304802, 0.304802, 0.695198
7.37968, -0.206771, -3.00839, 0.304802, 0.304802, 0.695198
7.37973, -0.206771, -3.00839, 0.304802, 0.304802, 0.695198
7.37978, -0.206771, -3.00839, 0.304802, 0.304802, 0.695198
7.37983, -0.206771, -3.00839, 0.304802, 0.304802, 0.695198
7.37988, -0.206771, -3.00839, 0.304802, 0.304802, 0.695198
7.37993, -0.206771, -3.00839, 0.304802, 0.304802, 0.695198
7.37998, -0.206771, -3.00839, 0.304802, 0.304802, 0.695198
7.38003, -0.206771, -3.00839, 0.304802, 0.304802, 0.695198
7.38008, -0.206771, -3.00839, 0.304802, 0.304802, 0.695198
7.38013, -0.206771, -3.00839, 0.304802, 0.304802, 0.695198
7.38018, -0.206771, -3.00839, 0.304802, 0.304802, 0.695198
7.38023, -0.206771, -3.00839, 0.304802, 0.304802, 0.695198
7.38028, -0.206771, -3.00839, 0.304802, 0.304802, 0.695198
7.38033, -0.206771, -3.00839, 0.304802, 0.304802, 0.695198
7.38038, -0.206771, -3.00839, 0.304802, 0.304802, 0.695198
7.38043, -0.206771, -3.00839, 0.304802, 0.304802, 0.695198
7.38049, -0.206771, -3.00839, 0.304802, 0.304802, 0.695198
7.38054, -0.206771, -3.00839, 0.304802, 0.304802, 0.695198
7.38059, -0.206771, -3.00839, 0.304802, 0.304802, 0.695198
7.38064, -0.206771, -3.00839, 0.304802, 0.304802, 0.695198
7.38069, -0.206771, -3.00839, 0.304802, 0.304802, 0.695198
7.38074, -0.206771, -3.00839, 0.304802, 0.304802, 0.695198
7.38079, -0.206771, -3.00839, 0.304802, 0.304802, 0.695198
7.38084, -0.206771, -3.00839, 0.304802, 0.304802, 0.695198
7.38089, -0.206771, -3.00839, 0.304802, 0.304802, 0.695198
7.38094, -0.206771, -3.00839, 0.304802, 0.304802, 0.695198
7.38099, -0.206785, -3.00853, 0.304822, 0.304822, 0.695178
7.38104, -0.206785, -3.00853, 0.304822, 0.304822, 0.695178
7.38109, -0.206785, -3.00853, 0.304822, 0.304822, 0.695178
7.38114, -0.206785, -3.00853, 0.304822, 0.304822, 0.695178
7.38119, -0.206785, -3.00853, 0.304822, 0.304822, 0.695178
7.38124, -0.206785, -3.00853, 0.304822, 0.304822, 0.695178
7.38129, -0.206785, -3.00853, 0.304822, 0.304822, 0.695178
7.38134, -0.206785, -3.00853, 0.304822, 0.304822, 0.695178
7.3814, -0.206785, -3.00853, 0.304822, 0.304822, 0.695178
7.38145, -0.206785, -3.00853, 0.304822, 0.304822, 0.695178
7.3815, -0.206785, -3.00853, 0.304822, 0.304822, 0.695178
7.38155, -0.206785, -3.00853, 0.304822, 0.304822, 0.695178
7.3816, -0.206785, -3.00853, 0.304822, 0.304822, 0.695178
7.38165, -0.206785, -3.00853, 0.304822, 0.304822, 0.695178
7.3817, -0.206785, -3.00853, 0.304822, 0.304822, 0.695178
7.38175, -0.206785, -3.00853, 0.304822, 0.304822, 0.695178
7.3818, -0.206785, -3.00853, 0.304822, 0.304822, 0.695178
7.38185, -0.206785, -3.00853, 0.304822, 0.304822, 0.695178
7.3819, -0.206785, -3.00853, 0.304822, 0.304822, 0.695178
7.38195, -0.206785, -3.00853, 0.304822, 0.304822, 0.695178
7.382, -0.206785, -3.00853, 0.304822, 0.304822, 0.695178
7.38205, -0.206785, -3.00853, 0.304822, 0.304822, 0.695178
7.3821, -0.206785, -3.00853, 0.304822, 0.304822, 0.695178
7.38215, -0.206785, -3.00853, 0.304822, 0.304822, 0.695178
7.3822, -0.206785, -3.00853, 0.304822, 0.304822, 0.695178
7.38225, -0.206785, -3.00853, 0.304822, 0.304822, 0.695178
7.38231, -0.206785, -3.00853, 0.304822, 0.304822, 0.695178
7.38236, -0.206785, -3.00853, 0.304822, 0.304822, 0.695178
7.38241, -0.206785, -3.00853, 0.304822, 0.304822, 0.695178
7.38246, -0.206798, -3.00867, 0.304843, 0.304843, 0.695157
7.38251, -0.206798, -3.00867, 0.304843, 0.304843, 0.695157
7.38256, -0.206798, -3.00867, 0.304843, 0.304843, 0.695157
7.38261, -0.206798, -3.00867, 0.304843, 0.304843, 0.695157
7.38266, -0.206798, -3.00867, 0.304843, 0.304843, 0.695157
7.38271, -0.206798, -3.00867, 0.304843, 0.304843, 0.695157
7.38276, -0.206798, -3.00867, 0.304843, 0.304843, 0.695157
7.38281, -0.206798, -3.00867, 0.304843, 0.304843, 0.695157
7.38286, -0.206798, -3.00867, 0.304843, 0.304843, 0.695157
7.38291, -0.206798, -3.00867, 0.304843, 0.304843, 0.695157
7.38296, -0.206798, -3.00867, 0.304843, 0.304843, 0.695157
7.38301, -0.206798, -3.00867, 0.304843, 0.304843, 0.695157
7.38306, -0.206798, -3.00867, 0.304843, 0.304843, 0.695157
7.38311, -0.206798, -3.00867, 0.304843, 0.304843, 0.695157
7.38316, -0.206798, -3.00867, 0.304843, 0.304843, 0.695157
7.38322, -0.206798, -3.00867, 0.304843, 0.304843, 0.695157
7.38327, -0.206798, -3.00867, 0.304843, 0.304843, 0.695157
7.38332, -0.206798, -3.00867, 0.304843, 0.304843, 0.695157
7.38337, -0.206798, -3.00867, 0.304843, 0.304843, 0.695157
7.38342, -0.206798, -3.00867, 0.304843, 0.304843, 0.695157
7.38347, -0.206798, -3.00867, 0.304843, 0.304843, 0.695157
7.38352, -0.206798, -3.00867, 0.304843, 0.304843, 0.695157
7.38357, -0.206798, -3.00867, 0.304843, 0.304843, 0.695157
7.38362, -0.206798, -3.00867, 0.304843, 0.304843, 0.695157
7.38367, -0.206798, -3.00867, 0.304843, 0.304843, 0.695157
7.38372, -0.206798, -3.00867, 0.304843, 0.304843, 0.695157
7.38377, -0.206798, -3.00867, 0.304843, 0.304843, 0.695157
7.38382, -0.206798, -3.00867, 0.304843, 0.304843, 0.695157
7.38387, -0.206798, -3.00867, 0.304843, 0.304843, 0.695157
7.38392, -0.206798, -3.00867, 0.304843, 0.304843, 0.695157
7.38397, -0.206798, -3.00867, 0.304843, 0.304843, 0.695157
7.38402, -0.206798, -3.00867, 0.304843, 0.304843, 0.695157
7.38407, -0.206798, -3.00867, 0.304843, 0.304843, 0.695157
7.38413, -0.206798, -3.00867, 0.304843, 0.304843, 0.695157
7.38418, -0.206798, -3.00867, 0.304843, 0.304843, 0.695157
7.38423, -0.206798, -3.00867, 0.304843, 0.304843, 0.695157
7.38428, -0.206798, -3.00867, 0.304843, 0.304843, 0.695157
7.38433, -0.206798, -3.00867, 0.304843, 0.304843, 0.695157
7.38438, -0.206798, -3.00867, 0.304843, 0.304843, 0.695157
7.38443, -0.206798, -3.00867, 0.304843, 0.304843, 0.695157
7.38448, -0.206798, -3.00867, 0.304843, 0.304843, 0.695157
7.38453, -0.206798, -3.00867, 0.304843, 0.304843, 0.695157
7.38458, -0.206798, -3.00867, 0.304843, 0.304843, 0.695157
7.38463, -0.206812, -3.00881, 0.304864, 0.304864, 0.695136
7.38468, -0.206812, -3.00881, 0.304864, 0.304864, 0.695136
7.38473, -0.206812, -3.00881, 0.304864, 0.304864, 0.695136
7.38478, -0.206812, -3.00881, 0.304864, 0.304864, 0.695136
7.38483, -0.206812, -3.00881, 0.304864, 0.304864, 0.695136
7.38488, -0.206812, -3.00881, 0.304864, 0.304864, 0.695136
7.38493, -0.206812, -3.00881, 0.304864, 0.304864, 0.695136
7.38498, -0.206812, -3.00881, 0.304864, 0.304864, 0.695136
7.38504, -0.206812, -3.00881, 0.304864, 0.304864, 0.695136
7.38509, -0.206812, -3.00881, 0.304864, 0.304864, 0.695136
7.38514, -0.206812, -3.00881, 0.304864, 0.304864, 0.695136
7.38519, -0.206812, -3.00881, 0.304864, 0.304864, 0.695136
7.38524, -0.206812, -3.00881, 0.304864, 0.304864, 0.695136
7.38529, -0.206812, -3.00881, 0.304864, 0.304864, 0.695136
7.38534, -0.206812, -3.00881, 0.304864, 0.304864, 0.695136
7.38539, -0.206812, -3.00881, 0.304864, 0.304864, 0.695136
7.38544, -0.206812, -3.00881, 0.304864, 0.304864, 0.695136
7.38549, -0.206812, -3.00881, 0.304864, 0.304864, 0.695136
7.38554, -0.206812, -3.00881, 0.304864, 0.304864, 0.695136
7.38559, -0.206812, -3.00881, 0.304864, 0.304864, 0.695136
7.38564, -0.206812, -3.00881, 0.304864, 0.304864, 0.695136
7.38569, -0.206812, -3.00881, 0.304864, 0.304864, 0.695136
7.38574, -0.206812, -3.00881, 0.304864, 0.304864, 0.695136
7.38579, -0.206812, -3.00881, 0.304864, 0.304864, 0.695136
7.38584, -0.206812, -3.00881, 0.304864, 0.304864, 0.695136
7.38589, -0.206812, -3.00881, 0.304864, 0.304864, 0.695136
7.38595, -0.206812, -3.00881, 0.304864, 0.304864, 0.695136
7.386, -0.206812, -3.00881, 0.304864, 0.304864, 0.695136
7.38605, -0.206812, -3.00881, 0.304864, 0.304864, 0.695136
7.3861, -0.206812, -3.00881, 0.304864, 0.304864, 0.695136
7.38615, -0.206812, -3.00881, 0.304864, 0.304864, 0.695136
7.3862, -0.206812, -3.00881, 0.304864, 0.304864, 0.695136
7.38625, -0.206812, -3.00881, 0.304864, 0.304864, 0.695136
7.3863, -0.206812, -3.00881, 0.304864, 0.304864, 0.695136
7.38635, -0.206812, -3.00881, 0.304864, 0.304864, 0.695136
7.3864, -0.206812, -3.00881, 0.304864, 0.304864, 0.695136
7.38645, -0.206812, -3.00881, 0.304864, 0.304864, 0.695136
7.3865, -0.206812, -3.00881, 0.304864, 0.304864, 0.695136
7.38655, -0.206812, -3.00881, 0.304864, 0.304864, 0.695136
7.3866, -0.206812, -3.00881, 0.304864, 0.304864, 0.695136
7.38665, -0.206812, -3.00881, 0.304864, 0.304864, 0.695136
7.3867, -0.206812, -3.00881, 0.304864, 0.304864, 0.695136
7.38675, -0.206812, -3.00881, 0.304864, 0.304864, 0.695136
7.3868, -0.206812, -3.00881, 0.304864, 0.304864, 0.695136
7.38686, -0.206812, -3.00881, 0.304864, 0.304864, 0.695136
7.38691, -0.206812, -3.00881, 0.304864, 0.304864, 0.695136
7.38696, -0.206812, -3.00881, 0.304864, 0.304864, 0.695136
7.38701, -0.206812, -3.00881, 0.304864, 0.304864, 0.695136
7.38706, -0.206812, -3.00881, 0.304864, 0.304864, 0.695136
7.38711, -0.206812, -3.00881, 0.304864, 0.304864, 0.695136
7.38716, -0.206812, -3.00881, 0.304864, 0.304864, 0.695136
7.38721, -0.206812, -3.00881, 0.304864, 0.304864, 0.695136
7.38726, -0.206812, -3.00881, 0.304864, 0.304864, 0.695136
7.38731, -0.206812, -3.00881, 0.304864, 0.304864, 0.695136
7.38736, -0.206812, -3.00881, 0.304864, 0.304864, 0.695136
7.38741, -0.206812, -3.00881, 0.304864, 0.304864, 0.695136
7.38746, -0.206812, -3.00881, 0.304864, 0.304864, 0.695136
7.38751, -0.206812, -3.00881, 0.304864, 0.304864, 0.695136
7.38756, -0.206812, -3.00881, 0.304864, 0.304864, 0.695136
7.38761, -0.206812, -3.00881, 0.304864, 0.304864, 0.695136
7.38766, -0.206812, -3.00881, 0.304864, 0.304864, 0.695136
7.38771, -0.206812, -3.00881, 0.304864, 0.304864, 0.695136
7.38777, -0.206812, -3.00881, 0.304864, 0.304864, 0.695136
7.38782, -0.206812, -3.00881, 0.304864, 0.304864, 0.695136
7.38787, -0.206812, -3.00881, 0.304864, 0.304864, 0.695136
7.38792, -0.206812, -3.00881, 0.304864, 0.304864, 0.695136
7.38797, -0.206812, -3.00881, 0.304864, 0.304864, 0.695136
7.38802, -0.206812, -3.00881, 0.304864, 0.304864, 0.695136
7.38807, -0.206812, -3.00881, 0.304864, 0.304864, 0.695136
7.38812, -0.206812, -3.00881, 0.304864, 0.304864, 0.695136
7.38817, -0.206812, -3.00881, 0.304864, 0.304864, 0.695136
7.38822, -0.206825, -3.00895, 0.304884, 0.304884, 0.695116
7.38827, -0.206825, -3.00895, 0.304884, 0.304884, 0.695116
7.38832, -0.206825, -3.00895, 0.304884, 0.304884, 0.695116
7.38837, -0.206825, -3.00895, 0.304884, 0.304884, 0.695116
7.38842, -0.206825, -3.00895, 0.304884, 0.304884, 0.695116
7.38847, -0.206825, -3.00895, 0.304884, 0.304884, 0.695116
7.38852, -0.206825, -3.00895, 0.304884, 0.304884, 0.695116
7.38857, -0.206825, -3.00895, 0.304884, 0.304884, 0.695116
7.38862, -0.206825, -3.00895, 0.304884, 0.304884, 0.695116
7.38868, -0.206825, -3.00895, 0.304884, 0.304884, 0.695116
7.38873, -0.206825, -3.00895, 0.304884, 0.304884, 0.695116
7.38878, -0.206825, -3.00895, 0.304884, 0.304884, 0.695116
7.38883, -0.206825, -3.00895, 0.304884, 0.304884, 0.695116
7.38888, -0.206825, -3.00895, 0.304884, 0.304884, 0.695116
7.38893, -0.206825, -3.00895, 0.304884, 0.304884, 0.695116
7.38898, -0.206825, -3.00895, 0.304884, 0.304884, 0.695116
7.38903, -0.206825, -3.00895, 0.304884, 0.304884, 0.695116
7.38908, -0.206825, -3.00895, 0.304884, 0.304884, 0.695116
7.38913, -0.206825, -3.00895, 0.304884, 0.304884, 0.695116
7.38918, -0.206825, -3.00895, 0.304884, 0.304884, 0.695116
7.38923, -0.206825, -3.00895, 0.304884, 0.304884, 0.695116
7.38928, -0.206825, -3.00895, 0.304884, 0.304884, 0.695116
7.38933, -0.206825, -3.00895, 0.304884, 0.304884, 0.695116
7.38938, -0.206825, -3.00895, 0.304884, 0.304884, 0.695116
7.38943, -0.206825, -3.00895, 0.304884, 0.304884, 0.695116
7.38948, -0.206825, -3.00895, 0.304884, 0.304884, 0.695116
7.38953, -0.206825, -3.00895, 0.304884, 0.304884, 0.695116
7.38959, -0.206839, -3.00909, 0.304905, 0.304905, 0.695095
7.38964, -0.206839, -3.00909, 0.304905, 0.304905, 0.695095
7.38969, -0.206839, -3.00909, 0.304905, 0.304905, 0.695095
7.38974, -0.206839, -3.00909, 0.304905, 0.304905, 0.695095
7.38979, -0.206839, -3.00909, 0.304905, 0.304905, 0.695095
7.38984, -0.206839, -3.00909, 0.304905, 0.304905, 0.695095
7.38989, -0.206839, -3.00909, 0.304905, 0.304905, 0.695095
7.38994, -0.206839, -3.00909, 0.304905, 0.304905, 0.695095
7.38999, -0.206839, -3.00909, 0.304905, 0.304905, 0.695095
7.39004, -0.206839, -3.00909, 0.304905, 0.304905, 0.695095
7.39009, -0.206839, -3.00909, 0.304905, 0.304905, 0.695095
7.39014, -0.206839, -3.00909, 0.304905, 0.304905, 0.695095
7.39019, -0.206839, -3.00909, 0.304905, 0.304905, 0.695095
7.39024, -0.206839, -3.00909, 0.304905, 0.304905, 0.695095
7.39029, -0.206839, -3.00909, 0.304905, 0.304905, 0.695095
7.39034, -0.206839, -3.00909, 0.304905, 0.304905, 0.695095
7.39039, -0.206839, -3.00909, 0.304905, 0.304905, 0.695095
7.39044, -0.206839, -3.00909, 0.304905, 0.304905, 0.695095
7.3905, -0.206839, -3.00909, 0.304905, 0.304905, 0.695095
7.39055, -0.206839, -3.00909, 0.304905, 0.304905, 0.695095
7.3906, -0.206839, -3.00909, 0.304905, 0.304905, 0.695095
7.39065, -0.206839, -3.00909, 0.304905, 0.304905, 0.695095
7.3907, -0.206839, -3.00909, 0.304905, 0.304905, 0.695095
7.39075, -0.206839, -3.00909, 0.304905, 0.304905, 0.695095
7.3908, -0.206839, -3.00909, 0.304905, 0.304905, 0.695095
7.39085, -0.206839, -3.00909, 0.304905, 0.304905, 0.695095
7.3909, -0.206839, -3.00909, 0.304905, 0.304905, 0.695095
7.39095, -0.206839, -3.00909, 0.304905, 0.304905, 0.695095
7.391, -0.206839, -3.00909, 0.304905, 0.304905, 0.695095
7.39105, -0.206839, -3.00909, 0.304905, 0.304905, 0.695095
7.3911, -0.206839, -3.00909, 0.304905, 0.304905, 0.695095
7.39115, -0.206839, -3.00909, 0.304905, 0.304905, 0.695095
7.3912, -0.206839, -3.00909, 0.304905, 0.304905, 0.695095
7.39125, -0.206839, -3.00909, 0.304905, 0.304905, 0.695095
7.3913, -0.206839, -3.00909, 0.304905, 0.304905, 0.695095
7.39135, -0.206839, -3.00909, 0.304905, 0.304905, 0.695095
7.39141, -0.206839, -3.00909, 0.304905, 0.304905, 0.695095
7.39146, -0.206839, -3.00909, 0.304905, 0.304905, 0.695095
7.39151, -0.206839, -3.00909, 0.304905, 0.304905, 0.695095
7.39156, -0.206839, -3.00909, 0.304905, 0.304905, 0.695095
7.39161, -0.206839, -3.00909, 0.304905, 0.304905, 0.695095
7.39166, -0.206839, -3.00909, 0.304905, 0.304905, 0.695095
7.39171, -0.206839, -3.00909, 0.304905, 0.304905, 0.695095
7.39176, -0.206839, -3.00909, 0.304905, 0.304905, 0.695095
7.39181, -0.206852, -3.00923, 0.304925, 0.304925, 0.695075
7.39186, -0.206852, -3.00923, 0.304925, 0.304925, 0.695075
7.39191, -0.206852, -3.00923, 0.304925, 0.304925, 0.695075
7.39196, -0.206852, -3.00923, 0.304925, 0.304925, 0.695075
7.39201, -0.206852, -3.00923, 0.304925, 0.304925, 0.695075
7.39206, -0.206852, -3.00923, 0.304925, 0.304925, 0.695075
7.39211, -0.206852, -3.00923, 0.304925, 0.304925, 0.695075
7.39216, -0.206852, -3.00923, 0.304925, 0.304925, 0.695075
7.39221, -0.206852, -3.00923, 0.304925, 0.304925, 0.695075
7.39226, -0.206852, -3.00923, 0.304925, 0.304925, 0.695075
7.39232, -0.206852, -3.00923, 0.304925, 0.304925, 0.695075
7.39237, -0.206852, -3.00923, 0.304925, 0.304925, 0.695075
7.39242, -0.206852, -3.00923, 0.304925, 0.304925, 0.695075
7.39247, -0.206852, -3.00923, 0.304925, 0.304925, 0.695075
7.39252, -0.206852, -3.00923, 0.304925, 0.304925, 0.695075
7.39257, -0.206852, -3.00923, 0.304925, 0.304925, 0.695075
7.39262, -0.206852, -3.00923, 0.304925, 0.304925, 0.695075
7.39267, -0.206852, -3.00923, 0.304925, 0.304925, 0.695075
7.39272, -0.206852, -3.00923, 0.304925, 0.304925, 0.695075
7.39277, -0.206852, -3.00923, 0.304925, 0.304925, 0.695075
7.39282, -0.206852, -3.00923, 0.304925, 0.304925, 0.695075
7.39287, -0.206852, -3.00923, 0.304925, 0.304925, 0.695075
7.39292, -0.206852, -3.00923, 0.304925, 0.304925, 0.695075
7.39297, -0.206852, -3.00923, 0.304925, 0.304925, 0.695075
7.39302, -0.206852, -3.00923, 0.304925, 0.304925, 0.695075
7.39307, -0.206852, -3.00923, 0.304925, 0.304925, 0.695075
7.39312, -0.206852, -3.00923, 0.304925, 0.304925, 0.695075
7.39317, -0.206852, -3.00923, 0.304925, 0.304925, 0.695075
7.39323, -0.206852, -3.00923, 0.304925, 0.304925, 0.695075
7.39328, -0.206852, -3.00923, 0.304925, 0.304925, 0.695075
7.39333, -0.206852, -3.00923, 0.304925, 0.304925, 0.695075
7.39338, -0.206852, -3.00923, 0.304925, 0.304925, 0.695075
7.39343, -0.206852, -3.00923, 0.304925, 0.304925, 0.695075
7.39348, -0.206852, -3.00923, 0.304925, 0.304925, 0.695075
7.39353, -0.206852, -3.00923, 0.304925, 0.304925, 0.695075
7.39358, -0.206852, -3.00923, 0.304925, 0.304925, 0.695075
7.39363, -0.206852, -3.00923, 0.304925, 0.304925, 0.695075
7.39368, -0.206852, -3.00923, 0.304925, 0.304925, 0.695075
7.39373, -0.206852, -3.00923, 0.304925, 0.304925, 0.695075
7.39378, -0.206852, -3.00923, 0.304925, 0.304925, 0.695075
7.39383, -0.206852, -3.00923, 0.304925, 0.304925, 0.695075
7.39388, -0.206852, -3.00923, 0.304925, 0.304925, 0.695075
7.39393, -0.206852, -3.00923, 0.304925, 0.304925, 0.695075
7.39398, -0.206852, -3.00923, 0.304925, 0.304925, 0.695075
7.39403, -0.206852, -3.00923, 0.304925, 0.304925, 0.695075
7.39408, -0.206852, -3.00923, 0.304925, 0.304925, 0.695075
7.39414, -0.206852, -3.00923, 0.304925, 0.304925, 0.695075
7.39419, -0.206852, -3.00923, 0.304925, 0.304925, 0.695075
7.39424, -0.206852, -3.00923, 0.304925, 0.304925, 0.695075
7.39429, -0.206852, -3.00923, 0.304925, 0.304925, 0.695075
7.39434, -0.206852, -3.00923, 0.304925, 0.304925, 0.695075
7.39439, -0.206852, -3.00923, 0.304925, 0.304925, 0.695075
7.39444, -0.206852, -3.00923, 0.304925, 0.304925, 0.695075
7.39449, -0.206852, -3.00923, 0.304925, 0.304925, 0.695075
7.39454, -0.206852, -3.00923, 0.304925, 0.304925, 0.695075
7.39459, -0.206852, -3.00923, 0.304925, 0.304925, 0.695075
7.39464, -0.206852, -3.00923, 0.304925, 0.304925, 0.695075
7.39469, -0.206852, -3.00923, 0.304925, 0.304925, 0.695075
7.39474, -0.206852, -3.00923, 0.304925, 0.304925, 0.695075
7.39479, -0.206852, -3.00923, 0.304925, 0.304925, 0.695075
7.39484, -0.206852, -3.00923, 0.304925, 0.304925, 0.695075
7.39489, -0.206852, -3.00923, 0.304925, 0.304925, 0.695075
7.39494, -0.206852, -3.00923, 0.304925, 0.304925, 0.695075
7.39499, -0.206852, -3.00923, 0.304925, 0.304925, 0.695075
7.39505, -0.206852, -3.00923, 0.304925, 0.304925, 0.695075
7.3951, -0.206852, -3.00923, 0.304925, 0.304925, 0.695075
7.39515, -0.206852, -3.00923, 0.304925, 0.304925, 0.695075
7.3952, -0.206852, -3.00923, 0.304925, 0.304925, 0.695075
7.39525, -0.206852, -3.00923, 0.304925, 0.304925, 0.695075
7.3953, -0.206852, -3.00923, 0.304925, 0.304925, 0.695075
7.39535, -0.206852, -3.00923, 0.304925, 0.304925, 0.695075
7.3954, -0.206852, -3.00923, 0.304925, 0.304925, 0.695075
7.39545, -0.206866, -3.00937, 0.304946, 0.304946, 0.695054
7.3955, -0.206866, -3.00937, 0.304946, 0.304946, 0.695054
7.39555, -0.206866, -3.00937, 0.304946, 0.304946, 0.695054
7.3956, -0.206866, -3.00937, 0.304946, 0.304946, 0.695054
7.39565, -0.206866, -3.00937, 0.304946, 0.304946, 0.695054
7.3957, -0.206866, -3.00937, 0.304946, 0.304946, 0.695054
7.39575, -0.206866, -3.00937, 0.304946, 0.304946, 0.695054
7.3958, -0.206866, -3.00937, 0.304946, 0.304946, 0.695054
7.39585, -0.206866, -3.00937, 0.304946, 0.304946, 0.695054
7.3959, -0.206866, -3.00937, 0.304946, 0.304946, 0.695054
7.39596, -0.206866, -3.00937, 0.304946, 0.304946, 0.695054
7.39601, -0.206866, -3.00937, 0.304946, 0.304946, 0.695054
7.39606, -0.206866, -3.00937, 0.304946, 0.304946, 0.695054
7.39611, -0.206866, -3.00937, 0.304946, 0.304946, 0.695054
7.39616, -0.206866, -3.00937, 0.304946, 0.304946, 0.695054
7.39621, -0.206866, -3.00937, 0.304946, 0.304946, 0.695054
7.39626, -0.206866, -3.00937, 0.304946, 0.304946, 0.695054
7.39631, -0.206866, -3.00937, 0.304946, 0.304946, 0.695054
7.39636, -0.206866, -3.00937, 0.304946, 0.304946, 0.695054
7.39641, -0.206866, -3.00937, 0.304946, 0.304946, 0.695054
7.39646, -0.206866, -3.00937, 0.304946, 0.304946, 0.695054
7.39651, -0.206866, -3.00937, 0.304946, 0.304946, 0.695054
7.39656, -0.206866, -3.00937, 0.304946, 0.304946, 0.695054
7.39661, -0.206866, -3.00937, 0.304946, 0.304946, 0.695054
7.39666, -0.206866, -3.00937, 0.304946, 0.304946, 0.695054
7.39671, -0.206866, -3.00937, 0.304946, 0.304946, 0.695054
7.39676, -0.206866, -3.00937, 0.304946, 0.304946, 0.695054
7.39681, -0.206866, -3.00937, 0.304946, 0.304946, 0.695054
7.39687, -0.206866, -3.00937, 0.304946, 0.304946, 0.695054
7.39692, -0.206866, -3.00937, 0.304946, 0.304946, 0.695054
7.39697, -0.206866, -3.00937, 0.304946, 0.304946, 0.695054
7.39702, -0.206866, -3.00937, 0.304946, 0.304946, 0.695054
7.39707, -0.206866, -3.00937, 0.304946, 0.304946, 0.695054
7.39712, -0.206866, -3.00937, 0.304946, 0.304946, 0.695054
7.39717, -0.206866, -3.00937, 0.304946, 0.304946, 0.695054
7.39722, -0.206866, -3.00937, 0.304946, 0.304946, 0.695054
7.39727, -0.206866, -3.00937, 0.304946, 0.304946, 0.695054
7.39732, -0.206866, -3.00937, 0.304946, 0.304946, 0.695054
7.39737, -0.206866, -3.00937, 0.304946, 0.304946, 0.695054
7.39742, -0.206866, -3.00937, 0.304946, 0.304946, 0.695054
7.39747, -0.206866, -3.00937, 0.304946, 0.304946, 0.695054
7.39752, -0.206866, -3.00937, 0.304946, 0.304946, 0.695054
7.39757, -0.206866, -3.00937, 0.304946, 0.304946, 0.695054
7.39762, -0.206866, -3.00937, 0.304946, 0.304946, 0.695054
7.39767, -0.206866, -3.00937, 0.304946, 0.304946, 0.695054
7.39772, -0.206866, -3.00937, 0.304946, 0.304946, 0.695054
7.39778, -0.206866, -3.00937, 0.304946, 0.304946, 0.695054
7.39783, -0.206866, -3.00937, 0.304946, 0.304946, 0.695054
7.39788, -0.206866, -3.00937, 0.304946, 0.304946, 0.695054
7.39793, -0.206866, -3.00937, 0.304946, 0.304946, 0.695054
7.39798, -0.206866, -3.00937, 0.304946, 0.304946, 0.695054
7.39803, -0.206866, -3.00937, 0.304946, 0.304946, 0.695054
7.39808, -0.206866, -3.00937, 0.304946, 0.304946, 0.695054
7.39813, -0.206866, -3.00937, 0.304946, 0.304946, 0.695054
7.39818, -0.206866, -3.00937, 0.304946, 0.304946, 0.695054
7.39823, -0.206866, -3.00937, 0.304946, 0.304946, 0.695054
7.39828, -0.206866, -3.00937, 0.304946, 0.304946, 0.695054
7.39833, -0.206866, -3.00937, 0.304946, 0.304946, 0.695054
7.39838, -0.206866, -3.00937, 0.304946, 0.304946, 0.695054
7.39843, -0.206866, -3.00937, 0.304946, 0.304946, 0.695054
7.39848, -0.206866, -3.00937, 0.304946, 0.304946, 0.695054
7.39853, -0.206866, -3.00937, 0.304946, 0.304946, 0.695054
7.39858, -0.206866, -3.00937, 0.304946, 0.304946, 0.695054
7.39863, -0.206866, -3.00937, 0.304946, 0.304946, 0.695054
7.39869, -0.206866, -3.00937, 0.304946, 0.304946, 0.695054
7.39874, -0.206866, -3.00937, 0.304946, 0.304946, 0.695054
7.39879, -0.206866, -3.00937, 0.304946, 0.304946, 0.695054
7.39884, -0.206866, -3.00937, 0.304946, 0.304946, 0.695054
7.39889, -0.206866, -3.00937, 0.304946, 0.304946, 0.695054
7.39894, -0.206866, -3.00937, 0.304946, 0.304946, 0.695054
7.39899, -0.206866, -3.00937, 0.304946, 0.304946, 0.695054
7.39904, -0.206879, -3.00951, 0.304967, 0.304967, 0.695033
7.39909, -0.206879, -3.00951, 0.304967, 0.304967, 0.695033
7.39914, -0.206879, -3.00951, 0.304967, 0.304967, 0.695033
7.39919, -0.206879, -3.00951, 0.304967, 0.304967, 0.695033
7.39924, -0.206879, -3.00951, 0.304967, 0.304967, 0.695033
7.39929, -0.206879, -3.00951, 0.304967, 0.304967, 0.695033
7.39934, -0.206879, -3.00951, 0.304967, 0.304967, 0.695033
7.39939, -0.206879, -3.00951, 0.304967, 0.304967, 0.695033
7.39944, -0.206879, -3.00951, 0.304967, 0.304967, 0.695033
7.39949, -0.206879, -3.00951, 0.304967, 0.304967, 0.695033
7.39954, -0.206879, -3.00951, 0.304967, 0.304967, 0.695033
7.3996, -0.206879, -3.00951, 0.304967, 0.304967, 0.695033
7.39965, -0.206879, -3.00951, 0.304967, 0.304967, 0.695033
7.3997, -0.206879, -3.00951, 0.304967, 0.304967, 0.695033
7.39975, -0.206879, -3.00951, 0.304967, 0.304967, 0.695033
7.3998, -0.206879, -3.00951, 0.304967, 0.304967, 0.695033
7.39985, -0.206879, -3.00951, 0.304967, 0.304967, 0.695033
7.3999, -0.206879, -3.00951, 0.304967, 0.304967, 0.695033
7.39995, -0.206879, -3.00951, 0.304967, 0.304967, 0.695033
7.4, -0.206879, -3.00951, 0.304967, 0.304967, 0.695033
7.40005, -0.206879, -3.00951, 0.304967, 0.304967, 0.695033
7.4001, -0.206879, -3.00951, 0.304967, 0.304967, 0.695033
7.40015, -0.206879, -3.00951, 0.304967, 0.304967, 0.695033
7.4002, -0.206879, -3.00951, 0.304967, 0.304967, 0.695033
7.40025, -0.206879, -3.00951, 0.304967, 0.304967, 0.695033
7.4003, -0.206879, -3.00951, 0.304967, 0.304967, 0.695033
7.40035, -0.206879, -3.00951, 0.304967, 0.304967, 0.695033
7.4004, -0.206879, -3.00951, 0.304967, 0.304967, 0.695033
7.40046, -0.206879, -3.00951, 0.304967, 0.304967, 0.695033
7.40051, -0.206879, -3.00951, 0.304967, 0.304967, 0.695033
7.40056, -0.206879, -3.00951, 0.304967, 0.304967, 0.695033
7.40061, -0.206879, -3.00951, 0.304967, 0.304967, 0.695033
7.40066, -0.206879, -3.00951, 0.304967, 0.304967, 0.695033
7.40071, -0.206879, -3.00951, 0.304967, 0.304967, 0.695033
7.40076, -0.206879, -3.00951, 0.304967, 0.304967, 0.695033
7.40081, -0.206879, -3.00951, 0.304967, 0.304967, 0.695033
7.40086, -0.206879, -3.00951, 0.304967, 0.304967, 0.695033
7.40091, -0.206879, -3.00951, 0.304967, 0.304967, 0.695033
7.40096, -0.206879, -3.00951, 0.304967, 0.304967, 0.695033
7.40101, -0.206879, -3.00951, 0.304967, 0.304967, 0.695033
7.40106, -0.206879, -3.00951, 0.304967, 0.304967, 0.695033
7.40111, -0.206879, -3.00951, 0.304967, 0.304967, 0.695033
7.40116, -0.206879, -3.00951, 0.304967, 0.304967, 0.695033
7.40121, -0.206879, -3.00951, 0.304967, 0.304967, 0.695033
7.40126, -0.206879, -3.00951, 0.304967, 0.304967, 0.695033
7.40131, -0.206879, -3.00951, 0.304967, 0.304967, 0.695033
7.40137, -0.206879, -3.00951, 0.304967, 0.304967, 0.695033
7.40142, -0.206879, -3.00951, 0.304967, 0.304967, 0.695033
7.40147, -0.206879, -3.00951, 0.304967, 0.304967, 0.695033
7.40152, -0.206879, -3.00951, 0.304967, 0.304967, 0.695033
7.40157, -0.206879, -3.00951, 0.304967, 0.304967, 0.695033
7.40162, -0.206879, -3.00951, 0.304967, 0.304967, 0.695033
7.40167, -0.206879, -3.00951, 0.304967, 0.304967, 0.695033
7.40172, -0.206879, -3.00951, 0.304967, 0.304967, 0.695033
7.40177, -0.206879, -3.00951, 0.304967, 0.304967, 0.695033
7.40182, -0.206879, -3.00951, 0.304967, 0.304967, 0.695033
7.40187, -0.206879, -3.00951, 0.304967, 0.304967, 0.695033
7.40192, -0.206879, -3.00951, 0.304967, 0.304967, 0.695033
7.40197, -0.206879, -3.00951, 0.304967, 0.304967, 0.695033
7.40202, -0.206879, -3.00951, 0.304967, 0.304967, 0.695033
7.40207, -0.206879, -3.00951, 0.304967, 0.304967, 0.695033
7.40212, -0.206879, -3.00951, 0.304967, 0.304967, 0.695033
7.40217, -0.206879, -3.00951, 0.304967, 0.304967, 0.695033
7.40222, -0.206879, -3.00951, 0.304967, 0.304967, 0.695033
7.40228, -0.206879, -3.00951, 0.304967, 0.304967, 0.695033
7.40233, -0.206879, -3.00951, 0.304967, 0.304967, 0.695033
7.40238, -0.206879, -3.00951, 0.304967, 0.304967, 0.695033
7.40243, -0.206879, -3.00951, 0.304967, 0.304967, 0.695033
7.40248, -0.206879, -3.00951, 0.304967, 0.304967, 0.695033
7.40253, -0.206879, -3.00951, 0.304967, 0.304967, 0.695033
7.40258, -0.206879, -3.00951, 0.304967, 0.304967, 0.695033
7.40263, -0.206893, -3.00965, 0.304987, 0.304987, 0.695013
7.40268, -0.206893, -3.00965, 0.304987, 0.304987, 0.695013
7.40273, -0.206893, -3.00965, 0.304987, 0.304987, 0.695013
7.40278, -0.206893, -3.00965, 0.304987, 0.304987, 0.695013
7.40283, -0.206893, -3.00965, 0.304987, 0.304987, 0.695013
7.40288, -0.206893, -3.00965, 0.304987, 0.304987, 0.695013
7.40293, -0.206893, -3.00965, 0.304987, 0.304987, 0.695013
7.40298, -0.206893, -3.00965, 0.304987, 0.304987, 0.695013
7.40303, -0.206893, -3.00965, 0.304987, 0.304987, 0.695013
7.40308, -0.206893, -3.00965, 0.304987, 0.304987, 0.695013
7.40313, -0.206893, -3.00965, 0.304987, 0.304987, 0.695013
7.40319, -0.206893, -3.00965, 0.304987, 0.304987, 0.695013
7.40324, -0.206893, -3.00965, 0.304987, 0.304987, 0.695013
7.40329, -0.206893, -3.00965, 0.304987, 0.304987, 0.695013
7.40334, -0.206893, -3.00965, 0.304987, 0.304987, 0.695013
7.40339, -0.206893, -3.00965, 0.304987, 0.304987, 0.695013
7.40344, -0.206893, -3.00965, 0.304987, 0.304987, 0.695013
7.40349, -0.206893, -3.00965, 0.304987, 0.304987, 0.695013
7.40354, -0.206893, -3.00965, 0.304987, 0.304987, 0.695013
7.40359, -0.206893, -3.00965, 0.304987, 0.304987, 0.695013
7.40364, -0.206893, -3.00965, 0.304987, 0.304987, 0.695013
7.40369, -0.206893, -3.00965, 0.304987, 0.304987, 0.695013
7.40374, -0.206893, -3.00965, 0.304987, 0.304987, 0.695013
7.40379, -0.206893, -3.00965, 0.304987, 0.304987, 0.695013
7.40384, -0.206893, -3.00965, 0.304987, 0.304987, 0.695013
7.40389, -0.206893, -3.00965, 0.304987, 0.304987, 0.695013
7.40394, -0.206893, -3.00965, 0.304987, 0.304987, 0.695013
7.40399, -0.206893, -3.00965, 0.304987, 0.304987, 0.695013
7.40404, -0.206893, -3.00965, 0.304987, 0.304987, 0.695013
7.4041, -0.206893, -3.00965, 0.304987, 0.304987, 0.695013
7.40415, -0.206893, -3.00965, 0.304987, 0.304987, 0.695013
7.4042, -0.206893, -3.00965, 0.304987, 0.304987, 0.695013
7.40425, -0.206893, -3.00965, 0.304987, 0.304987, 0.695013
7.4043, -0.206893, -3.00965, 0.304987, 0.304987, 0.695013
7.40435, -0.206893, -3.00965, 0.304987, 0.304987, 0.695013
7.4044, -0.206893, -3.00965, 0.304987, 0.304987, 0.695013
7.40445, -0.206893, -3.00965, 0.304987, 0.304987, 0.695013
7.4045, -0.206893, -3.00965, 0.304987, 0.304987, 0.695013
7.40455, -0.206893, -3.00965, 0.304987, 0.304987, 0.695013
7.4046, -0.206893, -3.00965, 0.304987, 0.304987, 0.695013
7.40465, -0.206893, -3.00965, 0.304987, 0.304987, 0.695013
7.4047, -0.206893, -3.00965, 0.304987, 0.304987, 0.695013
7.40475, -0.206893, -3.00965, 0.304987, 0.304987, 0.695013
7.4048, -0.206893, -3.00965, 0.304987, 0.304987, 0.695013
7.40485, -0.206893, -3.00965, 0.304987, 0.304987, 0.695013
7.4049, -0.206893, -3.00965, 0.304987, 0.304987, 0.695013
7.40495, -0.206893, -3.00965, 0.304987, 0.304987, 0.695013
7.40501, -0.206893, -3.00965, 0.304987, 0.304987, 0.695013
7.40506, -0.206893, -3.00965, 0.304987, 0.304987, 0.695013
7.40511, -0.206893, -3.00965, 0.304987, 0.304987, 0.695013
7.40516, -0.206893, -3.00965, 0.304987, 0.304987, 0.695013
7.40521, -0.206893, -3.00965, 0.304987, 0.304987, 0.695013
7.40526, -0.206893, -3.00965, 0.304987, 0.304987, 0.695013
7.40531, -0.206893, -3.00965, 0.304987, 0.304987, 0.695013
7.40536, -0.206893, -3.00965, 0.304987, 0.304987, 0.695013
7.40541, -0.206893, -3.00965, 0.304987, 0.304987, 0.695013
7.40546, -0.206893, -3.00965, 0.304987, 0.304987, 0.695013
7.40551, -0.206893, -3.00965, 0.304987, 0.304987, 0.695013
7.40556, -0.206893, -3.00965, 0.304987, 0.304987, 0.695013
7.40561, -0.206893, -3.00965, 0.304987, 0.304987, 0.695013
7.40566, -0.206893, -3.00965, 0.304987, 0.304987, 0.695013
7.40571, -0.206893, -3.00965, 0.304987, 0.304987, 0.695013
7.40576, -0.206893, -3.00965, 0.304987, 0.304987, 0.695013
7.40581, -0.206893, -3.00965, 0.304987, 0.304987, 0.695013
7.40586, -0.206906, -3.00979, 0.305008, 0.305008, 0.694992
7.40592, -0.206906, -3.00979, 0.305008, 0.305008, 0.694992
7.40597, -0.206906, -3.00979, 0.305008, 0.305008, 0.694992
7.40602, -0.206906, -3.00979, 0.305008, 0.305008, 0.694992
7.40607, -0.206906, -3.00979, 0.305008, 0.305008, 0.694992
7.40612, -0.206906, -3.00979, 0.305008, 0.305008, 0.694992
7.40617, -0.206906, -3.00979, 0.305008, 0.305008, 0.694992
7.40622, -0.206906, -3.00979, 0.305008, 0.305008, 0.694992
7.40627, -0.20692, -3.00993, 0.305028, 0.305028, 0.694972
7.40632, -0.20692, -3.00993, 0.305028, 0.305028, 0.694972
7.40637, -0.20692, -3.00993, 0.305028, 0.305028, 0.694972
7.40642, -0.20692, -3.00993, 0.305028, 0.305028, 0.694972
7.40647, -0.20692, -3.00993, 0.305028, 0.305028, 0.694972
7.40652, -0.20692, -3.00993, 0.305028, 0.305028, 0.694972
7.40657, -0.20692, -3.00993, 0.305028, 0.305028, 0.694972
7.40662, -0.20692, -3.00993, 0.305028, 0.305028, 0.694972
7.40667, -0.20692, -3.00993, 0.305028, 0.305028, 0.694972
7.40672, -0.20692, -3.00993, 0.305028, 0.305028, 0.694972
7.40677, -0.20692, -3.00993, 0.305028, 0.305028, 0.694972
7.40683, -0.20692, -3.00993, 0.305028, 0.305028, 0.694972
7.40688, -0.20692, -3.00993, 0.305028, 0.305028, 0.694972
7.40693, -0.20692, -3.00993, 0.305028, 0.305028, 0.694972
7.40698, -0.20692, -3.00993, 0.305028, 0.305028, 0.694972
7.40703, -0.20692, -3.00993, 0.305028, 0.305028, 0.694972
7.40708, -0.20692, -3.00993, 0.305028, 0.305028, 0.694972
7.40713, -0.20692, -3.00993, 0.305028, 0.305028, 0.694972
7.40718, -0.20692, -3.00993, 0.305028, 0.305028, 0.694972
7.40723, -0.20692, -3.00993, 0.305028, 0.305028, 0.694972
7.40728, -0.20692, -3.00993, 0.305028, 0.305028, 0.694972
7.40733, -0.20692, -3.00993, 0.305028, 0.305028, 0.694972
7.40738, -0.20692, -3.00993, 0.305028, 0.305028, 0.694972
7.40743, -0.20692, -3.00993, 0.305028, 0.305028, 0.694972
7.40748, -0.20692, -3.00993, 0.305028, 0.305028, 0.694972
7.40753, -0.20692, -3.00993, 0.305028, 0.305028, 0.694972
7.40758, -0.20692, -3.00993, 0.305028, 0.305028, 0.694972
7.40763, -0.20692, -3.00993, 0.305028, 0.305028, 0.694972
7.40768, -0.20692, -3.00993, 0.305028, 0.305028, 0.694972
7.40774, -0.20692, -3.00993, 0.305028, 0.305028, 0.694972
7.40779, -0.20692, -3.00993, 0.305028, 0.305028, 0.694972
7.40784, -0.20692, -3.00993, 0.305028, 0.305028, 0.694972
7.40789, -0.20692, -3.00993, 0.305028, 0.305028, 0.694972
7.40794, -0.20692, -3.00993, 0.305028, 0.305028, 0.694972
7.40799, -0.20692, -3.00993, 0.305028, 0.305028, 0.694972
7.40804, -0.20692, -3.00993, 0.305028, 0.305028, 0.694972
7.40809, -0.20692, -3.00993, 0.305028, 0.305028, 0.694972
7.40814, -0.20692, -3.00993, 0.305028, 0.305028, 0.694972
7.40819, -0.20692, -3.00993, 0.305028, 0.305028, 0.694972
7.40824, -0.20692, -3.00993, 0.305028, 0.305028, 0.694972
7.40829, -0.20692, -3.00993, 0.305028, 0.305028, 0.694972
7.40834, -0.20692, -3.00993, 0.305028, 0.305028, 0.694972
7.40839, -0.20692, -3.00993, 0.305028, 0.305028, 0.694972
7.40844, -0.20692, -3.00993, 0.305028, 0.305028, 0.694972
7.40849, -0.20692, -3.00993, 0.305028, 0.305028, 0.694972
7.40854, -0.20692, -3.00993, 0.305028, 0.305028, 0.694972
7.40859, -0.20692, -3.00993, 0.305028, 0.305028, 0.694972
7.40865, -0.20692, -3.00993, 0.305028, 0.305028, 0.694972
7.4087, -0.20692, -3.00993, 0.305028, 0.305028, 0.694972
7.40875, -0.20692, -3.00993, 0.305028, 0.305028, 0.694972
7.4088, -0.20692, -3.00993, 0.305028, 0.305028, 0.694972
7.40885, -0.20692, -3.00993, 0.305028, 0.305028, 0.694972
7.4089, -0.20692, -3.00993, 0.305028, 0.305028, 0.694972
7.40895, -0.20692, -3.00993, 0.305028, 0.305028, 0.694972
7.409, -0.20692, -3.00993, 0.305028, 0.305028, 0.694972
7.40905, -0.20692, -3.00993, 0.305028, 0.305028, 0.694972
7.4091, -0.20692, -3.00993, 0.305028, 0.305028, 0.694972
7.40915, -0.20692, -3.00993, 0.305028, 0.305028, 0.694972
7.4092, -0.20692, -3.00993, 0.305028, 0.305028, 0.694972
7.40925, -0.20692, -3.00993, 0.305028, 0.305028, 0.694972
7.4093, -0.20692, -3.00993, 0.305028, 0.305028, 0.694972
7.40935, -0.20692, -3.00993, 0.305028, 0.305028, 0.694972
7.4094, -0.20692, -3.00993, 0.305028, 0.305028, 0.694972
7.40945, -0.20692, -3.00993, 0.305028, 0.305028, 0.694972
7.4095, -0.20692, -3.00993, 0.305028, 0.305028, 0.694972
7.40956, -0.20692, -3.00993, 0.305028, 0.305028, 0.694972
7.40961, -0.20692, -3.00993, 0.305028, 0.305028, 0.694972
7.40966, -0.20692, -3.00993, 0.305028, 0.305028, 0.694972
7.40971, -0.20692, -3.00993, 0.305028, 0.305028, 0.694972
7.40976, -0.20692, -3.00993, 0.305028, 0.305028, 0.694972
7.40981, -0.20692, -3.00993, 0.305028, 0.305028, 0.694972
7.40986, -0.206933, -3.01007, 0.305049, 0.305049, 0.694951
7.40991, -0.206933, -3.01007, 0.305049, 0.305049, 0.694951
7.40996, -0.206933, -3.01007, 0.305049, 0.305049, 0.694951
7.41001, -0.206933, -3.01007, 0.305049, 0.305049, 0.694951
7.41006, -0.206933, -3.01007, 0.305049, 0.305049, 0.694951
7.41011, -0.206933, -3.01007, 0.305049, 0.305049, 0.694951
7.41016, -0.206933, -3.01007, 0.305049, 0.305049, 0.694951
7.41021, -0.206933, -3.01007, 0.305049, 0.305049, 0.694951
7.41026, -0.206933, -3.01007, 0.305049, 0.305049, 0.694951
7.41031, -0.206933, -3.01007, 0.305049, 0.305049, 0.694951
7.41036, -0.206933, -3.01007, 0.305049, 0.305049, 0.694951
7.41041, -0.206933, -3.01007, 0.305049, 0.305049, 0.694951
7.41047, -0.206933, -3.01007, 0.305049, 0.305049, 0.694951
7.41052, -0.206933, -3.01007, 0.305049, 0.305049, 0.694951
7.41057, -0.206933, -3.01007, 0.305049, 0.305049, 0.694951
7.41062, -0.206933, -3.01007, 0.305049, 0.305049, 0.694951
7.41067, -0.206933, -3.01007, 0.305049, 0.305049, 0.694951
7.41072, -0.206933, -3.01007, 0.305049, 0.305049, 0.694951
7.41077, -0.206933, -3.01007, 0.305049, 0.305049, 0.694951
7.41082, -0.206933, -3.01007, 0.305049, 0.305049, 0.694951
7.41087, -0.206933, -3.01007, 0.305049, 0.305049, 0.694951
7.41092, -0.206933, -3.01007, 0.305049, 0.305049, 0.694951
7.41097, -0.206933, -3.01007, 0.305049, 0.305049, 0.694951
7.41102, -0.206933, -3.01007, 0.305049, 0.305049, 0.694951
7.41107, -0.206933, -3.01007, 0.305049, 0.305049, 0.694951
7.41112, -0.206933, -3.01007, 0.305049, 0.305049, 0.694951
7.41117, -0.206933, -3.01007, 0.305049, 0.305049, 0.694951
7.41122, -0.206933, -3.01007, 0.305049, 0.305049, 0.694951
7.41127, -0.206933, -3.01007, 0.305049, 0.305049, 0.694951
7.41132, -0.206933, -3.01007, 0.305049, 0.305049, 0.694951
7.41138, -0.206933, -3.01007, 0.305049, 0.305049, 0.694951
7.41143, -0.206933, -3.01007, 0.305049, 0.305049, 0.694951
7.41148, -0.206933, -3.01007, 0.305049, 0.305049, 0.694951
7.41153, -0.206933, -3.01007, 0.305049, 0.305049, 0.694951
7.41158, -0.206933, -3.01007, 0.305049, 0.305049, 0.694951
7.41163, -0.206933, -3.01007, 0.305049, 0.305049, 0.694951
7.41168, -0.206933, -3.01007, 0.305049, 0.305049, 0.694951
7.41173, -0.206933, -3.01007, 0.305049, 0.305049, 0.694951
7.41178, -0.206933, -3.01007, 0.305049, 0.305049, 0.694951
7.41183, -0.206933, -3.01007, 0.305049, 0.305049, 0.694951
7.41188, -0.206933, -3.01007, 0.305049, 0.305049, 0.694951
7.41193, -0.206933, -3.01007, 0.305049, 0.305049, 0.694951
7.41198, -0.206933, -3.01007, 0.305049, 0.305049, 0.694951
7.41203, -0.206933, -3.01007, 0.305049, 0.305049, 0.694951
7.41208, -0.206933, -3.01007, 0.305049, 0.305049, 0.694951
7.41213, -0.206933, -3.01007, 0.305049, 0.305049, 0.694951
7.41218, -0.206933, -3.01007, 0.305049, 0.305049, 0.694951
7.41223, -0.206933, -3.01007, 0.305049, 0.305049, 0.694951
7.41229, -0.206933, -3.01007, 0.305049, 0.305049, 0.694951
7.41234, -0.206933, -3.01007, 0.305049, 0.305049, 0.694951
7.41239, -0.206933, -3.01007, 0.305049, 0.305049, 0.694951
7.41244, -0.206933, -3.01007, 0.305049, 0.305049, 0.694951
7.41249, -0.206933, -3.01007, 0.305049, 0.305049, 0.694951
7.41254, -0.206933, -3.01007, 0.305049, 0.305049, 0.694951
7.41259, -0.206933, -3.01007, 0.305049, 0.305049, 0.694951
7.41264, -0.206933, -3.01007, 0.305049, 0.305049, 0.694951
7.41269, -0.206933, -3.01007, 0.305049, 0.305049, 0.694951
7.41274, -0.206933, -3.01007, 0.305049, 0.305049, 0.694951
7.41279, -0.206933, -3.01007, 0.305049, 0.305049, 0.694951
7.41284, -0.206933, -3.01007, 0.305049, 0.305049, 0.694951
7.41289, -0.206933, -3.01007, 0.305049, 0.305049, 0.694951
7.41294, -0.206933, -3.01007, 0.305049, 0.305049, 0.694951
7.41299, -0.206933, -3.01007, 0.305049, 0.305049, 0.694951
7.41304, -0.206933, -3.01007, 0.305049, 0.305049, 0.694951
7.41309, -0.206933, -3.01007, 0.305049, 0.305049, 0.694951
7.41314, -0.206933, -3.01007, 0.305049, 0.305049, 0.694951
7.4132, -0.206933, -3.01007, 0.305049, 0.305049, 0.694951
7.41325, -0.206933, -3.01007, 0.305049, 0.305049, 0.694951
7.4133, -0.206933, -3.01007, 0.305049, 0.305049, 0.694951
7.41335, -0.206933, -3.01007, 0.305049, 0.305049, 0.694951
7.4134, -0.206933, -3.01007, 0.305049, 0.305049, 0.694951
7.41345, -0.206947, -3.01021, 0.30507, 0.30507, 0.69493
7.4135, -0.206947, -3.01021, 0.30507, 0.30507, 0.69493
7.41355, -0.206947, -3.01021, 0.30507, 0.30507, 0.69493
7.4136, -0.206947, -3.01021, 0.30507, 0.30507, 0.69493
7.41365, -0.206947, -3.01021, 0.30507, 0.30507, 0.69493
7.4137, -0.206947, -3.01021, 0.30507, 0.30507, 0.69493
7.41375, -0.206947, -3.01021, 0.30507, 0.30507, 0.69493
7.4138, -0.206947, -3.01021, 0.30507, 0.30507, 0.69493
7.41385, -0.206947, -3.01021, 0.30507, 0.30507, 0.69493
7.4139, -0.206947, -3.01021, 0.30507, 0.30507, 0.69493
7.41395, -0.206947, -3.01021, 0.30507, 0.30507, 0.69493
7.414, -0.206947, -3.01021, 0.30507, 0.30507, 0.69493
7.41405, -0.206947, -3.01021, 0.30507, 0.30507, 0.69493
7.41411, -0.206947, -3.01021, 0.30507, 0.30507, 0.69493
7.41416, -0.206947, -3.01021, 0.30507, 0.30507, 0.69493
7.41421, -0.206947, -3.01021, 0.30507, 0.30507, 0.69493
7.41426, -0.206947, -3.01021, 0.30507, 0.30507, 0.69493
7.41431, -0.206947, -3.01021, 0.30507, 0.30507, 0.69493
7.41436, -0.206947, -3.01021, 0.30507, 0.30507, 0.69493
7.41441, -0.206947, -3.01021, 0.30507, 0.30507, 0.69493
7.41446, -0.206947, -3.01021, 0.30507, 0.30507, 0.69493
7.41451, -0.206947, -3.01021, 0.30507, 0.30507, 0.69493
7.41456, -0.206947, -3.01021, 0.30507, 0.30507, 0.69493
7.41461, -0.206947, -3.01021, 0.30507, 0.30507, 0.69493
7.41466, -0.206947, -3.01021, 0.30507, 0.30507, 0.69493
7.41471, -0.206947, -3.01021, 0.30507, 0.30507, 0.69493
7.41476, -0.206947, -3.01021, 0.30507, 0.30507, 0.69493
7.41481, -0.206947, -3.01021, 0.30507, 0.30507, 0.69493
7.41486, -0.206947, -3.01021, 0.30507, 0.30507, 0.69493
7.41491, -0.206947, -3.01021, 0.30507, 0.30507, 0.69493
7.41496, -0.206947, -3.01021, 0.30507, 0.30507, 0.69493
7.41502, -0.206947, -3.01021, 0.30507, 0.30507, 0.69493
7.41507, -0.206947, -3.01021, 0.30507, 0.30507, 0.69493
7.41512, -0.206947, -3.01021, 0.30507, 0.30507, 0.69493
7.41517, -0.206947, -3.01021, 0.30507, 0.30507, 0.69493
7.41522, -0.206947, -3.01021, 0.30507, 0.30507, 0.69493
7.41527, -0.206947, -3.01021, 0.30507, 0.30507, 0.69493
7.41532, -0.206947, -3.01021, 0.30507, 0.30507, 0.69493
7.41537, -0.206947, -3.01021, 0.30507, 0.30507, 0.69493
7.41542, -0.206947, -3.01021, 0.30507, 0.30507, 0.69493
7.41547, -0.206947, -3.01021, 0.30507, 0.30507, 0.69493
7.41552, -0.206947, -3.01021, 0.30507, 0.30507, 0.69493
7.41557, -0.206947, -3.01021, 0.30507, 0.30507, 0.69493
7.41562, -0.206947, -3.01021, 0.30507, 0.30507, 0.69493
7.41567, -0.206947, -3.01021, 0.30507, 0.30507, 0.69493
7.41572, -0.206947, -3.01021, 0.30507, 0.30507, 0.69493
7.41577, -0.206947, -3.01021, 0.30507, 0.30507, 0.69493
7.41582, -0.206947, -3.01021, 0.30507, 0.30507, 0.69493
7.41587, -0.206947, -3.01021, 0.30507, 0.30507, 0.69493
7.41593, -0.206947, -3.01021, 0.30507, 0.30507, 0.69493
7.41598, -0.206947, -3.01021, 0.30507, 0.30507, 0.69493
7.41603, -0.206947, -3.01021, 0.30507, 0.30507, 0.69493
7.41608, -0.206947, -3.01021, 0.30507, 0.30507, 0.69493
7.41613, -0.206947, -3.01021, 0.30507, 0.30507, 0.69493
7.41618, -0.206947, -3.01021, 0.30507, 0.30507, 0.69493
7.41623, -0.206947, -3.01021, 0.30507, 0.30507, 0.69493
7.41628, -0.206947, -3.01021, 0.30507, 0.30507, 0.69493
7.41633, -0.206947, -3.01021, 0.30507, 0.30507, 0.69493
7.41638, -0.206947, -3.01021, 0.30507, 0.30507, 0.69493
7.41643, -0.206947, -3.01021, 0.30507, 0.30507, 0.69493
7.41648, -0.206947, -3.01021, 0.30507, 0.30507, 0.69493
7.41653, -0.206947, -3.01021, 0.30507, 0.30507, 0.69493
7.41658, -0.206947, -3.01021, 0.30507, 0.30507, 0.69493
7.41663, -0.206947, -3.01021, 0.30507, 0.30507, 0.69493
7.41668, -0.206947, -3.01021, 0.30507, 0.30507, 0.69493
7.41673, -0.206947, -3.01021, 0.30507, 0.30507, 0.69493
7.41678, -0.206947, -3.01021, 0.30507, 0.30507, 0.69493
7.41684, -0.206947, -3.01021, 0.30507, 0.30507, 0.69493
7.41689, -0.206947, -3.01021, 0.30507, 0.30507, 0.69493
7.41694, -0.206947, -3.01021, 0.30507, 0.30507, 0.69493
7.41699, -0.206947, -3.01021, 0.30507, 0.30507, 0.69493
7.41704, -0.206947, -3.01021, 0.30507, 0.30507, 0.69493
7.41709, -0.20696, -3.01035, 0.30509, 0.30509, 0.69491
7.41714, -0.20696, -3.01035, 0.30509, 0.30509, 0.69491
7.41719, -0.20696, -3.01035, 0.30509, 0.30509, 0.69491
7.41724, -0.20696, -3.01035, 0.30509, 0.30509, 0.69491
7.41729, -0.20696, -3.01035, 0.30509, 0.30509, 0.69491
7.41734, -0.20696, -3.01035, 0.30509, 0.30509, 0.69491
7.41739, -0.20696, -3.01035, 0.30509, 0.30509, 0.69491
7.41744, -0.20696, -3.01035, 0.30509, 0.30509, 0.69491
7.41749, -0.20696, -3.01035, 0.30509, 0.30509, 0.69491
7.41754, -0.20696, -3.01035, 0.30509, 0.30509, 0.69491
7.41759, -0.20696, -3.01035, 0.30509, 0.30509, 0.69491
7.41764, -0.20696, -3.01035, 0.30509, 0.30509, 0.69491
7.41769, -0.20696, -3.01035, 0.30509, 0.30509, 0.69491
7.41775, -0.20696, -3.01035, 0.30509, 0.30509, 0.69491
7.4178, -0.20696, -3.01035, 0.30509, 0.30509, 0.69491
7.41785, -0.20696, -3.01035, 0.30509, 0.30509, 0.69491
7.4179, -0.20696, -3.01035, 0.30509, 0.30509, 0.69491
7.41795, -0.20696, -3.01035, 0.30509, 0.30509, 0.69491
7.418, -0.20696, -3.01035, 0.30509, 0.30509, 0.69491
7.41805, -0.20696, -3.01035, 0.30509, 0.30509, 0.69491
7.4181, -0.20696, -3.01035, 0.30509, 0.30509, 0.69491
7.41815, -0.20696, -3.01035, 0.30509, 0.30509, 0.69491
7.4182, -0.20696, -3.01035, 0.30509, 0.30509, 0.69491
7.41825, -0.20696, -3.01035, 0.30509, 0.30509, 0.69491
7.4183, -0.20696, -3.01035, 0.30509, 0.30509, 0.69491
7.41835, -0.20696, -3.01035, 0.30509, 0.30509, 0.69491
7.4184, -0.20696, -3.01035, 0.30509, 0.30509, 0.69491
7.41845, -0.20696, -3.01035, 0.30509, 0.30509, 0.69491
7.4185, -0.20696, -3.01035, 0.30509, 0.30509, 0.69491
7.41855, -0.20696, -3.01035, 0.30509, 0.30509, 0.69491
7.4186, -0.20696, -3.01035, 0.30509, 0.30509, 0.69491
7.41866, -0.20696, -3.01035, 0.30509, 0.30509, 0.69491
7.41871, -0.20696, -3.01035, 0.30509, 0.30509, 0.69491
7.41876, -0.20696, -3.01035, 0.30509, 0.30509, 0.69491
7.41881, -0.20696, -3.01035, 0.30509, 0.30509, 0.69491
7.41886, -0.20696, -3.01035, 0.30509, 0.30509, 0.69491
7.41891, -0.20696, -3.01035, 0.30509, 0.30509, 0.69491
7.41896, -0.20696, -3.01035, 0.30509, 0.30509, 0.69491
7.41901, -0.20696, -3.01035, 0.30509, 0.30509, 0.69491
7.41906, -0.20696, -3.01035, 0.30509, 0.30509, 0.69491
7.41911, -0.20696, -3.01035, 0.30509, 0.30509, 0.69491
7.41916, -0.20696, -3.01035, 0.30509, 0.30509, 0.69491
7.41921, -0.20696, -3.01035, 0.30509, 0.30509, 0.69491
7.41926, -0.20696, -3.01035, 0.30509, 0.30509, 0.69491
7.41931, -0.20696, -3.01035, 0.30509, 0.30509, 0.69491
7.41936, -0.20696, -3.01035, 0.30509, 0.30509, 0.69491
7.41941, -0.20696, -3.01035, 0.30509, 0.30509, 0.69491
7.41946, -0.20696, -3.01035, 0.30509, 0.30509, 0.69491
7.41951, -0.20696, -3.01035, 0.30509, 0.30509, 0.69491
7.41957, -0.20696, -3.01035, 0.30509, 0.30509, 0.69491
7.41962, -0.20696, -3.01035, 0.30509, 0.30509, 0.69491
7.41967, -0.20696, -3.01035, 0.30509, 0.30509, 0.69491
7.41972, -0.20696, -3.01035, 0.30509, 0.30509, 0.69491
7.41977, -0.20696, -3.01035, 0.30509, 0.30509, 0.69491
7.41982, -0.20696, -3.01035, 0.30509, 0.30509, 0.69491
7.41987, -0.20696, -3.01035, 0.30509, 0.30509, 0.69491
7.41992, -0.20696, -3.01035, 0.30509, 0.30509, 0.69491
7.41997, -0.20696, -3.01035, 0.30509, 0.30509, 0.69491
7.42002, -0.20696, -3.01035, 0.30509, 0.30509, 0.69491
7.42007, -0.20696, -3.01035, 0.30509, 0.30509, 0.69491
7.42012, -0.20696, -3.01035, 0.30509, 0.30509, 0.69491
7.42017, -0.20696, -3.01035, 0.30509, 0.30509, 0.69491
7.42022, -0.20696, -3.01035, 0.30509, 0.30509, 0.69491
7.42027, -0.20696, -3.01035, 0.30509, 0.30509, 0.69491
7.42032, -0.20696, -3.01035, 0.30509, 0.30509, 0.69491
7.42037, -0.20696, -3.01035, 0.30509, 0.30509, 0.69491
7.42042, -0.20696, -3.01035, 0.30509, 0.30509, 0.69491
7.42048, -0.20696, -3.01035, 0.30509, 0.30509, 0.69491
7.42053, -0.20696, -3.01035, 0.30509, 0.30509, 0.69491
7.42058, -0.20696, -3.01035, 0.30509, 0.30509, 0.69491
7.42063, -0.20696, -3.01035, 0.30509, 0.30509, 0.69491
7.42068, -0.206974, -3.01049, 0.305111, 0.305111, 0.694889
7.42073, -0.206974, -3.01049, 0.305111, 0.305111, 0.694889
7.42078, -0.206974, -3.01049, 0.305111, 0.305111, 0.694889
7.42083, -0.206974, -3.01049, 0.305111, 0.305111, 0.694889
7.42088, -0.206974, -3.01049, 0.305111, 0.305111, 0.694889
7.42093, -0.206974, -3.01049, 0.305111, 0.305111, 0.694889
7.42098, -0.206974, -3.01049, 0.305111, 0.305111, 0.694889
7.42103, -0.206974, -3.01049, 0.305111, 0.305111, 0.694889
7.42108, -0.206974, -3.01049, 0.305111, 0.305111, 0.694889
7.42113, -0.206974, -3.01049, 0.305111, 0.305111, 0.694889
7.42118, -0.206974, -3.01049, 0.305111, 0.305111, 0.694889
7.42123, -0.206974, -3.01049, 0.305111, 0.305111, 0.694889
7.42128, -0.206974, -3.01049, 0.305111, 0.305111, 0.694889
7.42133, -0.206974, -3.01049, 0.305111, 0.305111, 0.694889
7.42139, -0.206974, -3.01049, 0.305111, 0.305111, 0.694889
7.42144, -0.206974, -3.01049, 0.305111, 0.305111, 0.694889
7.42149, -0.206974, -3.01049, 0.305111, 0.305111, 0.694889
7.42154, -0.206974, -3.01049, 0.305111, 0.305111, 0.694889
7.42159, -0.206974, -3.01049, 0.305111, 0.305111, 0.694889
7.42164, -0.206974, -3.01049, 0.305111, 0.305111, 0.694889
7.42169, -0.206974, -3.01049, 0.305111, 0.305111, 0.694889
7.42174, -0.206974, -3.01049, 0.305111, 0.305111, 0.694889
7.42179, -0.206974, -3.01049, 0.305111, 0.305111, 0.694889
7.42184, -0.206974, -3.01049, 0.305111, 0.305111, 0.694889
7.42189, -0.206974, -3.01049, 0.305111, 0.305111, 0.694889
7.42194, -0.206974, -3.01049, 0.305111, 0.305111, 0.694889
7.42199, -0.206974, -3.01049, 0.305111, 0.305111, 0.694889
7.42204, -0.206974, -3.01049, 0.305111, 0.305111, 0.694889
7.42209, -0.206974, -3.01049, 0.305111, 0.305111, 0.694889
7.42214, -0.206974, -3.01049, 0.305111, 0.305111, 0.694889
7.42219, -0.206974, -3.01049, 0.305111, 0.305111, 0.694889
7.42224, -0.206974, -3.01049, 0.305111, 0.305111, 0.694889
7.4223, -0.206974, -3.01049, 0.305111, 0.305111, 0.694889
7.42235, -0.206974, -3.01049, 0.305111, 0.305111, 0.694889
7.4224, -0.206974, -3.01049, 0.305111, 0.305111, 0.694889
7.42245, -0.206974, -3.01049, 0.305111, 0.305111, 0.694889
7.4225, -0.206974, -3.01049, 0.305111, 0.305111, 0.694889
7.42255, -0.206974, -3.01049, 0.305111, 0.305111, 0.694889
7.4226, -0.206974, -3.01049, 0.305111, 0.305111, 0.694889
7.42265, -0.206974, -3.01049, 0.305111, 0.305111, 0.694889
7.4227, -0.206974, -3.01049, 0.305111, 0.305111, 0.694889
7.42275, -0.206974, -3.01049, 0.305111, 0.305111, 0.694889
7.4228, -0.206974, -3.01049, 0.305111, 0.305111, 0.694889
7.42285, -0.206974, -3.01049, 0.305111, 0.305111, 0.694889
7.4229, -0.206974, -3.01049, 0.305111, 0.305111, 0.694889
7.42295, -0.206974, -3.01049, 0.305111, 0.305111, 0.694889
7.423, -0.206974, -3.01049, 0.305111, 0.305111, 0.694889
7.42305, -0.206974, -3.01049, 0.305111, 0.305111, 0.694889
7.4231, -0.206974, -3.01049, 0.305111, 0.305111, 0.694889
7.42315, -0.206974, -3.01049, 0.305111, 0.305111, 0.694889
7.42321, -0.206974, -3.01049, 0.305111, 0.305111, 0.694889
7.42326, -0.206974, -3.01049, 0.305111, 0.305111, 0.694889
7.42331, -0.206974, -3.01049, 0.305111, 0.305111, 0.694889
7.42336, -0.206974, -3.01049, 0.305111, 0.305111, 0.694889
7.42341, -0.206974, -3.01049, 0.305111, 0.305111, 0.694889
7.42346, -0.206974, -3.01049, 0.305111, 0.305111, 0.694889
7.42351, -0.206974, -3.01049, 0.305111, 0.305111, 0.694889
7.42356, -0.206974, -3.01049, 0.305111, 0.305111, 0.694889
7.42361, -0.206974, -3.01049, 0.305111, 0.305111, 0.694889
7.42366, -0.206974, -3.01049, 0.305111, 0.305111, 0.694889
7.42371, -0.206974, -3.01049, 0.305111, 0.305111, 0.694889
7.42376, -0.206974, -3.01049, 0.305111, 0.305111, 0.694889
7.42381, -0.206974, -3.01049, 0.305111, 0.305111, 0.694889
7.42386, -0.206974, -3.01049, 0.305111, 0.305111, 0.694889
7.42391, -0.206974, -3.01049, 0.305111, 0.305111, 0.694889
7.42396, -0.206974, -3.01049, 0.305111, 0.305111, 0.694889
7.42401, -0.206974, -3.01049, 0.305111, 0.305111, 0.694889
7.42406, -0.206974, -3.01049, 0.305111, 0.305111, 0.694889
7.42412, -0.206974, -3.01049, 0.305111, 0.305111, 0.694889
7.42417, -0.206974, -3.01049, 0.305111, 0.305111, 0.694889
7.42422, -0.206974, -3.01049, 0.305111, 0.305111, 0.694889
7.42427, -0.206974, -3.01049, 0.305111, 0.305111, 0.694889
7.42432, -0.206987, -3.01063, 0.305131, 0.305131, 0.694869
7.42437, -0.206987, -3.01063, 0.305131, 0.305131, 0.694869
7.42442, -0.206987, -3.01063, 0.305131, 0.305131, 0.694869
7.42447, -0.206987, -3.01063, 0.305131, 0.305131, 0.694869
7.42452, -0.206987, -3.01063, 0.305131, 0.305131, 0.694869
7.42457, -0.206987, -3.01063, 0.305131, 0.305131, 0.694869
7.42462, -0.206987, -3.01063, 0.305131, 0.305131, 0.694869
7.42467, -0.206987, -3.01063, 0.305131, 0.305131, 0.694869
7.42472, -0.206987, -3.01063, 0.305131, 0.305131, 0.694869
7.42477, -0.206987, -3.01063, 0.305131, 0.305131, 0.694869
7.42482, -0.206987, -3.01063, 0.305131, 0.305131, 0.694869
7.42487, -0.206987, -3.01063, 0.305131, 0.305131, 0.694869
7.42492, -0.206987, -3.01063, 0.305131, 0.305131, 0.694869
7.42497, -0.206987, -3.01063, 0.305131, 0.305131, 0.694869
7.42503, -0.206987, -3.01063, 0.305131, 0.305131, 0.694869
7.42508, -0.206987, -3.01063, 0.305131, 0.305131, 0.694869
7.42513, -0.206987, -3.01063, 0.305131, 0.305131, 0.694869
7.42518, -0.206987, -3.01063, 0.305131, 0.305131, 0.694869
7.42523, -0.206987, -3.01063, 0.305131, 0.305131, 0.694869
7.42528, -0.206987, -3.01063, 0.305131, 0.305131, 0.694869
7.42533, -0.206987, -3.01063, 0.305131, 0.305131, 0.694869
7.42538, -0.206987, -3.01063, 0.305131, 0.305131, 0.694869
7.42543, -0.206987, -3.01063, 0.305131, 0.305131, 0.694869
7.42548, -0.206987, -3.01063, 0.305131, 0.305131, 0.694869
7.42553, -0.206987, -3.01063, 0.305131, 0.305131, 0.694869
7.42558, -0.206987, -3.01063, 0.305131, 0.305131, 0.694869
7.42563, -0.206987, -3.01063, 0.305131, 0.305131, 0.694869
7.42568, -0.206987, -3.01063, 0.305131, 0.305131, 0.694869
7.42573, -0.206987, -3.01063, 0.305131, 0.305131, 0.694869
7.42578, -0.206987, -3.01063, 0.305131, 0.305131, 0.694869
7.42583, -0.206987, -3.01063, 0.305131, 0.305131, 0.694869
7.42588, -0.206987, -3.01063, 0.305131, 0.305131, 0.694869
7.42594, -0.206987, -3.01063, 0.305131, 0.305131, 0.694869
7.42599, -0.206987, -3.01063, 0.305131, 0.305131, 0.694869
7.42604, -0.206987, -3.01063, 0.305131, 0.305131, 0.694869
7.42609, -0.206987, -3.01063, 0.305131, 0.305131, 0.694869
7.42614, -0.206987, -3.01063, 0.305131, 0.305131, 0.694869
7.42619, -0.206987, -3.01063, 0.305131, 0.305131, 0.694869
7.42624, -0.206987, -3.01063, 0.305131, 0.305131, 0.694869
7.42629, -0.206987, -3.01063, 0.305131, 0.305131, 0.694869
7.42634, -0.206987, -3.01063, 0.305131, 0.305131, 0.694869
7.42639, -0.206987, -3.01063, 0.305131, 0.305131, 0.694869
7.42644, -0.206987, -3.01063, 0.305131, 0.305131, 0.694869
7.42649, -0.206987, -3.01063, 0.305131, 0.305131, 0.694869
7.42654, -0.206987, -3.01063, 0.305131, 0.305131, 0.694869
7.42659, -0.206987, -3.01063, 0.305131, 0.305131, 0.694869
7.42664, -0.206987, -3.01063, 0.305131, 0.305131, 0.694869
7.42669, -0.206987, -3.01063, 0.305131, 0.305131, 0.694869
7.42674, -0.206987, -3.01063, 0.305131, 0.305131, 0.694869
7.42679, -0.206987, -3.01063, 0.305131, 0.305131, 0.694869
7.42685, -0.206987, -3.01063, 0.305131, 0.305131, 0.694869
7.4269, -0.206987, -3.01063, 0.305131, 0.305131, 0.694869
7.42695, -0.206987, -3.01063, 0.305131, 0.305131, 0.694869
7.427, -0.206987, -3.01063, 0.305131, 0.305131, 0.694869
7.42705, -0.206987, -3.01063, 0.305131, 0.305131, 0.694869
7.4271, -0.206987, -3.01063, 0.305131, 0.305131, 0.694869
7.42715, -0.206987, -3.01063, 0.305131, 0.305131, 0.694869
7.4272, -0.206987, -3.01063, 0.305131, 0.305131, 0.694869
7.42725, -0.206987, -3.01063, 0.305131, 0.305131, 0.694869
7.4273, -0.206987, -3.01063, 0.305131, 0.305131, 0.694869
7.42735, -0.206987, -3.01063, 0.305131, 0.305131, 0.694869
7.4274, -0.206987, -3.01063, 0.305131, 0.305131, 0.694869
7.42745, -0.206987, -3.01063, 0.305131, 0.305131, 0.694869
7.4275, -0.206987, -3.01063, 0.305131, 0.305131, 0.694869
7.42755, -0.206987, -3.01063, 0.305131, 0.305131, 0.694869
7.4276, -0.206987, -3.01063, 0.305131, 0.305131, 0.694869
7.42765, -0.206987, -3.01063, 0.305131, 0.305131, 0.694869
7.4277, -0.206987, -3.01063, 0.305131, 0.305131, 0.694869
7.42776, -0.206987, -3.01063, 0.305131, 0.305131, 0.694869
7.42781, -0.206987, -3.01063, 0.305131, 0.305131, 0.694869
7.42786, -0.206987, -3.01063, 0.305131, 0.305131, 0.694869
7.42791, -0.207001, -3.01077, 0.305152, 0.305152, 0.694848
7.42796, -0.207001, -3.01077, 0.305152, 0.305152, 0.694848
7.42801, -0.207001, -3.01077, 0.305152, 0.305152, 0.694848
7.42806, -0.207001, -3.01077, 0.305152, 0.305152, 0.694848
7.42811, -0.207001, -3.01077, 0.305152, 0.305152, 0.694848
7.42816, -0.207001, -3.01077, 0.305152, 0.305152, 0.694848
7.42821, -0.207001, -3.01077, 0.305152, 0.305152, 0.694848
7.42826, -0.207001, -3.01077, 0.305152, 0.305152, 0.694848
7.42831, -0.207001, -3.01077, 0.305152, 0.305152, 0.694848
7.42836, -0.207001, -3.01077, 0.305152, 0.305152, 0.694848
7.42841, -0.207001, -3.01077, 0.305152, 0.305152, 0.694848
7.42846, -0.207001, -3.01077, 0.305152, 0.305152, 0.694848
7.42851, -0.207001, -3.01077, 0.305152, 0.305152, 0.694848
7.42856, -0.207001, -3.01077, 0.305152, 0.305152, 0.694848
7.42861, -0.207001, -3.01077, 0.305152, 0.305152, 0.694848
7.42867, -0.207001, -3.01077, 0.305152, 0.305152, 0.694848
7.42872, -0.207001, -3.01077, 0.305152, 0.305152, 0.694848
7.42877, -0.207001, -3.01077, 0.305152, 0.305152, 0.694848
7.42882, -0.207001, -3.01077, 0.305152, 0.305152, 0.694848
7.42887, -0.207001, -3.01077, 0.305152, 0.305152, 0.694848
7.42892, -0.207001, -3.01077, 0.305152, 0.305152, 0.694848
7.42897, -0.207001, -3.01077, 0.305152, 0.305152, 0.694848
7.42902, -0.207014, -3.01091, 0.305173, 0.305173, 0.694827
7.42907, -0.207014, -3.01091, 0.305173, 0.305173, 0.694827
7.42912, -0.207014, -3.01091, 0.305173, 0.305173, 0.694827
7.42917, -0.207014, -3.01091, 0.305173, 0.305173, 0.694827
7.42922, -0.207014, -3.01091, 0.305173, 0.305173, 0.694827
7.42927, -0.207014, -3.01091, 0.305173, 0.305173, 0.694827
7.42932, -0.207014, -3.01091, 0.305173, 0.305173, 0.694827
7.42937, -0.207014, -3.01091, 0.305173, 0.305173, 0.694827
7.42942, -0.207014, -3.01091, 0.305173, 0.305173, 0.694827
7.42947, -0.207014, -3.01091, 0.305173, 0.305173, 0.694827
7.42952, -0.207014, -3.01091, 0.305173, 0.305173, 0.694827
7.42958, -0.207014, -3.01091, 0.305173, 0.305173, 0.694827
7.42963, -0.207014, -3.01091, 0.305173, 0.305173, 0.694827
7.42968, -0.207014, -3.01091, 0.305173, 0.305173, 0.694827
7.42973, -0.207014, -3.01091, 0.305173, 0.305173, 0.694827
7.42978, -0.207014, -3.01091, 0.305173, 0.305173, 0.694827
7.42983, -0.207014, -3.01091, 0.305173, 0.305173, 0.694827
7.42988, -0.207014, -3.01091, 0.305173, 0.305173, 0.694827
7.42993, -0.207014, -3.01091, 0.305173, 0.305173, 0.694827
7.42998, -0.207014, -3.01091, 0.305173, 0.305173, 0.694827
7.43003, -0.207014, -3.01091, 0.305173, 0.305173, 0.694827
7.43008, -0.207014, -3.01091, 0.305173, 0.305173, 0.694827
7.43013, -0.207014, -3.01091, 0.305173, 0.305173, 0.694827
7.43018, -0.207014, -3.01091, 0.305173, 0.305173, 0.694827
7.43023, -0.207014, -3.01091, 0.305173, 0.305173, 0.694827
7.43028, -0.207014, -3.01091, 0.305173, 0.305173, 0.694827
7.43033, -0.207014, -3.01091, 0.305173, 0.305173, 0.694827
7.43038, -0.207014, -3.01091, 0.305173, 0.305173, 0.694827
7.43043, -0.207014, -3.01091, 0.305173, 0.305173, 0.694827
7.43049, -0.207014, -3.01091, 0.305173, 0.305173, 0.694827
7.43054, -0.207014, -3.01091, 0.305173, 0.305173, 0.694827
7.43059, -0.207014, -3.01091, 0.305173, 0.305173, 0.694827
7.43064, -0.207014, -3.01091, 0.305173, 0.305173, 0.694827
7.43069, -0.207014, -3.01091, 0.305173, 0.305173, 0.694827
7.43074, -0.207014, -3.01091, 0.305173, 0.305173, 0.694827
7.43079, -0.207014, -3.01091, 0.305173, 0.305173, 0.694827
7.43084, -0.207014, -3.01091, 0.305173, 0.305173, 0.694827
7.43089, -0.207014, -3.01091, 0.305173, 0.305173, 0.694827
7.43094, -0.207014, -3.01091, 0.305173, 0.305173, 0.694827
7.43099, -0.207014, -3.01091, 0.305173, 0.305173, 0.694827
7.43104, -0.207014, -3.01091, 0.305173, 0.305173, 0.694827
7.43109, -0.207014, -3.01091, 0.305173, 0.305173, 0.694827
7.43114, -0.207014, -3.01091, 0.305173, 0.305173, 0.694827
7.43119, -0.207014, -3.01091, 0.305173, 0.305173, 0.694827
7.43124, -0.207014, -3.01091, 0.305173, 0.305173, 0.694827
7.43129, -0.207014, -3.01091, 0.305173, 0.305173, 0.694827
7.43134, -0.207014, -3.01091, 0.305173, 0.305173, 0.694827
7.4314, -0.207014, -3.01091, 0.305173, 0.305173, 0.694827
7.43145, -0.207014, -3.01091, 0.305173, 0.305173, 0.694827
7.4315, -0.207028, -3.01105, 0.305193, 0.305193, 0.694807
7.43155, -0.207028, -3.01105, 0.305193, 0.305193, 0.694807
7.4316, -0.207028, -3.01105, 0.305193, 0.305193, 0.694807
7.43165, -0.207028, -3.01105, 0.305193, 0.305193, 0.694807
7.4317, -0.207028, -3.01105, 0.305193, 0.305193, 0.694807
7.43175, -0.207028, -3.01105, 0.305193, 0.305193, 0.694807
7.4318, -0.207028, -3.01105, 0.305193, 0.305193, 0.694807
7.43185, -0.207028, -3.01105, 0.305193, 0.305193, 0.694807
7.4319, -0.207028, -3.01105, 0.305193, 0.305193, 0.694807
7.43195, -0.207028, -3.01105, 0.305193, 0.305193, 0.694807
7.432, -0.207028, -3.01105, 0.305193, 0.305193, 0.694807
7.43205, -0.207028, -3.01105, 0.305193, 0.305193, 0.694807
7.4321, -0.207028, -3.01105, 0.305193, 0.305193, 0.694807
7.43215, -0.207028, -3.01105, 0.305193, 0.305193, 0.694807
7.4322, -0.207028, -3.01105, 0.305193, 0.305193, 0.694807
7.43225, -0.207028, -3.01105, 0.305193, 0.305193, 0.694807
7.43231, -0.207028, -3.01105, 0.305193, 0.305193, 0.694807
7.43236, -0.207028, -3.01105, 0.305193, 0.305193, 0.694807
7.43241, -0.207028, -3.01105, 0.305193, 0.305193, 0.694807
7.43246, -0.207028, -3.01105, 0.305193, 0.305193, 0.694807
7.43251, -0.207028, -3.01105, 0.305193, 0.305193, 0.694807
7.43256, -0.207028, -3.01105, 0.305193, 0.305193, 0.694807
7.43261, -0.207028, -3.01105, 0.305193, 0.305193, 0.694807
7.43266, -0.207028, -3.01105, 0.305193, 0.305193, 0.694807
7.43271, -0.207028, -3.01105, 0.305193, 0.305193, 0.694807
7.43276, -0.207028, -3.01105, 0.305193, 0.305193, 0.694807
7.43281, -0.207028, -3.01105, 0.305193, 0.305193, 0.694807
7.43286, -0.207028, -3.01105, 0.305193, 0.305193, 0.694807
7.43291, -0.207028, -3.01105, 0.305193, 0.305193, 0.694807
7.43296, -0.207028, -3.01105, 0.305193, 0.305193, 0.694807
7.43301, -0.207028, -3.01105, 0.305193, 0.305193, 0.694807
7.43306, -0.207028, -3.01105, 0.305193, 0.305193, 0.694807
7.43311, -0.207028, -3.01105, 0.305193, 0.305193, 0.694807
7.43316, -0.207028, -3.01105, 0.305193, 0.305193, 0.694807
7.43322, -0.207028, -3.01105, 0.305193, 0.305193, 0.694807
7.43327, -0.207028, -3.01105, 0.305193, 0.305193, 0.694807
7.43332, -0.207028, -3.01105, 0.305193, 0.305193, 0.694807
7.43337, -0.207028, -3.01105, 0.305193, 0.305193, 0.694807
7.43342, -0.207028, -3.01105, 0.305193, 0.305193, 0.694807
7.43347, -0.207028, -3.01105, 0.305193, 0.305193, 0.694807
7.43352, -0.207028, -3.01105, 0.305193, 0.305193, 0.694807
7.43357, -0.207028, -3.01105, 0.305193, 0.305193, 0.694807
7.43362, -0.207028, -3.01105, 0.305193, 0.305193, 0.694807
7.43367, -0.207028, -3.01105, 0.305193, 0.305193, 0.694807
7.43372, -0.207028, -3.01105, 0.305193, 0.305193, 0.694807
7.43377, -0.207028, -3.01105, 0.305193, 0.305193, 0.694807
7.43382, -0.207028, -3.01105, 0.305193, 0.305193, 0.694807
7.43387, -0.207028, -3.01105, 0.305193, 0.305193, 0.694807
7.43392, -0.207028, -3.01105, 0.305193, 0.305193, 0.694807
7.43397, -0.207028, -3.01105, 0.305193, 0.305193, 0.694807
7.43402, -0.207028, -3.01105, 0.305193, 0.305193, 0.694807
7.43407, -0.207028, -3.01105, 0.305193, 0.305193, 0.694807
7.43413, -0.207028, -3.01105, 0.305193, 0.305193, 0.694807
7.43418, -0.207028, -3.01105, 0.305193, 0.305193, 0.694807
7.43423, -0.207028, -3.01105, 0.305193, 0.305193, 0.694807
7.43428, -0.207028, -3.01105, 0.305193, 0.305193, 0.694807
7.43433, -0.207028, -3.01105, 0.305193, 0.305193, 0.694807
7.43438, -0.207028, -3.01105, 0.305193, 0.305193, 0.694807
7.43443, -0.207028, -3.01105, 0.305193, 0.305193, 0.694807
7.43448, -0.207028, -3.01105, 0.305193, 0.305193, 0.694807
7.43453, -0.207028, -3.01105, 0.305193, 0.305193, 0.694807
7.43458, -0.207028, -3.01105, 0.305193, 0.305193, 0.694807
7.43463, -0.207028, -3.01105, 0.305193, 0.305193, 0.694807
7.43468, -0.207028, -3.01105, 0.305193, 0.305193, 0.694807
7.43473, -0.207028, -3.01105, 0.305193, 0.305193, 0.694807
7.43478, -0.207028, -3.01105, 0.305193, 0.305193, 0.694807
7.43483, -0.207028, -3.01105, 0.305193, 0.305193, 0.694807
7.43488, -0.207028, -3.01105, 0.305193, 0.305193, 0.694807
7.43493, -0.207028, -3.01105, 0.305193, 0.305193, 0.694807
7.43498, -0.207028, -3.01105, 0.305193, 0.305193, 0.694807
7.43504, -0.207028, -3.01105, 0.305193, 0.305193, 0.694807
7.43509, -0.207028, -3.01105, 0.305193, 0.305193, 0.694807
7.43514, -0.207041, -3.01119, 0.305214, 0.305214, 0.694786
7.43519, -0.207041, -3.01119, 0.305214, 0.305214, 0.694786
7.43524, -0.207041, -3.01119, 0.305214, 0.305214, 0.694786
7.43529, -0.207041, -3.01119, 0.305214, 0.305214, 0.694786
7.43534, -0.207041, -3.01119, 0.305214, 0.305214, 0.694786
7.43539, -0.207041, -3.01119, 0.305214, 0.305214, 0.694786
7.43544, -0.207041, -3.01119, 0.305214, 0.305214, 0.694786
7.43549, -0.207041, -3.01119, 0.305214, 0.305214, 0.694786
7.43554, -0.207041, -3.01119, 0.305214, 0.305214, 0.694786
7.43559, -0.207041, -3.01119, 0.305214, 0.305214, 0.694786
7.43564, -0.207041, -3.01119, 0.305214, 0.305214, 0.694786
7.43569, -0.207041, -3.01119, 0.305214, 0.305214, 0.694786
7.43574, -0.207041, -3.01119, 0.305214, 0.305214, 0.694786
7.43579, -0.207041, -3.01119, 0.305214, 0.305214, 0.694786
7.43584, -0.207041, -3.01119, 0.305214, 0.305214, 0.694786
7.43589, -0.207041, -3.01119, 0.305214, 0.305214, 0.694786
7.43595, -0.207041, -3.01119, 0.305214, 0.305214, 0.694786
7.436, -0.207041, -3.01119, 0.305214, 0.305214, 0.694786
7.43605, -0.207041, -3.01119, 0.305214, 0.305214, 0.694786
7.4361, -0.207041, -3.01119, 0.305214, 0.305214, 0.694786
7.43615, -0.207041, -3.01119, 0.305214, 0.305214, 0.694786
7.4362, -0.207041, -3.01119, 0.305214, 0.305214, 0.694786
7.43625, -0.207041, -3.01119, 0.305214, 0.305214, 0.694786
7.4363, -0.207041, -3.01119, 0.305214, 0.305214, 0.694786
7.43635, -0.207041, -3.01119, 0.305214, 0.305214, 0.694786
7.4364, -0.207041, -3.01119, 0.305214, 0.305214, 0.694786
7.43645, -0.207041, -3.01119, 0.305214, 0.305214, 0.694786
7.4365, -0.207041, -3.01119, 0.305214, 0.305214, 0.694786
7.43655, -0.207041, -3.01119, 0.305214, 0.305214, 0.694786
7.4366, -0.207041, -3.01119, 0.305214, 0.305214, 0.694786
7.43665, -0.207041, -3.01119, 0.305214, 0.305214, 0.694786
7.4367, -0.207041, -3.01119, 0.305214, 0.305214, 0.694786
7.43675, -0.207041, -3.01119, 0.305214, 0.305214, 0.694786
7.4368, -0.207041, -3.01119, 0.305214, 0.305214, 0.694786
7.43686, -0.207041, -3.01119, 0.305214, 0.305214, 0.694786
7.43691, -0.207041, -3.01119, 0.305214, 0.305214, 0.694786
7.43696, -0.207041, -3.01119, 0.305214, 0.305214, 0.694786
7.43701, -0.207041, -3.01119, 0.305214, 0.305214, 0.694786
7.43706, -0.207041, -3.01119, 0.305214, 0.305214, 0.694786
7.43711, -0.207041, -3.01119, 0.305214, 0.305214, 0.694786
7.43716, -0.207041, -3.01119, 0.305214, 0.305214, 0.694786
7.43721, -0.207041, -3.01119, 0.305214, 0.305214, 0.694786
7.43726, -0.207041, -3.01119, 0.305214, 0.305214, 0.694786
7.43731, -0.207041, -3.01119, 0.305214, 0.305214, 0.694786
7.43736, -0.207041, -3.01119, 0.305214, 0.305214, 0.694786
7.43741, -0.207041, -3.01119, 0.305214, 0.305214, 0.694786
7.43746, -0.207041, -3.01119, 0.305214, 0.305214, 0.694786
7.43751, -0.207041, -3.01119, 0.305214, 0.305214, 0.694786
7.43756, -0.207041, -3.01119, 0.305214, 0.305214, 0.694786
7.43761, -0.207041, -3.01119, 0.305214, 0.305214, 0.694786
7.43766, -0.207041, -3.01119, 0.305214, 0.305214, 0.694786
7.43771, -0.207041, -3.01119, 0.305214, 0.305214, 0.694786
7.43777, -0.207041, -3.01119, 0.305214, 0.305214, 0.694786
7.43782, -0.207041, -3.01119, 0.305214, 0.305214, 0.694786
7.43787, -0.207041, -3.01119, 0.305214, 0.305214, 0.694786
7.43792, -0.207041, -3.01119, 0.305214, 0.305214, 0.694786
7.43797, -0.207041, -3.01119, 0.305214, 0.305214, 0.694786
7.43802, -0.207041, -3.01119, 0.305214, 0.305214, 0.694786
7.43807, -0.207041, -3.01119, 0.305214, 0.305214, 0.694786
7.43812, -0.207041, -3.01119, 0.305214, 0.305214, 0.694786
7.43817, -0.207041, -3.01119, 0.305214, 0.305214, 0.694786
7.43822, -0.207041, -3.01119, 0.305214, 0.305214, 0.694786
7.43827, -0.207041, -3.01119, 0.305214, 0.305214, 0.694786
7.43832, -0.207041, -3.01119, 0.305214, 0.305214, 0.694786
7.43837, -0.207041, -3.01119, 0.305214, 0.305214, 0.694786
7.43842, -0.207041, -3.01119, 0.305214, 0.305214, 0.694786
7.43847, -0.207041, -3.01119, 0.305214, 0.305214, 0.694786
7.43852, -0.207041, -3.01119, 0.305214, 0.305214, 0.694786
7.43857, -0.207041, -3.01119, 0.305214, 0.305214, 0.694786
7.43862, -0.207041, -3.01119, 0.305214, 0.305214, 0.694786
7.43868, -0.207041, -3.01119, 0.305214, 0.305214, 0.694786
7.43873, -0.207055, -3.01133, 0.305234, 0.305234, 0.694766
7.43878, -0.207055, -3.01133, 0.305234, 0.305234, 0.694766
7.43883, -0.207055, -3.01133, 0.305234, 0.305234, 0.694766
7.43888, -0.207055, -3.01133, 0.305234, 0.305234, 0.694766
7.43893, -0.207055, -3.01133, 0.305234, 0.305234, 0.694766
7.43898, -0.207055, -3.01133, 0.305234, 0.305234, 0.694766
7.43903, -0.207055, -3.01133, 0.305234, 0.305234, 0.694766
7.43908, -0.207055, -3.01133, 0.305234, 0.305234, 0.694766
7.43913, -0.207055, -3.01133, 0.305234, 0.305234, 0.694766
7.43918, -0.207055, -3.01133, 0.305234, 0.305234, 0.694766
7.43923, -0.207055, -3.01133, 0.305234, 0.305234, 0.694766
7.43928, -0.207055, -3.01133, 0.305234, 0.305234, 0.694766
7.43933, -0.207055, -3.01133, 0.305234, 0.305234, 0.694766
7.43938, -0.207055, -3.01133, 0.305234, 0.305234, 0.694766
7.43943, -0.207055, -3.01133, 0.305234, 0.305234, 0.694766
7.43948, -0.207055, -3.01133, 0.305234, 0.305234, 0.694766
7.43953, -0.207055, -3.01133, 0.305234, 0.305234, 0.694766
7.43959, -0.207055, -3.01133, 0.305234, 0.305234, 0.694766
7.43964, -0.207055, -3.01133, 0.305234, 0.305234, 0.694766
7.43969, -0.207055, -3.01133, 0.305234, 0.305234, 0.694766
7.43974, -0.207055, -3.01133, 0.305234, 0.305234, 0.694766
7.43979, -0.207055, -3.01133, 0.305234, 0.305234, 0.694766
7.43984, -0.207055, -3.01133, 0.305234, 0.305234, 0.694766
7.43989, -0.207055, -3.01133, 0.305234, 0.305234, 0.694766
7.43994, -0.207055, -3.01133, 0.305234, 0.305234, 0.694766
7.43999, -0.207055, -3.01133, 0.305234, 0.305234, 0.694766
7.44004, -0.207055, -3.01133, 0.305234, 0.305234, 0.694766
7.44009, -0.207055, -3.01133, 0.305234, 0.305234, 0.694766
7.44014, -0.207055, -3.01133, 0.305234, 0.305234, 0.694766
7.44019, -0.207055, -3.01133, 0.305234, 0.305234, 0.694766
7.44024, -0.207055, -3.01133, 0.305234, 0.305234, 0.694766
7.44029, -0.207055, -3.01133, 0.305234, 0.305234, 0.694766
7.44034, -0.207055, -3.01133, 0.305234, 0.305234, 0.694766
7.44039, -0.207055, -3.01133, 0.305234, 0.305234, 0.694766
7.44044, -0.207055, -3.01133, 0.305234, 0.305234, 0.694766
7.4405, -0.207055, -3.01133, 0.305234, 0.305234, 0.694766
7.44055, -0.207055, -3.01133, 0.305234, 0.305234, 0.694766
7.4406, -0.207055, -3.01133, 0.305234, 0.305234, 0.694766
7.44065, -0.207055, -3.01133, 0.305234, 0.305234, 0.694766
7.4407, -0.207055, -3.01133, 0.305234, 0.305234, 0.694766
7.44075, -0.207055, -3.01133, 0.305234, 0.305234, 0.694766
7.4408, -0.207055, -3.01133, 0.305234, 0.305234, 0.694766
7.44085, -0.207055, -3.01133, 0.305234, 0.305234, 0.694766
7.4409, -0.207055, -3.01133, 0.305234, 0.305234, 0.694766
7.44095, -0.207055, -3.01133, 0.305234, 0.305234, 0.694766
7.441, -0.207055, -3.01133, 0.305234, 0.305234, 0.694766
7.44105, -0.207055, -3.01133, 0.305234, 0.305234, 0.694766
7.4411, -0.207055, -3.01133, 0.305234, 0.305234, 0.694766
7.44115, -0.207055, -3.01133, 0.305234, 0.305234, 0.694766
7.4412, -0.207055, -3.01133, 0.305234, 0.305234, 0.694766
7.44125, -0.207055, -3.01133, 0.305234, 0.305234, 0.694766
7.4413, -0.207055, -3.01133, 0.305234, 0.305234, 0.694766
7.44135, -0.207055, -3.01133, 0.305234, 0.305234, 0.694766
7.44141, -0.207055, -3.01133, 0.305234, 0.305234, 0.694766
7.44146, -0.207055, -3.01133, 0.305234, 0.305234, 0.694766
7.44151, -0.207055, -3.01133, 0.305234, 0.305234, 0.694766
7.44156, -0.207055, -3.01133, 0.305234, 0.305234, 0.694766
7.44161, -0.207055, -3.01133, 0.305234, 0.305234, 0.694766
7.44166, -0.207055, -3.01133, 0.305234, 0.305234, 0.694766
7.44171, -0.207055, -3.01133, 0.305234, 0.305234, 0.694766
7.44176, -0.207055, -3.01133, 0.305234, 0.305234, 0.694766
7.44181, -0.207055, -3.01133, 0.305234, 0.305234, 0.694766
7.44186, -0.207055, -3.01133, 0.305234, 0.305234, 0.694766
7.44191, -0.207055, -3.01133, 0.305234, 0.305234, 0.694766
7.44196, -0.207055, -3.01133, 0.305234, 0.305234, 0.694766
7.44201, -0.207055, -3.01133, 0.305234, 0.305234, 0.694766
7.44206, -0.207055, -3.01133, 0.305234, 0.305234, 0.694766
7.44211, -0.207055, -3.01133, 0.305234, 0.305234, 0.694766
7.44216, -0.207055, -3.01133, 0.305234, 0.305234, 0.694766
7.44221, -0.207055, -3.01133, 0.305234, 0.305234, 0.694766
7.44226, -0.207055, -3.01133, 0.305234, 0.305234, 0.694766
7.44232, -0.207068, -3.01147, 0.305255, 0.305255, 0.694745
7.44237, -0.207068, -3.01147, 0.305255, 0.305255, 0.694745
7.44242, -0.207068, -3.01147, 0.305255, 0.305255, 0.694745
7.44247, -0.207068, -3.01147, 0.305255, 0.305255, 0.694745
7.44252, -0.207068, -3.01147, 0.305255, 0.305255, 0.694745
7.44257, -0.207068, -3.01147, 0.305255, 0.305255, 0.694745
7.44262, -0.207068, -3.01147, 0.305255, 0.305255, 0.694745
7.44267, -0.207068, -3.01147, 0.305255, 0.305255, 0.694745
7.44272, -0.207068, -3.01147, 0.305255, 0.305255, 0.694745
7.44277, -0.207068, -3.01147, 0.305255, 0.305255, 0.694745
7.44282, -0.207068, -3.01147, 0.305255, 0.305255, 0.694745
7.44287, -0.207068, -3.01147, 0.305255, 0.305255, 0.694745
7.44292, -0.207068, -3.01147, 0.305255, 0.305255, 0.694745
7.44297, -0.207068, -3.01147, 0.305255, 0.305255, 0.694745
7.44302, -0.207068, -3.01147, 0.305255, 0.305255, 0.694745
7.44307, -0.207068, -3.01147, 0.305255, 0.305255, 0.694745
7.44312, -0.207068, -3.01147, 0.305255, 0.305255, 0.694745
7.44317, -0.207068, -3.01147, 0.305255, 0.305255, 0.694745
7.44323, -0.207068, -3.01147, 0.305255, 0.305255, 0.694745
7.44328, -0.207068, -3.01147, 0.305255, 0.305255, 0.694745
7.44333, -0.207068, -3.01147, 0.305255, 0.305255, 0.694745
7.44338, -0.207068, -3.01147, 0.305255, 0.305255, 0.694745
7.44343, -0.207068, -3.01147, 0.305255, 0.305255, 0.694745
7.44348, -0.207068, -3.01147, 0.305255, 0.305255, 0.694745
7.44353, -0.207068, -3.01147, 0.305255, 0.305255, 0.694745
7.44358, -0.207068, -3.01147, 0.305255, 0.305255, 0.694745
7.44363, -0.207068, -3.01147, 0.305255, 0.305255, 0.694745
7.44368, -0.207068, -3.01147, 0.305255, 0.305255, 0.694745
7.44373, -0.207068, -3.01147, 0.305255, 0.305255, 0.694745
7.44378, -0.207068, -3.01147, 0.305255, 0.305255, 0.694745
7.44383, -0.207068, -3.01147, 0.305255, 0.305255, 0.694745
7.44388, -0.207068, -3.01147, 0.305255, 0.305255, 0.694745
7.44393, -0.207068, -3.01147, 0.305255, 0.305255, 0.694745
7.44398, -0.207068, -3.01147, 0.305255, 0.305255, 0.694745
7.44403, -0.207068, -3.01147, 0.305255, 0.305255, 0.694745
7.44408, -0.207068, -3.01147, 0.305255, 0.305255, 0.694745
7.44414, -0.207068, -3.01147, 0.305255, 0.305255, 0.694745
7.44419, -0.207068, -3.01147, 0.305255, 0.305255, 0.694745
7.44424, -0.207068, -3.01147, 0.305255, 0.305255, 0.694745
7.44429, -0.207068, -3.01147, 0.305255, 0.305255, 0.694745
7.44434, -0.207068, -3.01147, 0.305255, 0.305255, 0.694745
7.44439, -0.207068, -3.01147, 0.305255, 0.305255, 0.694745
7.44444, -0.207068, -3.01147, 0.305255, 0.305255, 0.694745
7.44449, -0.207068, -3.01147, 0.305255, 0.305255, 0.694745
7.44454, -0.207068, -3.01147, 0.305255, 0.305255, 0.694745
7.44459, -0.207068, -3.01147, 0.305255, 0.305255, 0.694745
7.44464, -0.207068, -3.01147, 0.305255, 0.305255, 0.694745
7.44469, -0.207068, -3.01147, 0.305255, 0.305255, 0.694745
7.44474, -0.207068, -3.01147, 0.305255, 0.305255, 0.694745
7.44479, -0.207068, -3.01147, 0.305255, 0.305255, 0.694745
7.44484, -0.207068, -3.01147, 0.305255, 0.305255, 0.694745
7.44489, -0.207068, -3.01147, 0.305255, 0.305255, 0.694745
7.44494, -0.207068, -3.01147, 0.305255, 0.305255, 0.694745
7.44499, -0.207068, -3.01147, 0.305255, 0.305255, 0.694745
7.44505, -0.207068, -3.01147, 0.305255, 0.305255, 0.694745
7.4451, -0.207068, -3.01147, 0.305255, 0.305255, 0.694745
7.44515, -0.207068, -3.01147, 0.305255, 0.305255, 0.694745
7.4452, -0.207068, -3.01147, 0.305255, 0.305255, 0.694745
7.44525, -0.207068, -3.01147, 0.305255, 0.305255, 0.694745
7.4453, -0.207068, -3.01147, 0.305255, 0.305255, 0.694745
7.44535, -0.207068, -3.01147, 0.305255, 0.305255, 0.694745
7.4454, -0.207068, -3.01147, 0.305255, 0.305255, 0.694745
7.44545, -0.207068, -3.01147, 0.305255, 0.305255, 0.694745
7.4455, -0.207068, -3.01147, 0.305255, 0.305255, 0.694745
7.44555, -0.207068, -3.01147, 0.305255, 0.305255, 0.694745
7.4456, -0.207068, -3.01147, 0.305255, 0.305255, 0.694745
7.44565, -0.207068, -3.01147, 0.305255, 0.305255, 0.694745
7.4457, -0.207068, -3.01147, 0.305255, 0.305255, 0.694745
7.44575, -0.207068, -3.01147, 0.305255, 0.305255, 0.694745
7.4458, -0.207068, -3.01147, 0.305255, 0.305255, 0.694745
7.44585, -0.207068, -3.01147, 0.305255, 0.305255, 0.694745
7.4459, -0.207068, -3.01147, 0.305255, 0.305255, 0.694745
7.44596, -0.207082, -3.01161, 0.305276, 0.305276, 0.694724
7.44601, -0.207082, -3.01161, 0.305276, 0.305276, 0.694724
7.44606, -0.207082, -3.01161, 0.305276, 0.305276, 0.694724
7.44611, -0.207082, -3.01161, 0.305276, 0.305276, 0.694724
7.44616, -0.207082, -3.01161, 0.305276, 0.305276, 0.694724
7.44621, -0.207082, -3.01161, 0.305276, 0.305276, 0.694724
7.44626, -0.207082, -3.01161, 0.305276, 0.305276, 0.694724
7.44631, -0.207082, -3.01161, 0.305276, 0.305276, 0.694724
7.44636, -0.207082, -3.01161, 0.305276, 0.305276, 0.694724
7.44641, -0.207082, -3.01161, 0.305276, 0.305276, 0.694724
7.44646, -0.207082, -3.01161, 0.305276, 0.305276, 0.694724
7.44651, -0.207082, -3.01161, 0.305276, 0.305276, 0.694724
7.44656, -0.207082, -3.01161, 0.305276, 0.305276, 0.694724
7.44661, -0.207082, -3.01161, 0.305276, 0.305276, 0.694724
7.44666, -0.207082, -3.01161, 0.305276, 0.305276, 0.694724
7.44671, -0.207082, -3.01161, 0.305276, 0.305276, 0.694724
7.44676, -0.207082, -3.01161, 0.305276, 0.305276, 0.694724
7.44681, -0.207082, -3.01161, 0.305276, 0.305276, 0.694724
7.44687, -0.207082, -3.01161, 0.305276, 0.305276, 0.694724
7.44692, -0.207082, -3.01161, 0.305276, 0.305276, 0.694724
7.44697, -0.207082, -3.01161, 0.305276, 0.305276, 0.694724
7.44702, -0.207082, -3.01161, 0.305276, 0.305276, 0.694724
7.44707, -0.207082, -3.01161, 0.305276, 0.305276, 0.694724
7.44712, -0.207082, -3.01161, 0.305276, 0.305276, 0.694724
7.44717, -0.207082, -3.01161, 0.305276, 0.305276, 0.694724
7.44722, -0.207082, -3.01161, 0.305276, 0.305276, 0.694724
7.44727, -0.207082, -3.01161, 0.305276, 0.305276, 0.694724
7.44732, -0.207082, -3.01161, 0.305276, 0.305276, 0.694724
7.44737, -0.207082, -3.01161, 0.305276, 0.305276, 0.694724
7.44742, -0.207082, -3.01161, 0.305276, 0.305276, 0.694724
7.44747, -0.207082, -3.01161, 0.305276, 0.305276, 0.694724
7.44752, -0.207082, -3.01161, 0.305276, 0.305276, 0.694724
7.44757, -0.207082, -3.01161, 0.305276, 0.305276, 0.694724
7.44762, -0.207082, -3.01161, 0.305276, 0.305276, 0.694724
7.44767, -0.207082, -3.01161, 0.305276, 0.305276, 0.694724
7.44772, -0.207082, -3.01161, 0.305276, 0.305276, 0.694724
7.44778, -0.207082, -3.01161, 0.305276, 0.305276, 0.694724
7.44783, -0.207082, -3.01161, 0.305276, 0.305276, 0.694724
7.44788, -0.207082, -3.01161, 0.305276, 0.305276, 0.694724
7.44793, -0.207082, -3.01161, 0.305276, 0.305276, 0.694724
7.44798, -0.207082, -3.01161, 0.305276, 0.305276, 0.694724
7.44803, -0.207082, -3.01161, 0.305276, 0.305276, 0.694724
7.44808, -0.207082, -3.01161, 0.305276, 0.305276, 0.694724
7.44813, -0.207082, -3.01161, 0.305276, 0.305276, 0.694724
7.44818, -0.207082, -3.01161, 0.305276, 0.305276, 0.694724
7.44823, -0.207082, -3.01161, 0.305276, 0.305276, 0.694724
7.44828, -0.207082, -3.01161, 0.305276, 0.305276, 0.694724
7.44833, -0.207082, -3.01161, 0.305276, 0.305276, 0.694724
7.44838, -0.207082, -3.01161, 0.305276, 0.305276, 0.694724
7.44843, -0.207082, -3.01161, 0.305276, 0.305276, 0.694724
7.44848, -0.207082, -3.01161, 0.305276, 0.305276, 0.694724
7.44853, -0.207082, -3.01161, 0.305276, 0.305276, 0.694724
7.44858, -0.207082, -3.01161, 0.305276, 0.305276, 0.694724
7.44863, -0.207082, -3.01161, 0.305276, 0.305276, 0.694724
7.44869, -0.207082, -3.01161, 0.305276, 0.305276, 0.694724
7.44874, -0.207082, -3.01161, 0.305276, 0.305276, 0.694724
7.44879, -0.207082, -3.01161, 0.305276, 0.305276, 0.694724
7.44884, -0.207082, -3.01161, 0.305276, 0.305276, 0.694724
7.44889, -0.207082, -3.01161, 0.305276, 0.305276, 0.694724
7.44894, -0.207082, -3.01161, 0.305276, 0.305276, 0.694724
7.44899, -0.207082, -3.01161, 0.305276, 0.305276, 0.694724
7.44904, -0.207082, -3.01161, 0.305276, 0.305276, 0.694724
7.44909, -0.207082, -3.01161, 0.305276, 0.305276, 0.694724
7.44914, -0.207082, -3.01161, 0.305276, 0.305276, 0.694724
7.44919, -0.207082, -3.01161, 0.305276, 0.305276, 0.694724
7.44924, -0.207082, -3.01161, 0.305276, 0.305276, 0.694724
7.44929, -0.207082, -3.01161, 0.305276, 0.305276, 0.694724
7.44934, -0.207082, -3.01161, 0.305276, 0.305276, 0.694724
7.44939, -0.207082, -3.01161, 0.305276, 0.305276, 0.694724
7.44944, -0.207082, -3.01161, 0.305276, 0.305276, 0.694724
7.44949, -0.207082, -3.01161, 0.305276, 0.305276, 0.694724
7.44954, -0.207095, -3.01175, 0.305296, 0.305296, 0.694704
7.4496, -0.207095, -3.01175, 0.305296, 0.305296, 0.694704
7.44965, -0.207095, -3.01175, 0.305296, 0.305296, 0.694704
7.4497, -0.207095, -3.01175, 0.305296, 0.305296, 0.694704
7.44975, -0.207095, -3.01175, 0.305296, 0.305296, 0.694704
7.4498, -0.207095, -3.01175, 0.305296, 0.305296, 0.694704
7.44985, -0.207095, -3.01175, 0.305296, 0.305296, 0.694704
7.4499, -0.207095, -3.01175, 0.305296, 0.305296, 0.694704
7.44995, -0.207095, -3.01175, 0.305296, 0.305296, 0.694704
7.45, -0.207095, -3.01175, 0.305296, 0.305296, 0.694704
7.45005, -0.207095, -3.01175, 0.305296, 0.305296, 0.694704
7.4501, -0.207095, -3.01175, 0.305296, 0.305296, 0.694704
7.45015, -0.207095, -3.01175, 0.305296, 0.305296, 0.694704
7.4502, -0.207095, -3.01175, 0.305296, 0.305296, 0.694704
7.45025, -0.207095, -3.01175, 0.305296, 0.305296, 0.694704
7.4503, -0.207095, -3.01175, 0.305296, 0.305296, 0.694704
7.45035, -0.207095, -3.01175, 0.305296, 0.305296, 0.694704
7.4504, -0.207095, -3.01175, 0.305296, 0.305296, 0.694704
7.45046, -0.207095, -3.01175, 0.305296, 0.305296, 0.694704
7.45051, -0.207095, -3.01175, 0.305296, 0.305296, 0.694704
7.45056, -0.207095, -3.01175, 0.305296, 0.305296, 0.694704
7.45061, -0.207095, -3.01175, 0.305296, 0.305296, 0.694704
7.45066, -0.207095, -3.01175, 0.305296, 0.305296, 0.694704
7.45071, -0.207095, -3.01175, 0.305296, 0.305296, 0.694704
7.45076, -0.207095, -3.01175, 0.305296, 0.305296, 0.694704
7.45081, -0.207095, -3.01175, 0.305296, 0.305296, 0.694704
7.45086, -0.207095, -3.01175, 0.305296, 0.305296, 0.694704
7.45091, -0.207095, -3.01175, 0.305296, 0.305296, 0.694704
7.45096, -0.207095, -3.01175, 0.305296, 0.305296, 0.694704
7.45101, -0.207095, -3.01175, 0.305296, 0.305296, 0.694704
7.45106, -0.207095, -3.01175, 0.305296, 0.305296, 0.694704
7.45111, -0.207095, -3.01175, 0.305296, 0.305296, 0.694704
7.45116, -0.207095, -3.01175, 0.305296, 0.305296, 0.694704
7.45121, -0.207095, -3.01175, 0.305296, 0.305296, 0.694704
7.45126, -0.207095, -3.01175, 0.305296, 0.305296, 0.694704
7.45131, -0.207095, -3.01175, 0.305296, 0.305296, 0.694704
7.45137, -0.207095, -3.01175, 0.305296, 0.305296, 0.694704
7.45142, -0.207095, -3.01175, 0.305296, 0.305296, 0.694704
7.45147, -0.207095, -3.01175, 0.305296, 0.305296, 0.694704
7.45152, -0.207095, -3.01175, 0.305296, 0.305296, 0.694704
7.45157, -0.207095, -3.01175, 0.305296, 0.305296, 0.694704
7.45162, -0.207095, -3.01175, 0.305296, 0.305296, 0.694704
7.45167, -0.207095, -3.01175, 0.305296, 0.305296, 0.694704
7.45172, -0.207095, -3.01175, 0.305296, 0.305296, 0.694704
7.45177, -0.207095, -3.01175, 0.305296, 0.305296, 0.694704
7.45182, -0.207095, -3.01175, 0.305296, 0.305296, 0.694704
7.45187, -0.207095, -3.01175, 0.305296, 0.305296, 0.694704
7.45192, -0.207095, -3.01175, 0.305296, 0.305296, 0.694704
7.45197, -0.207095, -3.01175, 0.305296, 0.305296, 0.694704
7.45202, -0.207095, -3.01175, 0.305296, 0.305296, 0.694704
7.45207, -0.207095, -3.01175, 0.305296, 0.305296, 0.694704
7.45212, -0.207095, -3.01175, 0.305296, 0.305296, 0.694704
7.45217, -0.207095, -3.01175, 0.305296, 0.305296, 0.694704
7.45222, -0.207095, -3.01175, 0.305296, 0.305296, 0.694704
7.45228, -0.207095, -3.01175, 0.305296, 0.305296, 0.694704
7.45233, -0.207095, -3.01175, 0.305296, 0.305296, 0.694704
7.45238, -0.207095, -3.01175, 0.305296, 0.305296, 0.694704
7.45243, -0.207095, -3.01175, 0.305296, 0.305296, 0.694704
7.45248, -0.207095, -3.01175, 0.305296, 0.305296, 0.694704
7.45253, -0.207095, -3.01175, 0.305296, 0.305296, 0.694704
7.45258, -0.207095, -3.01175, 0.305296, 0.305296, 0.694704
7.45263, -0.207095, -3.01175, 0.305296, 0.305296, 0.694704
7.45268, -0.207095, -3.01175, 0.305296, 0.305296, 0.694704
7.45273, -0.207095, -3.01175, 0.305296, 0.305296, 0.694704
7.45278, -0.207095, -3.01175, 0.305296, 0.305296, 0.694704
7.45283, -0.207095, -3.01175, 0.305296, 0.305296, 0.694704
7.45288, -0.207095, -3.01175, 0.305296, 0.305296, 0.694704
7.45293, -0.207095, -3.01175, 0.305296, 0.305296, 0.694704
7.45298, -0.207095, -3.01175, 0.305296, 0.305296, 0.694704
7.45303, -0.207095, -3.01175, 0.305296, 0.305296, 0.694704
7.45308, -0.207095, -3.01175, 0.305296, 0.305296, 0.694704
7.45313, -0.207108, -3.01189, 0.305317, 0.305317, 0.694683
7.45319, -0.207108, -3.01189, 0.305317, 0.305317, 0.694683
7.45324, -0.207108, -3.01189, 0.305317, 0.305317, 0.694683
7.45329, -0.207108, -3.01189, 0.305317, 0.305317, 0.694683
7.45334, -0.207108, -3.01189, 0.305317, 0.305317, 0.694683
7.45339, -0.207108, -3.01189, 0.305317, 0.305317, 0.694683
7.45344, -0.207108, -3.01189, 0.305317, 0.305317, 0.694683
7.45349, -0.207108, -3.01189, 0.305317, 0.305317, 0.694683
7.45354, -0.207108, -3.01189, 0.305317, 0.305317, 0.694683
7.45359, -0.207108, -3.01189, 0.305317, 0.305317, 0.694683
7.45364, -0.207108, -3.01189, 0.305317, 0.305317, 0.694683
7.45369, -0.207108, -3.01189, 0.305317, 0.305317, 0.694683
7.45374, -0.207108, -3.01189, 0.305317, 0.305317, 0.694683
7.45379, -0.207108, -3.01189, 0.305317, 0.305317, 0.694683
7.45384, -0.207108, -3.01189, 0.305317, 0.305317, 0.694683
7.45389, -0.207108, -3.01189, 0.305317, 0.305317, 0.694683
7.45394, -0.207108, -3.01189, 0.305317, 0.305317, 0.694683
7.45399, -0.207108, -3.01189, 0.305317, 0.305317, 0.694683
7.45404, -0.207108, -3.01189, 0.305317, 0.305317, 0.694683
7.4541, -0.207108, -3.01189, 0.305317, 0.305317, 0.694683
7.45415, -0.207108, -3.01189, 0.305317, 0.305317, 0.694683
7.4542, -0.207108, -3.01189, 0.305317, 0.305317, 0.694683
7.45425, -0.207108, -3.01189, 0.305317, 0.305317, 0.694683
7.4543, -0.207108, -3.01189, 0.305317, 0.305317, 0.694683
7.45435, -0.207108, -3.01189, 0.305317, 0.305317, 0.694683
7.4544, -0.207108, -3.01189, 0.305317, 0.305317, 0.694683
7.45445, -0.207108, -3.01189, 0.305317, 0.305317, 0.694683
7.4545, -0.207108, -3.01189, 0.305317, 0.305317, 0.694683
7.45455, -0.207108, -3.01189, 0.305317, 0.305317, 0.694683
7.4546, -0.207108, -3.01189, 0.305317, 0.305317, 0.694683
7.45465, -0.207108, -3.01189, 0.305317, 0.305317, 0.694683
7.4547, -0.207108, -3.01189, 0.305317, 0.305317, 0.694683
7.45475, -0.207108, -3.01189, 0.305317, 0.305317, 0.694683
7.4548, -0.207108, -3.01189, 0.305317, 0.305317, 0.694683
7.45485, -0.207108, -3.01189, 0.305317, 0.305317, 0.694683
7.4549, -0.207108, -3.01189, 0.305317, 0.305317, 0.694683
7.45495, -0.207108, -3.01189, 0.305317, 0.305317, 0.694683
7.45501, -0.207108, -3.01189, 0.305317, 0.305317, 0.694683
7.45506, -0.207108, -3.01189, 0.305317, 0.305317, 0.694683
7.45511, -0.207108, -3.01189, 0.305317, 0.305317, 0.694683
7.45516, -0.207108, -3.01189, 0.305317, 0.305317, 0.694683
7.45521, -0.207108, -3.01189, 0.305317, 0.305317, 0.694683
7.45526, -0.207108, -3.01189, 0.305317, 0.305317, 0.694683
7.45531, -0.207108, -3.01189, 0.305317, 0.305317, 0.694683
7.45536, -0.207108, -3.01189, 0.305317, 0.305317, 0.694683
7.45541, -0.207108, -3.01189, 0.305317, 0.305317, 0.694683
7.45546, -0.207108, -3.01189, 0.305317, 0.305317, 0.694683
7.45551, -0.207108, -3.01189, 0.305317, 0.305317, 0.694683
7.45556, -0.207108, -3.01189, 0.305317, 0.305317, 0.694683
7.45561, -0.207108, -3.01189, 0.305317, 0.305317, 0.694683
7.45566, -0.207108, -3.01189, 0.305317, 0.305317, 0.694683
7.45571, -0.207108, -3.01189, 0.305317, 0.305317, 0.694683
7.45576, -0.207108, -3.01189, 0.305317, 0.305317, 0.694683
7.45581, -0.207108, -3.01189, 0.305317, 0.305317, 0.694683
7.45586, -0.207108, -3.01189, 0.305317, 0.305317, 0.694683
7.45592, -0.207108, -3.01189, 0.305317, 0.305317, 0.694683
7.45597, -0.207108, -3.01189, 0.305317, 0.305317, 0.694683
7.45602, -0.207108, -3.01189, 0.305317, 0.305317, 0.694683
7.45607, -0.207108, -3.01189, 0.305317, 0.305317, 0.694683
7.45612, -0.207108, -3.01189, 0.305317, 0.305317, 0.694683
7.45617, -0.207108, -3.01189, 0.305317, 0.305317, 0.694683
7.45622, -0.207108, -3.01189, 0.305317, 0.305317, 0.694683
7.45627, -0.207108, -3.01189, 0.305317, 0.305317, 0.694683
7.45632, -0.207108, -3.01189, 0.305317, 0.305317, 0.694683
7.45637, -0.207108, -3.01189, 0.305317, 0.305317, 0.694683
7.45642, -0.207108, -3.01189, 0.305317, 0.305317, 0.694683
7.45647, -0.207108, -3.01189, 0.305317, 0.305317, 0.694683
7.45652, -0.207108, -3.01189, 0.305317, 0.305317, 0.694683
7.45657, -0.207108, -3.01189, 0.305317, 0.305317, 0.694683
7.45662, -0.207108, -3.01189, 0.305317, 0.305317, 0.694683
7.45667, -0.207108, -3.01189, 0.305317, 0.305317, 0.694683
7.45672, -0.207108, -3.01189, 0.305317, 0.305317, 0.694683
7.45677, -0.207122, -3.01203, 0.305337, 0.305337, 0.694663
7.45683, -0.207122, -3.01203, 0.305337, 0.305337, 0.694663
7.45688, -0.207122, -3.01203, 0.305337, 0.305337, 0.694663
7.45693, -0.207122, -3.01203, 0.305337, 0.305337, 0.694663
7.45698, -0.207122, -3.01203, 0.305337, 0.305337, 0.694663
7.45703, -0.207122, -3.01203, 0.305337, 0.305337, 0.694663
7.45708, -0.207122, -3.01203, 0.305337, 0.305337, 0.694663
7.45713, -0.207122, -3.01203, 0.305337, 0.305337, 0.694663
7.45718, -0.207122, -3.01203, 0.305337, 0.305337, 0.694663
7.45723, -0.207122, -3.01203, 0.305337, 0.305337, 0.694663
7.45728, -0.207122, -3.01203, 0.305337, 0.305337, 0.694663
7.45733, -0.207122, -3.01203, 0.305337, 0.305337, 0.694663
7.45738, -0.207122, -3.01203, 0.305337, 0.305337, 0.694663
7.45743, -0.207122, -3.01203, 0.305337, 0.305337, 0.694663
7.45748, -0.207122, -3.01203, 0.305337, 0.305337, 0.694663
7.45753, -0.207122, -3.01203, 0.305337, 0.305337, 0.694663
7.45758, -0.207122, -3.01203, 0.305337, 0.305337, 0.694663
7.45763, -0.207122, -3.01203, 0.305337, 0.305337, 0.694663
7.45768, -0.207122, -3.01203, 0.305337, 0.305337, 0.694663
7.45774, -0.207122, -3.01203, 0.305337, 0.305337, 0.694663
7.45779, -0.207122, -3.01203, 0.305337, 0.305337, 0.694663
7.45784, -0.207122, -3.01203, 0.305337, 0.305337, 0.694663
7.45789, -0.207122, -3.01203, 0.305337, 0.305337, 0.694663
7.45794, -0.207122, -3.01203, 0.305337, 0.305337, 0.694663
7.45799, -0.207122, -3.01203, 0.305337, 0.305337, 0.694663
7.45804, -0.207122, -3.01203, 0.305337, 0.305337, 0.694663
7.45809, -0.207122, -3.01203, 0.305337, 0.305337, 0.694663
7.45814, -0.207122, -3.01203, 0.305337, 0.305337, 0.694663
7.45819, -0.207122, -3.01203, 0.305337, 0.305337, 0.694663
7.45824, -0.207122, -3.01203, 0.305337, 0.305337, 0.694663
7.45829, -0.207122, -3.01203, 0.305337, 0.305337, 0.694663
7.45834, -0.207122, -3.01203, 0.305337, 0.305337, 0.694663
7.45839, -0.207122, -3.01203, 0.305337, 0.305337, 0.694663
7.45844, -0.207122, -3.01203, 0.305337, 0.305337, 0.694663
7.45849, -0.207122, -3.01203, 0.305337, 0.305337, 0.694663
7.45854, -0.207122, -3.01203, 0.305337, 0.305337, 0.694663
7.45859, -0.207122, -3.01203, 0.305337, 0.305337, 0.694663
7.45865, -0.207122, -3.01203, 0.305337, 0.305337, 0.694663
7.4587, -0.207122, -3.01203, 0.305337, 0.305337, 0.694663
7.45875, -0.207122, -3.01203, 0.305337, 0.305337, 0.694663
7.4588, -0.207122, -3.01203, 0.305337, 0.305337, 0.694663
7.45885, -0.207122, -3.01203, 0.305337, 0.305337, 0.694663
7.4589, -0.207122, -3.01203, 0.305337, 0.305337, 0.694663
7.45895, -0.207122, -3.01203, 0.305337, 0.305337, 0.694663
7.459, -0.207122, -3.01203, 0.305337, 0.305337, 0.694663
7.45905, -0.207122, -3.01203, 0.305337, 0.305337, 0.694663
7.4591, -0.207122, -3.01203, 0.305337, 0.305337, 0.694663
7.45915, -0.207122, -3.01203, 0.305337, 0.305337, 0.694663
7.4592, -0.207122, -3.01203, 0.305337, 0.305337, 0.694663
7.45925, -0.207122, -3.01203, 0.305337, 0.305337, 0.694663
7.4593, -0.207122, -3.01203, 0.305337, 0.305337, 0.694663
7.45935, -0.207122, -3.01203, 0.305337, 0.305337, 0.694663
7.4594, -0.207122, -3.01203, 0.305337, 0.305337, 0.694663
7.45945, -0.207122, -3.01203, 0.305337, 0.305337, 0.694663
7.4595, -0.207122, -3.01203, 0.305337, 0.305337, 0.694663
7.45956, -0.207122, -3.01203, 0.305337, 0.305337, 0.694663
7.45961, -0.207122, -3.01203, 0.305337, 0.305337, 0.694663
7.45966, -0.207122, -3.01203, 0.305337, 0.305337, 0.694663
7.45971, -0.207122, -3.01203, 0.305337, 0.305337, 0.694663
7.45976, -0.207122, -3.01203, 0.305337, 0.305337, 0.694663
7.45981, -0.207122, -3.01203, 0.305337, 0.305337, 0.694663
7.45986, -0.207122, -3.01203, 0.305337, 0.305337, 0.694663
7.45991, -0.207122, -3.01203, 0.305337, 0.305337, 0.694663
7.45996, -0.207122, -3.01203, 0.305337, 0.305337, 0.694663
7.46001, -0.207122, -3.01203, 0.305337, 0.305337, 0.694663
7.46006, -0.207122, -3.01203, 0.305337, 0.305337, 0.694663
7.46011, -0.207122, -3.01203, 0.305337, 0.305337, 0.694663
7.46016, -0.207122, -3.01203, 0.305337, 0.305337, 0.694663
7.46021, -0.207122, -3.01203, 0.305337, 0.305337, 0.694663
7.46026, -0.207122, -3.01203, 0.305337, 0.305337, 0.694663
7.46031, -0.207122, -3.01203, 0.305337, 0.305337, 0.694663
7.46036, -0.207135, -3.01217, 0.305358, 0.305358, 0.694642
7.46041, -0.207135, -3.01217, 0.305358, 0.305358, 0.694642
7.46047, -0.207149, -3.01231, 0.305379, 0.305379, 0.694621
7.46052, -0.207149, -3.01231, 0.305379, 0.305379, 0.694621
7.46057, -0.207149, -3.01231, 0.305379, 0.305379, 0.694621
7.46062, -0.207149, -3.01231, 0.305379, 0.305379, 0.694621
7.46067, -0.207149, -3.01231, 0.305379, 0.305379, 0.694621
7.46072, -0.207149, -3.01231, 0.305379, 0.305379, 0.694621
7.46077, -0.207149, -3.01231, 0.305379, 0.305379, 0.694621
7.46082, -0.207149, -3.01231, 0.305379, 0.305379, 0.694621
7.46087, -0.207149, -3.01231, 0.305379, 0.305379, 0.694621
7.46092, -0.207149, -3.01231, 0.305379, 0.305379, 0.694621
7.46097, -0.207149, -3.01231, 0.305379, 0.305379, 0.694621
7.46102, -0.207149, -3.01231, 0.305379, 0.305379, 0.694621
7.46107, -0.207149, -3.01231, 0.305379, 0.305379, 0.694621
7.46112, -0.207149, -3.01231, 0.305379, 0.305379, 0.694621
7.46117, -0.207149, -3.01231, 0.305379, 0.305379, 0.694621
7.46122, -0.207149, -3.01231, 0.305379, 0.305379, 0.694621
7.46127, -0.207149, -3.01231, 0.305379, 0.305379, 0.694621
7.46132, -0.207149, -3.01231, 0.305379, 0.305379, 0.694621
7.46138, -0.207149, -3.01231, 0.305379, 0.305379, 0.694621
7.46143, -0.207149, -3.01231, 0.305379, 0.305379, 0.694621
7.46148, -0.207149, -3.01231, 0.305379, 0.305379, 0.694621
7.46153, -0.207149, -3.01231, 0.305379, 0.305379, 0.694621
7.46158, -0.207149, -3.01231, 0.305379, 0.305379, 0.694621
7.46163, -0.207149, -3.01231, 0.305379, 0.305379, 0.694621
7.46168, -0.207149, -3.01231, 0.305379, 0.305379, 0.694621
7.46173, -0.207149, -3.01231, 0.305379, 0.305379, 0.694621
7.46178, -0.207149, -3.01231, 0.305379, 0.305379, 0.694621
7.46183, -0.207149, -3.01231, 0.305379, 0.305379, 0.694621
7.46188, -0.207149, -3.01231, 0.305379, 0.305379, 0.694621
7.46193, -0.207149, -3.01231, 0.305379, 0.305379, 0.694621
7.46198, -0.207149, -3.01231, 0.305379, 0.305379, 0.694621
7.46203, -0.207149, -3.01231, 0.305379, 0.305379, 0.694621
7.46208, -0.207149, -3.01231, 0.305379, 0.305379, 0.694621
7.46213, -0.207149, -3.01231, 0.305379, 0.305379, 0.694621
7.46218, -0.207149, -3.01231, 0.305379, 0.305379, 0.694621
7.46223, -0.207149, -3.01231, 0.305379, 0.305379, 0.694621
7.46229, -0.207149, -3.01231, 0.305379, 0.305379, 0.694621
7.46234, -0.207149, -3.01231, 0.305379, 0.305379, 0.694621
7.46239, -0.207149, -3.01231, 0.305379, 0.305379, 0.694621
7.46244, -0.207149, -3.01231, 0.305379, 0.305379, 0.694621
7.46249, -0.207149, -3.01231, 0.305379, 0.305379, 0.694621
7.46254, -0.207149, -3.01231, 0.305379, 0.305379, 0.694621
7.46259, -0.207149, -3.01231, 0.305379, 0.305379, 0.694621
7.46264, -0.207149, -3.01231, 0.305379, 0.305379, 0.694621
7.46269, -0.207149, -3.01231, 0.305379, 0.305379, 0.694621
7.46274, -0.207149, -3.01231, 0.305379, 0.305379, 0.694621
7.46279, -0.207149, -3.01231, 0.305379, 0.305379, 0.694621
7.46284, -0.207149, -3.01231, 0.305379, 0.305379, 0.694621
7.46289, -0.207149, -3.01231, 0.305379, 0.305379, 0.694621
7.46294, -0.207149, -3.01231, 0.305379, 0.305379, 0.694621
7.46299, -0.207149, -3.01231, 0.305379, 0.305379, 0.694621
7.46304, -0.207149, -3.01231, 0.305379, 0.305379, 0.694621
7.46309, -0.207149, -3.01231, 0.305379, 0.305379, 0.694621
7.46314, -0.207149, -3.01231, 0.305379, 0.305379, 0.694621
7.4632, -0.207149, -3.01231, 0.305379, 0.305379, 0.694621
7.46325, -0.207149, -3.01231, 0.305379, 0.305379, 0.694621
7.4633, -0.207149, -3.01231, 0.305379, 0.305379, 0.694621
7.46335, -0.207149, -3.01231, 0.305379, 0.305379, 0.694621
7.4634, -0.207149, -3.01231, 0.305379, 0.305379, 0.694621
7.46345, -0.207149, -3.01231, 0.305379, 0.305379, 0.694621
7.4635, -0.207149, -3.01231, 0.305379, 0.305379, 0.694621
7.46355, -0.207149, -3.01231, 0.305379, 0.305379, 0.694621
7.4636, -0.207149, -3.01231, 0.305379, 0.305379, 0.694621
7.46365, -0.207149, -3.01231, 0.305379, 0.305379, 0.694621
7.4637, -0.207149, -3.01231, 0.305379, 0.305379, 0.694621
7.46375, -0.207149, -3.01231, 0.305379, 0.305379, 0.694621
7.4638, -0.207149, -3.01231, 0.305379, 0.305379, 0.694621
7.46385, -0.207149, -3.01231, 0.305379, 0.305379, 0.694621
7.4639, -0.207149, -3.01231, 0.305379, 0.305379, 0.694621
7.46395, -0.207149, -3.01231, 0.305399, 0.305379, 0.694621
7.464, -0.207162, -3.01246, 0.305399, 0.305399, 0.694601
7.46405, -0.207162, -3.01246, 0.305399, 0.305399, 0.694601
7.46411, -0.207162, -3.01246, 0.305399, 0.305399, 0.694601
7.46416, -0.207162, -3.01246, 0.305399, 0.305399, 0.694601
7.46421, -0.207162, -3.01246, 0.305399, 0.305399, 0.694601
7.46426, -0.207162, -3.01246, 0.305399, 0.305399, 0.694601
7.46431, -0.207162, -3.01246, 0.305399, 0.305399, 0.694601
7.46436, -0.207162, -3.01246, 0.305399, 0.305399, 0.694601
7.46441, -0.207162, -3.01246, 0.305399, 0.305399, 0.694601
7.46446, -0.207162, -3.01246, 0.305399, 0.305399, 0.694601
7.46451, -0.207162, -3.01246, 0.305399, 0.305399, 0.694601
7.46456, -0.207162, -3.01246, 0.305399, 0.305399, 0.694601
7.46461, -0.207162, -3.01246, 0.305399, 0.305399, 0.694601
7.46466, -0.207162, -3.01246, 0.305399, 0.305399, 0.694601
7.46471, -0.207162, -3.01246, 0.305399, 0.305399, 0.694601
7.46476, -0.207162, -3.01246, 0.305399, 0.305399, 0.694601
7.46481, -0.207162, -3.01246, 0.305399, 0.305399, 0.694601
7.46486, -0.207162, -3.01246, 0.305399, 0.305399, 0.694601
7.46491, -0.207162, -3.01246, 0.305399, 0.305399, 0.694601
7.46496, -0.207162, -3.01246, 0.305399, 0.305399, 0.694601
7.46502, -0.207162, -3.01246, 0.305399, 0.305399, 0.694601
7.46507, -0.207162, -3.01246, 0.305399, 0.305399, 0.694601
7.46512, -0.207162, -3.01246, 0.305399, 0.305399, 0.694601
7.46517, -0.207162, -3.01246, 0.305399, 0.305399, 0.694601
7.46522, -0.207162, -3.01246, 0.305399, 0.305399, 0.694601
7.46527, -0.207162, -3.01246, 0.305399, 0.305399, 0.694601
7.46532, -0.207162, -3.01246, 0.305399, 0.305399, 0.694601
7.46537, -0.207162, -3.01246, 0.305399, 0.305399, 0.694601
7.46542, -0.207162, -3.01246, 0.305399, 0.305399, 0.694601
7.46547, -0.207162, -3.01246, 0.305399, 0.305399, 0.694601
7.46552, -0.207162, -3.01246, 0.305399, 0.305399, 0.694601
7.46557, -0.207162, -3.01246, 0.305399, 0.305399, 0.694601
7.46562, -0.207162, -3.01246, 0.305399, 0.305399, 0.694601
7.46567, -0.207162, -3.01246, 0.305399, 0.305399, 0.694601
7.46572, -0.207162, -3.01246, 0.305399, 0.305399, 0.694601
7.46577, -0.207162, -3.01246, 0.305399, 0.305399, 0.694601
7.46582, -0.207162, -3.01246, 0.305399, 0.305399, 0.694601
7.46587, -0.207162, -3.01246, 0.305399, 0.305399, 0.694601
7.46593, -0.207162, -3.01246, 0.305399, 0.305399, 0.694601
7.46598, -0.207162, -3.01246, 0.305399, 0.305399, 0.694601
7.46603, -0.207162, -3.01246, 0.305399, 0.305399, 0.694601
7.46608, -0.207162, -3.01246, 0.305399, 0.305399, 0.694601
7.46613, -0.207162, -3.01246, 0.305399, 0.305399, 0.694601
7.46618, -0.207162, -3.01246, 0.305399, 0.305399, 0.694601
7.46623, -0.207162, -3.01246, 0.305399, 0.305399, 0.694601
7.46628, -0.207162, -3.01246, 0.305399, 0.305399, 0.694601
7.46633, -0.207162, -3.01246, 0.305399, 0.305399, 0.694601
7.46638, -0.207162, -3.01246, 0.305399, 0.305399, 0.694601
7.46643, -0.207162, -3.01246, 0.305399, 0.305399, 0.694601
7.46648, -0.207162, -3.01246, 0.305399, 0.305399, 0.694601
7.46653, -0.207162, -3.01246, 0.305399, 0.305399, 0.694601
7.46658, -0.207162, -3.01246, 0.305399, 0.305399, 0.694601
7.46663, -0.207162, -3.01246, 0.305399, 0.305399, 0.694601
7.46668, -0.207162, -3.01246, 0.305399, 0.305399, 0.694601
7.46673, -0.207162, -3.01246, 0.305399, 0.305399, 0.694601
7.46678, -0.207162, -3.01246, 0.305399, 0.305399, 0.694601
7.46684, -0.207162, -3.01246, 0.305399, 0.305399, 0.694601
7.46689, -0.207162, -3.01246, 0.305399, 0.305399, 0.694601
7.46694, -0.207162, -3.01246, 0.305399, 0.305399, 0.694601
7.46699, -0.207162, -3.01246, 0.305399, 0.305399, 0.694601
7.46704, -0.207162, -3.01246, 0.305399, 0.305399, 0.694601
7.46709, -0.207162, -3.01246, 0.305399, 0.305399, 0.694601
7.46714, -0.207162, -3.01246, 0.305399, 0.305399, 0.694601
7.46719, -0.207162, -3.01246, 0.305399, 0.305399, 0.694601
7.46724, -0.207162, -3.01246, 0.305399, 0.305399, 0.694601
7.46729, -0.207162, -3.01246, 0.305399, 0.305399, 0.694601
7.46734, -0.207162, -3.01246, 0.305399, 0.305399, 0.694601
7.46739, -0.207162, -3.01246, 0.305399, 0.305399, 0.694601
7.46744, -0.207162, -3.01246, 0.305399, 0.305399, 0.694601
7.46749, -0.207162, -3.01246, 0.305399, 0.305399, 0.694601
7.46754, -0.207162, -3.01246, 0.305399, 0.305399, 0.694601
7.46759, -0.207176, -3.0126, 0.30542, 0.30542, 0.69458
7.46764, -0.207176, -3.0126, 0.30542, 0.30542, 0.69458
7.46769, -0.207176, -3.0126, 0.30542, 0.30542, 0.69458
7.46775, -0.207176, -3.0126, 0.30542, 0.30542, 0.69458
7.4678, -0.207176, -3.0126, 0.30542, 0.30542, 0.69458
7.46785, -0.207176, -3.0126, 0.30542, 0.30542, 0.69458
7.4679, -0.207176, -3.0126, 0.30542, 0.30542, 0.69458
7.46795, -0.207176, -3.0126, 0.30542, 0.30542, 0.69458
7.468, -0.207176, -3.0126, 0.30542, 0.30542, 0.69458
7.46805, -0.207176, -3.0126, 0.30542, 0.30542, 0.69458
7.4681, -0.207176, -3.0126, 0.30542, 0.30542, 0.69458
7.46815, -0.207176, -3.0126, 0.30542, 0.30542, 0.69458
7.4682, -0.207176, -3.0126, 0.30542, 0.30542, 0.69458
7.46825, -0.207176, -3.0126, 0.30542, 0.30542, 0.69458
7.4683, -0.207176, -3.0126, 0.30542, 0.30542, 0.69458
7.46835, -0.207176, -3.0126, 0.30542, 0.30542, 0.69458
7.4684, -0.207176, -3.0126, 0.30542, 0.30542, 0.69458
7.46845, -0.207176, -3.0126, 0.30542, 0.30542, 0.69458
7.4685, -0.207176, -3.0126, 0.30542, 0.30542, 0.69458
7.46855, -0.207176, -3.0126, 0.30542, 0.30542, 0.69458
7.4686, -0.207176, -3.0126, 0.30542, 0.30542, 0.69458
7.46866, -0.207176, -3.0126, 0.30542, 0.30542, 0.69458
7.46871, -0.207176, -3.0126, 0.30542, 0.30542, 0.69458
7.46876, -0.207176, -3.0126, 0.30542, 0.30542, 0.69458
7.46881, -0.207176, -3.0126, 0.30542, 0.30542, 0.69458
7.46886, -0.207176, -3.0126, 0.30542, 0.30542, 0.69458
7.46891, -0.207176, -3.0126, 0.30542, 0.30542, 0.69458
7.46896, -0.207176, -3.0126, 0.30542, 0.30542, 0.69458
7.46901, -0.207176, -3.0126, 0.30542, 0.30542, 0.69458
7.46906, -0.207176, -3.0126, 0.30542, 0.30542, 0.69458
7.46911, -0.207176, -3.0126, 0.30542, 0.30542, 0.69458
7.46916, -0.207176, -3.0126, 0.30542, 0.30542, 0.69458
7.46921, -0.207176, -3.0126, 0.30542, 0.30542, 0.69458
7.46926, -0.207176, -3.0126, 0.30542, 0.30542, 0.69458
7.46931, -0.207176, -3.0126, 0.30542, 0.30542, 0.69458
7.46936, -0.207176, -3.0126, 0.30542, 0.30542, 0.69458
7.46941, -0.207176, -3.0126, 0.30542, 0.30542, 0.69458
7.46946, -0.207176, -3.0126, 0.30542, 0.30542, 0.69458
7.46951, -0.207176, -3.0126, 0.30542, 0.30542, 0.69458
7.46957, -0.207176, -3.0126, 0.30542, 0.30542, 0.69458
7.46962, -0.207176, -3.0126, 0.30542, 0.30542, 0.69458
7.46967, -0.207176, -3.0126, 0.30542, 0.30542, 0.69458
7.46972, -0.207176, -3.0126, 0.30542, 0.30542, 0.69458
7.46977, -0.207176, -3.0126, 0.30542, 0.30542, 0.69458
7.46982, -0.207176, -3.0126, 0.30542, 0.30542, 0.69458
7.46987, -0.207176, -3.0126, 0.30542, 0.30542, 0.69458
7.46992, -0.207176, -3.0126, 0.30542, 0.30542, 0.69458
7.46997, -0.207176, -3.0126, 0.30542, 0.30542, 0.69458
7.47002, -0.207176, -3.0126, 0.30542, 0.30542, 0.69458
7.47007, -0.207176, -3.0126, 0.30542, 0.30542, 0.69458
7.47012, -0.207176, -3.0126, 0.30542, 0.30542, 0.69458
7.47017, -0.207176, -3.0126, 0.30542, 0.30542, 0.69458
7.47022, -0.207176, -3.0126, 0.30542, 0.30542, 0.69458
7.47027, -0.207176, -3.0126, 0.30542, 0.30542, 0.69458
7.47032, -0.207176, -3.0126, 0.30542, 0.30542, 0.69458
7.47037, -0.207176, -3.0126, 0.30542, 0.30542, 0.69458
7.47042, -0.207176, -3.0126, 0.30542, 0.30542, 0.69458
7.47048, -0.207176, -3.0126, 0.30542, 0.30542, 0.69458
7.47053, -0.207176, -3.0126, 0.30542, 0.30542, 0.69458
7.47058, -0.207176, -3.0126, 0.30542, 0.30542, 0.69458
7.47063, -0.207176, -3.0126, 0.30542, 0.30542, 0.69458
7.47068, -0.207176, -3.0126, 0.30542, 0.30542, 0.69458
7.47073, -0.207176, -3.0126, 0.30542, 0.30542, 0.69458
7.47078, -0.207176, -3.0126, 0.30542, 0.30542, 0.69458
7.47083, -0.207176, -3.0126, 0.30542, 0.30542, 0.69458
7.47088, -0.207176, -3.0126, 0.30542, 0.30542, 0.69458
7.47093, -0.207176, -3.0126, 0.30542, 0.30542, 0.69458
7.47098, -0.207176, -3.0126, 0.30542, 0.30542, 0.69458
7.47103, -0.207176, -3.0126, 0.30542, 0.30542, 0.69458
7.47108, -0.207176, -3.0126, 0.30542, 0.30542, 0.69458
7.47113, -0.207176, -3.0126, 0.30542, 0.30542, 0.69458
7.47118, -0.207189, -3.01274, 0.30544, 0.30544, 0.69456
7.47123, -0.207189, -3.01274, 0.30544, 0.30544, 0.69456
7.47128, -0.207189, -3.01274, 0.30544, 0.30544, 0.69456
7.47133, -0.207189, -3.01274, 0.30544, 0.30544, 0.69456
7.47139, -0.207189, -3.01274, 0.30544, 0.30544, 0.69456
7.47144, -0.207189, -3.01274, 0.30544, 0.30544, 0.69456
7.47149, -0.207189, -3.01274, 0.30544, 0.30544, 0.69456
7.47154, -0.207189, -3.01274, 0.30544, 0.30544, 0.69456
7.47159, -0.207189, -3.01274, 0.30544, 0.30544, 0.69456
7.47164, -0.207189, -3.01274, 0.30544, 0.30544, 0.69456
7.47169, -0.207189, -3.01274, 0.30544, 0.30544, 0.69456
7.47174, -0.207189, -3.01274, 0.30544, 0.30544, 0.69456
7.47179, -0.207189, -3.01274, 0.30544, 0.30544, 0.69456
7.47184, -0.207189, -3.01274, 0.30544, 0.30544, 0.69456
7.47189, -0.207189, -3.01274, 0.30544, 0.30544, 0.69456
7.47194, -0.207189, -3.01274, 0.30544, 0.30544, 0.69456
7.47199, -0.207189, -3.01274, 0.30544, 0.30544, 0.69456
7.47204, -0.207189, -3.01274, 0.30544, 0.30544, 0.69456
7.47209, -0.207189, -3.01274, 0.30544, 0.30544, 0.69456
7.47214, -0.207189, -3.01274, 0.30544, 0.30544, 0.69456
7.47219, -0.207189, -3.01274, 0.30544, 0.30544, 0.69456
7.47224, -0.207189, -3.01274, 0.30544, 0.30544, 0.69456
7.4723, -0.207189, -3.01274, 0.30544, 0.30544, 0.69456
7.47235, -0.207189, -3.01274, 0.30544, 0.30544, 0.69456
7.4724, -0.207189, -3.01274, 0.30544, 0.30544, 0.69456
7.47245, -0.207189, -3.01274, 0.30544, 0.30544, 0.69456
7.4725, -0.207189, -3.01274, 0.30544, 0.30544, 0.69456
7.47255, -0.207189, -3.01274, 0.30544, 0.30544, 0.69456
7.4726, -0.207189, -3.01274, 0.30544, 0.30544, 0.69456
7.47265, -0.207189, -3.01274, 0.30544, 0.30544, 0.69456
7.4727, -0.207189, -3.01274, 0.30544, 0.30544, 0.69456
7.47275, -0.207189, -3.01274, 0.30544, 0.30544, 0.69456
7.4728, -0.207189, -3.01274, 0.30544, 0.30544, 0.69456
7.47285, -0.207189, -3.01274, 0.30544, 0.30544, 0.69456
7.4729, -0.207189, -3.01274, 0.30544, 0.30544, 0.69456
7.47295, -0.207189, -3.01274, 0.30544, 0.30544, 0.69456
7.473, -0.207189, -3.01274, 0.30544, 0.30544, 0.69456
7.47305, -0.207189, -3.01274, 0.30544, 0.30544, 0.69456
7.4731, -0.207189, -3.01274, 0.30544, 0.30544, 0.69456
7.47315, -0.207189, -3.01274, 0.30544, 0.30544, 0.69456
7.47321, -0.207189, -3.01274, 0.30544, 0.30544, 0.69456
7.47326, -0.207189, -3.01274, 0.30544, 0.30544, 0.69456
7.47331, -0.207189, -3.01274, 0.30544, 0.30544, 0.69456
7.47336, -0.207189, -3.01274, 0.30544, 0.30544, 0.69456
7.47341, -0.207189, -3.01274, 0.30544, 0.30544, 0.69456
7.47346, -0.207189, -3.01274, 0.30544, 0.30544, 0.69456
7.47351, -0.207189, -3.01274, 0.30544, 0.30544, 0.69456
7.47356, -0.207189, -3.01274, 0.30544, 0.30544, 0.69456
7.47361, -0.207189, -3.01274, 0.30544, 0.30544, 0.69456
7.47366, -0.207189, -3.01274, 0.30544, 0.30544, 0.69456
7.47371, -0.207189, -3.01274, 0.30544, 0.30544, 0.69456
7.47376, -0.207189, -3.01274, 0.30544, 0.30544, 0.69456
7.47381, -0.207189, -3.01274, 0.30544, 0.30544, 0.69456
7.47386, -0.207189, -3.01274, 0.30544, 0.30544, 0.69456
7.47391, -0.207189, -3.01274, 0.30544, 0.30544, 0.69456
7.47396, -0.207189, -3.01274, 0.30544, 0.30544, 0.69456
7.47401, -0.207189, -3.01274, 0.30544, 0.30544, 0.69456
7.47406, -0.207189, -3.01274, 0.30544, 0.30544, 0.69456
7.47412, -0.207189, -3.01274, 0.30544, 0.30544, 0.69456
7.47417, -0.207189, -3.01274, 0.30544, 0.30544, 0.69456
7.47422, -0.207189, -3.01274, 0.30544, 0.30544, 0.69456
7.47427, -0.207189, -3.01274, 0.30544, 0.30544, 0.69456
7.47432, -0.207189, -3.01274, 0.30544, 0.30544, 0.69456
7.47437, -0.207189, -3.01274, 0.30544, 0.30544, 0.69456
7.47442, -0.207189, -3.01274, 0.30544, 0.30544, 0.69456
7.47447, -0.207189, -3.01274, 0.30544, 0.30544, 0.69456
7.47452, -0.207189, -3.01274, 0.30544, 0.30544, 0.69456
7.47457, -0.207189, -3.01274, 0.30544, 0.30544, 0.69456
7.47462, -0.207189, -3.01274, 0.30544, 0.30544, 0.69456
7.47467, -0.207189, -3.01274, 0.30544, 0.30544, 0.69456
7.47472, -0.207189, -3.01274, 0.30544, 0.30544, 0.69456
7.47477, -0.207189, -3.01274, 0.30544, 0.30544, 0.69456
7.47482, -0.207203, -3.01288, 0.305461, 0.305461, 0.694539
7.47487, -0.207203, -3.01288, 0.305461, 0.305461, 0.694539
7.47492, -0.207203, -3.01288, 0.305461, 0.305461, 0.694539
7.47497, -0.207203, -3.01288, 0.305461, 0.305461, 0.694539
7.47503, -0.207203, -3.01288, 0.305461, 0.305461, 0.694539
7.47508, -0.207203, -3.01288, 0.305461, 0.305461, 0.694539
7.47513, -0.207203, -3.01288, 0.305461, 0.305461, 0.694539
7.47518, -0.207203, -3.01288, 0.305461, 0.305461, 0.694539
7.47523, -0.207203, -3.01288, 0.305461, 0.305461, 0.694539
7.47528, -0.207203, -3.01288, 0.305461, 0.305461, 0.694539
7.47533, -0.207203, -3.01288, 0.305461, 0.305461, 0.694539
7.47538, -0.207203, -3.01288, 0.305461, 0.305461, 0.694539
7.47543, -0.207203, -3.01288, 0.305461, 0.305461, 0.694539
7.47548, -0.207203, -3.01288, 0.305461, 0.305461, 0.694539
7.47553, -0.207203, -3.01288, 0.305461, 0.305461, 0.694539
7.47558, -0.207203, -3.01288, 0.305461, 0.305461, 0.694539
7.47563, -0.207203, -3.01288, 0.305461, 0.305461, 0.694539
7.47568, -0.207203, -3.01288, 0.305461, 0.305461, 0.694539
7.47573, -0.207203, -3.01288, 0.305461, 0.305461, 0.694539
7.47578, -0.207203, -3.01288, 0.305461, 0.305461, 0.694539
7.47583, -0.207203, -3.01288, 0.305461, 0.305461, 0.694539
7.47588, -0.207203, -3.01288, 0.305461, 0.305461, 0.694539
7.47594, -0.207203, -3.01288, 0.305461, 0.305461, 0.694539
7.47599, -0.207203, -3.01288, 0.305461, 0.305461, 0.694539
7.47604, -0.207203, -3.01288, 0.305461, 0.305461, 0.694539
7.47609, -0.207203, -3.01288, 0.305461, 0.305461, 0.694539
7.47614, -0.207203, -3.01288, 0.305461, 0.305461, 0.694539
7.47619, -0.207203, -3.01288, 0.305461, 0.305461, 0.694539
7.47624, -0.207203, -3.01288, 0.305461, 0.305461, 0.694539
7.47629, -0.207203, -3.01288, 0.305461, 0.305461, 0.694539
7.47634, -0.207203, -3.01288, 0.305461, 0.305461, 0.694539
7.47639, -0.207203, -3.01288, 0.305461, 0.305461, 0.694539
7.47644, -0.207203, -3.01288, 0.305461, 0.305461, 0.694539
7.47649, -0.207203, -3.01288, 0.305461, 0.305461, 0.694539
7.47654, -0.207203, -3.01288, 0.305461, 0.305461, 0.694539
7.47659, -0.207203, -3.01288, 0.305461, 0.305461, 0.694539
7.47664, -0.207203, -3.01288, 0.305461, 0.305461, 0.694539
7.47669, -0.207203, -3.01288, 0.305461, 0.305461, 0.694539
7.47674, -0.207203, -3.01288, 0.305461, 0.305461, 0.694539
7.47679, -0.207203, -3.01288, 0.305461, 0.305461, 0.694539
7.47685, -0.207203, -3.01288, 0.305461, 0.305461, 0.694539
7.4769, -0.207203, -3.01288, 0.305461, 0.305461, 0.694539
7.47695, -0.207203, -3.01288, 0.305461, 0.305461, 0.694539
7.477, -0.207203, -3.01288, 0.305461, 0.305461, 0.694539
7.47705, -0.207203, -3.01288, 0.305461, 0.305461, 0.694539
7.4771, -0.207203, -3.01288, 0.305461, 0.305461, 0.694539
7.47715, -0.207203, -3.01288, 0.305461, 0.305461, 0.694539
7.4772, -0.207203, -3.01288, 0.305461, 0.305461, 0.694539
7.47725, -0.207203, -3.01288, 0.305461, 0.305461, 0.694539
7.4773, -0.207203, -3.01288, 0.305461, 0.305461, 0.694539
7.47735, -0.207203, -3.01288, 0.305461, 0.305461, 0.694539
7.4774, -0.207203, -3.01288, 0.305461, 0.305461, 0.694539
7.47745, -0.207203, -3.01288, 0.305461, 0.305461, 0.694539
7.4775, -0.207203, -3.01288, 0.305461, 0.305461, 0.694539
7.47755, -0.207203, -3.01288, 0.305461, 0.305461, 0.694539
7.4776, -0.207203, -3.01288, 0.305461, 0.305461, 0.694539
7.47765, -0.207203, -3.01288, 0.305461, 0.305461, 0.694539
7.4777, -0.207203, -3.01288, 0.305461, 0.305461, 0.694539
7.47776, -0.207203, -3.01288, 0.305461, 0.305461, 0.694539
7.47781, -0.207203, -3.01288, 0.305461, 0.305461, 0.694539
7.47786, -0.207203, -3.01288, 0.305461, 0.305461, 0.694539
7.47791, -0.207203, -3.01288, 0.305461, 0.305461, 0.694539
7.47796, -0.207203, -3.01288, 0.305461, 0.305461, 0.694539
7.47801, -0.207203, -3.01288, 0.305461, 0.305461, 0.694539
7.47806, -0.207203, -3.01288, 0.305461, 0.305461, 0.694539
7.47811, -0.207203, -3.01288, 0.305461, 0.305461, 0.694539
7.47816, -0.207203, -3.01288, 0.305461, 0.305461, 0.694539
7.47821, -0.207203, -3.01288, 0.305461, 0.305461, 0.694539
7.47826, -0.207203, -3.01288, 0.305461, 0.305461, 0.694539
7.47831, -0.207203, -3.01288, 0.305461, 0.305461, 0.694539
7.47836, -0.207203, -3.01288, 0.305461, 0.305461, 0.694539
7.47841, -0.207216, -3.01302, 0.305482, 0.305482, 0.694518
7.47846, -0.207216, -3.01302, 0.305482, 0.305482, 0.694518
7.47851, -0.207216, -3.01302, 0.305482, 0.305482, 0.694518
7.47856, -0.207216, -3.01302, 0.305482, 0.305482, 0.694518
7.47861, -0.207216, -3.01302, 0.305482, 0.305482, 0.694518
7.47867, -0.207216, -3.01302, 0.305482, 0.305482, 0.694518
7.47872, -0.207216, -3.01302, 0.305482, 0.305482, 0.694518
7.47877, -0.207216, -3.01302, 0.305482, 0.305482, 0.694518
7.47882, -0.207216, -3.01302, 0.305482, 0.305482, 0.694518
7.47887, -0.207216, -3.01302, 0.305482, 0.305482, 0.694518
7.47892, -0.207216, -3.01302, 0.305482, 0.305482, 0.694518
7.47897, -0.207216, -3.01302, 0.305482, 0.305482, 0.694518
7.47902, -0.207216, -3.01302, 0.305482, 0.305482, 0.694518
7.47907, -0.207216, -3.01302, 0.305482, 0.305482, 0.694518
7.47912, -0.207216, -3.01302, 0.305482, 0.305482, 0.694518
7.47917, -0.207216, -3.01302, 0.305482, 0.305482, 0.694518
7.47922, -0.207216, -3.01302, 0.305482, 0.305482, 0.694518
7.47927, -0.207216, -3.01302, 0.305482, 0.305482, 0.694518
7.47932, -0.207216, -3.01302, 0.305482, 0.305482, 0.694518
7.47937, -0.207216, -3.01302, 0.305482, 0.305482, 0.694518
7.47942, -0.207216, -3.01302, 0.305482, 0.305482, 0.694518
7.47947, -0.207216, -3.01302, 0.305482, 0.305482, 0.694518
7.47952, -0.207216, -3.01302, 0.305482, 0.305482, 0.694518
7.47958, -0.207216, -3.01302, 0.305482, 0.305482, 0.694518
7.47963, -0.207216, -3.01302, 0.305482, 0.305482, 0.694518
7.47968, -0.207216, -3.01302, 0.305482, 0.305482, 0.694518
7.47973, -0.207216, -3.01302, 0.305482, 0.305482, 0.694518
7.47978, -0.207216, -3.01302, 0.305482, 0.305482, 0.694518
7.47983, -0.207216, -3.01302, 0.305482, 0.305482, 0.694518
7.47988, -0.207216, -3.01302, 0.305482, 0.305482, 0.694518
7.47993, -0.207216, -3.01302, 0.305482, 0.305482, 0.694518
7.47998, -0.207216, -3.01302, 0.305482, 0.305482, 0.694518
7.48003, -0.207216, -3.01302, 0.305482, 0.305482, 0.694518
7.48008, -0.207216, -3.01302, 0.305482, 0.305482, 0.694518
7.48013, -0.207216, -3.01302, 0.305482, 0.305482, 0.694518
7.48018, -0.207216, -3.01302, 0.305482, 0.305482, 0.694518
7.48023, -0.207216, -3.01302, 0.305482, 0.305482, 0.694518
7.48028, -0.207216, -3.01302, 0.305482, 0.305482, 0.694518
7.48033, -0.207216, -3.01302, 0.305482, 0.305482, 0.694518
7.48038, -0.207216, -3.01302, 0.305482, 0.305482, 0.694518
7.48043, -0.207216, -3.01302, 0.305482, 0.305482, 0.694518
7.48049, -0.207216, -3.01302, 0.305482, 0.305482, 0.694518
7.48054, -0.207216, -3.01302, 0.305482, 0.305482, 0.694518
7.48059, -0.207216, -3.01302, 0.305482, 0.305482, 0.694518
7.48064, -0.207216, -3.01302, 0.305482, 0.305482, 0.694518
7.48069, -0.207216, -3.01302, 0.305482, 0.305482, 0.694518
7.48074, -0.207216, -3.01302, 0.305482, 0.305482, 0.694518
7.48079, -0.207216, -3.01302, 0.305482, 0.305482, 0.694518
7.48084, -0.207216, -3.01302, 0.305482, 0.305482, 0.694518
7.48089, -0.207216, -3.01302, 0.305482, 0.305482, 0.694518
7.48094, -0.207216, -3.01302, 0.305482, 0.305482, 0.694518
7.48099, -0.207216, -3.01302, 0.305482, 0.305482, 0.694518
7.48104, -0.207216, -3.01302, 0.305482, 0.305482, 0.694518
7.48109, -0.207216, -3.01302, 0.305482, 0.305482, 0.694518
7.48114, -0.207216, -3.01302, 0.305482, 0.305482, 0.694518
7.48119, -0.207216, -3.01302, 0.305482, 0.305482, 0.694518
7.48124, -0.207216, -3.01302, 0.305482, 0.305482, 0.694518
7.48129, -0.207216, -3.01302, 0.305482, 0.305482, 0.694518
7.48134, -0.207216, -3.01302, 0.305482, 0.305482, 0.694518
7.4814, -0.207216, -3.01302, 0.305482, 0.305482, 0.694518
7.48145, -0.207216, -3.01302, 0.305482, 0.305482, 0.694518
7.4815, -0.207216, -3.01302, 0.305482, 0.305482, 0.694518
7.48155, -0.207216, -3.01302, 0.305482, 0.305482, 0.694518
7.4816, -0.207216, -3.01302, 0.305482, 0.305482, 0.694518
7.48165, -0.207216, -3.01302, 0.305482, 0.305482, 0.694518
7.4817, -0.207216, -3.01302, 0.305482, 0.305482, 0.694518
7.48175, -0.207216, -3.01302, 0.305482, 0.305482, 0.694518
7.4818, -0.207216, -3.01302, 0.305482, 0.305482, 0.694518
7.48185, -0.207216, -3.01302, 0.305482, 0.305482, 0.694518
7.4819, -0.207216, -3.01302, 0.305482, 0.305482, 0.694518
7.48195, -0.207216, -3.01302, 0.305482, 0.305482, 0.694518
7.482, -0.20723, -3.01316, 0.305502, 0.305502, 0.694498
7.48205, -0.20723, -3.01316, 0.305502, 0.305502, 0.694498
7.4821, -0.20723, -3.01316, 0.305502, 0.305502, 0.694498
7.48215, -0.20723, -3.01316, 0.305502, 0.305502, 0.694498
7.4822, -0.20723, -3.01316, 0.305502, 0.305502, 0.694498
7.48225, -0.20723, -3.01316, 0.305502, 0.305502, 0.694498
7.48231, -0.20723, -3.01316, 0.305502, 0.305502, 0.694498
7.48236, -0.20723, -3.01316, 0.305502, 0.305502, 0.694498
7.48241, -0.20723, -3.01316, 0.305502, 0.305502, 0.694498
7.48246, -0.20723, -3.01316, 0.305502, 0.305502, 0.694498
7.48251, -0.20723, -3.01316, 0.305502, 0.305502, 0.694498
7.48256, -0.20723, -3.01316, 0.305502, 0.305502, 0.694498
7.48261, -0.20723, -3.01316, 0.305502, 0.305502, 0.694498
7.48266, -0.20723, -3.01316, 0.305502, 0.305502, 0.694498
7.48271, -0.20723, -3.01316, 0.305502, 0.305502, 0.694498
7.48276, -0.20723, -3.01316, 0.305502, 0.305502, 0.694498
7.48281, -0.20723, -3.01316, 0.305502, 0.305502, 0.694498
7.48286, -0.20723, -3.01316, 0.305502, 0.305502, 0.694498
7.48291, -0.20723, -3.01316, 0.305502, 0.305502, 0.694498
7.48296, -0.20723, -3.01316, 0.305502, 0.305502, 0.694498
7.48301, -0.20723, -3.01316, 0.305502, 0.305502, 0.694498
7.48306, -0.20723, -3.01316, 0.305502, 0.305502, 0.694498
7.48311, -0.20723, -3.01316, 0.305502, 0.305502, 0.694498
7.48316, -0.20723, -3.01316, 0.305502, 0.305502, 0.694498
7.48322, -0.20723, -3.01316, 0.305502, 0.305502, 0.694498
7.48327, -0.20723, -3.01316, 0.305502, 0.305502, 0.694498
7.48332, -0.20723, -3.01316, 0.305502, 0.305502, 0.694498
7.48337, -0.20723, -3.01316, 0.305502, 0.305502, 0.694498
7.48342, -0.20723, -3.01316, 0.305502, 0.305502, 0.694498
7.48347, -0.20723, -3.01316, 0.305502, 0.305502, 0.694498
7.48352, -0.20723, -3.01316, 0.305502, 0.305502, 0.694498
7.48357, -0.20723, -3.01316, 0.305502, 0.305502, 0.694498
7.48362, -0.20723, -3.01316, 0.305502, 0.305502, 0.694498
7.48367, -0.20723, -3.01316, 0.305502, 0.305502, 0.694498
7.48372, -0.20723, -3.01316, 0.305502, 0.305502, 0.694498
7.48377, -0.20723, -3.01316, 0.305502, 0.305502, 0.694498
7.48382, -0.20723, -3.01316, 0.305502, 0.305502, 0.694498
7.48387, -0.20723, -3.01316, 0.305502, 0.305502, 0.694498
7.48392, -0.20723, -3.01316, 0.305502, 0.305502, 0.694498
7.48397, -0.20723, -3.01316, 0.305502, 0.305502, 0.694498
7.48402, -0.20723, -3.01316, 0.305502, 0.305502, 0.694498
7.48407, -0.20723, -3.01316, 0.305502, 0.305502, 0.694498
7.48413, -0.20723, -3.01316, 0.305502, 0.305502, 0.694498
7.48418, -0.20723, -3.01316, 0.305502, 0.305502, 0.694498
7.48423, -0.20723, -3.01316, 0.305502, 0.305502, 0.694498
7.48428, -0.20723, -3.01316, 0.305502, 0.305502, 0.694498
7.48433, -0.20723, -3.01316, 0.305502, 0.305502, 0.694498
7.48438, -0.20723, -3.01316, 0.305502, 0.305502, 0.694498
7.48443, -0.20723, -3.01316, 0.305502, 0.305502, 0.694498
7.48448, -0.20723, -3.01316, 0.305502, 0.305502, 0.694498
7.48453, -0.20723, -3.01316, 0.305502, 0.305502, 0.694498
7.48458, -0.20723, -3.01316, 0.305502, 0.305502, 0.694498
7.48463, -0.20723, -3.01316, 0.305502, 0.305502, 0.694498
7.48468, -0.20723, -3.01316, 0.305502, 0.305502, 0.694498
7.48473, -0.20723, -3.01316, 0.305502, 0.305502, 0.694498
7.48478, -0.20723, -3.01316, 0.305502, 0.305502, 0.694498
7.48483, -0.20723, -3.01316, 0.305502, 0.305502, 0.694498
7.48488, -0.20723, -3.01316, 0.305502, 0.305502, 0.694498
7.48493, -0.20723, -3.01316, 0.305502, 0.305502, 0.694498
7.48498, -0.20723, -3.01316, 0.305502, 0.305502, 0.694498
7.48504, -0.20723, -3.01316, 0.305502, 0.305502, 0.694498
7.48509, -0.20723, -3.01316, 0.305502, 0.305502, 0.694498
7.48514, -0.20723, -3.01316, 0.305502, 0.305502, 0.694498
7.48519, -0.20723, -3.01316, 0.305502, 0.305502, 0.694498
7.48524, -0.20723, -3.01316, 0.305502, 0.305502, 0.694498
7.48529, -0.20723, -3.01316, 0.305502, 0.305502, 0.694498
7.48534, -0.20723, -3.01316, 0.305502, 0.305502, 0.694498
7.48539, -0.20723, -3.01316, 0.305502, 0.305502, 0.694498
7.48544, -0.20723, -3.01316, 0.305502, 0.305502, 0.694498
7.48549, -0.20723, -3.01316, 0.305502, 0.305502, 0.694498
7.48554, -0.20723, -3.01316, 0.305502, 0.305502, 0.694498
7.48559, -0.20723, -3.01316, 0.305502, 0.305502, 0.694498
7.48564, -0.207243, -3.0133, 0.305523, 0.305523, 0.694477
7.48569, -0.207243, -3.0133, 0.305523, 0.305523, 0.694477
7.48574, -0.207243, -3.0133, 0.305523, 0.305523, 0.694477
7.48579, -0.207243, -3.0133, 0.305523, 0.305523, 0.694477
7.48584, -0.207243, -3.0133, 0.305523, 0.305523, 0.694477
7.48589, -0.207243, -3.0133, 0.305523, 0.305523, 0.694477
7.48595, -0.207243, -3.0133, 0.305523, 0.305523, 0.694477
7.486, -0.207243, -3.0133, 0.305523, 0.305523, 0.694477
7.48605, -0.207243, -3.0133, 0.305523, 0.305523, 0.694477
7.4861, -0.207243, -3.0133, 0.305523, 0.305523, 0.694477
7.48615, -0.207243, -3.0133, 0.305523, 0.305523, 0.694477
7.4862, -0.207243, -3.0133, 0.305523, 0.305523, 0.694477
7.48625, -0.207243, -3.0133, 0.305523, 0.305523, 0.694477
7.4863, -0.207243, -3.0133, 0.305523, 0.305523, 0.694477
7.48635, -0.207243, -3.0133, 0.305523, 0.305523, 0.694477
7.4864, -0.207243, -3.0133, 0.305523, 0.305523, 0.694477
7.48645, -0.207243, -3.0133, 0.305523, 0.305523, 0.694477
7.4865, -0.207243, -3.0133, 0.305523, 0.305523, 0.694477
7.48655, -0.207243, -3.0133, 0.305523, 0.305523, 0.694477
7.4866, -0.207243, -3.0133, 0.305523, 0.305523, 0.694477
7.48665, -0.207243, -3.0133, 0.305523, 0.305523, 0.694477
7.4867, -0.207243, -3.0133, 0.305523, 0.305523, 0.694477
7.48675, -0.207243, -3.0133, 0.305523, 0.305523, 0.694477
7.4868, -0.207243, -3.0133, 0.305523, 0.305523, 0.694477
7.48686, -0.207243, -3.0133, 0.305523, 0.305523, 0.694477
7.48691, -0.207243, -3.0133, 0.305523, 0.305523, 0.694477
7.48696, -0.207243, -3.0133, 0.305523, 0.305523, 0.694477
7.48701, -0.207243, -3.0133, 0.305523, 0.305523, 0.694477
7.48706, -0.207243, -3.0133, 0.305523, 0.305523, 0.694477
7.48711, -0.207243, -3.0133, 0.305523, 0.305523, 0.694477
7.48716, -0.207243, -3.0133, 0.305523, 0.305523, 0.694477
7.48721, -0.207243, -3.0133, 0.305523, 0.305523, 0.694477
7.48726, -0.207243, -3.0133, 0.305523, 0.305523, 0.694477
7.48731, -0.207243, -3.0133, 0.305523, 0.305523, 0.694477
7.48736, -0.207243, -3.0133, 0.305523, 0.305523, 0.694477
7.48741, -0.207243, -3.0133, 0.305523, 0.305523, 0.694477
7.48746, -0.207243, -3.0133, 0.305523, 0.305523, 0.694477
7.48751, -0.207243, -3.0133, 0.305523, 0.305523, 0.694477
7.48756, -0.207243, -3.0133, 0.305523, 0.305523, 0.694477
7.48761, -0.207243, -3.0133, 0.305523, 0.305523, 0.694477
7.48766, -0.207243, -3.0133, 0.305523, 0.305523, 0.694477
7.48771, -0.207243, -3.0133, 0.305523, 0.305523, 0.694477
7.48777, -0.207243, -3.0133, 0.305523, 0.305523, 0.694477
7.48782, -0.207243, -3.0133, 0.305523, 0.305523, 0.694477
7.48787, -0.207243, -3.0133, 0.305523, 0.305523, 0.694477
7.48792, -0.207243, -3.0133, 0.305523, 0.305523, 0.694477
7.48797, -0.207243, -3.0133, 0.305523, 0.305523, 0.694477
7.48802, -0.207243, -3.0133, 0.305523, 0.305523, 0.694477
7.48807, -0.207243, -3.0133, 0.305523, 0.305523, 0.694477
7.48812, -0.207243, -3.0133, 0.305523, 0.305523, 0.694477
7.48817, -0.207243, -3.0133, 0.305523, 0.305523, 0.694477
7.48822, -0.207243, -3.0133, 0.305523, 0.305523, 0.694477
7.48827, -0.207243, -3.0133, 0.305523, 0.305523, 0.694477
7.48832, -0.207243, -3.0133, 0.305523, 0.305523, 0.694477
7.48837, -0.207243, -3.0133, 0.305523, 0.305523, 0.694477
7.48842, -0.207243, -3.0133, 0.305523, 0.305523, 0.694477
7.48847, -0.207243, -3.0133, 0.305523, 0.305523, 0.694477
7.48852, -0.207243, -3.0133, 0.305523, 0.305523, 0.694477
7.48857, -0.207243, -3.0133, 0.305523, 0.305523, 0.694477
7.48862, -0.207243, -3.0133, 0.305523, 0.305523, 0.694477
7.48868, -0.207243, -3.0133, 0.305523, 0.305523, 0.694477
7.48873, -0.207243, -3.0133, 0.305523, 0.305523, 0.694477
7.48878, -0.207243, -3.0133, 0.305523, 0.305523, 0.694477
7.48883, -0.207243, -3.0133, 0.305523, 0.305523, 0.694477
7.48888, -0.207243, -3.0133, 0.305523, 0.305523, 0.694477
7.48893, -0.207243, -3.0133, 0.305523, 0.305523, 0.694477
7.48898, -0.207243, -3.0133, 0.305523, 0.305523, 0.694477
7.48903, -0.207243, -3.0133, 0.305523, 0.305523, 0.694477
7.48908, -0.207243, -3.0133, 0.305523, 0.305523, 0.694477
7.48913, -0.207243, -3.0133, 0.305523, 0.305523, 0.694477
7.48918, -0.207243, -3.0133, 0.305523, 0.305523, 0.694477
7.48923, -0.207257, -3.01344, 0.305543, 0.305543, 0.694457
7.48928, -0.207257, -3.01344, 0.305543, 0.305543, 0.694457
7.48933, -0.207257, -3.01344, 0.305543, 0.305543, 0.694457
7.48938, -0.207257, -3.01344, 0.305543, 0.305543, 0.694457
7.48943, -0.207257, -3.01344, 0.305543, 0.305543, 0.694457
7.48948, -0.207257, -3.01344, 0.305543, 0.305543, 0.694457
7.48953, -0.207257, -3.01344, 0.305543, 0.305543, 0.694457
7.48959, -0.207257, -3.01344, 0.305543, 0.305543, 0.694457
7.48964, -0.207257, -3.01344, 0.305543, 0.305543, 0.694457
7.48969, -0.207257, -3.01344, 0.305543, 0.305543, 0.694457
7.48974, -0.207257, -3.01344, 0.305543, 0.305543, 0.694457
7.48979, -0.207257, -3.01344, 0.305543, 0.305543, 0.694457
7.48984, -0.207257, -3.01344, 0.305543, 0.305543, 0.694457
7.48989, -0.207257, -3.01344, 0.305543, 0.305543, 0.694457
7.48994, -0.207257, -3.01344, 0.305543, 0.305543, 0.694457
7.48999, -0.207257, -3.01344, 0.305543, 0.305543, 0.694457
7.49004, -0.207257, -3.01344, 0.305543, 0.305543, 0.694457
7.49009, -0.207257, -3.01344, 0.305543, 0.305543, 0.694457
7.49014, -0.207257, -3.01344, 0.305543, 0.305543, 0.694457
7.49019, -0.207257, -3.01344, 0.305543, 0.305543, 0.694457
7.49024, -0.207257, -3.01344, 0.305543, 0.305543, 0.694457
7.49029, -0.207257, -3.01344, 0.305543, 0.305543, 0.694457
7.49034, -0.207257, -3.01344, 0.305543, 0.305543, 0.694457
7.49039, -0.207257, -3.01344, 0.305543, 0.305543, 0.694457
7.49044, -0.207257, -3.01344, 0.305543, 0.305543, 0.694457
7.4905, -0.207257, -3.01344, 0.305543, 0.305543, 0.694457
7.49055, -0.207257, -3.01344, 0.305543, 0.305543, 0.694457
7.4906, -0.207257, -3.01344, 0.305543, 0.305543, 0.694457
7.49065, -0.207257, -3.01344, 0.305543, 0.305543, 0.694457
7.4907, -0.207257, -3.01344, 0.305543, 0.305543, 0.694457
7.49075, -0.207257, -3.01344, 0.305543, 0.305543, 0.694457
7.4908, -0.207257, -3.01344, 0.305543, 0.305543, 0.694457
7.49085, -0.207257, -3.01344, 0.305543, 0.305543, 0.694457
7.4909, -0.207257, -3.01344, 0.305543, 0.305543, 0.694457
7.49095, -0.207257, -3.01344, 0.305543, 0.305543, 0.694457
7.491, -0.207257, -3.01344, 0.305543, 0.305543, 0.694457
7.49105, -0.207257, -3.01344, 0.305543, 0.305543, 0.694457
7.4911, -0.207257, -3.01344, 0.305543, 0.305543, 0.694457
7.49115, -0.207257, -3.01344, 0.305543, 0.305543, 0.694457
7.4912, -0.207257, -3.01344, 0.305543, 0.305543, 0.694457
7.49125, -0.207257, -3.01344, 0.305543, 0.305543, 0.694457
7.4913, -0.207257, -3.01344, 0.305543, 0.305543, 0.694457
7.49135, -0.207257, -3.01344, 0.305543, 0.305543, 0.694457
7.49141, -0.207257, -3.01344, 0.305543, 0.305543, 0.694457
7.49146, -0.207257, -3.01344, 0.305543, 0.305543, 0.694457
7.49151, -0.207257, -3.01344, 0.305543, 0.305543, 0.694457
7.49156, -0.207257, -3.01344, 0.305543, 0.305543, 0.694457
7.49161, -0.207257, -3.01344, 0.305543, 0.305543, 0.694457
7.49166, -0.207257, -3.01344, 0.305543, 0.305543, 0.694457
7.49171, -0.207257, -3.01344, 0.305543, 0.305543, 0.694457
7.49176, -0.207257, -3.01344, 0.305543, 0.305543, 0.694457
7.49181, -0.207257, -3.01344, 0.305543, 0.305543, 0.694457
7.49186, -0.207257, -3.01344, 0.305543, 0.305543, 0.694457
7.49191, -0.207257, -3.01344, 0.305543, 0.305543, 0.694457
7.49196, -0.207257, -3.01344, 0.305543, 0.305543, 0.694457
7.49201, -0.207257, -3.01344, 0.305543, 0.305543, 0.694457
7.49206, -0.207257, -3.01344, 0.305543, 0.305543, 0.694457
7.49211, -0.207257, -3.01344, 0.305543, 0.305543, 0.694457
7.49216, -0.207257, -3.01344, 0.305543, 0.305543, 0.694457
7.49221, -0.207257, -3.01344, 0.305543, 0.305543, 0.694457
7.49226, -0.207257, -3.01344, 0.305543, 0.305543, 0.694457
7.49232, -0.207257, -3.01344, 0.305543, 0.305543, 0.694457
7.49237, -0.207257, -3.01344, 0.305543, 0.305543, 0.694457
7.49242, -0.207257, -3.01344, 0.305543, 0.305543, 0.694457
7.49247, -0.207257, -3.01344, 0.305543, 0.305543, 0.694457
7.49252, -0.207257, -3.01344, 0.305543, 0.305543, 0.694457
7.49257, -0.207257, -3.01344, 0.305543, 0.305543, 0.694457
7.49262, -0.207257, -3.01344, 0.305543, 0.305543, 0.694457
7.49267, -0.207257, -3.01344, 0.305543, 0.305543, 0.694457
7.49272, -0.207257, -3.01344, 0.305543, 0.305543, 0.694457
7.49277, -0.207257, -3.01344, 0.305543, 0.305543, 0.694457
7.49282, -0.20727, -3.01358, 0.305564, 0.305564, 0.694436
7.49287, -0.20727, -3.01358, 0.305564, 0.305564, 0.694436
7.49292, -0.20727, -3.01358, 0.305564, 0.305564, 0.694436
7.49297, -0.20727, -3.01358, 0.305564, 0.305564, 0.694436
7.49302, -0.20727, -3.01358, 0.305564, 0.305564, 0.694436
7.49307, -0.20727, -3.01358, 0.305564, 0.305564, 0.694436
7.49312, -0.20727, -3.01358, 0.305564, 0.305564, 0.694436
7.49317, -0.20727, -3.01358, 0.305564, 0.305564, 0.694436
7.49323, -0.20727, -3.01358, 0.305564, 0.305564, 0.694436
7.49328, -0.20727, -3.01358, 0.305564, 0.305564, 0.694436
7.49333, -0.20727, -3.01358, 0.305564, 0.305564, 0.694436
7.49338, -0.20727, -3.01358, 0.305564, 0.305564, 0.694436
7.49343, -0.20727, -3.01358, 0.305564, 0.305564, 0.694436
7.49348, -0.20727, -3.01358, 0.305564, 0.305564, 0.694436
7.49353, -0.20727, -3.01358, 0.305564, 0.305564, 0.694436
7.49358, -0.20727, -3.01358, 0.305564, 0.305564, 0.694436
7.49363, -0.20727, -3.01358, 0.305564, 0.305564, 0.694436
7.49368, -0.20727, -3.01358, 0.305564, 0.305564, 0.694436
7.49373, -0.20727, -3.01358, 0.305564, 0.305564, 0.694436
7.49378, -0.20727, -3.01358, 0.305564, 0.305564, 0.694436
7.49383, -0.20727, -3.01358, 0.305564, 0.305564, 0.694436
7.49388, -0.20727, -3.01358, 0.305564, 0.305564, 0.694436
7.49393, -0.20727, -3.01358, 0.305564, 0.305564, 0.694436
7.49398, -0.20727, -3.01358, 0.305564, 0.305564, 0.694436
7.49403, -0.20727, -3.01358, 0.305564, 0.305564, 0.694436
7.49408, -0.20727, -3.01358, 0.305564, 0.305564, 0.694436
7.49414, -0.20727, -3.01358, 0.305564, 0.305564, 0.694436
7.49419, -0.20727, -3.01358, 0.305564, 0.305564, 0.694436
7.49424, -0.20727, -3.01358, 0.305564, 0.305564, 0.694436
7.49429, -0.20727, -3.01358, 0.305564, 0.305564, 0.694436
7.49434, -0.20727, -3.01358, 0.305564, 0.305564, 0.694436
7.49439, -0.20727, -3.01358, 0.305564, 0.305564, 0.694436
7.49444, -0.20727, -3.01358, 0.305564, 0.305564, 0.694436
7.49449, -0.20727, -3.01358, 0.305564, 0.305564, 0.694436
7.49454, -0.20727, -3.01358, 0.305564, 0.305564, 0.694436
7.49459, -0.20727, -3.01358, 0.305564, 0.305564, 0.694436
7.49464, -0.20727, -3.01358, 0.305564, 0.305564, 0.694436
7.49469, -0.20727, -3.01358, 0.305564, 0.305564, 0.694436
7.49474, -0.20727, -3.01358, 0.305564, 0.305564, 0.694436
7.49479, -0.20727, -3.01358, 0.305564, 0.305564, 0.694436
7.49484, -0.20727, -3.01358, 0.305564, 0.305564, 0.694436
7.49489, -0.20727, -3.01358, 0.305564, 0.305564, 0.694436
7.49494, -0.20727, -3.01358, 0.305564, 0.305564, 0.694436
7.49499, -0.20727, -3.01358, 0.305564, 0.305564, 0.694436
7.49505, -0.20727, -3.01358, 0.305564, 0.305564, 0.694436
7.4951, -0.20727, -3.01358, 0.305564, 0.305564, 0.694436
7.49515, -0.20727, -3.01358, 0.305564, 0.305564, 0.694436
7.4952, -0.20727, -3.01358, 0.305564, 0.305564, 0.694436
7.49525, -0.20727, -3.01358, 0.305564, 0.305564, 0.694436
7.4953, -0.20727, -3.01358, 0.305564, 0.305564, 0.694436
7.49535, -0.20727, -3.01358, 0.305564, 0.305564, 0.694436
7.4954, -0.20727, -3.01358, 0.305564, 0.305564, 0.694436
7.49545, -0.20727, -3.01358, 0.305564, 0.305564, 0.694436
7.4955, -0.20727, -3.01358, 0.305564, 0.305564, 0.694436
7.49555, -0.20727, -3.01358, 0.305564, 0.305564, 0.694436
7.4956, -0.20727, -3.01358, 0.305564, 0.305564, 0.694436
7.49565, -0.20727, -3.01358, 0.305564, 0.305564, 0.694436
7.4957, -0.20727, -3.01358, 0.305564, 0.305564, 0.694436
7.49575, -0.20727, -3.01358, 0.305564, 0.305564, 0.694436
7.4958, -0.20727, -3.01358, 0.305564, 0.305564, 0.694436
7.49585, -0.20727, -3.01358, 0.305564, 0.305564, 0.694436
7.4959, -0.20727, -3.01358, 0.305564, 0.305564, 0.694436
7.49596, -0.20727, -3.01358, 0.305564, 0.305564, 0.694436
7.49601, -0.20727, -3.01358, 0.305564, 0.305564, 0.694436
7.49606, -0.20727, -3.01358, 0.305564, 0.305564, 0.694436
7.49611, -0.20727, -3.01358, 0.305564, 0.305564, 0.694436
7.49616, -0.20727, -3.01358, 0.305564, 0.305564, 0.694436
7.49621, -0.20727, -3.01358, 0.305564, 0.305564, 0.694436
7.49626, -0.20727, -3.01358, 0.305564, 0.305564, 0.694436
7.49631, -0.20727, -3.01358, 0.305564, 0.305564, 0.694436
7.49636, -0.20727, -3.01358, 0.305564, 0.305564, 0.694436
7.49641, -0.20727, -3.01358, 0.305564, 0.305564, 0.694436
7.49646, -0.207284, -3.01372, 0.305585, 0.305585, 0.694415
7.49651, -0.207284, -3.01372, 0.305585, 0.305585, 0.694415
7.49656, -0.207284, -3.01372, 0.305585, 0.305585, 0.694415
7.49661, -0.207284, -3.01372, 0.305585, 0.305585, 0.694415
7.49666, -0.207284, -3.01372, 0.305585, 0.305585, 0.694415
7.49671, -0.207284, -3.01372, 0.305585, 0.305585, 0.694415
7.49676, -0.207284, -3.01372, 0.305585, 0.305585, 0.694415
7.49681, -0.207284, -3.01372, 0.305585, 0.305585, 0.694415
7.49687, -0.207284, -3.01372, 0.305585, 0.305585, 0.694415
7.49692, -0.207284, -3.01372, 0.305585, 0.305585, 0.694415
7.49697, -0.207284, -3.01372, 0.305585, 0.305585, 0.694415
7.49702, -0.207284, -3.01372, 0.305585, 0.305585, 0.694415
7.49707, -0.207284, -3.01372, 0.305585, 0.305585, 0.694415
7.49712, -0.207284, -3.01372, 0.305585, 0.305585, 0.694415
7.49717, -0.207284, -3.01372, 0.305585, 0.305585, 0.694415
7.49722, -0.207284, -3.01372, 0.305585, 0.305585, 0.694415
7.49727, -0.207284, -3.01372, 0.305585, 0.305585, 0.694415
7.49732, -0.207284, -3.01372, 0.305585, 0.305585, 0.694415
7.49737, -0.207284, -3.01372, 0.305585, 0.305585, 0.694415
7.49742, -0.207284, -3.01372, 0.305585, 0.305585, 0.694415
7.49747, -0.207284, -3.01372, 0.305585, 0.305585, 0.694415
7.49752, -0.207284, -3.01372, 0.305585, 0.305585, 0.694415
7.49757, -0.207284, -3.01372, 0.305585, 0.305585, 0.694415
7.49762, -0.207284, -3.01372, 0.305585, 0.305585, 0.694415
7.49767, -0.207284, -3.01372, 0.305585, 0.305585, 0.694415
7.49772, -0.207284, -3.01372, 0.305585, 0.305585, 0.694415
7.49778, -0.207284, -3.01372, 0.305585, 0.305585, 0.694415
7.49783, -0.207284, -3.01372, 0.305585, 0.305585, 0.694415
7.49788, -0.207284, -3.01372, 0.305585, 0.305585, 0.694415
7.49793, -0.207284, -3.01372, 0.305585, 0.305585, 0.694415
7.49798, -0.207284, -3.01372, 0.305585, 0.305585, 0.694415
7.49803, -0.207284, -3.01372, 0.305585, 0.305585, 0.694415
7.49808, -0.207284, -3.01372, 0.305585, 0.305585, 0.694415
7.49813, -0.207284, -3.01372, 0.305585, 0.305585, 0.694415
7.49818, -0.207284, -3.01372, 0.305585, 0.305585, 0.694415
7.49823, -0.207284, -3.01372, 0.305585, 0.305585, 0.694415
7.49828, -0.207284, -3.01372, 0.305585, 0.305585, 0.694415
7.49833, -0.207284, -3.01372, 0.305585, 0.305585, 0.694415
7.49838, -0.207284, -3.01372, 0.305585, 0.305585, 0.694415
7.49843, -0.207284, -3.01372, 0.305585, 0.305585, 0.694415
7.49848, -0.207284, -3.01372, 0.305585, 0.305585, 0.694415
7.49853, -0.207284, -3.01372, 0.305585, 0.305585, 0.694415
7.49858, -0.207284, -3.01372, 0.305585, 0.305585, 0.694415
7.49863, -0.207284, -3.01372, 0.305585, 0.305585, 0.694415
7.49869, -0.207284, -3.01372, 0.305585, 0.305585, 0.694415
7.49874, -0.207284, -3.01372, 0.305585, 0.305585, 0.694415
7.49879, -0.207284, -3.01372, 0.305585, 0.305585, 0.694415
7.49884, -0.207284, -3.01372, 0.305585, 0.305585, 0.694415
7.49889, -0.207284, -3.01372, 0.305585, 0.305585, 0.694415
7.49894, -0.207284, -3.01372, 0.305585, 0.305585, 0.694415
7.49899, -0.207284, -3.01372, 0.305585, 0.305585, 0.694415
7.49904, -0.207284, -3.01372, 0.305585, 0.305585, 0.694415
7.49909, -0.207284, -3.01372, 0.305585, 0.305585, 0.694415
7.49914, -0.207284, -3.01372, 0.305585, 0.305585, 0.694415
7.49919, -0.207284, -3.01372, 0.305585, 0.305585, 0.694415
7.49924, -0.207284, -3.01372, 0.305585, 0.305585, 0.694415
7.49929, -0.207284, -3.01372, 0.305585, 0.305585, 0.694415
7.49934, -0.207284, -3.01372, 0.305585, 0.305585, 0.694415
7.49939, -0.207284, -3.01372, 0.305585, 0.305585, 0.694415
7.49944, -0.207284, -3.01372, 0.305585, 0.305585, 0.694415
7.49949, -0.207284, -3.01372, 0.305585, 0.305585, 0.694415
7.49954, -0.207284, -3.01372, 0.305585, 0.305585, 0.694415
7.4996, -0.207284, -3.01372, 0.305585, 0.305585, 0.694415
7.49965, -0.207284, -3.01372, 0.305585, 0.305585, 0.694415
7.4997, -0.207284, -3.01372, 0.305585, 0.305585, 0.694415
7.49975, -0.207284, -3.01372, 0.305585, 0.305585, 0.694415
7.4998, -0.207284, -3.01372, 0.305585, 0.305585, 0.694415
7.49985, -0.207284, -3.01372, 0.305585, 0.305585, 0.694415
7.4999, -0.207284, -3.01372, 0.305585, 0.305585, 0.694415
7.49995, -0.207284, -3.01372, 0.305585, 0.305585, 0.694415
7.5, -0.207284, -3.01372, 0.305585, 0.305585, 0.694415
