Cycle num, CSR, Shear strain (%), Vert eff stress (atm), Vert eff stress ratio, ru
0, 0.00880415, 0, 0.999982, 0.999982, 1.79175e-05
0.00675676, 0.00880415, 0, 0.999982, 0.999982, 1.79174e-05
0.0135135, 0.00880415, 0, 0.999982, 0.999982, 1.79174e-05
0.0202703, 0.00880415, 0, 0.999982, 0.999982, 1.79174e-05
0.027027, 0.00880415, 0, 0.999982, 0.999982, 1.79174e-05
0.0337838, 0.00880415, 0, 0.999982, 0.999982, 1.79174e-05
0.0405405, 0.00880415, 0, 0.999982, 0.999982, 1.79174e-05
0.0472973, 0.0302191, 0.00532706, 0.998769, 0.998817, 0.00118319
0.0540541, 0.0542339, 0.0123364, 0.995733, 0.995803, 0.0041973
0.0608108, 0.0749528, 0.0193457, 0.991955, 0.992034, 0.00796568
0.0675676, 0.0932177, 0.026355, 0.987858, 0.987942, 0.012058
0.0743243, 0.109584, 0.0333642, 0.983645, 0.983729, 0.0162708
0.0810811, 0.124435, 0.0403735, 0.979415, 0.979499, 0.0205011
0.0878378, 0.138044, 0.0473828, 0.975222, 0.975305, 0.0246949
0.0945946, 0.150613, 0.0543921, 0.971095, 0.971177, 0.0288231
0.101351, 0.162297, 0.0614014, 0.96705, 0.96713, 0.0328704
0.108108, 0.173216, 0.0684107, 0.963092, 0.963171, 0.0368294
0.114865, 0.183467, 0.07542, 0.959227, 0.959303, 0.040697
0.121622, 0.193128, 0.0824293, 0.955452, 0.955527, 0.0444729
0.128378, 0.202263, 0.0894386, 0.951769, 0.951842, 0.0481582
0.135135, 0.210925, 0.0964479, 0.948174, 0.948245, 0.0517551
0.141892, 0.21916, 0.103457, 0.944665, 0.944734, 0.0552661
0.148649, 0.227008, 0.110467, 0.941238, 0.941306, 0.058694
0.155405, 0.2345, 0.117476, 0.937892, 0.937958, 0.0620417
0.162162, 0.241666, 0.124485, 0.934623, 0.934688, 0.0653122
0.168919, 0.248531, 0.131494, 0.931429, 0.931492, 0.0685083
0.175676, 0.255118, 0.138504, 0.928305, 0.928367, 0.0716327
0.182432, 0.261447, 0.145513, 0.925252, 0.925312, 0.0746881
0.189189, 0.267534, 0.152522, 0.922264, 0.922323, 0.0776768
0.195946, 0.273396, 0.159532, 0.919341, 0.919399, 0.0806014
0.202703, 0.279048, 0.166541, 0.916479, 0.916536, 0.0834639
0.209459, 0.284374, 0.17355, 0.913678, 0.913733, 0.0862666
0.216216, 0.289486, 0.180559, 0.910934, 0.910989, 0.0890113
0.222973, 0.294421, 0.187569, 0.908247, 0.9083, 0.0916999
0.22973, 0.299191, 0.194578, 0.905614, 0.905666, 0.094334
0.236486, 0.303804, 0.201587, 0.903034, 0.903085, 0.0969153
0.243243, 0.308267, 0.208597, 0.900505, 0.900555, 0.0994453
0.25, 0.286224, 0.204111, 0.89988, 0.899895, 0.100105
0.253937, 0.261357, 0.197101, 0.898715, 0.898745, 0.101255
0.257874, 0.239255, 0.190092, 0.897098, 0.897132, 0.102868
0.261811, 0.219336, 0.183083, 0.895287, 0.895324, 0.104676
0.265748, 0.201181, 0.176074, 0.893399, 0.893437, 0.106563
0.269685, 0.184566, 0.169064, 0.891501, 0.891539, 0.108461
0.273622, 0.169237, 0.162055, 0.88962, 0.889658, 0.110342
0.277559, 0.154981, 0.155046, 0.88777, 0.887806, 0.112194
0.281496, 0.141637, 0.148036, 0.885955, 0.885991, 0.114009
0.285433, 0.12908, 0.141027, 0.884177, 0.884212, 0.115788
0.28937, 0.11721, 0.134018, 0.882436, 0.88247, 0.11753
0.293307, 0.105947, 0.127008, 0.880731, 0.880765, 0.119235
0.297244, 0.095223, 0.119999, 0.879061, 0.879094, 0.120906
0.301181, 0.0849839, 0.11299, 0.877423, 0.877455, 0.122545
0.305118, 0.0751825, 0.105981, 0.875816, 0.875848, 0.124152
0.309055, 0.0657793, 0.0989713, 0.874237, 0.874269, 0.125731
0.312992, 0.0567397, 0.091962, 0.872686, 0.872717, 0.127283
0.316929, 0.0480343, 0.0849527, 0.87116, 0.87119, 0.12881
0.320866, 0.039637, 0.0779434, 0.869657, 0.869686, 0.130314
0.324803, 0.031525, 0.0709341, 0.868176, 0.868205, 0.131795
0.32874, 0.0236781, 0.0639248, 0.866715, 0.866744, 0.133256
0.332677, 0.0160784, 0.0569155, 0.865273, 0.865302, 0.134698
0.336614, 0.00870978, 0.0499062, 0.86385, 0.863878, 0.136122
0.340551, 0.0015579, 0.0428969, 0.862442, 0.86247, 0.13753
0.344488, -0.00539026, 0.0358876, 0.861051, 0.861078, 0.138922
0.348425, -0.0121465, 0.0288783, 0.859674, 0.859701, 0.140299
0.352362, -0.0187214, 0.021869, 0.85831, 0.858337, 0.141663
0.356299, -0.0251248, 0.0148597, 0.856959, 0.856986, 0.143014
0.360236, -0.0313656, 0.00785041, 0.85562, 0.855647, 0.144353
0.364173, -0.0374519, 0.000841115, 0.854293, 0.854319, 0.145681
0.36811, -0.0433913, -0.00616818, 0.852975, 0.853002, 0.146998
0.372047, -0.0491907, -0.0131775, 0.851668, 0.851694, 0.148306
0.375984, -0.0548564, -0.0201868, 0.85037, 0.850396, 0.149604
0.379921, -0.0603945, -0.0271961, 0.84908, 0.849106, 0.150894
0.383858, -0.0658104, -0.0342054, 0.847799, 0.847824, 0.152176
0.387795, -0.0711093, -0.0412147, 0.846525, 0.846551, 0.153449
0.391732, -0.0762958, -0.048224, 0.845259, 0.845284, 0.154716
0.395669, -0.0813746, -0.0552333, 0.843999, 0.844024, 0.155976
0.399606, -0.0863497, -0.0622425, 0.842746, 0.842771, 0.157229
0.403543, -0.0912251, -0.0692518, 0.841499, 0.841523, 0.158477
0.40748, -0.0960044, -0.0762611, 0.840257, 0.840282, 0.159718
0.411417, -0.100691, -0.0832704, 0.839021, 0.839046, 0.160954
0.415354, -0.105288, -0.0902797, 0.83779, 0.837815, 0.162185
0.419291, -0.109799, -0.097289, 0.836564, 0.836589, 0.163411
0.423228, -0.114227, -0.104298, 0.835343, 0.835367, 0.164633
0.427165, -0.118574, -0.111308, 0.834125, 0.83415, 0.16585
0.431102, -0.122842, -0.118317, 0.832912, 0.832937, 0.167063
0.435039, -0.127035, -0.125326, 0.831703, 0.831727, 0.168273
0.438976, -0.131098, -0.132336, 0.830498, 0.830522, 0.169478
0.442913, -0.134992, -0.139345, 0.829296, 0.82932, 0.17068
0.44685, -0.138816, -0.146354, 0.828097, 0.828121, 0.171879
0.450787, -0.142574, -0.153363, 0.826902, 0.826926, 0.173074
0.454724, -0.146266, -0.160373, 0.82571, 0.825734, 0.174266
0.458661, -0.149895, -0.167382, 0.82452, 0.824544, 0.175456
0.462598, -0.153463, -0.174391, 0.823334, 0.823358, 0.176642
0.466535, -0.15697, -0.181401, 0.822151, 0.822174, 0.177826
0.470472, -0.160419, -0.18841, 0.82097, 0.820993, 0.179007
0.474409, -0.163811, -0.195419, 0.819791, 0.819815, 0.180185
0.478346, -0.167148, -0.202428, 0.818616, 0.818639, 0.181361
0.482283, -0.17043, -0.209438, 0.817442, 0.817466, 0.182534
0.48622, -0.17366, -0.216447, 0.816271, 0.816294, 0.183706
0.490157, -0.176839, -0.223456, 0.815102, 0.815126, 0.184874
0.494094, -0.179967, -0.230466, 0.813936, 0.813959, 0.186041
0.498031, -0.183046, -0.237475, 0.812771, 0.812795, 0.187205
0.501969, -0.186077, -0.244484, 0.811609, 0.811632, 0.188368
0.505906, -0.189061, -0.251494, 0.810449, 0.810472, 0.189528
0.509843, -0.192, -0.258503, 0.809291, 0.809314, 0.190686
0.51378, -0.194894, -0.265512, 0.808135, 0.808158, 0.191842
0.517717, -0.197744, -0.272521, 0.806981, 0.807004, 0.192996
0.521654, -0.200551, -0.279531, 0.80583, 0.805853, 0.194147
0.525591, -0.203316, -0.28654, 0.80468, 0.804703, 0.195297
0.529528, -0.206041, -0.293549, 0.803532, 0.803555, 0.196445
0.533465, -0.208725, -0.300559, 0.802386, 0.802409, 0.197591
0.537402, -0.211369, -0.307568, 0.801242, 0.801265, 0.198735
0.541339, -0.213975, -0.314577, 0.8001, 0.800123, 0.199877
0.545276, -0.216544, -0.321586, 0.798961, 0.798984, 0.201016
0.549213, -0.219075, -0.328596, 0.797823, 0.797846, 0.202154
0.55315, -0.22157, -0.335605, 0.796687, 0.79671, 0.20329
0.557087, -0.224029, -0.342614, 0.795554, 0.795577, 0.204423
0.561024, -0.226454, -0.349624, 0.794422, 0.794445, 0.205555
0.564961, -0.228844, -0.356633, 0.793293, 0.793316, 0.206684
0.568898, -0.2312, -0.363642, 0.792166, 0.792189, 0.207811
0.572835, -0.233524, -0.370652, 0.791041, 0.791064, 0.208936
0.576772, -0.235815, -0.377661, 0.789919, 0.789941, 0.210059
0.580709, -0.238074, -0.38467, 0.788798, 0.788821, 0.211179
0.584646, -0.240301, -0.391679, 0.787681, 0.787703, 0.212297
0.588583, -0.242494, -0.398689, 0.786568, 0.78659, 0.21341
0.59252, -0.244654, -0.405698, 0.785458, 0.78548, 0.21452
0.596457, -0.246783, -0.412707, 0.784353, 0.784375, 0.215625
0.600394, -0.248879, -0.419717, 0.783251, 0.783273, 0.216727
0.604331, -0.250945, -0.426726, 0.782153, 0.782175, 0.217825
0.608268, -0.25298, -0.433735, 0.78106, 0.781082, 0.218918
0.612205, -0.254985, -0.440745, 0.779971, 0.779993, 0.220007
0.616142, -0.256961, -0.447754, 0.778886, 0.778908, 0.221092
0.620079, -0.258908, -0.454763, 0.777805, 0.777827, 0.222173
0.624016, -0.260827, -0.461772, 0.776729, 0.776751, 0.223249
0.627953, -0.262718, -0.468782, 0.775658, 0.775679, 0.224321
0.63189, -0.264582, -0.475791, 0.77459, 0.774612, 0.225388
0.635827, -0.266419, -0.4828, 0.773528, 0.773549, 0.226451
0.639764, -0.268229, -0.48981, 0.77247, 0.772492, 0.227508
0.643701, -0.270014, -0.496819, 0.771418, 0.771439, 0.228561
0.647638, -0.271773, -0.503828, 0.77037, 0.770391, 0.229609
0.651575, -0.273508, -0.510837, 0.769327, 0.769348, 0.230652
0.655512, -0.275218, -0.517847, 0.768289, 0.76831, 0.23169
0.659449, -0.276904, -0.524856, 0.767257, 0.767277, 0.232723
0.663386, -0.278566, -0.531865, 0.766229, 0.76625, 0.23375
0.667323, -0.280205, -0.538875, 0.765208, 0.765228, 0.234772
0.67126, -0.281822, -0.545884, 0.764191, 0.764211, 0.235789
0.675197, -0.283416, -0.552893, 0.76318, 0.7632, 0.2368
0.679134, -0.284988, -0.559903, 0.762175, 0.762195, 0.237805
0.683071, -0.286538, -0.566912, 0.761176, 0.761195, 0.238805
0.687008, -0.288067, -0.573921, 0.760182, 0.760202, 0.239798
0.690945, -0.289576, -0.58093, 0.759194, 0.759214, 0.240786
0.694882, -0.291064, -0.58794, 0.758212, 0.758232, 0.241768
0.698819, -0.292532, -0.594949, 0.757237, 0.757256, 0.242744
0.702756, -0.293981, -0.601958, 0.756268, 0.756287, 0.243713
0.706693, -0.29541, -0.608968, 0.755305, 0.755324, 0.244676
0.71063, -0.29682, -0.615977, 0.754348, 0.754367, 0.245633
0.714567, -0.298212, -0.622986, 0.753398, 0.753417, 0.246583
0.718504, -0.299585, -0.629996, 0.752455, 0.752473, 0.247527
0.722441, -0.300941, -0.637005, 0.751518, 0.751536, 0.248464
0.726378, -0.302279, -0.644014, 0.750588, 0.750607, 0.249393
0.730315, -0.3036, -0.651023, 0.749665, 0.749684, 0.250316
0.734252, -0.304904, -0.658033, 0.748749, 0.748768, 0.251232
0.738189, -0.306191, -0.665042, 0.747841, 0.747859, 0.252141
0.742126, -0.307462, -0.672051, 0.746939, 0.746957, 0.253043
0.746063, -0.308718, -0.679061, 0.746045, 0.746063, 0.253937
0.75, -0.288162, -0.675416, 0.745795, 0.745799, 0.254201
0.753247, -0.263888, -0.668406, 0.745449, 0.745457, 0.254543
0.756494, -0.242488, -0.661397, 0.744967, 0.744977, 0.255023
0.75974, -0.223313, -0.654388, 0.744431, 0.744442, 0.255558
0.762987, -0.206012, -0.647379, 0.743878, 0.743889, 0.256111
0.766234, -0.190208, -0.640369, 0.74332, 0.743332, 0.256668
0.769481, -0.175624, -0.63336, 0.742765, 0.742776, 0.257224
0.772727, -0.162057, -0.626351, 0.742215, 0.742226, 0.257774
0.775974, -0.149354, -0.619341, 0.74167, 0.741681, 0.258319
0.779221, -0.137397, -0.612332, 0.741131, 0.741142, 0.258858
0.782468, -0.126092, -0.605323, 0.740597, 0.740608, 0.259392
0.785714, -0.115361, -0.598313, 0.740069, 0.740079, 0.259921
0.788961, -0.105143, -0.591304, 0.739544, 0.739554, 0.260446
0.792208, -0.0953849, -0.584295, 0.739023, 0.739033, 0.260967
0.795455, -0.0860421, -0.577286, 0.738504, 0.738515, 0.261485
0.798701, -0.0770772, -0.570276, 0.737988, 0.737998, 0.262002
0.801948, -0.0684579, -0.563267, 0.737473, 0.737483, 0.262517
0.805195, -0.0601559, -0.556258, 0.736959, 0.736969, 0.263031
0.808442, -0.0521467, -0.549248, 0.736445, 0.736456, 0.263544
0.811688, -0.0444086, -0.542239, 0.735932, 0.735942, 0.264058
0.814935, -0.0369225, -0.53523, 0.735418, 0.735428, 0.264572
0.818182, -0.0296715, -0.528221, 0.734903, 0.734913, 0.265087
0.821429, -0.0226402, -0.521211, 0.734386, 0.734397, 0.265603
0.824675, -0.015815, -0.514202, 0.733869, 0.733879, 0.266121
0.827922, -0.00918356, -0.507193, 0.733349, 0.733359, 0.266641
0.831169, -0.00273474, -0.500183, 0.732827, 0.732838, 0.267162
0.834416, 0.00354161, -0.493174, 0.732303, 0.732314, 0.267686
0.837662, 0.00965475, -0.486165, 0.731777, 0.731787, 0.268213
0.840909, 0.0156131, -0.479155, 0.731247, 0.731258, 0.268742
0.844156, 0.0214245, -0.472146, 0.730715, 0.730726, 0.269274
0.847403, 0.0270961, -0.465137, 0.73018, 0.73019, 0.26981
0.850649, 0.0326343, -0.458128, 0.729641, 0.729652, 0.270348
0.853896, 0.0380454, -0.451118, 0.7291, 0.72911, 0.27089
0.857143, 0.0433349, -0.444109, 0.728554, 0.728565, 0.271435
0.86039, 0.0485081, -0.4371, 0.728006, 0.728017, 0.271983
0.863636, 0.0535698, -0.43009, 0.727453, 0.727464, 0.272536
0.866883, 0.0585246, -0.423081, 0.726897, 0.726909, 0.273091
0.87013, 0.0633768, -0.416072, 0.726338, 0.726349, 0.273651
0.873377, 0.0681302, -0.409063, 0.725774, 0.725786, 0.274214
0.876623, 0.0727886, -0.402053, 0.725207, 0.725219, 0.274781
0.87987, 0.0773555, -0.395044, 0.724636, 0.724648, 0.275352
0.883117, 0.0818341, -0.388035, 0.724061, 0.724073, 0.275927
0.886364, 0.0862276, -0.381025, 0.723482, 0.723494, 0.276506
0.88961, 0.0905389, -0.374016, 0.7229, 0.722911, 0.277089
0.892857, 0.0947707, -0.367007, 0.722313, 0.722325, 0.277675
0.896104, 0.0989255, -0.359997, 0.721723, 0.721734, 0.278266
0.899351, 0.103006, -0.352988, 0.721128, 0.72114, 0.27886
0.902597, 0.107014, -0.345979, 0.72053, 0.720542, 0.279458
0.905844, 0.110905, -0.33897, 0.719928, 0.71994, 0.28006
0.909091, 0.114621, -0.33196, 0.719322, 0.719334, 0.280666
0.912338, 0.118271, -0.324951, 0.718712, 0.718724, 0.281276
0.915584, 0.121857, -0.317942, 0.718098, 0.71811, 0.28189
0.918831, 0.125381, -0.310932, 0.717481, 0.717493, 0.282507
0.922078, 0.128844, -0.303923, 0.716859, 0.716872, 0.283128
0.925325, 0.132249, -0.296914, 0.716234, 0.716247, 0.283753
0.928571, 0.135596, -0.289904, 0.715606, 0.715618, 0.284382
0.931818, 0.138888, -0.282895, 0.714973, 0.714986, 0.285014
0.935065, 0.142126, -0.275886, 0.714338, 0.71435, 0.28565
0.938312, 0.14531, -0.268877, 0.713698, 0.713711, 0.286289
0.941558, 0.148443, -0.261867, 0.713055, 0.713068, 0.286932
0.944805, 0.151526, -0.254858, 0.712409, 0.712422, 0.287578
0.948052, 0.15456, -0.247849, 0.711759, 0.711772, 0.288228
0.951299, 0.157546, -0.240839, 0.711106, 0.71112, 0.28888
0.954545, 0.160485, -0.23383, 0.71045, 0.710463, 0.289537
0.957792, 0.163378, -0.226821, 0.709791, 0.709804, 0.290196
0.961039, 0.166226, -0.219812, 0.709128, 0.709141, 0.290859
0.964286, 0.169031, -0.212802, 0.708462, 0.708476, 0.291524
0.967532, 0.171793, -0.205793, 0.707794, 0.707807, 0.292193
0.970779, 0.174514, -0.198784, 0.707122, 0.707136, 0.292864
0.974026, 0.177193, -0.191774, 0.706448, 0.706461, 0.293539
0.977273, 0.179833, -0.184765, 0.70577, 0.705784, 0.294216
0.980519, 0.182433, -0.177756, 0.70509, 0.705104, 0.294896
0.983766, 0.184995, -0.170746, 0.704407, 0.704421, 0.295579
0.987013, 0.187519, -0.163737, 0.703722, 0.703736, 0.296264
0.99026, 0.190006, -0.156728, 0.703034, 0.703048, 0.296952
0.993506, 0.192457, -0.149719, 0.702344, 0.702358, 0.297642
0.996753, 0.194873, -0.142709, 0.701651, 0.701665, 0.298335
1, 0.197254, -0.1357, 0.700956, 0.70097, 0.29903
1.00325, 0.199601, -0.128691, 0.700259, 0.700273, 0.299727
1.00649, 0.201915, -0.121681, 0.69956, 0.699574, 0.300426
1.00974, 0.204196, -0.114672, 0.698859, 0.698873, 0.301127
1.01299, 0.206445, -0.107663, 0.698156, 0.69817, 0.30183
1.01623, 0.208662, -0.100653, 0.697451, 0.697465, 0.302535
1.01948, 0.210848, -0.0936442, 0.696744, 0.696758, 0.303242
1.02273, 0.213004, -0.0866349, 0.696035, 0.696049, 0.303951
1.02597, 0.21513, -0.0796256, 0.695325, 0.695339, 0.304661
1.02922, 0.217227, -0.0726163, 0.694614, 0.694628, 0.305372
1.03247, 0.219295, -0.065607, 0.6939, 0.693915, 0.306085
1.03571, 0.221334, -0.0585977, 0.693186, 0.6932, 0.3068
1.03896, 0.223346, -0.0515884, 0.692471, 0.692485, 0.307515
1.04221, 0.225331, -0.0445791, 0.691754, 0.691768, 0.308232
1.04545, 0.227288, -0.0375698, 0.691036, 0.691051, 0.308949
1.0487, 0.229219, -0.0305605, 0.690318, 0.690332, 0.309668
1.05195, 0.231123, -0.0235512, 0.689599, 0.689613, 0.310387
1.05519, 0.232998, -0.0165419, 0.688881, 0.688895, 0.311105
1.05844, 0.234846, -0.00953264, 0.688163, 0.688177, 0.311823
1.06169, 0.236666, -0.00252335, 0.687445, 0.687459, 0.312541
1.06494, 0.238461, 0.00448595, 0.686728, 0.686742, 0.313258
1.06818, 0.240229, 0.0114952, 0.686012, 0.686026, 0.313974
1.07143, 0.241972, 0.0185045, 0.685296, 0.68531, 0.31469
1.07468, 0.24369, 0.0255138, 0.684582, 0.684596, 0.315404
1.07792, 0.245383, 0.0325231, 0.683868, 0.683882, 0.316118
1.08117, 0.247052, 0.0395324, 0.683156, 0.68317, 0.31683
1.08442, 0.248697, 0.0465417, 0.682445, 0.682459, 0.317541
1.08766, 0.250319, 0.053551, 0.681735, 0.681749, 0.318251
1.09091, 0.251918, 0.0605603, 0.681027, 0.681041, 0.318959
1.09416, 0.253494, 0.0675696, 0.68032, 0.680334, 0.319666
1.0974, 0.255049, 0.0745789, 0.679616, 0.67963, 0.32037
1.10065, 0.256581, 0.0815882, 0.678913, 0.678927, 0.321073
1.1039, 0.258092, 0.0885975, 0.678212, 0.678226, 0.321774
1.10714, 0.259582, 0.0956068, 0.677513, 0.677527, 0.322473
1.11039, 0.261051, 0.102616, 0.676817, 0.676831, 0.323169
1.11364, 0.2625, 0.109625, 0.676123, 0.676137, 0.323863
1.11688, 0.263929, 0.116635, 0.675432, 0.675446, 0.324554
1.12013, 0.265339, 0.123644, 0.674743, 0.674757, 0.325243
1.12338, 0.266729, 0.130653, 0.674057, 0.674071, 0.325929
1.12662, 0.268101, 0.137663, 0.673374, 0.673388, 0.326612
1.12987, 0.269454, 0.144672, 0.672694, 0.672707, 0.327293
1.13312, 0.270789, 0.151681, 0.672017, 0.67203, 0.32797
1.13636, 0.272106, 0.15869, 0.671343, 0.671357, 0.328643
1.13961, 0.273405, 0.1657, 0.670673, 0.670686, 0.329314
1.14286, 0.274687, 0.172709, 0.670006, 0.670019, 0.329981
1.1461, 0.275953, 0.179718, 0.669343, 0.669356, 0.330644
1.14935, 0.277202, 0.186728, 0.668684, 0.668697, 0.331303
1.1526, 0.278434, 0.193737, 0.668028, 0.668041, 0.331959
1.15584, 0.279651, 0.200746, 0.667377, 0.66739, 0.33261
1.15909, 0.280852, 0.207756, 0.66673, 0.666742, 0.333258
1.16234, 0.282038, 0.214765, 0.666087, 0.666099, 0.333901
1.16558, 0.283208, 0.221774, 0.665448, 0.665461, 0.334539
1.16883, 0.284364, 0.228783, 0.664814, 0.664827, 0.335173
1.17208, 0.285506, 0.235793, 0.664185, 0.664197, 0.335803
1.17532, 0.286633, 0.242802, 0.66356, 0.663573, 0.336427
1.17857, 0.287747, 0.249811, 0.662941, 0.662953, 0.337047
1.18182, 0.288847, 0.256821, 0.662326, 0.662339, 0.337661
1.18506, 0.289933, 0.26383, 0.661717, 0.661729, 0.338271
1.18831, 0.291007, 0.270839, 0.661113, 0.661125, 0.338875
1.19156, 0.292068, 0.277848, 0.660515, 0.660527, 0.339473
1.19481, 0.293116, 0.284858, 0.659922, 0.659934, 0.340066
1.19805, 0.294153, 0.291867, 0.659335, 0.659347, 0.340653
1.2013, 0.295177, 0.298876, 0.658754, 0.658766, 0.341234
1.20455, 0.29619, 0.305886, 0.658179, 0.658191, 0.341809
1.20779, 0.297191, 0.312895, 0.65761, 0.657622, 0.342378
1.21104, 0.298182, 0.319904, 0.657048, 0.657059, 0.342941
1.21429, 0.299161, 0.326914, 0.656492, 0.656503, 0.343497
1.21753, 0.30013, 0.333923, 0.655943, 0.655954, 0.344046
1.22078, 0.301089, 0.340932, 0.6554, 0.655411, 0.344589
1.22403, 0.302037, 0.347941, 0.654865, 0.654875, 0.345125
1.22727, 0.302976, 0.354951, 0.654336, 0.654347, 0.345653
1.23052, 0.303905, 0.36196, 0.653815, 0.653826, 0.346174
1.23377, 0.304825, 0.368969, 0.653302, 0.653312, 0.346688
1.23701, 0.305736, 0.375979, 0.652795, 0.652805, 0.347195
1.24026, 0.306639, 0.382988, 0.652297, 0.652307, 0.347693
1.24351, 0.307532, 0.389997, 0.651806, 0.651816, 0.348184
1.24675, 0.308418, 0.397007, 0.651324, 0.651334, 0.348666
1.25, 0.300757, 0.39953, 0.65101, 0.65101, 0.34899
1.25244, 0.27687, 0.392521, 0.65096, 0.650961, 0.349039
1.25488, 0.255839, 0.385511, 0.650859, 0.650862, 0.349138
1.25732, 0.236997, 0.378502, 0.650738, 0.650741, 0.349259
1.25976, 0.219897, 0.371493, 0.650607, 0.65061, 0.34939
1.2622, 0.204268, 0.364483, 0.65047, 0.650472, 0.349528
1.26463, 0.189928, 0.357474, 0.650328, 0.650331, 0.349669
1.26707, 0.17665, 0.350465, 0.650183, 0.650186, 0.349814
1.26951, 0.164265, 0.343455, 0.650034, 0.650037, 0.349963
1.27195, 0.152643, 0.336446, 0.649881, 0.649884, 0.350116
1.27439, 0.141684, 0.329437, 0.649724, 0.649727, 0.350273
1.27683, 0.131306, 0.322428, 0.649562, 0.649565, 0.350435
1.27927, 0.121443, 0.315418, 0.649395, 0.649398, 0.350602
1.28171, 0.112039, 0.308409, 0.649222, 0.649226, 0.350774
1.28415, 0.10305, 0.3014, 0.649044, 0.649047, 0.350953
1.28659, 0.0944352, 0.29439, 0.648859, 0.648863, 0.351137
1.28902, 0.0861626, 0.287381, 0.648669, 0.648673, 0.351327
1.29146, 0.0782031, 0.280372, 0.648472, 0.648476, 0.351524
1.2939, 0.0705316, 0.273363, 0.648268, 0.648273, 0.351727
1.29634, 0.0631263, 0.266353, 0.648058, 0.648063, 0.351937
1.29878, 0.0559677, 0.259344, 0.647841, 0.647846, 0.352154
1.30122, 0.0490389, 0.252335, 0.647618, 0.647622, 0.352378
1.30366, 0.0423244, 0.245325, 0.647387, 0.647392, 0.352608
1.3061, 0.0358106, 0.238316, 0.647149, 0.647154, 0.352846
1.30854, 0.0294853, 0.231307, 0.646904, 0.646909, 0.353091
1.31098, 0.0233372, 0.224297, 0.646652, 0.646657, 0.353343
1.31341, 0.0173563, 0.217288, 0.646393, 0.646399, 0.353601
1.31585, 0.0115335, 0.210279, 0.646127, 0.646133, 0.353867
1.31829, 0.00586029, 0.20327, 0.645854, 0.645859, 0.354141
1.32073, 0.000329112, 0.19626, 0.645574, 0.645579, 0.354421
1.32317, -0.00506711, 0.189251, 0.645286, 0.645292, 0.354708
1.32561, -0.0103348, 0.182242, 0.644992, 0.644998, 0.355002
1.32805, -0.0154801, 0.175232, 0.64469, 0.644696, 0.355304
1.33049, -0.0205084, 0.168223, 0.644381, 0.644388, 0.355612
1.33293, -0.0254248, 0.161214, 0.644066, 0.644072, 0.355928
1.33537, -0.0302342, 0.154205, 0.643743, 0.64375, 0.35625
1.3378, -0.0349409, 0.147195, 0.643414, 0.643421, 0.356579
1.34024, -0.0395491, 0.140186, 0.643078, 0.643084, 0.356916
1.34268, -0.0440627, 0.133177, 0.642735, 0.642741, 0.357259
1.34512, -0.0484853, 0.126167, 0.642385, 0.642392, 0.357608
1.34756, -0.0528202, 0.119158, 0.642028, 0.642035, 0.357965
1.35, -0.0570707, 0.112149, 0.641665, 0.641672, 0.358328
1.35244, -0.0612398, 0.105139, 0.641295, 0.641303, 0.358697
1.35488, -0.0653303, 0.0981301, 0.640919, 0.640927, 0.359073
1.35732, -0.0693448, 0.0911208, 0.640537, 0.640544, 0.359456
1.35976, -0.0732859, 0.0841115, 0.640148, 0.640155, 0.359845
1.3622, -0.0771559, 0.0771023, 0.639752, 0.63976, 0.36024
1.36463, -0.0809571, 0.070093, 0.639351, 0.639359, 0.360641
1.36707, -0.0846917, 0.0630837, 0.638943, 0.638951, 0.361049
1.36951, -0.0882272, 0.0560744, 0.638529, 0.638538, 0.361462
1.37195, -0.0916796, 0.0490651, 0.63811, 0.638118, 0.361882
1.37439, -0.095071, 0.0420558, 0.637684, 0.637692, 0.362308
1.37683, -0.0984032, 0.0350465, 0.637252, 0.637261, 0.362739
1.37927, -0.101678, 0.0280372, 0.636815, 0.636824, 0.363176
1.38171, -0.104897, 0.0210279, 0.636372, 0.636381, 0.363619
1.38415, -0.108061, 0.0140186, 0.635923, 0.635932, 0.364068
1.38659, -0.111173, 0.0070093, 0.635469, 0.635478, 0.364522
1.38902, -0.114232, -8.62703e-17, 0.635009, 0.635019, 0.364981
1.39146, -0.117242, -0.0070093, 0.634545, 0.634554, 0.365446
1.3939, -0.120202, -0.0140186, 0.634074, 0.634084, 0.365916
1.39634, -0.123115, -0.0210279, 0.633599, 0.633608, 0.366392
1.39878, -0.125981, -0.0280372, 0.633118, 0.633128, 0.366872
1.40122, -0.128801, -0.0350465, 0.632633, 0.632642, 0.367358
1.40366, -0.131577, -0.0420558, 0.632142, 0.632152, 0.367848
1.4061, -0.13431, -0.0490651, 0.631647, 0.631657, 0.368343
1.40854, -0.137, -0.0560744, 0.631146, 0.631157, 0.368843
1.41098, -0.139649, -0.0630837, 0.630642, 0.630652, 0.369348
1.41341, -0.142257, -0.070093, 0.630132, 0.630142, 0.369858
1.41585, -0.144825, -0.0771023, 0.629618, 0.629628, 0.370372
1.41829, -0.147354, -0.0841115, 0.6291, 0.62911, 0.37089
1.42073, -0.149846, -0.0911208, 0.628577, 0.628588, 0.371412
1.42317, -0.1523, -0.0981301, 0.62805, 0.628061, 0.371939
1.42561, -0.154718, -0.105139, 0.627519, 0.62753, 0.37247
1.42805, -0.1571, -0.112149, 0.626984, 0.626995, 0.373005
1.43049, -0.159447, -0.119158, 0.626445, 0.626455, 0.373545
1.43293, -0.16176, -0.126167, 0.625902, 0.625912, 0.374088
1.43537, -0.164039, -0.133177, 0.625355, 0.625366, 0.374634
1.4378, -0.166286, -0.140186, 0.624804, 0.624815, 0.375185
1.44024, -0.1685, -0.147195, 0.62425, 0.624261, 0.375739
1.44268, -0.170682, -0.154205, 0.623692, 0.623704, 0.376296
1.44512, -0.172833, -0.161214, 0.623131, 0.623143, 0.376857
1.44756, -0.174954, -0.168223, 0.622567, 0.622578, 0.377422
1.45, -0.177045, -0.175232, 0.621999, 0.622011, 0.377989
1.45244, -0.179106, -0.182242, 0.621429, 0.62144, 0.37856
1.45488, -0.181138, -0.189251, 0.620855, 0.620866, 0.379134
1.45732, -0.183142, -0.19626, 0.620278, 0.62029, 0.37971
1.45976, -0.185119, -0.20327, 0.619698, 0.61971, 0.38029
1.4622, -0.187067, -0.210279, 0.619116, 0.619128, 0.380872
1.46463, -0.188989, -0.217288, 0.618531, 0.618543, 0.381457
1.46707, -0.190885, -0.224297, 0.617943, 0.617955, 0.382045
1.46951, -0.192755, -0.231307, 0.617353, 0.617365, 0.382635
1.47195, -0.194599, -0.238316, 0.616761, 0.616773, 0.383227
1.47439, -0.196418, -0.245325, 0.616166, 0.616178, 0.383822
1.47683, -0.198212, -0.252335, 0.61557, 0.615582, 0.384418
1.47927, -0.199983, -0.259344, 0.614971, 0.614983, 0.385017
1.48171, -0.201729, -0.266353, 0.61437, 0.614382, 0.385618
1.48415, -0.203452, -0.273363, 0.613767, 0.613779, 0.386221
1.48659, -0.205152, -0.280372, 0.613163, 0.613175, 0.386825
1.48902, -0.206829, -0.287381, 0.612557, 0.612569, 0.387431
1.49146, -0.208484, -0.29439, 0.611949, 0.611962, 0.388038
1.4939, -0.210115, -0.3014, 0.611341, 0.611353, 0.388647
1.49634, -0.211722, -0.308409, 0.610732, 0.610745, 0.389255
1.49878, -0.213306, -0.315418, 0.610123, 0.610135, 0.389865
1.50122, -0.214868, -0.322428, 0.609514, 0.609526, 0.390474
1.50366, -0.216407, -0.329437, 0.608904, 0.608916, 0.391084
1.5061, -0.217924, -0.336446, 0.608294, 0.608306, 0.391694
1.50854, -0.219419, -0.343455, 0.607685, 0.607697, 0.392303
1.51098, -0.220893, -0.350465, 0.607075, 0.607087, 0.392913
1.51341, -0.222346, -0.357474, 0.606466, 0.606478, 0.393522
1.51585, -0.223779, -0.364483, 0.605857, 0.605869, 0.394131
1.51829, -0.225191, -0.371493, 0.605249, 0.605261, 0.394739
1.52073, -0.226584, -0.378502, 0.604641, 0.604654, 0.395346
1.52317, -0.227957, -0.385511, 0.604035, 0.604047, 0.395953
1.52561, -0.229311, -0.392521, 0.603429, 0.603441, 0.396559
1.52805, -0.230646, -0.39953, 0.602824, 0.602836, 0.397164
1.53049, -0.231962, -0.406539, 0.602221, 0.602233, 0.397767
1.53293, -0.233261, -0.413548, 0.601618, 0.60163, 0.39837
1.53537, -0.234541, -0.420558, 0.601018, 0.60103, 0.39897
1.5378, -0.235804, -0.427567, 0.600418, 0.60043, 0.39957
1.54024, -0.237049, -0.434576, 0.599821, 0.599833, 0.400167
1.54268, -0.238278, -0.441586, 0.599225, 0.599237, 0.400763
1.54512, -0.23949, -0.448595, 0.598631, 0.598643, 0.401357
1.54756, -0.240685, -0.455604, 0.598039, 0.598051, 0.401949
1.55, -0.241865, -0.462614, 0.597449, 0.597461, 0.402539
1.55244, -0.243028, -0.469623, 0.596862, 0.596873, 0.403127
1.55488, -0.244176, -0.476632, 0.596277, 0.596288, 0.403712
1.55732, -0.245309, -0.483641, 0.595694, 0.595706, 0.404294
1.55976, -0.246427, -0.490651, 0.595114, 0.595126, 0.404874
1.5622, -0.24753, -0.49766, 0.594537, 0.594549, 0.405451
1.56463, -0.248619, -0.504669, 0.593963, 0.593974, 0.406026
1.56707, -0.249694, -0.511679, 0.593392, 0.593403, 0.406597
1.56951, -0.250755, -0.518688, 0.592824, 0.592835, 0.407165
1.57195, -0.251802, -0.525697, 0.592259, 0.59227, 0.40773
1.57439, -0.252836, -0.532706, 0.591698, 0.591709, 0.408291
1.57683, -0.253857, -0.539716, 0.59114, 0.591151, 0.408849
1.57927, -0.254865, -0.546725, 0.590586, 0.590597, 0.409403
1.58171, -0.25586, -0.553734, 0.590035, 0.590046, 0.409954
1.58415, -0.256843, -0.560744, 0.589489, 0.5895, 0.4105
1.58659, -0.257815, -0.567753, 0.588947, 0.588957, 0.411043
1.58902, -0.258774, -0.574762, 0.588408, 0.588419, 0.411581
1.59146, -0.259722, -0.581772, 0.587874, 0.587885, 0.412115
1.5939, -0.260658, -0.588781, 0.587345, 0.587356, 0.412644
1.59634, -0.261583, -0.59579, 0.58682, 0.586831, 0.413169
1.59878, -0.262498, -0.602799, 0.5863, 0.58631, 0.41369
1.60122, -0.263402, -0.609809, 0.585785, 0.585795, 0.414205
1.60366, -0.264295, -0.616818, 0.585274, 0.585284, 0.414716
1.6061, -0.265179, -0.623827, 0.584769, 0.584779, 0.415221
1.60854, -0.266052, -0.630837, 0.584269, 0.584279, 0.415721
1.61098, -0.266916, -0.637846, 0.583774, 0.583784, 0.416216
1.61341, -0.26777, -0.644855, 0.583285, 0.583295, 0.416705
1.61585, -0.268616, -0.651865, 0.582802, 0.582811, 0.417189
1.61829, -0.269452, -0.658874, 0.582324, 0.582334, 0.417666
1.62073, -0.27028, -0.665883, 0.581853, 0.581862, 0.418138
1.62317, -0.271099, -0.672892, 0.581387, 0.581396, 0.418604
1.62561, -0.27191, -0.679902, 0.580928, 0.580937, 0.419063
1.62805, -0.272712, -0.686911, 0.580475, 0.580484, 0.419516
1.63049, -0.273507, -0.69392, 0.580029, 0.580038, 0.419962
1.63293, -0.274295, -0.70093, 0.579589, 0.579598, 0.420402
1.63537, -0.275075, -0.707939, 0.579156, 0.579165, 0.420835
1.6378, -0.275848, -0.714948, 0.578731, 0.578739, 0.421261
1.64024, -0.276614, -0.721957, 0.578312, 0.57832, 0.42168
1.64268, -0.277373, -0.728967, 0.577901, 0.577909, 0.422091
1.64512, -0.278126, -0.735976, 0.577497, 0.577505, 0.422495
1.64756, -0.278872, -0.742985, 0.577101, 0.577109, 0.422891
1.65, -0.279613, -0.749995, 0.576713, 0.576721, 0.423279
1.65244, -0.280347, -0.757004, 0.576333, 0.57634, 0.42366
1.65488, -0.281077, -0.764013, 0.575961, 0.575968, 0.424032
1.65732, -0.2818, -0.771023, 0.575597, 0.575605, 0.424395
1.65976, -0.282519, -0.778032, 0.575242, 0.575249, 0.424751
1.6622, -0.283233, -0.785041, 0.574896, 0.574903, 0.425097
1.66463, -0.283942, -0.79205, 0.574559, 0.574565, 0.425435
1.66707, -0.284647, -0.79906, 0.574231, 0.574237, 0.425763
1.66951, -0.285347, -0.806069, 0.573912, 0.573918, 0.426082
1.67195, -0.286044, -0.813078, 0.573602, 0.573608, 0.426392
1.67439, -0.286736, -0.820088, 0.573303, 0.573309, 0.426691
1.67683, -0.287426, -0.827097, 0.573013, 0.573019, 0.426981
1.67927, -0.288112, -0.834106, 0.572734, 0.572739, 0.427261
1.68171, -0.288794, -0.841115, 0.572464, 0.57247, 0.42753
1.68415, -0.289475, -0.848125, 0.572206, 0.572211, 0.427789
1.68659, -0.290152, -0.855134, 0.571958, 0.571963, 0.428037
1.68902, -0.290827, -0.862143, 0.571722, 0.571726, 0.428274
1.69146, -0.2915, -0.869153, 0.571496, 0.571501, 0.428499
1.6939, -0.292172, -0.876162, 0.571283, 0.571287, 0.428713
1.69634, -0.292841, -0.883171, 0.571081, 0.571085, 0.428915
1.69878, -0.29351, -0.890181, 0.570891, 0.570895, 0.429105
1.70122, -0.294177, -0.89719, 0.570713, 0.570717, 0.429283
1.70366, -0.294844, -0.904199, 0.570549, 0.570552, 0.429448
1.7061, -0.295509, -0.911208, 0.570397, 0.5704, 0.4296
1.70854, -0.296175, -0.918218, 0.570258, 0.570261, 0.429739
1.71098, -0.296841, -0.925227, 0.570133, 0.570135, 0.429865
1.71341, -0.297506, -0.932236, 0.570021, 0.570023, 0.429977
1.71585, -0.298173, -0.939246, 0.569924, 0.569926, 0.430074
1.71829, -0.29884, -0.946255, 0.569841, 0.569843, 0.430157
1.72073, -0.299508, -0.953264, 0.569773, 0.569775, 0.430225
1.72317, -0.300178, -0.960274, 0.569721, 0.569721, 0.430279
1.72561, -0.300849, -0.967283, 0.569683, 0.569684, 0.430316
1.72805, -0.301523, -0.974292, 0.569662, 0.569662, 0.430338
1.73049, -0.302216, -0.981301, 0.56968, 0.569679, 0.430321
1.73293, -0.302957, -0.988311, 0.56977, 0.569768, 0.430232
1.73537, -0.303744, -0.99532, 0.569932, 0.569928, 0.430072
1.7378, -0.304575, -1.00233, 0.570165, 0.570159, 0.429841
1.74024, -0.305448, -1.00934, 0.570467, 0.57046, 0.42954
1.74268, -0.306361, -1.01635, 0.570838, 0.57083, 0.42917
1.74512, -0.307313, -1.02336, 0.571278, 0.571268, 0.428732
1.74756, -0.308303, -1.03037, 0.571783, 0.571773, 0.428227
1.75, -0.302658, -1.03317, 0.572165, 0.572165, 0.427835
1.75229, -0.281087, -1.02616, 0.572163, 0.572163, 0.427837
1.75459, -0.259444, -1.01915, 0.572155, 0.572155, 0.427845
1.75688, -0.238166, -1.01214, 0.572139, 0.57214, 0.42786
1.75917, -0.217634, -1.00513, 0.572114, 0.572115, 0.427885
1.76147, -0.198126, -0.998124, 0.572076, 0.572077, 0.427923
1.76376, -0.17987, -0.991114, 0.572023, 0.572024, 0.427976
1.76606, -0.163003, -0.984105, 0.571952, 0.571954, 0.428046
1.76835, -0.147424, -0.977096, 0.571862, 0.571864, 0.428136
1.77064, -0.13301, -0.970087, 0.571751, 0.571754, 0.428246
1.77294, -0.11964, -0.963077, 0.571618, 0.571621, 0.428379
1.77523, -0.107198, -0.956068, 0.571463, 0.571467, 0.428533
1.77752, -0.0955811, -0.949059, 0.571286, 0.571289, 0.428711
1.77982, -0.0846974, -0.942049, 0.571085, 0.571089, 0.428911
1.78211, -0.0744667, -0.93504, 0.570862, 0.570866, 0.429134
1.7844, -0.0648195, -0.928031, 0.570616, 0.570621, 0.429379
1.7867, -0.0556956, -0.921021, 0.570348, 0.570353, 0.429647
1.78899, -0.0470429, -0.914012, 0.570058, 0.570064, 0.429936
1.79128, -0.0388162, -0.907003, 0.569746, 0.569752, 0.430248
1.79358, -0.0309765, -0.899994, 0.569413, 0.56942, 0.43058
1.79587, -0.0234894, -0.892984, 0.569059, 0.569067, 0.430933
1.79817, -0.0163252, -0.885975, 0.568686, 0.568693, 0.431307
1.80046, -0.00945734, -0.878966, 0.568292, 0.5683, 0.4317
1.80275, -0.00286281, -0.871956, 0.567879, 0.567887, 0.432113
1.80505, 0.00347896, -0.864947, 0.567447, 0.567455, 0.432545
1.80734, 0.00958623, -0.857938, 0.566996, 0.567005, 0.432995
1.80963, 0.0154753, -0.850929, 0.566527, 0.566537, 0.433463
1.81193, 0.0211607, -0.843919, 0.566041, 0.566051, 0.433949
1.81422, 0.0266556, -0.83691, 0.565537, 0.565547, 0.434453
1.81651, 0.0319718, -0.829901, 0.565017, 0.565027, 0.434973
1.81881, 0.0371199, -0.822891, 0.56448, 0.564491, 0.435509
1.8211, 0.0421098, -0.815882, 0.563927, 0.563938, 0.436062
1.82339, 0.0469502, -0.808873, 0.563358, 0.56337, 0.43663
1.82569, 0.0516492, -0.801863, 0.562774, 0.562786, 0.437214
1.82798, 0.0562141, -0.794854, 0.562176, 0.562188, 0.437812
1.83028, 0.0606518, -0.787845, 0.561562, 0.561575, 0.438425
1.83257, 0.0649684, -0.780836, 0.560935, 0.560948, 0.439052
1.83486, 0.0691697, -0.773826, 0.560294, 0.560306, 0.439694
1.83716, 0.0732611, -0.766817, 0.559639, 0.559652, 0.440348
1.83945, 0.0772474, -0.759808, 0.558971, 0.558984, 0.441016
1.84174, 0.0811331, -0.752798, 0.55829, 0.558304, 0.441696
1.84404, 0.0849226, -0.745789, 0.557597, 0.557611, 0.442389
1.84633, 0.0886198, -0.73878, 0.556892, 0.556906, 0.443094
1.84862, 0.0922284, -0.73177, 0.556174, 0.556189, 0.443811
1.85092, 0.0957518, -0.724761, 0.555446, 0.55546, 0.44454
1.85321, 0.0991932, -0.717752, 0.554706, 0.554721, 0.445279
1.8555, 0.102556, -0.710743, 0.553955, 0.55397, 0.44603
1.8578, 0.105842, -0.703733, 0.553194, 0.553209, 0.446791
1.86009, 0.109055, -0.696724, 0.552422, 0.552437, 0.447563
1.86239, 0.112067, -0.689715, 0.55164, 0.551656, 0.448344
1.86468, 0.114986, -0.682705, 0.550848, 0.550864, 0.449136
1.86697, 0.117838, -0.675696, 0.550047, 0.550064, 0.449936
1.86927, 0.120627, -0.668687, 0.549237, 0.549254, 0.450746
1.87156, 0.123354, -0.661678, 0.548418, 0.548435, 0.451565
1.87385, 0.126021, -0.654668, 0.547591, 0.547607, 0.452393
1.87615, 0.128629, -0.647659, 0.546755, 0.546771, 0.453229
1.87844, 0.131181, -0.64065, 0.54591, 0.545927, 0.454073
1.88073, 0.133678, -0.63364, 0.545059, 0.545076, 0.454924
1.88303, 0.136121, -0.626631, 0.544199, 0.544216, 0.455784
1.88532, 0.138513, -0.619622, 0.543332, 0.54335, 0.45665
1.88761, 0.140855, -0.612612, 0.542459, 0.542476, 0.457524
1.88991, 0.143147, -0.605603, 0.541578, 0.541596, 0.458404
1.8922, 0.145392, -0.598594, 0.540691, 0.540709, 0.459291
1.8945, 0.14759, -0.591585, 0.539798, 0.539816, 0.460184
1.89679, 0.149743, -0.584575, 0.538899, 0.538917, 0.461083
1.89908, 0.151853, -0.577566, 0.537994, 0.538012, 0.461988
1.90138, 0.153919, -0.570557, 0.537083, 0.537102, 0.462898
1.90367, 0.155943, -0.563547, 0.536168, 0.536186, 0.463814
1.90596, 0.157927, -0.556538, 0.535247, 0.535266, 0.464734
1.90826, 0.159871, -0.549529, 0.534322, 0.53434, 0.46566
1.91055, 0.161776, -0.542519, 0.533392, 0.533411, 0.466589
1.91284, 0.163643, -0.53551, 0.532458, 0.532477, 0.467523
1.91514, 0.165474, -0.528501, 0.53152, 0.531539, 0.468461
1.91743, 0.167268, -0.521492, 0.530578, 0.530597, 0.469403
1.91972, 0.169027, -0.514482, 0.529633, 0.529652, 0.470348
1.92202, 0.170751, -0.507473, 0.528684, 0.528703, 0.471297
1.92431, 0.172442, -0.500464, 0.527733, 0.527752, 0.472248
1.92661, 0.1741, -0.493454, 0.526778, 0.526798, 0.473202
1.9289, 0.175725, -0.486445, 0.525822, 0.525841, 0.474159
1.93119, 0.17732, -0.479436, 0.524862, 0.524882, 0.475118
1.93349, 0.178883, -0.472427, 0.523901, 0.523921, 0.476079
1.93578, 0.180417, -0.465417, 0.522939, 0.522958, 0.477042
1.93807, 0.181919, -0.458408, 0.521976, 0.521995, 0.478005
1.94037, 0.18339, -0.451399, 0.521013, 0.521033, 0.478967
1.94266, 0.184831, -0.444389, 0.520051, 0.52007, 0.47993
1.94495, 0.186242, -0.43738, 0.51909, 0.519109, 0.480891
1.94725, 0.187625, -0.430371, 0.518129, 0.518148, 0.481852
1.94954, 0.18898, -0.423361, 0.51717, 0.517189, 0.482811
1.95183, 0.190308, -0.416352, 0.516212, 0.516231, 0.483769
1.95413, 0.191609, -0.409343, 0.515256, 0.515275, 0.484725
1.95642, 0.192883, -0.402334, 0.514302, 0.514321, 0.485679
1.95872, 0.194133, -0.395324, 0.513351, 0.51337, 0.48663
1.96101, 0.195357, -0.388315, 0.512402, 0.51242, 0.48758
1.9633, 0.196557, -0.381306, 0.511455, 0.511474, 0.488526
1.9656, 0.197734, -0.374296, 0.510512, 0.510531, 0.489469
1.96789, 0.198887, -0.367287, 0.509573, 0.509591, 0.490409
1.97018, 0.200018, -0.360278, 0.508636, 0.508655, 0.491345
1.97248, 0.201127, -0.353269, 0.507704, 0.507723, 0.492277
1.97477, 0.202215, -0.346259, 0.506776, 0.506795, 0.493205
1.97706, 0.203281, -0.33925, 0.505852, 0.505871, 0.494129
1.97936, 0.204328, -0.332241, 0.504933, 0.504952, 0.495048
1.98165, 0.205354, -0.325231, 0.504019, 0.504037, 0.495963
1.98394, 0.206361, -0.318222, 0.50311, 0.503128, 0.496872
1.98624, 0.207349, -0.311213, 0.502207, 0.502225, 0.497775
1.98853, 0.208319, -0.304203, 0.501309, 0.501326, 0.498674
1.99083, 0.209271, -0.297194, 0.500416, 0.500434, 0.499566
1.99312, 0.210205, -0.290185, 0.499531, 0.499548, 0.500452
1.99541, 0.211123, -0.283176, 0.498651, 0.498669, 0.501331
1.99771, 0.212024, -0.276166, 0.497778, 0.497796, 0.502204
2, 0.212909, -0.269157, 0.496912, 0.496929, 0.503071
2.00229, 0.213779, -0.262148, 0.496053, 0.496071, 0.503929
2.00459, 0.214633, -0.255138, 0.495202, 0.495219, 0.504781
2.00688, 0.215473, -0.248129, 0.494358, 0.494375, 0.505625
2.00917, 0.216298, -0.24112, 0.493523, 0.493539, 0.506461
2.01147, 0.21711, -0.23411, 0.492695, 0.492711, 0.507289
2.01376, 0.217908, -0.227101, 0.491876, 0.491892, 0.508108
2.01606, 0.218694, -0.220092, 0.491065, 0.491081, 0.508919
2.01835, 0.219467, -0.213083, 0.490264, 0.49028, 0.50972
2.02064, 0.220228, -0.206073, 0.489471, 0.489487, 0.510513
2.02294, 0.220977, -0.199064, 0.488688, 0.488704, 0.511296
2.02523, 0.221715, -0.192055, 0.487915, 0.487931, 0.512069
2.02752, 0.222442, -0.185045, 0.487152, 0.487167, 0.512833
2.02982, 0.223158, -0.178036, 0.486399, 0.486414, 0.513586
2.03211, 0.223864, -0.171027, 0.485657, 0.485672, 0.514328
2.0344, 0.224561, -0.164018, 0.484925, 0.48494, 0.51506
2.0367, 0.225249, -0.157008, 0.484205, 0.484219, 0.515781
2.03899, 0.225927, -0.149999, 0.483496, 0.48351, 0.51649
2.04128, 0.226598, -0.14299, 0.482798, 0.482812, 0.517188
2.04358, 0.22726, -0.13598, 0.482113, 0.482126, 0.517874
2.04587, 0.227914, -0.128971, 0.48144, 0.481453, 0.518547
2.04817, 0.228561, -0.121962, 0.480779, 0.480792, 0.519208
2.05046, 0.229201, -0.114952, 0.480131, 0.480144, 0.519856
2.05275, 0.229835, -0.107943, 0.479496, 0.479508, 0.520492
2.05505, 0.230462, -0.100934, 0.478874, 0.478887, 0.521113
2.05734, 0.231084, -0.0939246, 0.478267, 0.478279, 0.521721
2.05963, 0.2317, -0.0869153, 0.477673, 0.477685, 0.522315
2.06193, 0.232311, -0.079906, 0.477094, 0.477105, 0.522895
2.06422, 0.232918, -0.0728967, 0.476529, 0.47654, 0.52346
2.06651, 0.233521, -0.0658874, 0.47598, 0.475991, 0.524009
2.06881, 0.234119, -0.0588781, 0.475446, 0.475456, 0.524544
2.0711, 0.234715, -0.0518688, 0.474927, 0.474937, 0.525063
2.07339, 0.235307, -0.0448595, 0.474425, 0.474435, 0.525565
2.07569, 0.235896, -0.0378502, 0.473939, 0.473949, 0.526051
2.07798, 0.236484, -0.0308409, 0.47347, 0.473479, 0.526521
2.08028, 0.237069, -0.0238316, 0.473019, 0.473027, 0.526973
2.08257, 0.237653, -0.0168223, 0.472584, 0.472593, 0.527407
2.08486, 0.238236, -0.00981301, 0.472168, 0.472177, 0.527823
2.08716, 0.238819, -0.00280372, 0.471771, 0.471779, 0.528221
2.08945, 0.239401, 0.00420558, 0.471392, 0.4714, 0.5286
2.09174, 0.239984, 0.0112149, 0.471033, 0.47104, 0.52896
2.09404, 0.240567, 0.0182242, 0.470693, 0.4707, 0.5293
2.09633, 0.241151, 0.0252335, 0.470374, 0.47038, 0.52962
2.09862, 0.241737, 0.0322428, 0.470075, 0.470081, 0.529919
2.10092, 0.242325, 0.0392521, 0.469798, 0.469803, 0.530197
2.10321, 0.242915, 0.0462614, 0.469542, 0.469547, 0.530453
2.1055, 0.243508, 0.0532706, 0.469309, 0.469314, 0.530686
2.1078, 0.244105, 0.0602799, 0.469099, 0.469103, 0.530897
2.11009, 0.244705, 0.0672892, 0.468911, 0.468915, 0.531085
2.11239, 0.24531, 0.0742985, 0.468748, 0.468751, 0.531249
2.11468, 0.245919, 0.0813078, 0.46861, 0.468612, 0.531388
2.11697, 0.246534, 0.0883171, 0.468496, 0.468498, 0.531502
2.11927, 0.247155, 0.0953264, 0.468409, 0.46841, 0.53159
2.12156, 0.247782, 0.102336, 0.468348, 0.468349, 0.531651
2.12385, 0.248415, 0.109345, 0.468314, 0.468314, 0.531686
2.12615, 0.249058, 0.116354, 0.468311, 0.468311, 0.531689
2.12844, 0.24972, 0.123364, 0.468372, 0.46837, 0.53163
2.13073, 0.250404, 0.130373, 0.468501, 0.468498, 0.531502
2.13303, 0.25111, 0.137382, 0.468696, 0.468692, 0.531308
2.13532, 0.251837, 0.144391, 0.468955, 0.468949, 0.531051
2.13761, 0.252585, 0.151401, 0.469274, 0.469267, 0.530733
2.13991, 0.253353, 0.15841, 0.469652, 0.469644, 0.530356
2.1422, 0.254141, 0.165419, 0.470086, 0.470076, 0.529924
2.1445, 0.254948, 0.172429, 0.470574, 0.470563, 0.529437
2.14679, 0.255773, 0.179438, 0.471113, 0.471102, 0.528898
2.14908, 0.256617, 0.186447, 0.471703, 0.471691, 0.528309
2.15138, 0.257478, 0.193457, 0.472341, 0.472328, 0.527672
2.15367, 0.258356, 0.200466, 0.473025, 0.473011, 0.526989
2.15596, 0.259251, 0.207475, 0.473754, 0.473739, 0.526261
2.15826, 0.260162, 0.214484, 0.474526, 0.47451, 0.52549
2.16055, 0.261089, 0.221494, 0.475339, 0.475323, 0.524677
2.16284, 0.262031, 0.228503, 0.476193, 0.476176, 0.523824
2.16514, 0.26299, 0.235512, 0.477086, 0.477067, 0.522933
2.16743, 0.26397, 0.242522, 0.478016, 0.477997, 0.522003
2.16972, 0.264969, 0.249531, 0.478985, 0.478965, 0.521035
2.17202, 0.265989, 0.25654, 0.47999, 0.47997, 0.52003
2.17431, 0.267027, 0.26355, 0.481032, 0.481011, 0.518989
2.17661, 0.268085, 0.270559, 0.48211, 0.482088, 0.517912
2.1789, 0.269161, 0.277568, 0.483222, 0.4832, 0.5168
2.18119, 0.270256, 0.284577, 0.484369, 0.484346, 0.515654
2.18349, 0.271368, 0.291587, 0.48555, 0.485526, 0.514474
2.18578, 0.272497, 0.298596, 0.486764, 0.48674, 0.51326
2.18807, 0.273643, 0.305605, 0.488011, 0.487986, 0.512014
2.19037, 0.274806, 0.312615, 0.48929, 0.489264, 0.510736
2.19266, 0.275985, 0.319624, 0.4906, 0.490573, 0.509427
2.19495, 0.27718, 0.326633, 0.491941, 0.491914, 0.508086
2.19725, 0.278391, 0.333642, 0.493312, 0.493285, 0.506715
2.19954, 0.279617, 0.340652, 0.494713, 0.494685, 0.505315
2.20183, 0.280858, 0.347661, 0.496144, 0.496115, 0.503885
2.20413, 0.282114, 0.35467, 0.497603, 0.497573, 0.502427
2.20642, 0.283384, 0.36168, 0.49909, 0.49906, 0.50094
2.20872, 0.284668, 0.368689, 0.500605, 0.500574, 0.499426
2.21101, 0.285967, 0.375698, 0.502147, 0.502116, 0.497884
2.2133, 0.287279, 0.382708, 0.503716, 0.503684, 0.496316
2.2156, 0.288604, 0.389717, 0.505311, 0.505279, 0.494721
2.21789, 0.289943, 0.396726, 0.506932, 0.506899, 0.493101
2.22018, 0.291295, 0.403735, 0.508578, 0.508545, 0.491455
2.22248, 0.292659, 0.410745, 0.510249, 0.510215, 0.489785
2.22477, 0.294036, 0.417754, 0.511944, 0.51191, 0.48809
2.22706, 0.295426, 0.424763, 0.513664, 0.513629, 0.486371
2.22936, 0.296827, 0.431773, 0.515407, 0.515372, 0.484628
2.23165, 0.298241, 0.438782, 0.517174, 0.517138, 0.482862
2.23394, 0.299666, 0.445791, 0.518963, 0.518927, 0.481073
2.23624, 0.301103, 0.452801, 0.520775, 0.520738, 0.479262
2.23853, 0.302551, 0.45981, 0.522609, 0.522572, 0.477428
2.24083, 0.30401, 0.466819, 0.524464, 0.524427, 0.475573
2.24312, 0.305481, 0.473828, 0.526341, 0.526304, 0.473696
2.24541, 0.306962, 0.480838, 0.528239, 0.528201, 0.471799
2.24771, 0.308454, 0.487847, 0.530158, 0.53012, 0.46988
2.25, 0.299239, 0.486165, 0.530854, 0.530854, 0.469146
2.25156, 0.282837, 0.479155, 0.530846, 0.530847, 0.469153
2.25312, 0.265935, 0.472146, 0.530824, 0.530825, 0.469175
2.25467, 0.248799, 0.465137, 0.530781, 0.530782, 0.469218
2.25623, 0.231696, 0.458128, 0.530705, 0.530707, 0.469293
2.25779, 0.214882, 0.451118, 0.530587, 0.53059, 0.46941
2.25935, 0.198571, 0.444109, 0.530414, 0.530418, 0.469582
2.2609, 0.182922, 0.4371, 0.530174, 0.53018, 0.46982
2.26246, 0.168088, 0.43009, 0.529859, 0.529866, 0.470134
2.26402, 0.154175, 0.423081, 0.529463, 0.529472, 0.470528
2.26558, 0.141138, 0.416072, 0.528982, 0.528993, 0.471007
2.26713, 0.128916, 0.409063, 0.528414, 0.528426, 0.471574
2.26869, 0.117446, 0.402053, 0.527757, 0.527771, 0.472229
2.27025, 0.106664, 0.395044, 0.527012, 0.527028, 0.472972
2.27181, 0.0965119, 0.388035, 0.526179, 0.526197, 0.473803
2.27336, 0.0869321, 0.381025, 0.525262, 0.525281, 0.474719
2.27492, 0.0778744, 0.374016, 0.52426, 0.524281, 0.475719
2.27648, 0.069293, 0.367007, 0.523178, 0.5232, 0.4768
2.27804, 0.0611471, 0.359997, 0.522017, 0.522041, 0.477959
2.2796, 0.0534005, 0.352988, 0.52078, 0.520806, 0.479194
2.28115, 0.0460209, 0.345979, 0.519471, 0.519497, 0.480503
2.28271, 0.0389796, 0.33897, 0.51809, 0.518119, 0.481881
2.28427, 0.0322512, 0.33196, 0.516642, 0.516672, 0.483328
2.28583, 0.0258129, 0.324951, 0.515129, 0.515159, 0.484841
2.28738, 0.0196447, 0.317942, 0.513552, 0.513584, 0.486416
2.28894, 0.0137282, 0.310932, 0.511915, 0.511948, 0.488052
2.2905, 0.00804749, 0.303923, 0.51022, 0.510254, 0.489746
2.29206, 0.00258779, 0.296914, 0.508469, 0.508505, 0.491495
2.29361, -0.00266402, 0.289904, 0.506664, 0.506701, 0.493299
2.29517, -0.00771984, 0.282895, 0.504808, 0.504845, 0.495155
2.29673, -0.0125905, 0.275886, 0.502902, 0.50294, 0.49706
2.29829, -0.0172858, 0.268877, 0.500948, 0.500987, 0.499013
2.29984, -0.0218147, 0.261867, 0.498948, 0.498989, 0.501011
2.3014, -0.0261855, 0.254858, 0.496905, 0.496946, 0.503054
2.30296, -0.0304056, 0.247849, 0.494819, 0.494861, 0.505139
2.30452, -0.0344819, 0.240839, 0.492693, 0.492736, 0.507264
2.30607, -0.038421, 0.23383, 0.490528, 0.490572, 0.509428
2.30763, -0.0422287, 0.226821, 0.488326, 0.488371, 0.511629
2.30919, -0.0459104, 0.219812, 0.486089, 0.486134, 0.513866
2.31075, -0.0494713, 0.212802, 0.483817, 0.483863, 0.516137
2.31231, -0.0529161, 0.205793, 0.481513, 0.481559, 0.518441
2.31386, -0.0562493, 0.198784, 0.479178, 0.479225, 0.520775
2.31542, -0.0594749, 0.191774, 0.476813, 0.476861, 0.523139
2.31698, -0.0625969, 0.184765, 0.47442, 0.474468, 0.525532
2.31854, -0.0656189, 0.177756, 0.472, 0.472049, 0.527951
2.32009, -0.0685443, 0.170746, 0.469555, 0.469604, 0.530396
2.32165, -0.0713765, 0.163737, 0.467085, 0.467134, 0.532866
2.32321, -0.0741184, 0.156728, 0.464592, 0.464642, 0.535358
2.32477, -0.076747, 0.149719, 0.462077, 0.462128, 0.537872
2.32632, -0.0791622, 0.142709, 0.459542, 0.459593, 0.540407
2.32788, -0.0814955, 0.1357, 0.456987, 0.457038, 0.542962
2.32944, -0.0837493, 0.128691, 0.454414, 0.454466, 0.545534
2.331, -0.0859259, 0.121681, 0.451824, 0.451876, 0.548124
2.33255, -0.0880278, 0.114672, 0.449218, 0.44927, 0.55073
2.33411, -0.090057, 0.107663, 0.446597, 0.446649, 0.553351
2.33567, -0.0920156, 0.100653, 0.443962, 0.444014, 0.555986
2.33723, -0.0939056, 0.0936442, 0.441314, 0.441367, 0.558633
2.33879, -0.0957289, 0.0866349, 0.438654, 0.438707, 0.561293
2.34034, -0.0974875, 0.0796256, 0.435984, 0.436037, 0.563963
2.3419, -0.0991829, 0.0726163, 0.433304, 0.433357, 0.566643
2.34346, -0.100817, 0.065607, 0.430615, 0.430669, 0.569331
2.34502, -0.102391, 0.0585977, 0.427918, 0.427972, 0.572028
2.34657, -0.103908, 0.0515884, 0.425214, 0.425269, 0.574731
2.34813, -0.105368, 0.0445791, 0.422505, 0.422559, 0.577441
2.34969, -0.106772, 0.0375698, 0.41979, 0.419845, 0.580155
2.35125, -0.108123, 0.0305605, 0.417071, 0.417126, 0.582874
2.3528, -0.109422, 0.0235512, 0.414349, 0.414404, 0.585596
2.35436, -0.110671, 0.0165419, 0.411625, 0.41168, 0.58832
2.35592, -0.111869, 0.00953264, 0.408899, 0.408954, 0.591046
2.35748, -0.11302, 0.00252335, 0.406173, 0.406227, 0.593773
2.35903, -0.114123, -0.00448595, 0.403446, 0.403501, 0.596499
2.36059, -0.115181, -0.0114952, 0.400721, 0.400775, 0.599225
2.36215, -0.116194, -0.0185045, 0.397997, 0.398051, 0.601949
2.36371, -0.117165, -0.0255138, 0.395276, 0.39533, 0.60467
2.36526, -0.118093, -0.0325231, 0.392558, 0.392613, 0.607387
2.36682, -0.118979, -0.0395324, 0.389845, 0.389899, 0.610101
2.36838, -0.119827, -0.0465417, 0.387136, 0.38719, 0.61281
2.36994, -0.120635, -0.053551, 0.384433, 0.384487, 0.615513
2.3715, -0.121405, -0.0605603, 0.381737, 0.381791, 0.618209
2.37305, -0.122139, -0.0675696, 0.379048, 0.379102, 0.620898
2.37461, -0.122837, -0.0745789, 0.376367, 0.37642, 0.62358
2.37617, -0.1235, -0.0815882, 0.373694, 0.373747, 0.626253
2.37773, -0.12413, -0.0885975, 0.371031, 0.371084, 0.628916
2.37928, -0.124727, -0.0956068, 0.368378, 0.368431, 0.631569
2.38084, -0.125292, -0.102616, 0.365736, 0.365788, 0.634212
2.3824, -0.125826, -0.109625, 0.363105, 0.363157, 0.636843
2.38396, -0.126331, -0.116635, 0.360487, 0.360539, 0.639461
2.38551, -0.126806, -0.123644, 0.357885, 0.357937, 0.642063
2.38707, -0.127252, -0.130653, 0.355301, 0.355352, 0.644648
2.38863, -0.12767, -0.137663, 0.352735, 0.352786, 0.647214
2.39019, -0.128062, -0.144672, 0.350189, 0.350239, 0.649761
2.39174, -0.128428, -0.151681, 0.347662, 0.347712, 0.652288
2.3933, -0.12877, -0.15869, 0.345155, 0.345205, 0.654795
2.39486, -0.129087, -0.1657, 0.342669, 0.342719, 0.657281
2.39642, -0.129382, -0.172709, 0.340206, 0.340255, 0.659745
2.39798, -0.129655, -0.179718, 0.337764, 0.337813, 0.662187
2.39953, -0.129907, -0.186728, 0.335345, 0.335393, 0.664607
2.40109, -0.130139, -0.193737, 0.33295, 0.332998, 0.667002
2.40265, -0.130351, -0.200746, 0.330579, 0.330626, 0.669374
2.40421, -0.130546, -0.207756, 0.328232, 0.328279, 0.671721
2.40576, -0.130723, -0.214765, 0.325911, 0.325957, 0.674043
2.40732, -0.130883, -0.221774, 0.323615, 0.323661, 0.676339
2.40888, -0.131027, -0.228783, 0.321346, 0.321391, 0.678609
2.41044, -0.131157, -0.235793, 0.319104, 0.319149, 0.680851
2.41199, -0.131273, -0.242802, 0.316889, 0.316933, 0.683067
2.41355, -0.131375, -0.249811, 0.314702, 0.314746, 0.685254
2.41511, -0.131465, -0.256821, 0.312544, 0.312587, 0.687413
2.41667, -0.131543, -0.26383, 0.310415, 0.310457, 0.689543
2.41822, -0.13161, -0.270839, 0.308315, 0.308357, 0.691643
2.41978, -0.131667, -0.277848, 0.306245, 0.306286, 0.693714
2.42134, -0.131715, -0.284858, 0.304206, 0.304247, 0.695753
2.4229, -0.131755, -0.291867, 0.302198, 0.302238, 0.697762
2.42445, -0.131787, -0.298876, 0.300222, 0.300261, 0.699739
2.42601, -0.131811, -0.305886, 0.298277, 0.298316, 0.701684
2.42757, -0.13183, -0.312895, 0.296366, 0.296404, 0.703596
2.42913, -0.131843, -0.319904, 0.294487, 0.294524, 0.705476
2.43069, -0.131852, -0.326914, 0.292642, 0.292679, 0.707321
2.43224, -0.131856, -0.333923, 0.290832, 0.290867, 0.709133
2.4338, -0.131857, -0.340932, 0.289056, 0.289091, 0.710909
2.43536, -0.131856, -0.347941, 0.287315, 0.287349, 0.712651
2.43692, -0.131853, -0.354951, 0.28561, 0.285644, 0.714356
2.43847, -0.131849, -0.36196, 0.283941, 0.283974, 0.716026
2.44003, -0.131845, -0.368969, 0.282309, 0.282341, 0.717659
2.44159, -0.131841, -0.375979, 0.280714, 0.280746, 0.719254
2.44315, -0.131838, -0.382988, 0.279158, 0.279189, 0.720811
2.4447, -0.131837, -0.389997, 0.27764, 0.27767, 0.72233
2.44626, -0.131839, -0.397007, 0.276161, 0.27619, 0.72381
2.44782, -0.131845, -0.404016, 0.274721, 0.27475, 0.72525
2.44938, -0.131854, -0.411025, 0.273322, 0.27335, 0.72665
2.45093, -0.131869, -0.418034, 0.271964, 0.271991, 0.728009
2.45249, -0.131889, -0.425044, 0.270648, 0.270674, 0.729326
2.45405, -0.131915, -0.432053, 0.269374, 0.269399, 0.730601
2.45561, -0.131949, -0.439062, 0.268142, 0.268166, 0.731834
2.45717, -0.131991, -0.446072, 0.266955, 0.266978, 0.733022
2.45872, -0.132041, -0.453081, 0.265811, 0.265834, 0.734166
2.46028, -0.132101, -0.46009, 0.264713, 0.264735, 0.735265
2.46184, -0.132172, -0.467099, 0.263661, 0.263682, 0.736318
2.4634, -0.132253, -0.474109, 0.262656, 0.262676, 0.737324
2.46495, -0.132347, -0.481118, 0.261698, 0.261717, 0.738283
2.46651, -0.132453, -0.488127, 0.260789, 0.260807, 0.739193
2.46807, -0.132573, -0.495137, 0.259929, 0.259946, 0.740054
2.46963, -0.132708, -0.502146, 0.25912, 0.259135, 0.740865
2.47118, -0.132858, -0.509155, 0.258362, 0.258376, 0.741624
2.47274, -0.133025, -0.516165, 0.257656, 0.25767, 0.74233
2.4743, -0.133209, -0.523174, 0.257004, 0.257017, 0.742983
2.47586, -0.133412, -0.530183, 0.256407, 0.256418, 0.743582
2.47741, -0.133633, -0.537192, 0.255865, 0.255876, 0.744124
2.47897, -0.133875, -0.544202, 0.255381, 0.25539, 0.74461
2.48053, -0.134139, -0.551211, 0.254955, 0.254963, 0.745037
2.48209, -0.134425, -0.55822, 0.254589, 0.254596, 0.745404
2.48364, -0.134735, -0.56523, 0.254284, 0.25429, 0.74571
2.4852, -0.135069, -0.572239, 0.254042, 0.254046, 0.745954
2.48676, -0.135429, -0.579248, 0.253864, 0.253867, 0.746133
2.48832, -0.135817, -0.586257, 0.253752, 0.253754, 0.746246
2.48988, -0.136233, -0.593267, 0.253708, 0.253708, 0.746292
2.49143, -0.136675, -0.600276, 0.253728, 0.253727, 0.746273
2.49299, -0.137136, -0.607285, 0.253803, 0.253801, 0.746199
2.49455, -0.137615, -0.614295, 0.25393, 0.253927, 0.746073
2.49611, -0.138112, -0.621304, 0.254107, 0.254103, 0.745897
2.49766, -0.138625, -0.628313, 0.254331, 0.254326, 0.745674
2.49922, -0.139155, -0.635323, 0.254601, 0.254595, 0.745405
2.50078, -0.139701, -0.642332, 0.254914, 0.254907, 0.745093
2.50234, -0.140262, -0.649341, 0.255268, 0.25526, 0.74474
2.50389, -0.140837, -0.65635, 0.255661, 0.255653, 0.744347
2.50545, -0.141426, -0.66336, 0.256092, 0.256083, 0.743917
2.50701, -0.142029, -0.670369, 0.256558, 0.256548, 0.743452
2.50857, -0.142644, -0.677378, 0.257058, 0.257048, 0.742952
2.51012, -0.143272, -0.684388, 0.257591, 0.25758, 0.74242
2.51168, -0.143912, -0.691397, 0.258154, 0.258143, 0.741857
2.51324, -0.144562, -0.698406, 0.258747, 0.258735, 0.741265
2.5148, -0.145224, -0.705416, 0.259369, 0.259356, 0.740644
2.51636, -0.145896, -0.712425, 0.260017, 0.260004, 0.739996
2.51791, -0.146578, -0.719434, 0.260691, 0.260677, 0.739323
2.51947, -0.14727, -0.726443, 0.261389, 0.261375, 0.738625
2.52103, -0.147971, -0.733453, 0.262111, 0.262096, 0.737904
2.52259, -0.14868, -0.740462, 0.262855, 0.262839, 0.737161
2.52414, -0.149398, -0.747471, 0.26362, 0.263604, 0.736396
2.5257, -0.150124, -0.754481, 0.264406, 0.26439, 0.73561
2.52726, -0.150858, -0.76149, 0.265211, 0.265195, 0.734805
2.52882, -0.151599, -0.768499, 0.266035, 0.266018, 0.733982
2.53037, -0.152348, -0.775508, 0.266877, 0.26686, 0.73314
2.53193, -0.153103, -0.782518, 0.267735, 0.267718, 0.732282
2.53349, -0.153865, -0.789527, 0.268611, 0.268593, 0.731407
2.53505, -0.154633, -0.796536, 0.269502, 0.269484, 0.730516
2.5366, -0.155407, -0.803546, 0.270408, 0.270389, 0.729611
2.53816, -0.156187, -0.810555, 0.271328, 0.271309, 0.728691
2.53972, -0.156973, -0.817564, 0.272262, 0.272243, 0.727757
2.54128, -0.157764, -0.824574, 0.27321, 0.273191, 0.726809
2.54283, -0.158563, -0.831583, 0.274175, 0.274155, 0.725845
2.54439, -0.15937, -0.838592, 0.275158, 0.275138, 0.724862
2.54595, -0.160185, -0.845601, 0.27616, 0.276139, 0.723861
2.54751, -0.161009, -0.852611, 0.277179, 0.277158, 0.722842
2.54907, -0.161841, -0.85962, 0.278215, 0.278194, 0.721806
2.55062, -0.162681, -0.866629, 0.279269, 0.279248, 0.720752
2.55218, -0.163529, -0.873639, 0.280339, 0.280318, 0.719682
2.55374, -0.164384, -0.880648, 0.281427, 0.281405, 0.718595
2.5553, -0.165248, -0.887657, 0.28253, 0.282508, 0.717492
2.55685, -0.166119, -0.894667, 0.283649, 0.283627, 0.716373
2.55841, -0.166997, -0.901676, 0.284784, 0.284761, 0.715239
2.55997, -0.167883, -0.908685, 0.285934, 0.285911, 0.714089
2.56153, -0.168777, -0.915694, 0.287099, 0.287075, 0.712925
2.56308, -0.169677, -0.922704, 0.288278, 0.288255, 0.711745
2.56464, -0.170585, -0.929713, 0.289472, 0.289448, 0.710552
2.5662, -0.171499, -0.936722, 0.290679, 0.290655, 0.709345
2.56776, -0.17242, -0.943732, 0.2919, 0.291876, 0.708124
2.56931, -0.173348, -0.950741, 0.293135, 0.29311, 0.70689
2.57087, -0.174282, -0.95775, 0.294381, 0.294356, 0.705644
2.57243, -0.175222, -0.964759, 0.295641, 0.295615, 0.704385
2.57399, -0.176168, -0.971769, 0.296912, 0.296887, 0.703113
2.57555, -0.177121, -0.978778, 0.298195, 0.29817, 0.70183
2.5771, -0.178079, -0.985787, 0.29949, 0.299464, 0.700536
2.57866, -0.179042, -0.992797, 0.300796, 0.300769, 0.699231
2.58022, -0.180012, -0.999806, 0.302112, 0.302086, 0.697914
2.58178, -0.180986, -1.00682, 0.303439, 0.303412, 0.696588
2.58333, -0.181966, -1.01382, 0.304776, 0.304749, 0.695251
2.58489, -0.182951, -1.02083, 0.306123, 0.306096, 0.693904
2.58645, -0.183941, -1.02784, 0.307479, 0.307452, 0.692548
2.58801, -0.184935, -1.03485, 0.308844, 0.308817, 0.691183
2.58956, -0.185934, -1.04186, 0.310219, 0.310191, 0.689809
2.59112, -0.186938, -1.04887, 0.311602, 0.311574, 0.688426
2.59268, -0.187946, -1.05588, 0.312994, 0.312966, 0.687034
2.59424, -0.188958, -1.06289, 0.314394, 0.314366, 0.685634
2.59579, -0.189975, -1.0699, 0.315801, 0.315773, 0.684227
2.59735, -0.190996, -1.07691, 0.317217, 0.317189, 0.682811
2.59891, -0.19202, -1.08392, 0.31864, 0.318612, 0.681388
2.60047, -0.193049, -1.09093, 0.320071, 0.320042, 0.679958
2.60202, -0.194081, -1.09794, 0.321508, 0.321479, 0.678521
2.60358, -0.195117, -1.10495, 0.322953, 0.322924, 0.677076
2.60514, -0.196157, -1.11195, 0.324405, 0.324376, 0.675624
2.6067, -0.1972, -1.11896, 0.325863, 0.325834, 0.674166
2.60826, -0.198247, -1.12597, 0.327328, 0.327298, 0.672702
2.60981, -0.199297, -1.13298, 0.328799, 0.32877, 0.67123
2.61137, -0.200351, -1.13999, 0.330277, 0.330247, 0.669753
2.61293, -0.201408, -1.147, 0.331761, 0.331731, 0.668269
2.61449, -0.20247, -1.15401, 0.333253, 0.333223, 0.666777
2.61604, -0.203536, -1.16102, 0.334752, 0.334722, 0.665278
2.6176, -0.204607, -1.16803, 0.33626, 0.33623, 0.66377
2.61916, -0.205683, -1.17504, 0.337775, 0.337744, 0.662256
2.62072, -0.206764, -1.18205, 0.339297, 0.339267, 0.660733
2.62227, -0.207849, -1.18906, 0.340827, 0.340796, 0.659204
2.62383, -0.208938, -1.19607, 0.342365, 0.342334, 0.657666
2.62539, -0.210032, -1.20308, 0.343909, 0.343878, 0.656122
2.62695, -0.21113, -1.21008, 0.345462, 0.34543, 0.65457
2.6285, -0.212233, -1.21709, 0.347021, 0.34699, 0.65301
2.63006, -0.213341, -1.2241, 0.348588, 0.348556, 0.651444
2.63162, -0.214452, -1.23111, 0.350162, 0.35013, 0.64987
2.63318, -0.215568, -1.23812, 0.351742, 0.351711, 0.648289
2.63474, -0.216689, -1.24513, 0.353331, 0.353299, 0.646701
2.63629, -0.217813, -1.25214, 0.354926, 0.354894, 0.645106
2.63785, -0.218942, -1.25915, 0.356528, 0.356495, 0.643505
2.63941, -0.220075, -1.26616, 0.358137, 0.358104, 0.641896
2.64097, -0.221213, -1.27317, 0.359752, 0.35972, 0.64028
2.64252, -0.222354, -1.28018, 0.361375, 0.361342, 0.638658
2.64408, -0.2235, -1.28719, 0.363004, 0.362972, 0.637028
2.64564, -0.22465, -1.2942, 0.36464, 0.364608, 0.635392
2.6472, -0.225804, -1.30121, 0.366283, 0.36625, 0.63375
2.64875, -0.226962, -1.30821, 0.367933, 0.3679, 0.6321
2.65031, -0.228124, -1.31522, 0.369589, 0.369555, 0.630445
2.65187, -0.22929, -1.32223, 0.371251, 0.371218, 0.628782
2.65343, -0.23046, -1.32924, 0.37292, 0.372887, 0.627113
2.65498, -0.231635, -1.33625, 0.374596, 0.374562, 0.625438
2.65654, -0.232813, -1.34326, 0.376278, 0.376244, 0.623756
2.6581, -0.233995, -1.35027, 0.377966, 0.377932, 0.622068
2.65966, -0.235181, -1.35728, 0.37966, 0.379626, 0.620374
2.66121, -0.236371, -1.36429, 0.381361, 0.381327, 0.618673
2.66277, -0.237564, -1.3713, 0.383068, 0.383034, 0.616966
2.66433, -0.238762, -1.37831, 0.384782, 0.384747, 0.615253
2.66589, -0.239963, -1.38532, 0.386501, 0.386467, 0.613533
2.66745, -0.241169, -1.39233, 0.388227, 0.388192, 0.611808
2.669, -0.242378, -1.39934, 0.389958, 0.389924, 0.610076
2.67056, -0.24359, -1.40635, 0.391696, 0.391661, 0.608339
2.67212, -0.244807, -1.41335, 0.39344, 0.393405, 0.606595
2.67368, -0.246027, -1.42036, 0.395189, 0.395154, 0.604846
2.67523, -0.247251, -1.42737, 0.396945, 0.39691, 0.60309
2.67679, -0.248479, -1.43438, 0.398707, 0.398671, 0.601329
2.67835, -0.24971, -1.44139, 0.400474, 0.400439, 0.599561
2.67991, -0.250945, -1.4484, 0.402247, 0.402212, 0.597788
2.68146, -0.252183, -1.45541, 0.404026, 0.403991, 0.596009
2.68302, -0.253425, -1.46242, 0.405811, 0.405775, 0.594225
2.68458, -0.254671, -1.46943, 0.407602, 0.407566, 0.592434
2.68614, -0.25592, -1.47644, 0.409398, 0.409362, 0.590638
2.68769, -0.257173, -1.48345, 0.4112, 0.411164, 0.588836
2.68925, -0.258429, -1.49046, 0.413007, 0.412971, 0.587029
2.69081, -0.259689, -1.49747, 0.41482, 0.414784, 0.585216
2.69237, -0.260952, -1.50448, 0.416639, 0.416602, 0.583398
2.69393, -0.262219, -1.51148, 0.418463, 0.418427, 0.581573
2.69548, -0.263489, -1.51849, 0.420293, 0.420256, 0.579744
2.69704, -0.264763, -1.5255, 0.422128, 0.422091, 0.577909
2.6986, -0.26604, -1.53251, 0.423969, 0.423932, 0.576068
2.70016, -0.267321, -1.53952, 0.425815, 0.425778, 0.574222
2.70171, -0.268605, -1.54653, 0.427666, 0.427629, 0.572371
2.70327, -0.269892, -1.55354, 0.429523, 0.429486, 0.570514
2.70483, -0.271182, -1.56055, 0.431386, 0.431348, 0.568652
2.70639, -0.272476, -1.56756, 0.433253, 0.433216, 0.566784
2.70794, -0.273774, -1.57457, 0.435126, 0.435089, 0.564911
2.7095, -0.275074, -1.58158, 0.437005, 0.436967, 0.563033
2.71106, -0.276378, -1.58859, 0.438888, 0.43885, 0.56115
2.71262, -0.277685, -1.5956, 0.440777, 0.440739, 0.559261
2.71417, -0.278996, -1.60261, 0.442671, 0.442633, 0.557367
2.71573, -0.28031, -1.60961, 0.44457, 0.444532, 0.555468
2.71729, -0.281626, -1.61662, 0.446474, 0.446436, 0.553564
2.71885, -0.282947, -1.62363, 0.448384, 0.448345, 0.551655
2.7204, -0.28427, -1.63064, 0.450298, 0.45026, 0.54974
2.72196, -0.285596, -1.63765, 0.452218, 0.452179, 0.547821
2.72352, -0.286926, -1.64466, 0.454142, 0.454104, 0.545896
2.72508, -0.288259, -1.65167, 0.456072, 0.456033, 0.543967
2.72664, -0.289595, -1.65868, 0.458007, 0.457968, 0.542032
2.72819, -0.290934, -1.66569, 0.459946, 0.459907, 0.540093
2.72975, -0.292276, -1.6727, 0.461891, 0.461852, 0.538148
2.73131, -0.293621, -1.67971, 0.46384, 0.463801, 0.536199
2.73287, -0.29497, -1.68672, 0.465795, 0.465755, 0.534245
2.73442, -0.296321, -1.69373, 0.467754, 0.467715, 0.532285
2.73598, -0.297676, -1.70074, 0.469718, 0.469679, 0.530321
2.73754, -0.299033, -1.70774, 0.471687, 0.471648, 0.528352
2.7391, -0.300394, -1.71475, 0.473661, 0.473621, 0.526379
2.74065, -0.301757, -1.72176, 0.475639, 0.4756, 0.5244
2.74221, -0.303124, -1.72877, 0.477623, 0.477583, 0.522417
2.74377, -0.304493, -1.73578, 0.479611, 0.479571, 0.520429
2.74533, -0.305866, -1.74279, 0.481604, 0.481564, 0.518436
2.74688, -0.307241, -1.7498, 0.483601, 0.483561, 0.516439
2.74844, -0.308619, -1.75681, 0.485603, 0.485563, 0.514437
2.75, -0.30143, -1.75373, 0.48612, 0.48612, 0.51388
2.75086, -0.290416, -1.74672, 0.486035, 0.486038, 0.513962
2.75172, -0.278992, -1.73971, 0.485822, 0.485828, 0.514172
2.75257, -0.267291, -1.7327, 0.485447, 0.485456, 0.514544
2.75343, -0.255452, -1.72569, 0.484873, 0.484887, 0.515113
2.75429, -0.243608, -1.71868, 0.484065, 0.484084, 0.515916
2.75515, -0.23188, -1.71167, 0.482987, 0.483012, 0.516988
2.756, -0.220366, -1.70466, 0.48161, 0.481641, 0.518359
2.75686, -0.209144, -1.69765, 0.479911, 0.479948, 0.520052
2.75772, -0.198267, -1.69064, 0.477875, 0.477919, 0.522081
2.75858, -0.187767, -1.68363, 0.475494, 0.475545, 0.524455
2.75943, -0.177661, -1.67662, 0.472769, 0.472826, 0.527174
2.76029, -0.167953, -1.66961, 0.469704, 0.469768, 0.530232
2.76115, -0.158638, -1.6626, 0.466309, 0.46638, 0.53362
2.76201, -0.149732, -1.6556, 0.462611, 0.462688, 0.537312
2.76286, -0.141239, -1.64859, 0.458636, 0.458718, 0.541282
2.76372, -0.13313, -1.64158, 0.4544, 0.454487, 0.545513
2.76458, -0.125379, -1.63457, 0.44992, 0.450011, 0.549989
2.76544, -0.117961, -1.62756, 0.44521, 0.445306, 0.554694
2.7663, -0.110857, -1.62055, 0.440285, 0.440386, 0.559614
2.76715, -0.104047, -1.61354, 0.435162, 0.435266, 0.564734
2.76801, -0.0975146, -1.60653, 0.429853, 0.429961, 0.570039
2.76887, -0.0912459, -1.59952, 0.424372, 0.424483, 0.575517
2.76973, -0.0852273, -1.59251, 0.418731, 0.418846, 0.581154
2.77058, -0.0794468, -1.5855, 0.412945, 0.413062, 0.586938
2.77144, -0.0738938, -1.57849, 0.407023, 0.407142, 0.592858
2.7723, -0.0685586, -1.57148, 0.400977, 0.401099, 0.598901
2.77316, -0.0634323, -1.56447, 0.394818, 0.394942, 0.605058
2.77401, -0.0585069, -1.55747, 0.388557, 0.388683, 0.611317
2.77487, -0.0537751, -1.55046, 0.382203, 0.382331, 0.617669
2.77573, -0.04923, -1.54345, 0.375766, 0.375895, 0.624105
2.77659, -0.0448653, -1.53644, 0.369255, 0.369385, 0.630615
2.77744, -0.0406752, -1.52943, 0.362678, 0.36281, 0.63719
2.7783, -0.0366542, -1.52242, 0.356045, 0.356178, 0.643822
2.77916, -0.0327971, -1.51541, 0.349363, 0.349497, 0.650503
2.78002, -0.0290991, -1.5084, 0.34264, 0.342774, 0.657226
2.78087, -0.0255556, -1.50139, 0.335883, 0.336018, 0.663982
2.78173, -0.0221623, -1.49438, 0.3291, 0.329236, 0.670764
2.78259, -0.0189149, -1.48737, 0.322298, 0.322434, 0.677566
2.78345, -0.0158095, -1.48036, 0.315484, 0.31562, 0.68438
2.78431, -0.0128423, -1.47335, 0.308663, 0.3088, 0.6912
2.78516, -0.0100094, -1.46634, 0.301843, 0.301979, 0.698021
2.78602, -0.00730749, -1.45934, 0.295029, 0.295165, 0.704835
2.78688, -0.00473294, -1.45233, 0.288227, 0.288362, 0.711638
2.78774, -0.00228241, -1.44532, 0.281442, 0.281578, 0.718422
2.78859, 4.74001e-05, -1.43831, 0.274681, 0.274815, 0.725185
2.78945, 0.0022597, -1.4313, 0.267947, 0.268081, 0.731919
2.79031, 0.00435764, -1.42429, 0.261247, 0.26138, 0.73862
2.79117, 0.0063029, -1.41728, 0.254584, 0.254717, 0.745283
2.79202, 0.00802656, -1.41027, 0.247964, 0.248096, 0.751904
2.79288, 0.00964498, -1.40326, 0.241391, 0.241522, 0.758478
2.79374, 0.0111611, -1.39625, 0.234869, 0.234999, 0.765001
2.7946, 0.0125778, -1.38924, 0.228403, 0.228532, 0.771468
2.79545, 0.013898, -1.38223, 0.221996, 0.222123, 0.777877
2.79631, 0.0151246, -1.37522, 0.215651, 0.215778, 0.784222
2.79717, 0.0162602, -1.36821, 0.209374, 0.209499, 0.790501
2.79803, 0.0173078, -1.36121, 0.203166, 0.203289, 0.796711
2.79889, 0.01827, -1.3542, 0.197032, 0.197154, 0.802846
2.79974, 0.0191496, -1.34719, 0.190974, 0.191094, 0.808906
2.8006, 0.0199492, -1.34018, 0.184995, 0.185114, 0.814886
2.80146, 0.0206716, -1.33317, 0.179099, 0.179216, 0.820784
2.80232, 0.0213195, -1.32616, 0.173287, 0.173402, 0.826598
2.80317, 0.0218954, -1.31915, 0.167563, 0.167676, 0.832324
2.80403, 0.0224019, -1.31214, 0.161928, 0.16204, 0.83796
2.80489, 0.0228417, -1.30513, 0.156386, 0.156496, 0.843504
2.80575, 0.0232173, -1.29812, 0.150938, 0.151046, 0.848954
2.8066, 0.0235314, -1.29111, 0.145585, 0.145691, 0.854309
2.80746, 0.0237863, -1.2841, 0.140331, 0.140435, 0.859565
2.80832, 0.0239846, -1.27709, 0.135176, 0.135278, 0.864722
2.80918, 0.0241289, -1.27008, 0.130123, 0.130223, 0.869777
2.81003, 0.0242215, -1.26308, 0.125172, 0.12527, 0.87473
2.81089, 0.024265, -1.25607, 0.120325, 0.120421, 0.879579
2.81175, 0.0242617, -1.24906, 0.115583, 0.115677, 0.884323
2.81261, 0.024214, -1.24205, 0.110947, 0.111039, 0.888961
2.81346, 0.0241355, -1.23504, 0.106486, 0.106573, 0.893427
2.81432, 0.0240537, -1.22803, 0.102332, 0.102412, 0.897588
2.81518, 0.02397, -1.22102, 0.098459, 0.0985339, 0.901466
2.81604, 0.0238844, -1.21401, 0.0948416, 0.0949116, 0.905088
2.8169, 0.0237973, -1.207, 0.0914564, 0.091522, 0.908478
2.81775, 0.0237089, -1.19999, 0.0882831, 0.0883446, 0.911655
2.81861, 0.0236193, -1.19298, 0.0853035, 0.0853613, 0.914639
2.81947, 0.0235288, -1.18597, 0.0825016, 0.082556, 0.917444
2.82033, 0.0234376, -1.17896, 0.0798631, 0.0799144, 0.920086
2.82118, 0.023346, -1.17195, 0.0773752, 0.0774236, 0.922576
2.82204, 0.023254, -1.16494, 0.0750264, 0.0750721, 0.924928
2.8229, 0.023162, -1.15794, 0.0728063, 0.0728495, 0.92715
2.82376, 0.0230701, -1.15093, 0.0707057, 0.0707466, 0.929253
2.82461, 0.0229784, -1.14392, 0.068716, 0.0687547, 0.931245
2.82547, 0.0228872, -1.13691, 0.0668296, 0.0668664, 0.933134
2.82633, 0.0227966, -1.1299, 0.0650396, 0.0650745, 0.934926
2.82719, 0.0227068, -1.12289, 0.0633396, 0.0633728, 0.936627
2.82804, 0.0226178, -1.11588, 0.0617239, 0.0617554, 0.938245
2.8289, 0.0225299, -1.10887, 0.0601871, 0.0602171, 0.939783
2.82976, 0.0224433, -1.10186, 0.0587244, 0.058753, 0.941247
2.83062, 0.0223579, -1.09485, 0.0573315, 0.0573587, 0.942641
2.83148, 0.0222739, -1.08784, 0.0560042, 0.0560301, 0.94397
2.83233, 0.0221916, -1.08083, 0.0547387, 0.0547635, 0.945237
2.83319, 0.0221109, -1.07382, 0.0535317, 0.0535553, 0.946445
2.83405, 0.022032, -1.06681, 0.05238, 0.0524025, 0.947597
2.83491, 0.0219552, -1.05981, 0.0512826, 0.051304, 0.948696
2.83576, 0.0218806, -1.0528, 0.0502371, 0.0502576, 0.949742
2.83662, 0.0218083, -1.04579, 0.049241, 0.0492604, 0.95074
2.83748, 0.0217384, -1.03878, 0.0482916, 0.0483101, 0.95169
2.83834, 0.021671, -1.03177, 0.0473866, 0.0474043, 0.952596
2.83919, 0.0216062, -1.02476, 0.0465239, 0.0465408, 0.953459
2.84005, 0.021544, -1.01775, 0.0457015, 0.0457176, 0.954282
2.84091, 0.0214847, -1.01074, 0.0449175, 0.0449328, 0.955067
2.84177, 0.0214283, -1.00373, 0.0441702, 0.0441848, 0.955815
2.84262, 0.0213749, -0.996722, 0.043458, 0.0434719, 0.956528
2.84348, 0.0213246, -0.989713, 0.0427795, 0.0427928, 0.957207
2.84434, 0.0212774, -0.982703, 0.0421333, 0.0421459, 0.957854
2.8452, 0.0212336, -0.975694, 0.0415182, 0.0415302, 0.95847
2.84605, 0.0211932, -0.968685, 0.040933, 0.0409444, 0.959056
2.84691, 0.0211564, -0.961675, 0.0403767, 0.0403875, 0.959612
2.84777, 0.0211233, -0.954666, 0.0398483, 0.0398586, 0.960141
2.84863, 0.021094, -0.947657, 0.0393469, 0.0393567, 0.960643
2.84949, 0.0210687, -0.940647, 0.0388719, 0.0388811, 0.961119
2.85034, 0.0210475, -0.933638, 0.0384224, 0.0384312, 0.961569
2.8512, 0.0210307, -0.926629, 0.0379979, 0.0380062, 0.961994
2.85206, 0.0210184, -0.91962, 0.0375979, 0.0376057, 0.962394
2.85292, 0.0210108, -0.91261, 0.0372219, 0.0372291, 0.962771
2.85377, 0.0210081, -0.905601, 0.0368694, 0.0368763, 0.963124
2.85463, 0.0210107, -0.898592, 0.0365404, 0.0365467, 0.963453
2.85549, 0.0210188, -0.891582, 0.0362344, 0.0362403, 0.96376
2.85635, 0.0210326, -0.884573, 0.0359515, 0.0359569, 0.964043
2.8572, 0.0210526, -0.877564, 0.0356916, 0.0356966, 0.964303
2.85806, 0.0210791, -0.870555, 0.0354548, 0.0354593, 0.964541
2.85892, 0.0211126, -0.863545, 0.0352413, 0.0352454, 0.964755
2.85978, 0.0211535, -0.856536, 0.0350514, 0.035055, 0.964945
2.86063, 0.0212023, -0.849527, 0.0348855, 0.0348886, 0.965111
2.86149, 0.0212596, -0.842517, 0.0347442, 0.0347468, 0.965253
2.86235, 0.0213261, -0.835508, 0.0346283, 0.0346303, 0.96537
2.86321, 0.0214025, -0.828499, 0.0345385, 0.03454, 0.96546
2.86407, 0.0214898, -0.821489, 0.034476, 0.034477, 0.965523
2.86492, 0.0215887, -0.81448, 0.0344421, 0.0344425, 0.965558
2.86578, 0.0217005, -0.807471, 0.0344385, 0.0344383, 0.965562
2.86664, 0.0218265, -0.800462, 0.0344676, 0.0344667, 0.965533
2.8675, 0.0219657, -0.793452, 0.0345274, 0.0345259, 0.965474
2.86835, 0.0221173, -0.786443, 0.0346152, 0.0346132, 0.965387
2.86921, 0.0222802, -0.779434, 0.0347286, 0.0347261, 0.965274
2.87007, 0.0224536, -0.772424, 0.0348655, 0.0348626, 0.965137
2.87093, 0.0226368, -0.765415, 0.0350239, 0.0350206, 0.964979
2.87178, 0.0228289, -0.758406, 0.0352021, 0.0351983, 0.964802
2.87264, 0.0230293, -0.751397, 0.0353984, 0.0353943, 0.964606
2.8735, 0.0232374, -0.744387, 0.0356113, 0.0356069, 0.964393
2.87436, 0.0234526, -0.737378, 0.0358395, 0.0358348, 0.964165
2.87521, 0.0236744, -0.730369, 0.0360817, 0.0360767, 0.963923
2.87607, 0.0239023, -0.723359, 0.0363367, 0.0363315, 0.963668
2.87693, 0.0241358, -0.71635, 0.0366036, 0.0365982, 0.963402
2.87779, 0.0243744, -0.709341, 0.0368813, 0.0368757, 0.963124
2.87864, 0.0246179, -0.702331, 0.037169, 0.0371632, 0.962837
2.8795, 0.0248657, -0.695322, 0.0374657, 0.0374597, 0.96254
2.88036, 0.0251175, -0.688313, 0.0377708, 0.0377646, 0.962235
2.88122, 0.025373, -0.681304, 0.0380834, 0.0380771, 0.961923
2.88208, 0.0256319, -0.674294, 0.038403, 0.0383965, 0.961603
2.88293, 0.0258938, -0.667285, 0.0387289, 0.0387223, 0.961278
2.88379, 0.0261585, -0.660276, 0.0390604, 0.0390538, 0.960946
2.88465, 0.0264258, -0.653266, 0.0393972, 0.0393904, 0.96061
2.88551, 0.0266953, -0.646257, 0.0397387, 0.0397318, 0.960268
2.88636, 0.026967, -0.639248, 0.0400844, 0.0400774, 0.959923
2.88722, 0.0272404, -0.632238, 0.0404338, 0.0404268, 0.959573
2.88808, 0.0275155, -0.625229, 0.0407867, 0.0407796, 0.95922
2.88894, 0.027792, -0.61822, 0.0411425, 0.0411354, 0.958865
2.88979, 0.0280697, -0.611211, 0.0415011, 0.0414939, 0.958506
2.89065, 0.0283486, -0.604201, 0.0418619, 0.0418547, 0.958145
2.89151, 0.0286284, -0.597192, 0.0422248, 0.0422176, 0.957782
2.89237, 0.028909, -0.590183, 0.0425895, 0.0425822, 0.957418
2.89322, 0.0291902, -0.583173, 0.0429556, 0.0429483, 0.957052
2.89408, 0.0294719, -0.576164, 0.043323, 0.0433157, 0.956684
2.89494, 0.029754, -0.569155, 0.0436914, 0.0436841, 0.956316
2.8958, 0.0300364, -0.562146, 0.0440606, 0.0440533, 0.955947
2.89666, 0.0303189, -0.555136, 0.0444305, 0.0444231, 0.955577
2.89751, 0.0306015, -0.548127, 0.0448008, 0.0447934, 0.955207
2.89837, 0.0308841, -0.541118, 0.0451713, 0.0451639, 0.954836
2.89923, 0.0311665, -0.534108, 0.045542, 0.0455345, 0.954465
2.90009, 0.0314488, -0.527099, 0.0459126, 0.0459052, 0.954095
2.90094, 0.0317308, -0.52009, 0.046283, 0.0462756, 0.953724
2.9018, 0.0320124, -0.51308, 0.0466532, 0.0466458, 0.953354
2.90266, 0.0322936, -0.506071, 0.0470229, 0.0470156, 0.952984
2.90352, 0.0325744, -0.499062, 0.0473922, 0.0473848, 0.952615
2.90437, 0.0328546, -0.492053, 0.0477609, 0.0477535, 0.952247
2.90523, 0.0331342, -0.485043, 0.0481288, 0.0481215, 0.951879
2.90609, 0.0334132, -0.478034, 0.048496, 0.0484887, 0.951511
2.90695, 0.0336915, -0.471025, 0.0488624, 0.048855, 0.951145
2.9078, 0.0339691, -0.464015, 0.0492278, 0.0492205, 0.95078
2.90866, 0.0342459, -0.457006, 0.0495922, 0.049585, 0.950415
2.90952, 0.0345219, -0.449997, 0.0499556, 0.0499484, 0.950052
2.91038, 0.0347971, -0.442987, 0.050318, 0.0503107, 0.949689
2.91123, 0.0350715, -0.435978, 0.0506791, 0.0506719, 0.949328
2.91209, 0.0353449, -0.428969, 0.0510391, 0.051032, 0.948968
2.91295, 0.0356174, -0.42196, 0.0513979, 0.0513908, 0.948609
2.91381, 0.035889, -0.41495, 0.0517554, 0.0517483, 0.948252
2.91467, 0.0361597, -0.407941, 0.0521117, 0.0521046, 0.947895
2.91552, 0.0364294, -0.400932, 0.0524666, 0.0524595, 0.947541
2.91638, 0.036698, -0.393922, 0.0528202, 0.0528131, 0.947187
2.91724, 0.0369661, -0.386913, 0.0531731, 0.053166, 0.946834
2.9181, 0.0372363, -0.379904, 0.0535298, 0.0535226, 0.946477
2.91895, 0.0375092, -0.372895, 0.0538911, 0.0538839, 0.946116
2.91981, 0.0377849, -0.365885, 0.0542572, 0.0542498, 0.94575
2.92067, 0.0380633, -0.358876, 0.0546279, 0.0546205, 0.94538
2.92153, 0.0383446, -0.351867, 0.0550035, 0.054996, 0.945004
2.92238, 0.0386287, -0.344857, 0.055384, 0.0553763, 0.944624
2.92324, 0.0389158, -0.337848, 0.0557693, 0.0557616, 0.944238
2.9241, 0.0392059, -0.330839, 0.0561597, 0.0561518, 0.943848
2.92496, 0.039499, -0.323829, 0.056555, 0.0565471, 0.943453
2.92581, 0.0397952, -0.31682, 0.0569555, 0.0569474, 0.943053
2.92667, 0.0400945, -0.309811, 0.0573611, 0.0573529, 0.942647
2.92753, 0.0403969, -0.302802, 0.0577719, 0.0577636, 0.942236
2.92839, 0.0407026, -0.295792, 0.0581879, 0.0581795, 0.94182
2.92925, 0.0410114, -0.288783, 0.0586092, 0.0586007, 0.941399
2.9301, 0.0413236, -0.281774, 0.0590359, 0.0590273, 0.940973
2.93096, 0.0416391, -0.274764, 0.059468, 0.0594593, 0.940541
2.93182, 0.041958, -0.267755, 0.0599055, 0.0598967, 0.940103
2.93268, 0.0422802, -0.260746, 0.0603485, 0.0603396, 0.93966
2.93353, 0.0426059, -0.253737, 0.0607971, 0.0607881, 0.939212
2.93439, 0.0429351, -0.246727, 0.0612513, 0.0612421, 0.938758
2.93525, 0.0432678, -0.239718, 0.061711, 0.0617018, 0.938298
2.93611, 0.043604, -0.232709, 0.0621765, 0.0621671, 0.937833
2.93696, 0.0439439, -0.225699, 0.0626477, 0.0626382, 0.937362
2.93782, 0.0442873, -0.21869, 0.0631246, 0.063115, 0.936885
2.93868, 0.0446344, -0.211681, 0.0636073, 0.0635976, 0.936402
2.93954, 0.0449851, -0.204671, 0.0640958, 0.064086, 0.935914
2.94039, 0.0453396, -0.197662, 0.0645902, 0.0645802, 0.93542
2.94125, 0.0456978, -0.190653, 0.0650904, 0.0650804, 0.93492
2.94211, 0.0460597, -0.183644, 0.0655966, 0.0655864, 0.934414
2.94297, 0.0464254, -0.176634, 0.0661087, 0.0660984, 0.933902
2.94383, 0.0467949, -0.169625, 0.0666268, 0.0666163, 0.933384
2.94468, 0.0471682, -0.162616, 0.0671508, 0.0671403, 0.93286
2.94554, 0.0475453, -0.155606, 0.0676808, 0.0676702, 0.93233
2.9464, 0.0479263, -0.148597, 0.0682169, 0.0682061, 0.931794
2.94726, 0.0483112, -0.141588, 0.068759, 0.0687481, 0.931252
2.94811, 0.0486999, -0.134578, 0.0693071, 0.0692961, 0.930704
2.94897, 0.0490926, -0.127569, 0.0698613, 0.0698502, 0.93015
2.94983, 0.0494891, -0.12056, 0.0704216, 0.0704103, 0.92959
2.95069, 0.0498895, -0.113551, 0.0709879, 0.0709765, 0.929023
2.95154, 0.0502939, -0.106541, 0.0715603, 0.0715488, 0.928451
2.9524, 0.0507021, -0.099532, 0.0721387, 0.0721271, 0.927873
2.95326, 0.0511143, -0.0925227, 0.0727232, 0.0727115, 0.927289
2.95412, 0.0515304, -0.0855134, 0.0733138, 0.0733019, 0.926698
2.95497, 0.0519504, -0.0785041, 0.0739104, 0.0738984, 0.926102
2.95583, 0.0523744, -0.0714948, 0.074513, 0.0745009, 0.925499
2.95669, 0.0528022, -0.0644855, 0.0751216, 0.0751094, 0.924891
2.95755, 0.0532339, -0.0574762, 0.0757362, 0.0757239, 0.924276
2.9584, 0.0536695, -0.0504669, 0.0763569, 0.0763444, 0.923656
2.95926, 0.054109, -0.0434576, 0.0769834, 0.0769708, 0.923029
2.96012, 0.0545524, -0.0364483, 0.0776159, 0.0776032, 0.922397
2.96098, 0.0549995, -0.029439, 0.0782543, 0.0782414, 0.921759
2.96184, 0.0554506, -0.0224297, 0.0788985, 0.0788856, 0.921114
2.96269, 0.0559054, -0.0154205, 0.0795486, 0.0795355, 0.920464
2.96355, 0.056364, -0.00841115, 0.0802045, 0.0801913, 0.919809
2.96441, 0.0568264, -0.00140186, 0.0808661, 0.0808528, 0.919147
2.96527, 0.0572925, 0.00560744, 0.0815335, 0.08152, 0.91848
2.96612, 0.0577624, 0.0126167, 0.0822065, 0.082193, 0.917807
2.96698, 0.0582359, 0.019626, 0.0828851, 0.0828715, 0.917129
2.96784, 0.0587131, 0.0266353, 0.0835694, 0.0835556, 0.916444
2.9687, 0.0591939, 0.0336446, 0.0842591, 0.0842453, 0.915755
2.96955, 0.0596783, 0.0406539, 0.0849544, 0.0849404, 0.91506
2.97041, 0.0601663, 0.0476632, 0.085655, 0.085641, 0.914359
2.97127, 0.0606578, 0.0546725, 0.0863611, 0.0863469, 0.913653
2.97213, 0.0611528, 0.0616818, 0.0870724, 0.0870581, 0.912942
2.97298, 0.0616512, 0.0686911, 0.087789, 0.0877746, 0.912225
2.97384, 0.0621531, 0.0757004, 0.0885108, 0.0884963, 0.911504
2.9747, 0.0626583, 0.0827097, 0.0892378, 0.0892232, 0.910777
2.97556, 0.0631669, 0.089719, 0.0899698, 0.0899551, 0.910045
2.97642, 0.0636788, 0.0967283, 0.0907068, 0.090692, 0.909308
2.97727, 0.0641939, 0.103738, 0.0914488, 0.0914339, 0.908566
2.97813, 0.0647122, 0.110747, 0.0921956, 0.0921806, 0.907819
2.97899, 0.0652338, 0.117756, 0.0929473, 0.0929322, 0.907068
2.97985, 0.0657584, 0.124765, 0.0937037, 0.0936885, 0.906311
2.9807, 0.0662861, 0.131775, 0.0944648, 0.0944495, 0.90555
2.98156, 0.0668168, 0.138784, 0.0952305, 0.0952151, 0.904785
2.98242, 0.0673506, 0.145793, 0.0960007, 0.0959853, 0.904015
2.98328, 0.0678873, 0.152803, 0.0967755, 0.0967599, 0.90324
2.98413, 0.0684268, 0.159812, 0.0975546, 0.097539, 0.902461
2.98499, 0.0689691, 0.166821, 0.0983381, 0.0983224, 0.901678
2.98585, 0.0695139, 0.173831, 0.099126, 0.0991102, 0.90089
2.98671, 0.070061, 0.18084, 0.0999181, 0.0999022, 0.900098
2.98756, 0.0706104, 0.187849, 0.100715, 0.100699, 0.899301
2.98842, 0.0711622, 0.194858, 0.101515, 0.101499, 0.898501
2.98928, 0.0717163, 0.201868, 0.10232, 0.102304, 0.897696
2.99014, 0.0722726, 0.208877, 0.103128, 0.103112, 0.896888
2.99099, 0.0728312, 0.215886, 0.103941, 0.103925, 0.896075
2.99185, 0.0733919, 0.222896, 0.104757, 0.104741, 0.895259
2.99271, 0.0739549, 0.229905, 0.105577, 0.105561, 0.894439
2.99357, 0.07452, 0.236914, 0.106401, 0.106385, 0.893615
2.99443, 0.0750872, 0.243923, 0.107229, 0.107212, 0.892788
2.99528, 0.0756564, 0.250933, 0.10806, 0.108044, 0.891956
2.99614, 0.0762278, 0.257942, 0.108895, 0.108878, 0.891122
2.997, 0.0768011, 0.264951, 0.109733, 0.109716, 0.890284
2.99786, 0.0773764, 0.271961, 0.110575, 0.110558, 0.889442
2.99871, 0.0779537, 0.27897, 0.11142, 0.111403, 0.888597
2.99957, 0.078533, 0.285979, 0.112268, 0.112251, 0.887749
3.00043, 0.0791141, 0.292989, 0.11312, 0.113103, 0.886897
3.00129, 0.0796971, 0.299998, 0.113975, 0.113957, 0.886043
3.00214, 0.080282, 0.307007, 0.114832, 0.114815, 0.885185
3.003, 0.0808687, 0.314016, 0.115693, 0.115676, 0.884324
3.00386, 0.0814572, 0.321026, 0.116557, 0.11654, 0.88346
3.00472, 0.0820475, 0.328035, 0.117425, 0.117407, 0.882593
3.00557, 0.0826395, 0.335044, 0.118295, 0.118277, 0.881723
3.00643, 0.0832333, 0.342054, 0.119167, 0.11915, 0.88085
3.00729, 0.0838288, 0.349063, 0.120043, 0.120026, 0.879974
3.00815, 0.0844259, 0.356072, 0.120922, 0.120904, 0.879096
3.00901, 0.0850247, 0.363082, 0.121803, 0.121786, 0.878214
3.00986, 0.0856252, 0.370091, 0.122687, 0.12267, 0.87733
3.01072, 0.0862273, 0.3771, 0.123574, 0.123556, 0.876444
3.01158, 0.086831, 0.384109, 0.124464, 0.124446, 0.875554
3.01244, 0.0874362, 0.391119, 0.125356, 0.125338, 0.874662
3.01329, 0.0880431, 0.398128, 0.126251, 0.126233, 0.873767
3.01415, 0.0886515, 0.405137, 0.127148, 0.12713, 0.87287
3.01501, 0.0892614, 0.412147, 0.128048, 0.12803, 0.87197
3.01587, 0.0898729, 0.419156, 0.12895, 0.128932, 0.871068
3.01672, 0.0904859, 0.426165, 0.129855, 0.129837, 0.870163
3.01758, 0.0911003, 0.433174, 0.130762, 0.130744, 0.869256
3.01844, 0.0917163, 0.440184, 0.131672, 0.131654, 0.868346
3.0193, 0.0923338, 0.447193, 0.132585, 0.132566, 0.867434
3.02015, 0.0929527, 0.454202, 0.133499, 0.133481, 0.866519
3.02101, 0.093573, 0.461212, 0.134416, 0.134398, 0.865602
3.02187, 0.0941948, 0.468221, 0.135336, 0.135317, 0.864683
3.02273, 0.0948181, 0.47523, 0.136257, 0.136239, 0.863761
3.02358, 0.0954428, 0.48224, 0.137182, 0.137163, 0.862837
3.02444, 0.0960689, 0.489249, 0.138108, 0.138089, 0.861911
3.0253, 0.0966965, 0.496258, 0.139037, 0.139018, 0.860982
3.02616, 0.0973254, 0.503267, 0.139968, 0.139949, 0.860051
3.02702, 0.0979558, 0.510277, 0.140901, 0.140883, 0.859117
3.02787, 0.0985876, 0.517286, 0.141837, 0.141818, 0.858182
3.02873, 0.0992208, 0.524295, 0.142775, 0.142756, 0.857244
3.02959, 0.0998554, 0.531305, 0.143715, 0.143696, 0.856304
3.03045, 0.100491, 0.538314, 0.144658, 0.144639, 0.855361
3.0313, 0.101129, 0.545323, 0.145602, 0.145583, 0.854417
3.03216, 0.101768, 0.552333, 0.14655, 0.146531, 0.853469
3.03302, 0.102408, 0.559342, 0.147499, 0.14748, 0.85252
3.03388, 0.10305, 0.566351, 0.148451, 0.148432, 0.851568
3.03473, 0.103694, 0.57336, 0.149406, 0.149387, 0.850613
3.03559, 0.104339, 0.58037, 0.150363, 0.150344, 0.849656
3.03645, 0.104986, 0.587379, 0.151323, 0.151304, 0.848696
3.03731, 0.105634, 0.594388, 0.152285, 0.152266, 0.847734
3.03816, 0.106284, 0.601398, 0.15325, 0.15323, 0.84677
3.03902, 0.106936, 0.608407, 0.154217, 0.154198, 0.845802
3.03988, 0.107589, 0.615416, 0.155187, 0.155167, 0.844833
3.04074, 0.108244, 0.622425, 0.156159, 0.15614, 0.84386
3.0416, 0.1089, 0.629435, 0.157134, 0.157114, 0.842886
3.04245, 0.109558, 0.636444, 0.158111, 0.158091, 0.841909
3.04331, 0.110217, 0.643453, 0.159091, 0.159071, 0.840929
3.04417, 0.110878, 0.650463, 0.160073, 0.160053, 0.839947
3.04503, 0.111541, 0.657472, 0.161057, 0.161038, 0.838962
3.04588, 0.112205, 0.664481, 0.162045, 0.162025, 0.837975
3.04674, 0.112871, 0.671491, 0.163034, 0.163014, 0.836986
3.0476, 0.113538, 0.6785, 0.164026, 0.164006, 0.835994
3.04846, 0.114207, 0.685509, 0.165021, 0.165001, 0.834999
3.04931, 0.114878, 0.692518, 0.166018, 0.165998, 0.834002
3.05017, 0.11555, 0.699528, 0.167017, 0.166997, 0.833003
3.05103, 0.116223, 0.706537, 0.168019, 0.167999, 0.832001
3.05189, 0.116898, 0.713546, 0.169024, 0.169004, 0.830996
3.05274, 0.117575, 0.720556, 0.170031, 0.170011, 0.829989
3.0536, 0.118254, 0.727565, 0.17104, 0.17102, 0.82898
3.05446, 0.118934, 0.734574, 0.172052, 0.172032, 0.827968
3.05532, 0.119615, 0.741583, 0.173066, 0.173046, 0.826954
3.05617, 0.120298, 0.748593, 0.174083, 0.174062, 0.825938
3.05703, 0.120983, 0.755602, 0.175102, 0.175081, 0.824919
3.05789, 0.121669, 0.762611, 0.176123, 0.176103, 0.823897
3.05875, 0.122357, 0.769621, 0.177147, 0.177127, 0.822873
3.05961, 0.123046, 0.77663, 0.178174, 0.178153, 0.821847
3.06046, 0.123737, 0.783639, 0.179203, 0.179182, 0.820818
3.06132, 0.124429, 0.790649, 0.180234, 0.180214, 0.819786
3.06218, 0.125123, 0.797658, 0.181268, 0.181247, 0.818753
3.06304, 0.125819, 0.804667, 0.182304, 0.182283, 0.817717
3.06389, 0.126516, 0.811676, 0.183343, 0.183322, 0.816678
3.06475, 0.127215, 0.818686, 0.184384, 0.184363, 0.815637
3.06561, 0.127915, 0.825695, 0.185427, 0.185406, 0.814594
3.06647, 0.128617, 0.832704, 0.186473, 0.186452, 0.813548
3.06732, 0.129321, 0.839714, 0.187521, 0.1875, 0.8125
3.06818, 0.130025, 0.846723, 0.188572, 0.188551, 0.811449
3.06904, 0.130732, 0.853732, 0.189625, 0.189604, 0.810396
3.0699, 0.13144, 0.860742, 0.190681, 0.190659, 0.809341
3.07075, 0.13215, 0.867751, 0.191738, 0.191717, 0.808283
3.07161, 0.132861, 0.87476, 0.192799, 0.192777, 0.807223
3.07247, 0.133574, 0.881769, 0.193861, 0.19384, 0.80616
3.07333, 0.134288, 0.888779, 0.194927, 0.194905, 0.805095
3.07419, 0.135004, 0.895788, 0.195994, 0.195973, 0.804027
3.07504, 0.135721, 0.902797, 0.197064, 0.197042, 0.802958
3.0759, 0.13644, 0.909807, 0.198136, 0.198115, 0.801885
3.07676, 0.137161, 0.916816, 0.199211, 0.199189, 0.800811
3.07762, 0.137883, 0.923825, 0.200288, 0.200266, 0.799734
3.07847, 0.138607, 0.930834, 0.201367, 0.201346, 0.798654
3.07933, 0.139332, 0.937844, 0.202449, 0.202427, 0.797573
3.08019, 0.140059, 0.944853, 0.203533, 0.203511, 0.796489
3.08105, 0.140787, 0.951862, 0.20462, 0.204598, 0.795402
3.0819, 0.141517, 0.958872, 0.205709, 0.205687, 0.794313
3.08276, 0.142248, 0.965881, 0.2068, 0.206778, 0.793222
3.08362, 0.142981, 0.97289, 0.207893, 0.207872, 0.792128
3.08448, 0.143716, 0.9799, 0.208989, 0.208967, 0.791033
3.08533, 0.144452, 0.986909, 0.210088, 0.210066, 0.789934
3.08619, 0.14519, 0.993918, 0.211188, 0.211166, 0.788834
3.08705, 0.145929, 1.00093, 0.212291, 0.212269, 0.787731
3.08791, 0.146669, 1.00794, 0.213397, 0.213375, 0.786625
3.08877, 0.147412, 1.01495, 0.214505, 0.214482, 0.785518
3.08962, 0.148156, 1.02196, 0.215615, 0.215592, 0.784408
3.09048, 0.148895, 1.02896, 0.216727, 0.216705, 0.783295
3.09134, 0.14963, 1.03597, 0.217841, 0.217819, 0.782181
3.0922, 0.150366, 1.04298, 0.218958, 0.218935, 0.781065
3.09305, 0.151104, 1.04999, 0.220076, 0.220054, 0.779946
3.09391, 0.151843, 1.057, 0.221198, 0.221175, 0.778825
3.09477, 0.152584, 1.06401, 0.222322, 0.222299, 0.777701
3.09563, 0.153326, 1.07102, 0.223448, 0.223425, 0.776575
3.09648, 0.15407, 1.07803, 0.224576, 0.224553, 0.775447
3.09734, 0.154815, 1.08504, 0.225707, 0.225684, 0.774316
3.0982, 0.155562, 1.09205, 0.22684, 0.226817, 0.773183
3.09906, 0.15631, 1.09906, 0.227975, 0.227952, 0.772048
3.09991, 0.15706, 1.10607, 0.229113, 0.22909, 0.77091
3.10077, 0.157811, 1.11308, 0.230253, 0.23023, 0.76977
3.10163, 0.158563, 1.12009, 0.231395, 0.231372, 0.768628
3.10249, 0.159317, 1.12709, 0.23254, 0.232517, 0.767483
3.10334, 0.160073, 1.1341, 0.233687, 0.233664, 0.766336
3.1042, 0.16083, 1.14111, 0.234837, 0.234814, 0.765186
3.10506, 0.161588, 1.14812, 0.235988, 0.235965, 0.764035
3.10592, 0.162348, 1.15513, 0.237142, 0.237119, 0.762881
3.10678, 0.163109, 1.16214, 0.238299, 0.238276, 0.761724
3.10763, 0.163872, 1.16915, 0.239458, 0.239434, 0.760566
3.10849, 0.164636, 1.17616, 0.240619, 0.240595, 0.759405
3.10935, 0.165401, 1.18317, 0.241782, 0.241759, 0.758241
3.11021, 0.166168, 1.19018, 0.242948, 0.242924, 0.757076
3.11106, 0.166937, 1.19719, 0.244116, 0.244092, 0.755908
3.11192, 0.167707, 1.2042, 0.245286, 0.245262, 0.754738
3.11278, 0.168478, 1.21121, 0.246458, 0.246435, 0.753565
3.11364, 0.169251, 1.21822, 0.247633, 0.24761, 0.75239
3.11449, 0.170025, 1.22522, 0.248811, 0.248787, 0.751213
3.11535, 0.170801, 1.23223, 0.24999, 0.249966, 0.750034
3.11621, 0.171578, 1.23924, 0.251172, 0.251148, 0.748852
3.11707, 0.172356, 1.24625, 0.252356, 0.252332, 0.747668
3.11792, 0.173136, 1.25326, 0.253542, 0.253519, 0.746481
3.11878, 0.173918, 1.26027, 0.254731, 0.254707, 0.745293
3.11964, 0.1747, 1.26728, 0.255922, 0.255898, 0.744102
3.1205, 0.175485, 1.27429, 0.257115, 0.257091, 0.742909
3.12136, 0.17627, 1.2813, 0.258311, 0.258287, 0.741713
3.12221, 0.177057, 1.28831, 0.259509, 0.259485, 0.740515
3.12307, 0.177846, 1.29532, 0.260709, 0.260685, 0.739315
3.12393, 0.178635, 1.30233, 0.261911, 0.261887, 0.738113
3.12479, 0.179427, 1.30934, 0.263116, 0.263092, 0.736908
3.12564, 0.180219, 1.31635, 0.264323, 0.264299, 0.735701
3.1265, 0.181014, 1.32336, 0.265532, 0.265508, 0.734492
3.12736, 0.181809, 1.33036, 0.266743, 0.266719, 0.733281
3.12822, 0.182606, 1.33737, 0.267957, 0.267933, 0.732067
3.12907, 0.183404, 1.34438, 0.269173, 0.269149, 0.730851
3.12993, 0.184204, 1.35139, 0.270392, 0.270367, 0.729633
3.13079, 0.185005, 1.3584, 0.271612, 0.271588, 0.728412
3.13165, 0.185808, 1.36541, 0.272835, 0.27281, 0.72719
3.1325, 0.186612, 1.37242, 0.27406, 0.274035, 0.725965
3.13336, 0.187417, 1.37943, 0.275287, 0.275263, 0.724737
3.13422, 0.188224, 1.38644, 0.276517, 0.276492, 0.723508
3.13508, 0.189032, 1.39345, 0.277749, 0.277724, 0.722276
3.13593, 0.189842, 1.40046, 0.278983, 0.278958, 0.721042
3.13679, 0.190653, 1.40747, 0.280219, 0.280194, 0.719806
3.13765, 0.191465, 1.41448, 0.281458, 0.281433, 0.718567
3.13851, 0.192279, 1.42149, 0.282698, 0.282674, 0.717326
3.13937, 0.193094, 1.42849, 0.283942, 0.283917, 0.716083
3.14022, 0.19391, 1.4355, 0.285187, 0.285162, 0.714838
3.14108, 0.194728, 1.44251, 0.286434, 0.286409, 0.713591
3.14194, 0.195547, 1.44952, 0.287684, 0.287659, 0.712341
3.1428, 0.196368, 1.45653, 0.288936, 0.288911, 0.711089
3.14365, 0.19719, 1.46354, 0.29019, 0.290165, 0.709835
3.14451, 0.198013, 1.47055, 0.291447, 0.291422, 0.708578
3.14537, 0.198838, 1.47756, 0.292705, 0.29268, 0.70732
3.14623, 0.199664, 1.48457, 0.293966, 0.293941, 0.706059
3.14708, 0.200492, 1.49158, 0.29523, 0.295204, 0.704796
3.14794, 0.201321, 1.49859, 0.296495, 0.29647, 0.70353
3.1488, 0.202151, 1.5056, 0.297762, 0.297737, 0.702263
3.14966, 0.202983, 1.51261, 0.299032, 0.299007, 0.700993
3.15051, 0.203816, 1.51962, 0.300304, 0.300279, 0.699721
3.15137, 0.20465, 1.52662, 0.301579, 0.301553, 0.698447
3.15223, 0.205486, 1.53363, 0.302855, 0.302829, 0.697171
3.15309, 0.206323, 1.54064, 0.304134, 0.304108, 0.695892
3.15395, 0.207162, 1.54765, 0.305414, 0.305389, 0.694611
3.1548, 0.208001, 1.55466, 0.306697, 0.306672, 0.693328
3.15566, 0.208843, 1.56167, 0.307983, 0.307957, 0.692043
3.15652, 0.209685, 1.56868, 0.30927, 0.309244, 0.690756
3.15738, 0.210529, 1.57569, 0.31056, 0.310534, 0.689466
3.15823, 0.211374, 1.5827, 0.311852, 0.311826, 0.688174
3.15909, 0.212221, 1.58971, 0.313146, 0.31312, 0.68688
3.15995, 0.213069, 1.59672, 0.314442, 0.314416, 0.685584
3.16081, 0.213918, 1.60373, 0.31574, 0.315714, 0.684286
3.16166, 0.214769, 1.61074, 0.317041, 0.317015, 0.682985
3.16252, 0.215621, 1.61775, 0.318344, 0.318318, 0.681682
3.16338, 0.216474, 1.62475, 0.319649, 0.319622, 0.680378
3.16424, 0.217329, 1.63176, 0.320956, 0.32093, 0.67907
3.16509, 0.218185, 1.63877, 0.322265, 0.322239, 0.677761
3.16595, 0.219043, 1.64578, 0.323577, 0.32355, 0.67645
3.16681, 0.219901, 1.65279, 0.32489, 0.324864, 0.675136
3.16767, 0.220761, 1.6598, 0.326206, 0.32618, 0.67382
3.16852, 0.221623, 1.66681, 0.327524, 0.327498, 0.672502
3.16938, 0.222486, 1.67382, 0.328844, 0.328818, 0.671182
3.17024, 0.22335, 1.68083, 0.330166, 0.33014, 0.66986
3.1711, 0.224215, 1.68784, 0.331491, 0.331464, 0.668536
3.17196, 0.225082, 1.69485, 0.332818, 0.332791, 0.667209
3.17281, 0.22595, 1.70186, 0.334147, 0.33412, 0.66588
3.17367, 0.226819, 1.70887, 0.335477, 0.335451, 0.664549
3.17453, 0.22769, 1.71588, 0.336811, 0.336784, 0.663216
3.17539, 0.228562, 1.72288, 0.338146, 0.338119, 0.661881
3.17624, 0.229436, 1.72989, 0.339483, 0.339457, 0.660543
3.1771, 0.23031, 1.7369, 0.340823, 0.340796, 0.659204
3.17796, 0.231186, 1.74391, 0.342165, 0.342138, 0.657862
3.17882, 0.232064, 1.75092, 0.343509, 0.343482, 0.656518
3.17967, 0.232942, 1.75793, 0.344855, 0.344828, 0.655172
3.18053, 0.233822, 1.76494, 0.346203, 0.346176, 0.653824
3.18139, 0.234704, 1.77195, 0.347553, 0.347526, 0.652474
3.18225, 0.235586, 1.77896, 0.348906, 0.348878, 0.651122
3.1831, 0.23647, 1.78597, 0.35026, 0.350233, 0.649767
3.18396, 0.237356, 1.79298, 0.351617, 0.35159, 0.64841
3.18482, 0.238242, 1.79999, 0.352976, 0.352948, 0.647052
3.18568, 0.23913, 1.807, 0.354337, 0.354309, 0.645691
3.18654, 0.240019, 1.81401, 0.3557, 0.355672, 0.644328
3.18739, 0.24091, 1.82102, 0.357065, 0.357038, 0.642962
3.18825, 0.241801, 1.82802, 0.358432, 0.358405, 0.641595
3.18911, 0.242694, 1.83503, 0.359802, 0.359774, 0.640226
3.18997, 0.243589, 1.84204, 0.361173, 0.361146, 0.638854
3.19082, 0.244485, 1.84905, 0.362547, 0.36252, 0.63748
3.19168, 0.245382, 1.85606, 0.363923, 0.363895, 0.636105
3.19254, 0.24628, 1.86307, 0.365301, 0.365273, 0.634727
3.1934, 0.247179, 1.87008, 0.366681, 0.366653, 0.633347
3.19425, 0.24808, 1.87709, 0.368063, 0.368036, 0.631964
3.19511, 0.248982, 1.8841, 0.369448, 0.36942, 0.63058
3.19597, 0.249886, 1.89111, 0.370834, 0.370806, 0.629194
3.19683, 0.250791, 1.89812, 0.372222, 0.372195, 0.627805
3.19768, 0.251697, 1.90513, 0.373613, 0.373585, 0.626415
3.19854, 0.252604, 1.91214, 0.375006, 0.374978, 0.625022
3.1994, 0.253513, 1.91915, 0.376401, 0.376373, 0.623627
3.20026, 0.254422, 1.92615, 0.377797, 0.377769, 0.622231
3.20111, 0.255334, 1.93316, 0.379196, 0.379168, 0.620832
3.20197, 0.256246, 1.94017, 0.380597, 0.380569, 0.619431
3.20283, 0.25716, 1.94718, 0.382001, 0.381973, 0.618027
3.20369, 0.258075, 1.95419, 0.383406, 0.383378, 0.616622
3.20455, 0.258991, 1.9612, 0.384813, 0.384785, 0.615215
3.2054, 0.259909, 1.96821, 0.386223, 0.386195, 0.613805
3.20626, 0.260827, 1.97522, 0.387634, 0.387606, 0.612394
3.20712, 0.261748, 1.98223, 0.389048, 0.38902, 0.61098
3.20798, 0.262669, 1.98924, 0.390464, 0.390435, 0.609565
3.20883, 0.263592, 1.99625, 0.391881, 0.391853, 0.608147
3.20969, 0.264516, 2.00326, 0.393301, 0.393273, 0.606727
3.21055, 0.265441, 2.01027, 0.394723, 0.394695, 0.605305
3.21141, 0.266367, 2.01728, 0.396147, 0.396119, 0.603881
3.21226, 0.267295, 2.02428, 0.397573, 0.397545, 0.602455
3.21312, 0.268224, 2.03129, 0.399001, 0.398973, 0.601027
3.21398, 0.269154, 2.0383, 0.400431, 0.400403, 0.599597
3.21484, 0.270086, 2.04531, 0.401864, 0.401835, 0.598165
3.21569, 0.271018, 2.05232, 0.403298, 0.403269, 0.596731
3.21655, 0.271952, 2.05933, 0.404734, 0.404706, 0.595294
3.21741, 0.272888, 2.06634, 0.406173, 0.406144, 0.593856
3.21827, 0.273824, 2.07335, 0.407613, 0.407585, 0.592415
3.21913, 0.274762, 2.08036, 0.409056, 0.409027, 0.590973
3.21998, 0.275701, 2.08737, 0.410501, 0.410472, 0.589528
3.22084, 0.276641, 2.09438, 0.411947, 0.411918, 0.588082
3.2217, 0.277583, 2.10139, 0.413396, 0.413367, 0.586633
3.22256, 0.278525, 2.1084, 0.414847, 0.414818, 0.585182
3.22341, 0.279469, 2.11541, 0.416299, 0.41627, 0.58373
3.22427, 0.280415, 2.12241, 0.417754, 0.417725, 0.582275
3.22513, 0.281361, 2.12942, 0.419211, 0.419182, 0.580818
3.22599, 0.282309, 2.13643, 0.42067, 0.420641, 0.579359
3.22684, 0.283258, 2.14344, 0.422131, 0.422102, 0.577898
3.2277, 0.284208, 2.15045, 0.423594, 0.423565, 0.576435
3.22856, 0.28516, 2.15746, 0.425059, 0.42503, 0.57497
3.22942, 0.286112, 2.16447, 0.426526, 0.426497, 0.573503
3.23027, 0.287066, 2.17148, 0.427995, 0.427966, 0.572034
3.23113, 0.288021, 2.17849, 0.429466, 0.429437, 0.570563
3.23199, 0.288978, 2.1855, 0.43094, 0.43091, 0.56909
3.23285, 0.289935, 2.19251, 0.432415, 0.432385, 0.567615
3.2337, 0.290894, 2.19952, 0.433892, 0.433862, 0.566138
3.23456, 0.291854, 2.20653, 0.435371, 0.435342, 0.564658
3.23542, 0.292816, 2.21354, 0.436852, 0.436823, 0.563177
3.23628, 0.293778, 2.22054, 0.438336, 0.438306, 0.561694
3.23714, 0.294742, 2.22755, 0.439821, 0.439791, 0.560209
3.23799, 0.295707, 2.23456, 0.441308, 0.441278, 0.558722
3.23885, 0.296673, 2.24157, 0.442798, 0.442768, 0.557232
3.23971, 0.297641, 2.24858, 0.444289, 0.444259, 0.555741
3.24057, 0.298609, 2.25559, 0.445782, 0.445752, 0.554248
3.24142, 0.299579, 2.2626, 0.447277, 0.447248, 0.552752
3.24228, 0.30055, 2.26961, 0.448775, 0.448745, 0.551255
3.24314, 0.301523, 2.27662, 0.450274, 0.450244, 0.549756
3.244, 0.302496, 2.28363, 0.451775, 0.451745, 0.548255
3.24485, 0.303471, 2.29064, 0.453279, 0.453249, 0.546751
3.24571, 0.304447, 2.29765, 0.454784, 0.454754, 0.545246
3.24657, 0.305424, 2.30466, 0.456291, 0.456261, 0.543739
3.24743, 0.306402, 2.31167, 0.457801, 0.45777, 0.54223
3.24828, 0.307382, 2.31868, 0.459312, 0.459282, 0.540718
3.24914, 0.308362, 2.32568, 0.460825, 0.460795, 0.539205
3.25, 0.306389, 2.32793, 0.461795, 0.461795, 0.538205
3.25004, 0.298308, 2.32092, 0.461657, 0.461664, 0.538336
3.25009, 0.289901, 2.31391, 0.46109, 0.461106, 0.538894
3.25013, 0.281243, 2.3069, 0.460046, 0.460072, 0.539928
3.25018, 0.272401, 2.29989, 0.458491, 0.458527, 0.541473
3.25022, 0.263436, 2.29288, 0.456399, 0.456446, 0.543554
3.25027, 0.254402, 2.28587, 0.453753, 0.453812, 0.546188
3.25031, 0.245348, 2.27886, 0.450546, 0.450616, 0.549384
3.25036, 0.236314, 2.27185, 0.446779, 0.44686, 0.55314
3.2504, 0.227335, 2.26484, 0.44246, 0.442552, 0.557448
3.25045, 0.218439, 2.25783, 0.437606, 0.437708, 0.562292
3.25049, 0.209649, 2.25083, 0.432237, 0.432349, 0.567651
3.25054, 0.200983, 2.24382, 0.426378, 0.4265, 0.5735
3.25058, 0.192456, 2.23681, 0.420058, 0.420189, 0.579811
3.25063, 0.184081, 2.2298, 0.413306, 0.413445, 0.586555
3.25067, 0.175867, 2.22279, 0.406152, 0.406299, 0.593701
3.25072, 0.167821, 2.21578, 0.39863, 0.398784, 0.601216
3.25076, 0.159951, 2.20877, 0.39077, 0.39093, 0.60907
3.25081, 0.152261, 2.20176, 0.382603, 0.382769, 0.617231
3.25085, 0.144755, 2.19475, 0.374159, 0.37433, 0.62567
3.2509, 0.137437, 2.18774, 0.365468, 0.365644, 0.634356
3.25094, 0.130309, 2.18073, 0.356559, 0.356739, 0.643261
3.25099, 0.123374, 2.17372, 0.347459, 0.347643, 0.652357
3.25103, 0.116633, 2.16671, 0.338194, 0.338381, 0.661619
3.25108, 0.11009, 2.1597, 0.328793, 0.328982, 0.671018
3.25112, 0.103762, 2.15269, 0.319307, 0.319498, 0.680502
3.25117, 0.0976495, 2.14569, 0.309762, 0.309954, 0.690046
3.25121, 0.091749, 2.13868, 0.300177, 0.300369, 0.699631
3.25126, 0.0860568, 2.13167, 0.29057, 0.290762, 0.709238
3.2513, 0.0805695, 2.12466, 0.280958, 0.28115, 0.71885
3.25135, 0.0752838, 2.11765, 0.271357, 0.271548, 0.728452
3.25139, 0.0701967, 2.11064, 0.261781, 0.261973, 0.738027
3.25144, 0.0653051, 2.10363, 0.252247, 0.252437, 0.747563
3.25148, 0.0606061, 2.09662, 0.242767, 0.242956, 0.757044
3.25153, 0.0560969, 2.08961, 0.233355, 0.233542, 0.766458
3.25157, 0.0517744, 2.0826, 0.224023, 0.224208, 0.775792
3.25162, 0.0476358, 2.07559, 0.214783, 0.214966, 0.785034
3.25166, 0.0436782, 2.06858, 0.205646, 0.205828, 0.794172
3.25171, 0.0398986, 2.06157, 0.196623, 0.196803, 0.803197
3.25175, 0.0362942, 2.05456, 0.187725, 0.187902, 0.812098
3.2518, 0.0328618, 2.04756, 0.178962, 0.179136, 0.820864
3.25184, 0.0295985, 2.04055, 0.170342, 0.170513, 0.829487
3.25189, 0.026501, 2.03354, 0.161874, 0.162042, 0.837958
3.25193, 0.0235662, 2.02653, 0.153568, 0.153732, 0.846268
3.25198, 0.0207908, 2.01952, 0.14543, 0.145591, 0.854409
3.25202, 0.0181714, 2.01251, 0.137469, 0.137626, 0.862374
3.25207, 0.0157047, 2.0055, 0.129691, 0.129845, 0.870155
3.25211, 0.0133871, 1.99849, 0.122104, 0.122254, 0.877746
3.25216, 0.011215, 1.99148, 0.114714, 0.11486, 0.88514
3.2522, 0.00932424, 1.98447, 0.10755, 0.107689, 0.892311
3.25224, 0.00761933, 1.97746, 0.100915, 0.101042, 0.898958
3.25229, 0.00607708, 1.97045, 0.0948488, 0.0949649, 0.905035
3.25233, 0.00468139, 1.96344, 0.0892955, 0.0894019, 0.910598
3.25238, 0.00341771, 1.95643, 0.0842043, 0.0843019, 0.915698
3.25242, 0.00227294, 1.94943, 0.0795301, 0.0796198, 0.92038
3.25247, 0.00123527, 1.94242, 0.0752324, 0.0753149, 0.924685
3.25251, 0.000294077, 1.93541, 0.0712753, 0.0713513, 0.928649
3.25256, -0.000560184, 1.9284, 0.0676264, 0.0676966, 0.932303
3.2526, -0.0013361, 1.92139, 0.0642571, 0.064322, 0.935678
3.25265, -0.00204137, 1.91438, 0.0611416, 0.0612016, 0.938798
3.25269, -0.00268293, 1.90737, 0.0582569, 0.0583124, 0.941688
3.25274, -0.00326699, 1.90036, 0.0555821, 0.0556337, 0.944366
3.25278, -0.00379914, 1.89335, 0.0530989, 0.0531468, 0.946853
3.25283, -0.00428441, 1.88634, 0.0507904, 0.050835, 0.949165
3.25287, -0.00472729, 1.87933, 0.0486417, 0.0486832, 0.951317
3.25292, -0.00513185, 1.87232, 0.0466394, 0.0466781, 0.953322
3.25296, -0.00550173, 1.86531, 0.0447711, 0.0448072, 0.955193
3.25301, -0.00584022, 1.8583, 0.0430259, 0.0430596, 0.95694
3.25305, -0.00615026, 1.8513, 0.0413938, 0.0414254, 0.958575
3.2531, -0.00643452, 1.84429, 0.0398659, 0.0398955, 0.960105
3.25314, -0.00669539, 1.83728, 0.0384339, 0.0384616, 0.961538
3.25319, -0.00693503, 1.83027, 0.0370905, 0.0371165, 0.962883
3.25323, -0.00715541, 1.82326, 0.0358289, 0.0358533, 0.964147
3.25328, -0.00735827, 1.81625, 0.0346429, 0.034666, 0.965334
3.25332, -0.00754522, 1.80924, 0.0335271, 0.0335488, 0.966451
3.25337, -0.0077177, 1.80223, 0.0324763, 0.0324967, 0.967503
3.25341, -0.007877, 1.79522, 0.0314858, 0.0315051, 0.968495
3.25346, -0.00802432, 1.78821, 0.0305515, 0.0305696, 0.96943
3.2535, -0.00816072, 1.7812, 0.0296693, 0.0296864, 0.970314
3.25355, -0.00828717, 1.77419, 0.0288357, 0.0288519, 0.971148
3.25359, -0.00840455, 1.76718, 0.0280475, 0.0280628, 0.971937
3.25364, -0.00851368, 1.76017, 0.0273016, 0.0273161, 0.972684
3.25368, -0.00861527, 1.75317, 0.0265953, 0.0266091, 0.973391
3.25373, -0.00870999, 1.74616, 0.025926, 0.025939, 0.974061
3.25377, -0.00879845, 1.73915, 0.0252914, 0.0253037, 0.974696
3.25382, -0.0088812, 1.73214, 0.0246892, 0.0247009, 0.975299
3.25386, -0.00895873, 1.72513, 0.0241175, 0.0241287, 0.975871
3.25391, -0.00903151, 1.71812, 0.0235745, 0.0235851, 0.976415
3.25395, -0.00909995, 1.71111, 0.0230584, 0.0230684, 0.976932
3.254, -0.00916445, 1.7041, 0.0225676, 0.0225771, 0.977423
3.25404, -0.00922534, 1.69709, 0.0221006, 0.0221097, 0.97789
3.25409, -0.00928296, 1.69008, 0.0216562, 0.0216648, 0.978335
3.25413, -0.00933759, 1.68307, 0.0212329, 0.0212412, 0.978759
3.25418, -0.00938951, 1.67606, 0.0208297, 0.0208376, 0.979162
3.25422, -0.00943896, 1.66905, 0.0204454, 0.0204529, 0.979547
3.25427, -0.00948617, 1.66204, 0.020079, 0.0200862, 0.979914
3.25431, -0.00953136, 1.65503, 0.0197296, 0.0197364, 0.980264
3.25436, -0.00957471, 1.64803, 0.0193963, 0.0194028, 0.980597
3.2544, -0.0096164, 1.64102, 0.0190782, 0.0190844, 0.980916
3.25445, -0.0096566, 1.63401, 0.0187746, 0.0187805, 0.981219
3.25449, -0.00969546, 1.627, 0.0184847, 0.0184904, 0.98151
3.25453, -0.00973312, 1.61999, 0.0182079, 0.0182133, 0.981787
3.25458, -0.00976972, 1.61298, 0.0179436, 0.0179487, 0.982051
3.25462, -0.00980536, 1.60597, 0.0176911, 0.017696, 0.982304
3.25467, -0.00984017, 1.59896, 0.0174499, 0.0174546, 0.982545
3.25471, -0.00987424, 1.59195, 0.0172197, 0.0172242, 0.982776
3.25476, -0.0099076, 1.58494, 0.0170003, 0.0170046, 0.982995
3.2548, -0.00994034, 1.57793, 0.0167914, 0.0167954, 0.983205
3.25485, -0.00997254, 1.57092, 0.0165923, 0.0165962, 0.983404
3.25489, -0.0100043, 1.56391, 0.0164028, 0.0164065, 0.983594
3.25494, -0.0100357, 1.5569, 0.0162223, 0.0162258, 0.983774
3.25498, -0.0100667, 1.5499, 0.0160505, 0.0160539, 0.983946
3.25503, -0.0100976, 1.54289, 0.0158871, 0.0158903, 0.98411
3.25507, -0.0101283, 1.53588, 0.0157316, 0.0157347, 0.984265
3.25512, -0.0101588, 1.52887, 0.0155839, 0.0155868, 0.984413
3.25516, -0.0101894, 1.52186, 0.0154436, 0.0154464, 0.984554
3.25521, -0.0102199, 1.51485, 0.0153105, 0.0153131, 0.984687
3.25525, -0.0102506, 1.50784, 0.0151843, 0.0151867, 0.984813
3.2553, -0.0102814, 1.50083, 0.0150648, 0.0150671, 0.984933
3.25534, -0.0103124, 1.49382, 0.0149517, 0.0149539, 0.985046
3.25539, -0.0103437, 1.48681, 0.014845, 0.0148471, 0.985153
3.25543, -0.0103753, 1.4798, 0.0147445, 0.0147465, 0.985254
3.25548, -0.0104073, 1.47279, 0.01465, 0.0146518, 0.985348
3.25552, -0.0104398, 1.46578, 0.0145614, 0.0145631, 0.985437
3.25557, -0.0104728, 1.45877, 0.0144786, 0.0144802, 0.98552
3.25561, -0.0105065, 1.45177, 0.0144016, 0.0144031, 0.985597
3.25566, -0.0105409, 1.44476, 0.0143303, 0.0143317, 0.985668
3.2557, -0.0105761, 1.43775, 0.0142646, 0.0142659, 0.985734
3.25575, -0.0106123, 1.43074, 0.0142047, 0.0142058, 0.985794
3.25579, -0.0106495, 1.42373, 0.0141505, 0.0141515, 0.985848
3.25584, -0.0106879, 1.41672, 0.0141021, 0.014103, 0.985897
3.25588, -0.0107276, 1.40971, 0.0140596, 0.0140604, 0.98594
3.25593, -0.0107689, 1.4027, 0.0140232, 0.0140238, 0.985976
3.25597, -0.0108118, 1.39569, 0.013993, 0.0139936, 0.986006
3.25602, -0.0108567, 1.38868, 0.0139694, 0.0139698, 0.98603
3.25606, -0.0109038, 1.38167, 0.0139527, 0.013953, 0.986047
3.25611, -0.0109533, 1.37466, 0.0139433, 0.0139434, 0.986057
3.25615, -0.0110061, 1.36765, 0.0139425, 0.0139423, 0.986058
3.2562, -0.0110671, 1.36064, 0.0139602, 0.0139596, 0.98604
3.25624, -0.0111373, 1.35364, 0.0139975, 0.0139966, 0.986003
3.25629, -0.0112157, 1.34663, 0.0140523, 0.0140511, 0.985949
3.25633, -0.0113015, 1.33962, 0.0141227, 0.0141211, 0.985879
3.25638, -0.011394, 1.33261, 0.014207, 0.0142052, 0.985795
3.25642, -0.0114927, 1.3256, 0.0143039, 0.0143019, 0.985698
3.25647, -0.011597, 1.31859, 0.0144123, 0.01441, 0.98559
3.25651, -0.0117064, 1.31158, 0.0145311, 0.0145286, 0.985471
3.25656, -0.0118207, 1.30457, 0.0146593, 0.0146567, 0.985343
3.2566, -0.0119393, 1.29756, 0.0147962, 0.0147934, 0.985207
3.25665, -0.012062, 1.29055, 0.014941, 0.014938, 0.985062
3.25669, -0.0121884, 1.28354, 0.015093, 0.0150899, 0.98491
3.25673, -0.0123184, 1.27653, 0.0152516, 0.0152484, 0.984752
3.25678, -0.0124515, 1.26952, 0.0154163, 0.015413, 0.984587
3.25682, -0.0125876, 1.26251, 0.0155866, 0.0155831, 0.984417
3.25687, -0.0127265, 1.25551, 0.0157619, 0.0157584, 0.984242
3.25691, -0.0128679, 1.2485, 0.0159419, 0.0159383, 0.984062
3.25696, -0.0130117, 1.24149, 0.0161262, 0.0161225, 0.983878
3.257, -0.0131576, 1.23448, 0.0163143, 0.0163105, 0.983689
3.25705, -0.0133055, 1.22747, 0.016506, 0.0165021, 0.983498
3.25709, -0.0134552, 1.22046, 0.0167008, 0.0166969, 0.983303
3.25714, -0.0136065, 1.21345, 0.0168986, 0.0168946, 0.983105
3.25718, -0.0137593, 1.20644, 0.017099, 0.0170949, 0.982905
3.25723, -0.0139135, 1.19943, 0.0173017, 0.0172976, 0.982702
3.25727, -0.0140689, 1.19242, 0.0175065, 0.0175024, 0.982498
3.25732, -0.0142255, 1.18541, 0.0177132, 0.017709, 0.982291
3.25736, -0.0143829, 1.1784, 0.0179215, 0.0179173, 0.982083
3.25741, -0.0145413, 1.17139, 0.0181312, 0.018127, 0.981873
3.25745, -0.0147003, 1.16438, 0.0183422, 0.018338, 0.981662
3.2575, -0.0148601, 1.15737, 0.0185543, 0.01855, 0.98145
3.25754, -0.0150203, 1.15037, 0.0187672, 0.0187629, 0.981237
3.25759, -0.015181, 1.14336, 0.0189809, 0.0189766, 0.981023
3.25763, -0.0153421, 1.13635, 0.0191951, 0.0191908, 0.980809
3.25768, -0.0155034, 1.12934, 0.0194098, 0.0194055, 0.980594
3.25772, -0.015665, 1.12233, 0.0196248, 0.0196205, 0.980379
3.25777, -0.0158266, 1.11532, 0.01984, 0.0198357, 0.980164
3.25781, -0.0159884, 1.10831, 0.0200553, 0.020051, 0.979949
3.25786, -0.0161501, 1.1013, 0.0202706, 0.0202663, 0.979734
3.2579, -0.0163117, 1.09429, 0.0204857, 0.0204814, 0.979519
3.25795, -0.0164732, 1.08728, 0.0207007, 0.0206964, 0.979304
3.25799, -0.0166345, 1.08027, 0.0209153, 0.020911, 0.979089
3.25804, -0.0167956, 1.07326, 0.0211295, 0.0211252, 0.978875
3.25808, -0.0169563, 1.06625, 0.0213433, 0.021339, 0.978661
3.25813, -0.0171168, 1.05924, 0.0215566, 0.0215523, 0.978448
3.25817, -0.0172769, 1.05224, 0.0217693, 0.021765, 0.978235
3.25822, -0.0174365, 1.04523, 0.0219813, 0.0219771, 0.978023
3.25826, -0.0175957, 1.03822, 0.0221927, 0.0221885, 0.977812
3.25831, -0.0177545, 1.03121, 0.0224033, 0.0223991, 0.977601
3.25835, -0.0179127, 1.0242, 0.0226132, 0.022609, 0.977391
3.2584, -0.0180703, 1.01719, 0.0228222, 0.022818, 0.977182
3.25844, -0.0182274, 1.01018, 0.0230303, 0.0230262, 0.976974
3.25849, -0.0183839, 1.00317, 0.0232376, 0.0232335, 0.976767
3.25853, -0.0185398, 0.996161, 0.0234439, 0.0234398, 0.97656
3.25858, -0.018695, 0.989152, 0.0236493, 0.0236452, 0.976355
3.25862, -0.0188496, 0.982143, 0.0238537, 0.0238497, 0.97615
3.25867, -0.0190035, 0.975133, 0.0240572, 0.0240531, 0.975947
3.25871, -0.0191567, 0.968124, 0.0242596, 0.0242555, 0.975744
3.25876, -0.0193092, 0.961115, 0.0244609, 0.0244569, 0.975543
3.2588, -0.019461, 0.954105, 0.0246612, 0.0246573, 0.975343
3.25885, -0.019612, 0.947096, 0.0248605, 0.0248565, 0.975143
3.25889, -0.0197623, 0.940087, 0.0250587, 0.0250547, 0.974945
3.25893, -0.0199119, 0.933077, 0.0252558, 0.0252519, 0.974748
3.25898, -0.0200607, 0.926068, 0.0254518, 0.0254479, 0.974552
3.25902, -0.0202087, 0.919059, 0.0256467, 0.0256428, 0.974357
3.25907, -0.0203559, 0.91205, 0.0258405, 0.0258367, 0.974163
3.25911, -0.0205024, 0.90504, 0.0260332, 0.0260294, 0.973971
3.25916, -0.0206481, 0.898031, 0.0262249, 0.026221, 0.973779
3.2592, -0.020793, 0.891022, 0.0264153, 0.0264116, 0.973588
3.25925, -0.0209371, 0.884012, 0.0266047, 0.026601, 0.973399
3.25929, -0.0210804, 0.877003, 0.026793, 0.0267893, 0.973211
3.25934, -0.0212229, 0.869994, 0.0269802, 0.0269765, 0.973024
3.25938, -0.0213646, 0.862984, 0.0271663, 0.0271626, 0.972837
3.25943, -0.0215055, 0.855975, 0.0273512, 0.0273475, 0.972652
3.25947, -0.0216456, 0.848966, 0.0275351, 0.0275314, 0.972469
3.25952, -0.021785, 0.841957, 0.0277179, 0.0277142, 0.972286
3.25956, -0.0219235, 0.834947, 0.0278996, 0.027896, 0.972104
3.25961, -0.0220612, 0.827938, 0.0280802, 0.0280766, 0.971923
3.25965, -0.0221981, 0.820929, 0.0282597, 0.0282561, 0.971744
3.2597, -0.0223343, 0.813919, 0.0284382, 0.0284346, 0.971565
3.25974, -0.0224696, 0.80691, 0.0286156, 0.028612, 0.971388
3.25979, -0.0226042, 0.799901, 0.0287919, 0.0287884, 0.971212
3.25983, -0.0227379, 0.792892, 0.0289672, 0.0289637, 0.971036
3.25988, -0.0228709, 0.785882, 0.0291415, 0.029138, 0.970862
3.25992, -0.0230031, 0.778873, 0.0293147, 0.0293112, 0.970689
3.25997, -0.0231346, 0.771864, 0.0294869, 0.0294835, 0.970517
3.26001, -0.0232652, 0.764854, 0.0296581, 0.0296547, 0.970345
3.26006, -0.0233951, 0.757845, 0.0298282, 0.0298248, 0.970175
3.2601, -0.0235243, 0.750836, 0.0299974, 0.029994, 0.970006
3.26015, -0.0236527, 0.743826, 0.0301656, 0.0301622, 0.969838
3.26019, -0.0237803, 0.736817, 0.0303328, 0.0303295, 0.969671
3.26024, -0.0239071, 0.729808, 0.030499, 0.0304957, 0.969504
3.26028, -0.0240333, 0.722799, 0.0306643, 0.030661, 0.969339
3.26033, -0.0241587, 0.715789, 0.0308286, 0.0308254, 0.969175
3.26037, -0.0242833, 0.70878, 0.030992, 0.0309887, 0.969011
3.26042, -0.0244072, 0.701771, 0.0311545, 0.0311512, 0.968849
3.26046, -0.0245304, 0.694761, 0.031316, 0.0313127, 0.968687
3.26051, -0.0246529, 0.687752, 0.0314766, 0.0314734, 0.968527
3.26055, -0.0247746, 0.680743, 0.0316363, 0.0316331, 0.968367
3.2606, -0.0248957, 0.673734, 0.0317951, 0.0317919, 0.968208
3.26064, -0.0250161, 0.666724, 0.0319531, 0.0319499, 0.96805
3.26069, -0.0251367, 0.659715, 0.0321117, 0.0321086, 0.967891
3.26073, -0.025258, 0.652706, 0.0322714, 0.0322682, 0.967732
3.26078, -0.0253797, 0.645696, 0.032432, 0.0324288, 0.967571
3.26082, -0.025502, 0.638687, 0.0325937, 0.0325904, 0.96741
3.26087, -0.0256249, 0.631678, 0.0327564, 0.0327531, 0.967247
3.26091, -0.0257483, 0.624668, 0.0329201, 0.0329168, 0.967083
3.26096, -0.0258723, 0.617659, 0.0330848, 0.0330815, 0.966918
3.261, -0.0259969, 0.61065, 0.0332507, 0.0332473, 0.966753
3.26105, -0.0261221, 0.603641, 0.0334175, 0.0334142, 0.966586
3.26109, -0.0262479, 0.596631, 0.0335855, 0.0335821, 0.966418
3.26114, -0.0263742, 0.589622, 0.0337545, 0.0337511, 0.966249
3.26118, -0.0265012, 0.582613, 0.0339246, 0.0339211, 0.966079
3.26122, -0.0266288, 0.575603, 0.0340957, 0.0340923, 0.965908
3.26127, -0.0267568, 0.568594, 0.034268, 0.0342646, 0.965735
3.26131, -0.0268851, 0.561585, 0.0344415, 0.034438, 0.965562
3.26136, -0.0270138, 0.554575, 0.034616, 0.0346125, 0.965387
3.2614, -0.0271428, 0.547566, 0.0347917, 0.0347882, 0.965212
3.26145, -0.0272723, 0.540557, 0.0349686, 0.034965, 0.965035
3.26149, -0.0274021, 0.533548, 0.0351466, 0.035143, 0.964857
3.26154, -0.0275324, 0.526538, 0.0353258, 0.0353222, 0.964678
3.26158, -0.0276632, 0.519529, 0.0355061, 0.0355025, 0.964498
3.26163, -0.0277945, 0.51252, 0.0356876, 0.035684, 0.964316
3.26167, -0.0279262, 0.50551, 0.0358703, 0.0358667, 0.964133
3.26172, -0.0280585, 0.498501, 0.0360542, 0.0360505, 0.963949
3.26176, -0.0281914, 0.491492, 0.0362393, 0.0362356, 0.963764
3.26181, -0.0283248, 0.484483, 0.0364256, 0.0364219, 0.963578
3.26185, -0.0284588, 0.477473, 0.0366131, 0.0366093, 0.963391
3.2619, -0.0285935, 0.470464, 0.0368018, 0.036798, 0.963202
3.26194, -0.0287287, 0.463455, 0.0369918, 0.036988, 0.963012
3.26199, -0.0288646, 0.456445, 0.037183, 0.0371792, 0.962821
3.26203, -0.0290011, 0.449436, 0.0373754, 0.0373716, 0.962628
3.26208, -0.0291383, 0.442427, 0.0375692, 0.0375653, 0.962435
3.26212, -0.0292762, 0.435417, 0.0377641, 0.0377602, 0.96224
3.26217, -0.0294147, 0.428408, 0.0379604, 0.0379565, 0.962044
3.26221, -0.029554, 0.421399, 0.0381579, 0.038154, 0.961846
3.26226, -0.029694, 0.41439, 0.0383568, 0.0383528, 0.961647
3.2623, -0.0298348, 0.40738, 0.0385569, 0.0385529, 0.961447
3.26235, -0.0299763, 0.400371, 0.0387584, 0.0387543, 0.961246
3.26239, -0.0301185, 0.393362, 0.0389611, 0.0389571, 0.961043
3.26244, -0.0302616, 0.386352, 0.0391653, 0.0391612, 0.960839
3.26248, -0.0304054, 0.379343, 0.0393707, 0.0393666, 0.960633
3.26253, -0.03055, 0.372334, 0.0395775, 0.0395734, 0.960427
3.26257, -0.0306954, 0.365324, 0.0397857, 0.0397815, 0.960218
3.26262, -0.0308416, 0.358315, 0.0399953, 0.0399911, 0.960009
3.26266, -0.0309887, 0.351306, 0.0402062, 0.040202, 0.959798
3.26271, -0.0311366, 0.344297, 0.0404186, 0.0404143, 0.959586
3.26275, -0.0312854, 0.337287, 0.0406323, 0.040628, 0.959372
3.2628, -0.031435, 0.330278, 0.0408474, 0.0408431, 0.959157
3.26284, -0.0315855, 0.323269, 0.041064, 0.0410597, 0.95894
3.26289, -0.0317369, 0.316259, 0.041282, 0.0412777, 0.958722
3.26293, -0.0318892, 0.30925, 0.0415015, 0.0414971, 0.958503
3.26298, -0.0320424, 0.302241, 0.0417224, 0.041718, 0.958282
3.26302, -0.0321965, 0.295232, 0.0419448, 0.0419404, 0.95806
3.26307, -0.0323515, 0.288222, 0.0421687, 0.0421642, 0.957836
3.26311, -0.0325075, 0.281213, 0.0423941, 0.0423895, 0.95761
3.26316, -0.0326644, 0.274204, 0.0426209, 0.0426164, 0.957384
3.2632, -0.0328223, 0.267194, 0.0428493, 0.0428447, 0.957155
3.26325, -0.0329811, 0.260185, 0.0430792, 0.0430746, 0.956925
3.26329, -0.0331409, 0.253176, 0.0433106, 0.0433059, 0.956694
3.26334, -0.0333017, 0.246166, 0.0435436, 0.0435389, 0.956461
3.26338, -0.0334635, 0.239157, 0.0437781, 0.0437734, 0.956227
3.26342, -0.0336263, 0.232148, 0.0440141, 0.0440094, 0.955991
3.26347, -0.0337901, 0.225139, 0.0442518, 0.044247, 0.955753
3.26351, -0.0339549, 0.218129, 0.044491, 0.0444862, 0.955514
3.26356, -0.0341207, 0.21112, 0.0447319, 0.0447271, 0.955273
3.2636, -0.0342876, 0.204111, 0.0449743, 0.0449695, 0.955031
3.26365, -0.0344555, 0.197101, 0.0452184, 0.0452135, 0.954787
3.26369, -0.0346245, 0.190092, 0.0454641, 0.0454592, 0.954541
3.26374, -0.0347945, 0.183083, 0.0457114, 0.0457065, 0.954294
3.26378, -0.0349656, 0.176074, 0.0459604, 0.0459554, 0.954045
3.26383, -0.0351378, 0.169064, 0.0462111, 0.046206, 0.953794
3.26387, -0.0353111, 0.162055, 0.0464634, 0.0464583, 0.953542
3.26392, -0.0354855, 0.155046, 0.0467174, 0.0467123, 0.953288
3.26396, -0.035661, 0.148036, 0.0469731, 0.046968, 0.953032
3.26401, -0.0358376, 0.141027, 0.0472305, 0.0472253, 0.952775
3.26405, -0.0360153, 0.134018, 0.0474896, 0.0474844, 0.952516
3.2641, -0.0361942, 0.127008, 0.0477505, 0.0477452, 0.952255
3.26414, -0.0363742, 0.119999, 0.0480131, 0.0480078, 0.951992
3.26419, -0.0365554, 0.11299, 0.0482774, 0.0482721, 0.951728
3.26423, -0.0367377, 0.105981, 0.0485435, 0.0485382, 0.951462
3.26428, -0.0369212, 0.0989713, 0.0488114, 0.048806, 0.951194
3.26432, -0.0371059, 0.091962, 0.049081, 0.0490756, 0.950924
3.26437, -0.0372917, 0.0849527, 0.0493525, 0.049347, 0.950653
3.26441, -0.0374787, 0.0779434, 0.0496257, 0.0496203, 0.95038
3.26446, -0.037667, 0.0709341, 0.0499008, 0.0498953, 0.950105
3.2645, -0.0378564, 0.0639248, 0.0501777, 0.0501722, 0.949828
3.26455, -0.0380471, 0.0569155, 0.0504565, 0.0504509, 0.949549
3.26459, -0.038239, 0.0499062, 0.0507371, 0.0507314, 0.949269
3.26464, -0.0384321, 0.0428969, 0.0510195, 0.0510138, 0.948986
3.26468, -0.0386265, 0.0358876, 0.0513038, 0.0512981, 0.948702
3.26473, -0.0388221, 0.0288783, 0.05159, 0.0515843, 0.948416
3.26477, -0.039019, 0.021869, 0.0518781, 0.0518723, 0.948128
3.26482, -0.0392171, 0.0148597, 0.0521681, 0.0521623, 0.947838
3.26486, -0.0394165, 0.00785041, 0.05246, 0.0524542, 0.947546
3.26491, -0.0396172, 0.000841115, 0.0527539, 0.052748, 0.947252
3.26495, -0.0398192, -0.00616818, 0.0530497, 0.0530437, 0.946956
3.265, -0.0400225, -0.0131775, 0.0533474, 0.0533414, 0.946659
3.26504, -0.0402271, -0.0201868, 0.0536471, 0.0536411, 0.946359
3.26509, -0.040433, -0.0271961, 0.0539487, 0.0539427, 0.946057
3.26513, -0.0406402, -0.0342054, 0.0542523, 0.0542463, 0.945754
3.26518, -0.0408487, -0.0412147, 0.054558, 0.0545518, 0.945448
3.26522, -0.0410586, -0.048224, 0.0548656, 0.0548594, 0.945141
3.26527, -0.0412698, -0.0552333, 0.0551752, 0.055169, 0.944831
3.26531, -0.0414824, -0.0622425, 0.0554869, 0.0554806, 0.944519
3.26536, -0.0416963, -0.0692518, 0.0558006, 0.0557943, 0.944206
3.2654, -0.0419116, -0.0762611, 0.0561163, 0.0561099, 0.94389
3.26545, -0.0421283, -0.0832704, 0.0564341, 0.0564277, 0.943572
3.26549, -0.0423464, -0.0902797, 0.0567539, 0.0567475, 0.943253
3.26554, -0.0425658, -0.097289, 0.0570758, 0.0570694, 0.942931
3.26558, -0.0427867, -0.104298, 0.0573998, 0.0573933, 0.942607
3.26562, -0.0430089, -0.111308, 0.0577259, 0.0577194, 0.942281
3.26567, -0.0432326, -0.118317, 0.0580541, 0.0580475, 0.941952
3.26571, -0.0434576, -0.125326, 0.0583844, 0.0583778, 0.941622
3.26576, -0.0436841, -0.132336, 0.0587168, 0.0587102, 0.94129
3.2658, -0.0439121, -0.139345, 0.0590514, 0.0590447, 0.940955
3.26585, -0.0441414, -0.146354, 0.0593881, 0.0593814, 0.940619
3.26589, -0.0443722, -0.153363, 0.059727, 0.0597202, 0.94028
3.26594, -0.0446045, -0.160373, 0.060068, 0.0600612, 0.939939
3.26598, -0.0448382, -0.167382, 0.0604112, 0.0604043, 0.939596
3.26603, -0.0450734, -0.174391, 0.0607566, 0.0607496, 0.93925
3.26607, -0.0453101, -0.181401, 0.0611041, 0.0610972, 0.938903
3.26612, -0.0455483, -0.18841, 0.0614539, 0.0614469, 0.938553
3.26616, -0.0457879, -0.195419, 0.0618059, 0.0617988, 0.938201
3.26621, -0.046029, -0.202428, 0.0621601, 0.062153, 0.937847
3.26625, -0.0462717, -0.209438, 0.0625165, 0.0625094, 0.937491
3.2663, -0.0465158, -0.216447, 0.0628752, 0.062868, 0.937132
3.26634, -0.0467615, -0.223456, 0.0632361, 0.0632288, 0.936771
3.26639, -0.0470086, -0.230466, 0.0635992, 0.063592, 0.936408
3.26643, -0.0472573, -0.237475, 0.0639647, 0.0639573, 0.936043
3.26648, -0.0475076, -0.244484, 0.0643324, 0.064325, 0.935675
3.26652, -0.0477593, -0.251494, 0.0647023, 0.0646949, 0.935305
3.26657, -0.0480127, -0.258503, 0.0650746, 0.0650671, 0.934933
3.26661, -0.0482675, -0.265512, 0.0654492, 0.0654417, 0.934558
3.26666, -0.048524, -0.272521, 0.065826, 0.0658185, 0.934182
3.2667, -0.048782, -0.279531, 0.0662052, 0.0661976, 0.933802
3.26675, -0.0490415, -0.28654, 0.0665867, 0.0665791, 0.933421
3.26679, -0.0493027, -0.293549, 0.0669706, 0.0669629, 0.933037
3.26684, -0.0495654, -0.300559, 0.0673567, 0.067349, 0.932651
3.26688, -0.0498283, -0.307568, 0.0677452, 0.0677374, 0.932263
3.26693, -0.0500911, -0.314577, 0.0681359, 0.0681281, 0.931872
3.26697, -0.0503555, -0.321586, 0.068529, 0.0685211, 0.931479
3.26702, -0.0506214, -0.328596, 0.0689245, 0.0689166, 0.931083
3.26706, -0.0508889, -0.335605, 0.0693224, 0.0693144, 0.930686
3.26711, -0.051158, -0.342614, 0.0697226, 0.0697146, 0.930285
3.26715, -0.0514287, -0.349624, 0.0701253, 0.0701172, 0.929883
3.2672, -0.051701, -0.356633, 0.0705304, 0.0705222, 0.929478
3.26724, -0.0519749, -0.363642, 0.0709378, 0.0709297, 0.92907
3.26729, -0.0522503, -0.370652, 0.0713477, 0.0713395, 0.928661
3.26733, -0.0525274, -0.377661, 0.07176, 0.0717517, 0.928248
3.26738, -0.0528061, -0.38467, 0.0721747, 0.0721664, 0.927834
3.26742, -0.0530864, -0.391679, 0.0725919, 0.0725836, 0.927416
3.26747, -0.0533683, -0.398689, 0.0730116, 0.0730031, 0.926997
3.26751, -0.0536518, -0.405698, 0.0734336, 0.0734251, 0.926575
3.26756, -0.053937, -0.412707, 0.0738581, 0.0738496, 0.92615
3.2676, -0.0542237, -0.419717, 0.0742851, 0.0742765, 0.925723
3.26765, -0.0545121, -0.426726, 0.0747145, 0.0747059, 0.925294
3.26769, -0.0548022, -0.433735, 0.0751464, 0.0751378, 0.924862
3.26774, -0.0550939, -0.440745, 0.0755808, 0.0755721, 0.924428
3.26778, -0.0553872, -0.447754, 0.0760177, 0.0760089, 0.923991
3.26783, -0.0556821, -0.454763, 0.076457, 0.0764482, 0.923552
3.26787, -0.0559787, -0.461772, 0.0768988, 0.07689, 0.92311
3.26791, -0.056277, -0.468782, 0.0773432, 0.0773343, 0.922666
3.26796, -0.0565769, -0.475791, 0.07779, 0.0777811, 0.922219
3.268, -0.0568785, -0.4828, 0.0782394, 0.0782303, 0.92177
3.26805, -0.0571817, -0.48981, 0.0786912, 0.0786822, 0.921318
3.26809, -0.0574865, -0.496819, 0.0791456, 0.0791365, 0.920864
3.26814, -0.0577931, -0.503828, 0.0796025, 0.0795933, 0.920407
3.26818, -0.0581013, -0.510837, 0.0800618, 0.0800526, 0.919947
3.26823, -0.0584112, -0.517847, 0.0805238, 0.0805145, 0.919485
3.26827, -0.0587227, -0.524856, 0.0809882, 0.0809789, 0.919021
3.26832, -0.0590359, -0.531865, 0.0814552, 0.0814458, 0.918554
3.26836, -0.0593508, -0.538875, 0.0819247, 0.0819153, 0.918085
3.26841, -0.0596673, -0.545884, 0.0823968, 0.0823873, 0.917613
3.26845, -0.0599856, -0.552893, 0.0828714, 0.0828619, 0.917138
3.2685, -0.0603055, -0.559903, 0.0833485, 0.083339, 0.916661
3.26854, -0.0606271, -0.566912, 0.0838282, 0.0838186, 0.916181
3.26859, -0.0609503, -0.573921, 0.0843104, 0.0843008, 0.915699
3.26863, -0.0612753, -0.58093, 0.0847952, 0.0847855, 0.915214
3.26868, -0.0616019, -0.58794, 0.0852826, 0.0852728, 0.914727
3.26872, -0.0619302, -0.594949, 0.0857725, 0.0857626, 0.914237
3.26877, -0.0622602, -0.601958, 0.0862649, 0.086255, 0.913745
3.26881, -0.0625919, -0.608968, 0.0867599, 0.08675, 0.91325
3.26886, -0.0629253, -0.615977, 0.0872575, 0.0872475, 0.912752
3.2689, -0.0632604, -0.622986, 0.0877577, 0.0877476, 0.912252
3.26895, -0.0635971, -0.629996, 0.0882604, 0.0882503, 0.91175
3.26899, -0.0639355, -0.637005, 0.0887656, 0.0887555, 0.911244
3.26904, -0.0642757, -0.644014, 0.0892735, 0.0892633, 0.910737
3.26908, -0.0646175, -0.651023, 0.0897839, 0.0897736, 0.910226
3.26913, -0.064961, -0.658033, 0.0902968, 0.0902865, 0.909713
3.26917, -0.0653062, -0.665042, 0.0908124, 0.090802, 0.909198
3.26922, -0.0656531, -0.672051, 0.0913305, 0.0913201, 0.90868
3.26926, -0.0660016, -0.679061, 0.0918511, 0.0918407, 0.908159
3.26931, -0.0663519, -0.68607, 0.0923744, 0.0923639, 0.907636
3.26935, -0.0667039, -0.693079, 0.0929002, 0.0928897, 0.90711
3.2694, -0.0670575, -0.700088, 0.0934286, 0.093418, 0.906582
3.26944, -0.0674128, -0.707098, 0.0939596, 0.0939489, 0.906051
3.26949, -0.0677698, -0.714107, 0.0944931, 0.0944824, 0.905518
3.26953, -0.0681285, -0.721116, 0.0950292, 0.0950184, 0.904982
3.26958, -0.0684889, -0.728126, 0.0955678, 0.095557, 0.904443
3.26962, -0.068851, -0.735135, 0.0961091, 0.0960982, 0.903902
3.26967, -0.0692148, -0.742144, 0.0966529, 0.096642, 0.903358
3.26971, -0.0695802, -0.749154, 0.0971992, 0.0971883, 0.902812
3.26976, -0.0699473, -0.756163, 0.0977482, 0.0977372, 0.902263
3.2698, -0.0703161, -0.763172, 0.0982997, 0.0982886, 0.901711
3.26985, -0.0706866, -0.770181, 0.0988537, 0.0988426, 0.901157
3.26989, -0.0710588, -0.777191, 0.0994103, 0.0993991, 0.900601
3.26994, -0.0714326, -0.7842, 0.0999694, 0.0999582, 0.900042
3.26998, -0.0718081, -0.791209, 0.100531, 0.10052, 0.89948
3.27003, -0.0721853, -0.798219, 0.101095, 0.101084, 0.898916
3.27007, -0.0725642, -0.805228, 0.101662, 0.101651, 0.898349
3.27011, -0.0729447, -0.812237, 0.102232, 0.10222, 0.89778
3.27016, -0.0733269, -0.819246, 0.102804, 0.102792, 0.897208
3.2702, -0.0737108, -0.826256, 0.103378, 0.103367, 0.896633
3.27025, -0.0740963, -0.833265, 0.103955, 0.103943, 0.896057
3.27029, -0.0744835, -0.840274, 0.104535, 0.104523, 0.895477
3.27034, -0.0748724, -0.847284, 0.105117, 0.105105, 0.894895
3.27038, -0.0752629, -0.854293, 0.105701, 0.10569, 0.89431
3.27043, -0.075655, -0.861302, 0.106288, 0.106277, 0.893723
3.27047, -0.0760488, -0.868312, 0.106878, 0.106866, 0.893134
3.27052, -0.0764443, -0.875321, 0.10747, 0.107458, 0.892542
3.27056, -0.0768414, -0.88233, 0.108065, 0.108053, 0.891947
3.27061, -0.0772402, -0.889339, 0.108662, 0.10865, 0.89135
3.27065, -0.0776406, -0.896349, 0.109262, 0.10925, 0.89075
3.2707, -0.0780427, -0.903358, 0.109864, 0.109852, 0.890148
3.27074, -0.0784463, -0.910367, 0.110469, 0.110457, 0.889543
3.27079, -0.0788517, -0.917377, 0.111076, 0.111064, 0.888936
3.27083, -0.0792586, -0.924386, 0.111686, 0.111674, 0.888326
3.27088, -0.0796672, -0.931395, 0.112298, 0.112286, 0.887714
3.27092, -0.0800774, -0.938405, 0.112913, 0.112901, 0.887099
3.27097, -0.0804892, -0.945414, 0.113531, 0.113518, 0.886482
3.27101, -0.0809027, -0.952423, 0.11415, 0.114138, 0.885862
3.27106, -0.0813178, -0.959432, 0.114772, 0.11476, 0.88524
3.2711, -0.0817344, -0.966442, 0.115397, 0.115385, 0.884615
3.27115, -0.0821527, -0.973451, 0.116024, 0.116012, 0.883988
3.27119, -0.0825726, -0.98046, 0.116654, 0.116641, 0.883359
3.27124, -0.0829941, -0.98747, 0.117286, 0.117273, 0.882727
3.27128, -0.0834173, -0.994479, 0.117921, 0.117908, 0.882092
3.27133, -0.083842, -1.00149, 0.118558, 0.118545, 0.881455
3.27137, -0.0842683, -1.0085, 0.119197, 0.119184, 0.880816
3.27142, -0.0846961, -1.01551, 0.119839, 0.119826, 0.880174
3.27146, -0.0851256, -1.02252, 0.120483, 0.12047, 0.87953
3.27151, -0.0855567, -1.02953, 0.12113, 0.121117, 0.878883
3.27155, -0.0859893, -1.03653, 0.121779, 0.121766, 0.878234
3.2716, -0.0864235, -1.04354, 0.122431, 0.122418, 0.877582
3.27164, -0.0868593, -1.05055, 0.123085, 0.123072, 0.876928
3.27169, -0.0872967, -1.05756, 0.123741, 0.123728, 0.876272
3.27173, -0.0877356, -1.06457, 0.1244, 0.124387, 0.875613
3.27178, -0.0881761, -1.07158, 0.125062, 0.125048, 0.874952
3.27182, -0.0886181, -1.07859, 0.125725, 0.125712, 0.874288
3.27187, -0.0890617, -1.0856, 0.126391, 0.126378, 0.873622
3.27191, -0.0895068, -1.09261, 0.12706, 0.127046, 0.872954
3.27196, -0.0899535, -1.09962, 0.127731, 0.127717, 0.872283
3.272, -0.0904017, -1.10663, 0.128404, 0.12839, 0.87161
3.27205, -0.0908515, -1.11364, 0.129079, 0.129066, 0.870934
3.27209, -0.0913028, -1.12065, 0.129757, 0.129744, 0.870256
3.27214, -0.0917556, -1.12766, 0.130437, 0.130424, 0.869576
3.27218, -0.09221, -1.13466, 0.13112, 0.131106, 0.868894
3.27223, -0.0926658, -1.14167, 0.131805, 0.131791, 0.868209
3.27227, -0.0931232, -1.14868, 0.132492, 0.132479, 0.867521
3.27232, -0.0935821, -1.15569, 0.133182, 0.133168, 0.866832
3.27236, -0.0940425, -1.1627, 0.133874, 0.13386, 0.86614
3.2724, -0.0945045, -1.16971, 0.134568, 0.134554, 0.865446
3.27245, -0.0949679, -1.17672, 0.135265, 0.135251, 0.864749
3.27249, -0.0954328, -1.18373, 0.135964, 0.13595, 0.86405
3.27254, -0.0958992, -1.19074, 0.136665, 0.136651, 0.863349
3.27258, -0.0963671, -1.19775, 0.137369, 0.137355, 0.862645
3.27263, -0.0968365, -1.20476, 0.138075, 0.138061, 0.861939
3.27267, -0.0973073, -1.21177, 0.138783, 0.138769, 0.861231
3.27272, -0.0977797, -1.21878, 0.139493, 0.139479, 0.860521
3.27276, -0.0982535, -1.22579, 0.140206, 0.140192, 0.859808
3.27281, -0.0987288, -1.23279, 0.140921, 0.140907, 0.859093
3.27285, -0.0992055, -1.2398, 0.141638, 0.141624, 0.858376
3.2729, -0.0996837, -1.24681, 0.142358, 0.142343, 0.857657
3.27294, -0.100163, -1.25382, 0.143079, 0.143065, 0.856935
3.27299, -0.100644, -1.26083, 0.143803, 0.143789, 0.856211
3.27303, -0.101127, -1.26784, 0.14453, 0.144515, 0.855485
3.27308, -0.101611, -1.27485, 0.145258, 0.145244, 0.854756
3.27312, -0.102096, -1.28186, 0.145989, 0.145974, 0.854026
3.27317, -0.102583, -1.28887, 0.146722, 0.146707, 0.853293
3.27321, -0.103072, -1.29588, 0.147457, 0.147442, 0.852558
3.27326, -0.103561, -1.30289, 0.148194, 0.148179, 0.851821
3.2733, -0.104052, -1.3099, 0.148934, 0.148919, 0.851081
3.27335, -0.104545, -1.31691, 0.149676, 0.149661, 0.850339
3.27339, -0.105039, -1.32392, 0.15042, 0.150405, 0.849595
3.27344, -0.105534, -1.33093, 0.151166, 0.151151, 0.848849
3.27348, -0.106031, -1.33793, 0.151914, 0.151899, 0.848101
3.27353, -0.106529, -1.34494, 0.152664, 0.152649, 0.847351
3.27357, -0.107029, -1.35195, 0.153417, 0.153402, 0.846598
3.27362, -0.10753, -1.35896, 0.154172, 0.154157, 0.845843
3.27366, -0.108032, -1.36597, 0.154929, 0.154914, 0.845086
3.27371, -0.108536, -1.37298, 0.155688, 0.155673, 0.844327
3.27375, -0.109041, -1.37999, 0.156449, 0.156434, 0.843566
3.2738, -0.109548, -1.387, 0.157213, 0.157197, 0.842803
3.27384, -0.110055, -1.39401, 0.157978, 0.157963, 0.842037
3.27389, -0.110565, -1.40102, 0.158746, 0.158731, 0.841269
3.27393, -0.111075, -1.40803, 0.159516, 0.1595, 0.8405
3.27398, -0.111587, -1.41504, 0.160288, 0.160272, 0.839728
3.27402, -0.1121, -1.42205, 0.161062, 0.161046, 0.838954
3.27407, -0.112615, -1.42906, 0.161838, 0.161822, 0.838178
3.27411, -0.113131, -1.43606, 0.162616, 0.162601, 0.837399
3.27416, -0.113648, -1.44307, 0.163396, 0.163381, 0.836619
3.2742, -0.114167, -1.45008, 0.164179, 0.164163, 0.835837
3.27425, -0.114687, -1.45709, 0.164963, 0.164948, 0.835052
3.27429, -0.115208, -1.4641, 0.16575, 0.165734, 0.834266
3.27434, -0.115731, -1.47111, 0.166539, 0.166523, 0.833477
3.27438, -0.116255, -1.47812, 0.167329, 0.167313, 0.832687
3.27443, -0.11678, -1.48513, 0.168122, 0.168106, 0.831894
3.27447, -0.117307, -1.49214, 0.168917, 0.168901, 0.831099
3.27452, -0.117835, -1.49915, 0.169714, 0.169698, 0.830302
3.27456, -0.118364, -1.50616, 0.170512, 0.170496, 0.829504
3.2746, -0.118895, -1.51317, 0.171313, 0.171297, 0.828703
3.27465, -0.119426, -1.52018, 0.172116, 0.1721, 0.8279
3.27469, -0.11996, -1.52719, 0.172921, 0.172905, 0.827095
3.27474, -0.120494, -1.53419, 0.173728, 0.173712, 0.826288
3.27478, -0.12103, -1.5412, 0.174537, 0.174521, 0.825479
3.27483, -0.121567, -1.54821, 0.175348, 0.175332, 0.824668
3.27487, -0.122105, -1.55522, 0.176161, 0.176145, 0.823855
3.27492, -0.122644, -1.56223, 0.176976, 0.17696, 0.82304
3.27496, -0.123185, -1.56924, 0.177793, 0.177777, 0.822223
3.27501, -0.123727, -1.57625, 0.178612, 0.178596, 0.821404
3.27505, -0.124271, -1.58326, 0.179433, 0.179417, 0.820583
3.2751, -0.124815, -1.59027, 0.180256, 0.18024, 0.81976
3.27514, -0.125361, -1.59728, 0.181081, 0.181065, 0.818935
3.27519, -0.125908, -1.60429, 0.181908, 0.181891, 0.818109
3.27523, -0.126456, -1.6113, 0.182737, 0.18272, 0.81728
3.27528, -0.127006, -1.61831, 0.183567, 0.183551, 0.816449
3.27532, -0.127557, -1.62532, 0.1844, 0.184384, 0.815616
3.27537, -0.128109, -1.63232, 0.185235, 0.185218, 0.814782
3.27541, -0.128662, -1.63933, 0.186071, 0.186055, 0.813945
3.27546, -0.129217, -1.64634, 0.18691, 0.186893, 0.813107
3.2755, -0.129772, -1.65335, 0.18775, 0.187734, 0.812266
3.27555, -0.130329, -1.66036, 0.188593, 0.188576, 0.811424
3.27559, -0.130888, -1.66737, 0.189437, 0.18942, 0.81058
3.27564, -0.131447, -1.67438, 0.190283, 0.190266, 0.809734
3.27568, -0.132008, -1.68139, 0.191131, 0.191114, 0.808886
3.27573, -0.132569, -1.6884, 0.191981, 0.191964, 0.808036
3.27577, -0.133132, -1.69541, 0.192833, 0.192816, 0.807184
3.27582, -0.133697, -1.70242, 0.193687, 0.19367, 0.80633
3.27586, -0.134262, -1.70943, 0.194543, 0.194526, 0.805474
3.27591, -0.134829, -1.71644, 0.1954, 0.195383, 0.804617
3.27595, -0.135396, -1.72345, 0.19626, 0.196242, 0.803758
3.276, -0.135965, -1.73045, 0.197121, 0.197104, 0.802896
3.27604, -0.136536, -1.73746, 0.197984, 0.197967, 0.802033
3.27609, -0.137107, -1.74447, 0.198849, 0.198832, 0.801168
3.27613, -0.137679, -1.75148, 0.199716, 0.199699, 0.800301
3.27618, -0.138253, -1.75849, 0.200585, 0.200567, 0.799433
3.27622, -0.138828, -1.7655, 0.201455, 0.201438, 0.798562
3.27627, -0.139404, -1.77251, 0.202328, 0.20231, 0.79769
3.27631, -0.139981, -1.77952, 0.203202, 0.203184, 0.796816
3.27636, -0.14056, -1.78653, 0.204078, 0.20406, 0.79594
3.2764, -0.141139, -1.79354, 0.204956, 0.204938, 0.795062
3.27645, -0.14172, -1.80055, 0.205836, 0.205818, 0.794182
3.27649, -0.142302, -1.80756, 0.206717, 0.206699, 0.793301
3.27654, -0.142885, -1.81457, 0.2076, 0.207583, 0.792417
3.27658, -0.143469, -1.82158, 0.208486, 0.208468, 0.791532
3.27663, -0.144054, -1.82859, 0.209373, 0.209355, 0.790645
3.27667, -0.14464, -1.83559, 0.210261, 0.210244, 0.789756
3.27672, -0.145228, -1.8426, 0.211152, 0.211134, 0.788866
3.27676, -0.145816, -1.84961, 0.212044, 0.212026, 0.787974
3.2768, -0.146406, -1.85662, 0.212938, 0.21292, 0.78708
3.27685, -0.146997, -1.86363, 0.213834, 0.213816, 0.786184
3.27689, -0.147589, -1.87064, 0.214732, 0.214714, 0.785286
3.27694, -0.148182, -1.87765, 0.215631, 0.215613, 0.784387
3.27698, -0.148777, -1.88466, 0.216533, 0.216515, 0.783485
3.27703, -0.149372, -1.89167, 0.217436, 0.217418, 0.782582
3.27707, -0.149969, -1.89868, 0.21834, 0.218322, 0.781678
3.27712, -0.150566, -1.90569, 0.219247, 0.219229, 0.780771
3.27716, -0.151165, -1.9127, 0.220155, 0.220137, 0.779863
3.27721, -0.151765, -1.91971, 0.221065, 0.221047, 0.778953
3.27725, -0.152366, -1.92672, 0.221977, 0.221959, 0.778041
3.2773, -0.152968, -1.93372, 0.222891, 0.222872, 0.777128
3.27734, -0.153571, -1.94073, 0.223806, 0.223788, 0.776212
3.27739, -0.154175, -1.94774, 0.224723, 0.224704, 0.775296
3.27743, -0.15478, -1.95475, 0.225642, 0.225623, 0.774377
3.27748, -0.155387, -1.96176, 0.226562, 0.226544, 0.773456
3.27752, -0.155994, -1.96877, 0.227484, 0.227466, 0.772534
3.27757, -0.156602, -1.97578, 0.228408, 0.22839, 0.77161
3.27761, -0.157212, -1.98279, 0.229334, 0.229315, 0.770685
3.27766, -0.157823, -1.9898, 0.230261, 0.230242, 0.769758
3.2777, -0.158435, -1.99681, 0.23119, 0.231171, 0.768829
3.27775, -0.159047, -2.00382, 0.232121, 0.232102, 0.767898
3.27779, -0.159661, -2.01083, 0.233053, 0.233034, 0.766966
3.27784, -0.160276, -2.01784, 0.233987, 0.233968, 0.766032
3.27788, -0.160892, -2.02485, 0.234923, 0.234904, 0.765096
3.27793, -0.161509, -2.03185, 0.23586, 0.235842, 0.764158
3.27797, -0.162127, -2.03886, 0.236799, 0.236781, 0.763219
3.27802, -0.162747, -2.04587, 0.23774, 0.237721, 0.762279
3.27806, -0.163367, -2.05288, 0.238683, 0.238664, 0.761336
3.27811, -0.163988, -2.05989, 0.239627, 0.239608, 0.760392
3.27815, -0.16461, -2.0669, 0.240573, 0.240554, 0.759446
3.2782, -0.165234, -2.07391, 0.24152, 0.241501, 0.758499
3.27824, -0.165858, -2.08092, 0.242469, 0.24245, 0.75755
3.27829, -0.166484, -2.08793, 0.24342, 0.243401, 0.756599
3.27833, -0.16711, -2.09494, 0.244373, 0.244354, 0.755646
3.27838, -0.167738, -2.10195, 0.245327, 0.245308, 0.754692
3.27842, -0.168366, -2.10896, 0.246283, 0.246264, 0.753736
3.27847, -0.168996, -2.11597, 0.24724, 0.247221, 0.752779
3.27851, -0.169627, -2.12298, 0.248199, 0.24818, 0.75182
3.27856, -0.170258, -2.12998, 0.24916, 0.249141, 0.750859
3.2786, -0.170891, -2.13699, 0.250122, 0.250103, 0.749897
3.27865, -0.171525, -2.144, 0.251086, 0.251067, 0.748933
3.27869, -0.172159, -2.15101, 0.252052, 0.252032, 0.747968
3.27874, -0.172795, -2.15802, 0.253019, 0.253, 0.747
3.27878, -0.173432, -2.16503, 0.253988, 0.253969, 0.746031
3.27883, -0.17407, -2.17204, 0.254958, 0.254939, 0.745061
3.27887, -0.174708, -2.17905, 0.25593, 0.255911, 0.744089
3.27892, -0.175348, -2.18606, 0.256904, 0.256885, 0.743115
3.27896, -0.175989, -2.19307, 0.257879, 0.25786, 0.74214
3.27901, -0.176631, -2.20008, 0.258856, 0.258837, 0.741163
3.27905, -0.177273, -2.20709, 0.259835, 0.259815, 0.740185
3.27909, -0.177917, -2.2141, 0.260815, 0.260795, 0.739205
3.27914, -0.178562, -2.22111, 0.261797, 0.261777, 0.738223
3.27918, -0.179208, -2.22811, 0.26278, 0.26276, 0.73724
3.27923, -0.179855, -2.23512, 0.263765, 0.263745, 0.736255
3.27927, -0.180502, -2.24213, 0.264751, 0.264732, 0.735268
3.27932, -0.181151, -2.24914, 0.265739, 0.26572, 0.73428
3.27936, -0.181801, -2.25615, 0.266729, 0.266709, 0.733291
3.27941, -0.182452, -2.26316, 0.26772, 0.267701, 0.732299
3.27945, -0.183103, -2.27017, 0.268713, 0.268693, 0.731307
3.2795, -0.183756, -2.27718, 0.269708, 0.269688, 0.730312
3.27954, -0.18441, -2.28419, 0.270704, 0.270684, 0.729316
3.27959, -0.185064, -2.2912, 0.271701, 0.271681, 0.728319
3.27963, -0.18572, -2.29821, 0.2727, 0.27268, 0.72732
3.27968, -0.186377, -2.30522, 0.273701, 0.273681, 0.726319
3.27972, -0.187034, -2.31223, 0.274703, 0.274683, 0.725317
3.27977, -0.187693, -2.31924, 0.275707, 0.275687, 0.724313
3.27981, -0.188352, -2.32625, 0.276712, 0.276692, 0.723308
3.27986, -0.189013, -2.33325, 0.277719, 0.277699, 0.722301
3.2799, -0.189674, -2.34026, 0.278728, 0.278708, 0.721292
3.27995, -0.190337, -2.34727, 0.279738, 0.279717, 0.720283
3.27999, -0.191, -2.35428, 0.280749, 0.280729, 0.719271
3.28004, -0.191664, -2.36129, 0.281762, 0.281742, 0.718258
3.28008, -0.19233, -2.3683, 0.282777, 0.282757, 0.717243
3.28013, -0.192996, -2.37531, 0.283793, 0.283773, 0.716227
3.28017, -0.193663, -2.38232, 0.284811, 0.284791, 0.715209
3.28022, -0.194331, -2.38933, 0.28583, 0.28581, 0.71419
3.28026, -0.195, -2.39634, 0.286851, 0.286831, 0.713169
3.28031, -0.19567, -2.40335, 0.287873, 0.287853, 0.712147
3.28035, -0.196341, -2.41036, 0.288897, 0.288877, 0.711123
3.2804, -0.197013, -2.41737, 0.289923, 0.289902, 0.710098
3.28044, -0.197686, -2.42438, 0.290949, 0.290929, 0.709071
3.28049, -0.19836, -2.43138, 0.291978, 0.291957, 0.708043
3.28053, -0.199035, -2.43839, 0.293008, 0.292987, 0.707013
3.28058, -0.199711, -2.4454, 0.294039, 0.294019, 0.705981
3.28062, -0.200387, -2.45241, 0.295072, 0.295052, 0.704948
3.28067, -0.201065, -2.45942, 0.296107, 0.296086, 0.703914
3.28071, -0.201744, -2.46643, 0.297143, 0.297122, 0.702878
3.28076, -0.202423, -2.47344, 0.29818, 0.298159, 0.701841
3.2808, -0.203103, -2.48045, 0.299219, 0.299198, 0.700802
3.28085, -0.203785, -2.48746, 0.30026, 0.300239, 0.699761
3.28089, -0.204467, -2.49447, 0.301302, 0.301281, 0.698719
3.28094, -0.20515, -2.50148, 0.302345, 0.302324, 0.697676
3.28098, -0.205834, -2.50849, 0.30339, 0.303369, 0.696631
3.28103, -0.20652, -2.5155, 0.304437, 0.304416, 0.695584
3.28107, -0.207206, -2.52251, 0.305485, 0.305464, 0.694536
3.28112, -0.207892, -2.52951, 0.306534, 0.306513, 0.693487
3.28116, -0.20858, -2.53652, 0.307585, 0.307564, 0.692436
3.28121, -0.209269, -2.54353, 0.308638, 0.308617, 0.691383
3.28125, -0.209959, -2.55054, 0.309692, 0.309671, 0.690329
3.28129, -0.210649, -2.55755, 0.310747, 0.310726, 0.689274
3.28134, -0.211341, -2.56456, 0.311804, 0.311783, 0.688217
3.28138, -0.212033, -2.57157, 0.312863, 0.312842, 0.687158
3.28143, -0.212727, -2.57858, 0.313923, 0.313901, 0.686099
3.28147, -0.213421, -2.58559, 0.314984, 0.314963, 0.685037
3.28152, -0.214116, -2.5926, 0.316047, 0.316026, 0.683974
3.28156, -0.214812, -2.59961, 0.317111, 0.31709, 0.68291
3.28161, -0.215509, -2.60662, 0.318177, 0.318156, 0.681844
3.28165, -0.216207, -2.61363, 0.319244, 0.319223, 0.680777
3.2817, -0.216906, -2.62064, 0.320313, 0.320292, 0.679708
3.28174, -0.217606, -2.62764, 0.321383, 0.321362, 0.678638
3.28179, -0.218306, -2.63465, 0.322455, 0.322433, 0.677567
3.28183, -0.219008, -2.64166, 0.323528, 0.323507, 0.676493
3.28188, -0.21971, -2.64867, 0.324603, 0.324581, 0.675419
3.28192, -0.220413, -2.65568, 0.325679, 0.325657, 0.674343
3.28197, -0.221118, -2.66269, 0.326756, 0.326735, 0.673265
3.28201, -0.221823, -2.6697, 0.327835, 0.327814, 0.672186
3.28206, -0.222529, -2.67671, 0.328916, 0.328894, 0.671106
3.2821, -0.223236, -2.68372, 0.329998, 0.329976, 0.670024
3.28215, -0.223943, -2.69073, 0.331081, 0.331059, 0.668941
3.28219, -0.224652, -2.69774, 0.332166, 0.332144, 0.667856
3.28224, -0.225362, -2.70475, 0.333252, 0.33323, 0.66677
3.28228, -0.226072, -2.71176, 0.33434, 0.334318, 0.665682
3.28233, -0.226784, -2.71877, 0.335429, 0.335407, 0.664593
3.28237, -0.227496, -2.72577, 0.336519, 0.336498, 0.663502
3.28242, -0.228209, -2.73278, 0.337611, 0.33759, 0.66241
3.28246, -0.228923, -2.73979, 0.338705, 0.338683, 0.661317
3.28251, -0.229638, -2.7468, 0.3398, 0.339778, 0.660222
3.28255, -0.230354, -2.75381, 0.340896, 0.340874, 0.659126
3.2826, -0.231071, -2.76082, 0.341994, 0.341972, 0.658028
3.28264, -0.231788, -2.76783, 0.343093, 0.343071, 0.656929
3.28269, -0.232507, -2.77484, 0.344194, 0.344172, 0.655828
3.28273, -0.233226, -2.78185, 0.345296, 0.345274, 0.654726
3.28278, -0.233946, -2.78886, 0.346399, 0.346377, 0.653623
3.28282, -0.234667, -2.79587, 0.347504, 0.347482, 0.652518
3.28287, -0.235389, -2.80288, 0.348611, 0.348589, 0.651411
3.28291, -0.236112, -2.80989, 0.349719, 0.349696, 0.650304
3.28296, -0.236836, -2.8169, 0.350828, 0.350806, 0.649194
3.283, -0.23756, -2.82391, 0.351938, 0.351916, 0.648084
3.28305, -0.238286, -2.83091, 0.35305, 0.353028, 0.646972
3.28309, -0.239012, -2.83792, 0.354164, 0.354142, 0.645858
3.28314, -0.23974, -2.84493, 0.355279, 0.355257, 0.644743
3.28318, -0.240468, -2.85194, 0.356395, 0.356373, 0.643627
3.28323, -0.241197, -2.85895, 0.357513, 0.357491, 0.642509
3.28327, -0.241926, -2.86596, 0.358632, 0.35861, 0.64139
3.28332, -0.242657, -2.87297, 0.359753, 0.35973, 0.64027
3.28336, -0.243389, -2.87998, 0.360875, 0.360852, 0.639148
3.28341, -0.244121, -2.88699, 0.361998, 0.361976, 0.638024
3.28345, -0.244855, -2.894, 0.363123, 0.3631, 0.6369
3.28349, -0.245589, -2.90101, 0.364249, 0.364227, 0.635773
3.28354, -0.246324, -2.90802, 0.365377, 0.365354, 0.634646
3.28358, -0.24706, -2.91503, 0.366506, 0.366483, 0.633517
3.28363, -0.247796, -2.92204, 0.367636, 0.367614, 0.632386
3.28367, -0.248534, -2.92904, 0.368768, 0.368745, 0.631255
3.28372, -0.249272, -2.93605, 0.369901, 0.369879, 0.630121
3.28376, -0.250012, -2.94306, 0.371036, 0.371013, 0.628987
3.28381, -0.250752, -2.95007, 0.372172, 0.372149, 0.627851
3.28385, -0.251493, -2.95708, 0.37331, 0.373287, 0.626713
3.2839, -0.252235, -2.96409, 0.374448, 0.374426, 0.625574
3.28394, -0.252978, -2.9711, 0.375589, 0.375566, 0.624434
3.28399, -0.253721, -2.97811, 0.37673, 0.376707, 0.623293
3.28403, -0.254466, -2.98512, 0.377873, 0.377851, 0.622149
3.28408, -0.255211, -2.99213, 0.379018, 0.378995, 0.621005
3.28412, -0.255957, -2.99914, 0.380164, 0.380141, 0.619859
3.28417, -0.256061, -3.00012, 0.380301, 0.380301, 0.619699
3.28421, -0.256061, -3.00012, 0.380301, 0.380301, 0.619699
3.28426, -0.256061, -3.00012, 0.380301, 0.380301, 0.619699
3.2843, -0.256061, -3.00012, 0.380301, 0.380301, 0.619699
3.28435, -0.256061, -3.00012, 0.380301, 0.380301, 0.619699
3.28439, -0.256061, -3.00012, 0.380301, 0.380301, 0.619699
3.28444, -0.256061, -3.00012, 0.380301, 0.380301, 0.619699
3.28448, -0.256061, -3.00012, 0.380301, 0.380301, 0.619699
3.28453, -0.256076, -3.00026, 0.380324, 0.380324, 0.619676
3.28457, -0.256076, -3.00026, 0.380324, 0.380324, 0.619676
3.28462, -0.256076, -3.00026, 0.380324, 0.380324, 0.619676
3.28466, -0.256076, -3.00026, 0.380324, 0.380324, 0.619676
3.28471, -0.256076, -3.00026, 0.380324, 0.380324, 0.619676
3.28475, -0.256076, -3.00026, 0.380324, 0.380324, 0.619676
3.2848, -0.256076, -3.00026, 0.380324, 0.380324, 0.619676
3.28484, -0.256076, -3.00026, 0.380324, 0.380324, 0.619676
3.28489, -0.256076, -3.00026, 0.380324, 0.380324, 0.619676
3.28493, -0.256076, -3.00026, 0.380324, 0.380324, 0.619676
3.28498, -0.256076, -3.00026, 0.380324, 0.380324, 0.619676
3.28502, -0.256076, -3.00026, 0.380324, 0.380324, 0.619676
3.28507, -0.256091, -3.0004, 0.380347, 0.380347, 0.619653
3.28511, -0.256091, -3.0004, 0.380347, 0.380347, 0.619653
3.28516, -0.256091, -3.0004, 0.380347, 0.380347, 0.619653
3.2852, -0.256091, -3.0004, 0.380347, 0.380347, 0.619653
3.28525, -0.256091, -3.0004, 0.380347, 0.380347, 0.619653
3.28529, -0.256091, -3.0004, 0.380347, 0.380347, 0.619653
3.28534, -0.256091, -3.0004, 0.380347, 0.380347, 0.619653
3.28538, -0.256106, -3.00054, 0.38037, 0.38037, 0.61963
3.28543, -0.256106, -3.00054, 0.38037, 0.38037, 0.61963
3.28547, -0.256106, -3.00054, 0.38037, 0.38037, 0.61963
3.28552, -0.256106, -3.00054, 0.38037, 0.38037, 0.61963
3.28556, -0.256106, -3.00054, 0.38037, 0.38037, 0.61963
3.28561, -0.256106, -3.00054, 0.38037, 0.38037, 0.61963
3.28565, -0.256106, -3.00054, 0.38037, 0.38037, 0.61963
3.2857, -0.256106, -3.00054, 0.38037, 0.38037, 0.61963
3.28574, -0.256106, -3.00054, 0.38037, 0.38037, 0.61963
3.28578, -0.256106, -3.00054, 0.38037, 0.38037, 0.61963
3.28583, -0.256106, -3.00054, 0.38037, 0.38037, 0.61963
3.28587, -0.256106, -3.00054, 0.38037, 0.38037, 0.61963
3.28592, -0.256106, -3.00054, 0.38037, 0.38037, 0.61963
3.28596, -0.256106, -3.00054, 0.38037, 0.38037, 0.61963
3.28601, -0.256106, -3.00054, 0.38037, 0.38037, 0.61963
3.28605, -0.256106, -3.00054, 0.38037, 0.38037, 0.61963
3.2861, -0.256106, -3.00054, 0.38037, 0.38037, 0.61963
3.28614, -0.256106, -3.00054, 0.38037, 0.38037, 0.61963
3.28619, -0.256106, -3.00054, 0.38037, 0.38037, 0.61963
3.28623, -0.256106, -3.00054, 0.38037, 0.38037, 0.61963
3.28628, -0.256106, -3.00054, 0.38037, 0.38037, 0.61963
3.28632, -0.256106, -3.00054, 0.38037, 0.38037, 0.61963
3.28637, -0.256106, -3.00054, 0.38037, 0.38037, 0.61963
3.28641, -0.256106, -3.00054, 0.38037, 0.38037, 0.61963
3.28646, -0.256106, -3.00054, 0.38037, 0.38037, 0.61963
3.2865, -0.256106, -3.00054, 0.38037, 0.38037, 0.61963
3.28655, -0.256106, -3.00054, 0.38037, 0.38037, 0.61963
3.28659, -0.256106, -3.00054, 0.38037, 0.38037, 0.61963
3.28664, -0.256106, -3.00054, 0.38037, 0.38037, 0.61963
3.28668, -0.256121, -3.00068, 0.380393, 0.380393, 0.619607
3.28673, -0.256121, -3.00068, 0.380393, 0.380393, 0.619607
3.28677, -0.256121, -3.00068, 0.380393, 0.380393, 0.619607
3.28682, -0.256121, -3.00068, 0.380393, 0.380393, 0.619607
3.28686, -0.256121, -3.00068, 0.380393, 0.380393, 0.619607
3.28691, -0.256121, -3.00068, 0.380393, 0.380393, 0.619607
3.28695, -0.256121, -3.00068, 0.380393, 0.380393, 0.619607
3.287, -0.256121, -3.00068, 0.380393, 0.380393, 0.619607
3.28704, -0.256121, -3.00068, 0.380393, 0.380393, 0.619607
3.28709, -0.256121, -3.00068, 0.380393, 0.380393, 0.619607
3.28713, -0.256121, -3.00068, 0.380393, 0.380393, 0.619607
3.28718, -0.256121, -3.00068, 0.380393, 0.380393, 0.619607
3.28722, -0.256121, -3.00068, 0.380393, 0.380393, 0.619607
3.28727, -0.256121, -3.00068, 0.380393, 0.380393, 0.619607
3.28731, -0.256121, -3.00068, 0.380393, 0.380393, 0.619607
3.28736, -0.256121, -3.00068, 0.380393, 0.380393, 0.619607
3.2874, -0.256121, -3.00068, 0.380393, 0.380393, 0.619607
3.28745, -0.256121, -3.00068, 0.380393, 0.380393, 0.619607
3.28749, -0.256121, -3.00068, 0.380393, 0.380393, 0.619607
3.28754, -0.256121, -3.00068, 0.380393, 0.380393, 0.619607
3.28758, -0.256121, -3.00068, 0.380393, 0.380393, 0.619607
3.28763, -0.256121, -3.00068, 0.380393, 0.380393, 0.619607
3.28767, -0.256121, -3.00068, 0.380393, 0.380393, 0.619607
3.28772, -0.256121, -3.00068, 0.380393, 0.380393, 0.619607
3.28776, -0.256121, -3.00068, 0.380393, 0.380393, 0.619607
3.28781, -0.256121, -3.00068, 0.380393, 0.380393, 0.619607
3.28785, -0.256121, -3.00068, 0.380393, 0.380393, 0.619607
3.2879, -0.256121, -3.00068, 0.380393, 0.380393, 0.619607
3.28794, -0.256121, -3.00068, 0.380393, 0.380393, 0.619607
3.28798, -0.256121, -3.00068, 0.380393, 0.380393, 0.619607
3.28803, -0.256136, -3.00082, 0.380416, 0.380416, 0.619584
3.28807, -0.256136, -3.00082, 0.380416, 0.380416, 0.619584
3.28812, -0.256136, -3.00082, 0.380416, 0.380416, 0.619584
3.28816, -0.256136, -3.00082, 0.380416, 0.380416, 0.619584
3.28821, -0.256136, -3.00082, 0.380416, 0.380416, 0.619584
3.28825, -0.256136, -3.00082, 0.380416, 0.380416, 0.619584
3.2883, -0.256151, -3.00096, 0.380439, 0.380439, 0.619561
3.28834, -0.256151, -3.00096, 0.380439, 0.380439, 0.619561
3.28839, -0.256151, -3.00096, 0.380439, 0.380439, 0.619561
3.28843, -0.256151, -3.00096, 0.380439, 0.380439, 0.619561
3.28848, -0.256151, -3.00096, 0.380439, 0.380439, 0.619561
3.28852, -0.256151, -3.00096, 0.380439, 0.380439, 0.619561
3.28857, -0.256166, -3.0011, 0.380462, 0.380462, 0.619538
3.28861, -0.256166, -3.0011, 0.380462, 0.380462, 0.619538
3.28866, -0.256166, -3.0011, 0.380462, 0.380462, 0.619538
3.2887, -0.256166, -3.0011, 0.380462, 0.380462, 0.619538
3.28875, -0.256166, -3.0011, 0.380462, 0.380462, 0.619538
3.28879, -0.256166, -3.0011, 0.380462, 0.380462, 0.619538
3.28884, -0.256166, -3.0011, 0.380462, 0.380462, 0.619538
3.28888, -0.256166, -3.0011, 0.380462, 0.380462, 0.619538
3.28893, -0.256166, -3.0011, 0.380462, 0.380462, 0.619538
3.28897, -0.256166, -3.0011, 0.380462, 0.380462, 0.619538
3.28902, -0.256166, -3.0011, 0.380462, 0.380462, 0.619538
3.28906, -0.256166, -3.0011, 0.380462, 0.380462, 0.619538
3.28911, -0.256181, -3.00124, 0.380485, 0.380485, 0.619515
3.28915, -0.256181, -3.00124, 0.380485, 0.380485, 0.619515
3.2892, -0.256181, -3.00124, 0.380485, 0.380485, 0.619515
3.28924, -0.256181, -3.00124, 0.380485, 0.380485, 0.619515
3.28929, -0.256181, -3.00124, 0.380485, 0.380485, 0.619515
3.28933, -0.256181, -3.00124, 0.380485, 0.380485, 0.619515
3.28938, -0.256181, -3.00124, 0.380485, 0.380485, 0.619515
3.28942, -0.256181, -3.00124, 0.380485, 0.380485, 0.619515
3.28947, -0.256181, -3.00124, 0.380485, 0.380485, 0.619515
3.28951, -0.256181, -3.00124, 0.380485, 0.380485, 0.619515
3.28956, -0.256181, -3.00124, 0.380485, 0.380485, 0.619515
3.2896, -0.256181, -3.00124, 0.380485, 0.380485, 0.619515
3.28965, -0.256181, -3.00124, 0.380485, 0.380485, 0.619515
3.28969, -0.256181, -3.00124, 0.380485, 0.380485, 0.619515
3.28974, -0.256181, -3.00124, 0.380485, 0.380485, 0.619515
3.28978, -0.256181, -3.00124, 0.380485, 0.380485, 0.619515
3.28983, -0.256181, -3.00124, 0.380485, 0.380485, 0.619515
3.28987, -0.256181, -3.00124, 0.380485, 0.380485, 0.619515
3.28992, -0.256181, -3.00124, 0.380508, 0.380485, 0.619515
3.28996, -0.256196, -3.00138, 0.380508, 0.380508, 0.619492
3.29001, -0.256196, -3.00138, 0.380508, 0.380508, 0.619492
3.29005, -0.256196, -3.00138, 0.380508, 0.380508, 0.619492
3.2901, -0.256196, -3.00138, 0.380508, 0.380508, 0.619492
3.29014, -0.256196, -3.00138, 0.380508, 0.380508, 0.619492
3.29018, -0.256196, -3.00138, 0.380508, 0.380508, 0.619492
3.29023, -0.256196, -3.00138, 0.380508, 0.380508, 0.619492
3.29027, -0.256196, -3.00138, 0.380508, 0.380508, 0.619492
3.29032, -0.256196, -3.00138, 0.380508, 0.380508, 0.619492
3.29036, -0.256196, -3.00138, 0.380508, 0.380508, 0.619492
3.29041, -0.256196, -3.00138, 0.380508, 0.380508, 0.619492
3.29045, -0.256196, -3.00138, 0.380508, 0.380508, 0.619492
3.2905, -0.256196, -3.00138, 0.380508, 0.380508, 0.619492
3.29054, -0.256196, -3.00138, 0.380508, 0.380508, 0.619492
3.29059, -0.256196, -3.00138, 0.380508, 0.380508, 0.619492
3.29063, -0.256196, -3.00138, 0.380508, 0.380508, 0.619492
3.29068, -0.256196, -3.00138, 0.380508, 0.380508, 0.619492
3.29072, -0.256196, -3.00138, 0.380508, 0.380508, 0.619492
3.29077, -0.256196, -3.00138, 0.380508, 0.380508, 0.619492
3.29081, -0.256196, -3.00138, 0.380508, 0.380508, 0.619492
3.29086, -0.256196, -3.00138, 0.380508, 0.380508, 0.619492
3.2909, -0.256196, -3.00138, 0.380508, 0.380508, 0.619492
3.29095, -0.256196, -3.00138, 0.380508, 0.380508, 0.619492
3.29099, -0.256196, -3.00138, 0.380508, 0.380508, 0.619492
3.29104, -0.256196, -3.00138, 0.380508, 0.380508, 0.619492
3.29108, -0.256196, -3.00138, 0.380508, 0.380508, 0.619492
3.29113, -0.256196, -3.00138, 0.380508, 0.380508, 0.619492
3.29117, -0.256196, -3.00138, 0.380508, 0.380508, 0.619492
3.29122, -0.256196, -3.00138, 0.380508, 0.380508, 0.619492
3.29126, -0.256196, -3.00138, 0.380508, 0.380508, 0.619492
3.29131, -0.256196, -3.00138, 0.380508, 0.380508, 0.619492
3.29135, -0.256196, -3.00138, 0.380508, 0.380508, 0.619492
3.2914, -0.256196, -3.00138, 0.380508, 0.380508, 0.619492
3.29144, -0.256196, -3.00138, 0.380508, 0.380508, 0.619492
3.29149, -0.256196, -3.00138, 0.380508, 0.380508, 0.619492
3.29153, -0.256196, -3.00138, 0.380508, 0.380508, 0.619492
3.29158, -0.256211, -3.00152, 0.380531, 0.380531, 0.619469
3.29162, -0.256211, -3.00152, 0.380531, 0.380531, 0.619469
3.29167, -0.256211, -3.00152, 0.380531, 0.380531, 0.619469
3.29171, -0.256211, -3.00152, 0.380531, 0.380531, 0.619469
3.29176, -0.256211, -3.00152, 0.380531, 0.380531, 0.619469
3.2918, -0.256241, -3.0018, 0.380577, 0.380577, 0.619423
3.29185, -0.256241, -3.0018, 0.380577, 0.380577, 0.619423
3.29189, -0.256241, -3.0018, 0.380577, 0.380577, 0.619423
3.29194, -0.256241, -3.0018, 0.380577, 0.380577, 0.619423
3.29198, -0.256241, -3.0018, 0.380577, 0.380577, 0.619423
3.29203, -0.256241, -3.0018, 0.380577, 0.380577, 0.619423
3.29207, -0.256241, -3.0018, 0.380577, 0.380577, 0.619423
3.29212, -0.256241, -3.0018, 0.380577, 0.380577, 0.619423
3.29216, -0.256241, -3.0018, 0.380577, 0.380577, 0.619423
3.29221, -0.256241, -3.0018, 0.380577, 0.380577, 0.619423
3.29225, -0.256241, -3.0018, 0.380577, 0.380577, 0.619423
3.2923, -0.256241, -3.0018, 0.380577, 0.380577, 0.619423
3.29234, -0.256241, -3.0018, 0.380577, 0.380577, 0.619423
3.29239, -0.256241, -3.0018, 0.380577, 0.380577, 0.619423
3.29243, -0.256241, -3.0018, 0.380577, 0.380577, 0.619423
3.29247, -0.256241, -3.0018, 0.380577, 0.380577, 0.619423
3.29252, -0.256241, -3.0018, 0.380577, 0.380577, 0.619423
3.29256, -0.256241, -3.0018, 0.380577, 0.380577, 0.619423
3.29261, -0.256241, -3.0018, 0.380577, 0.380577, 0.619423
3.29265, -0.256241, -3.0018, 0.380577, 0.380577, 0.619423
3.2927, -0.256241, -3.0018, 0.380577, 0.380577, 0.619423
3.29274, -0.256241, -3.0018, 0.380577, 0.380577, 0.619423
3.29279, -0.256241, -3.0018, 0.380577, 0.380577, 0.619423
3.29283, -0.256241, -3.0018, 0.380577, 0.380577, 0.619423
3.29288, -0.256241, -3.0018, 0.380577, 0.380577, 0.619423
3.29292, -0.256241, -3.0018, 0.380577, 0.380577, 0.619423
3.29297, -0.256241, -3.0018, 0.380577, 0.380577, 0.619423
3.29301, -0.256241, -3.0018, 0.380577, 0.380577, 0.619423
3.29306, -0.256241, -3.0018, 0.380577, 0.380577, 0.619423
3.2931, -0.256241, -3.0018, 0.380577, 0.380577, 0.619423
3.29315, -0.256241, -3.0018, 0.380577, 0.380577, 0.619423
3.29319, -0.256241, -3.0018, 0.380577, 0.380577, 0.619423
3.29324, -0.256256, -3.00194, 0.380599, 0.3806, 0.6194
3.29328, -0.256256, -3.00194, 0.380599, 0.380599, 0.619401
3.29333, -0.256256, -3.00194, 0.380599, 0.380599, 0.619401
3.29337, -0.256256, -3.00194, 0.380599, 0.380599, 0.619401
3.29342, -0.256256, -3.00194, 0.380599, 0.380599, 0.619401
3.29346, -0.256256, -3.00194, 0.380599, 0.380599, 0.619401
3.29351, -0.256256, -3.00194, 0.380599, 0.380599, 0.619401
3.29355, -0.256256, -3.00194, 0.380599, 0.380599, 0.619401
3.2936, -0.256256, -3.00194, 0.380599, 0.380599, 0.619401
3.29364, -0.256256, -3.00194, 0.380599, 0.380599, 0.619401
3.29369, -0.256256, -3.00194, 0.380599, 0.380599, 0.619401
3.29373, -0.256256, -3.00194, 0.380599, 0.380599, 0.619401
3.29378, -0.256256, -3.00194, 0.380599, 0.380599, 0.619401
3.29382, -0.256256, -3.00194, 0.380599, 0.380599, 0.619401
3.29387, -0.256256, -3.00194, 0.380599, 0.380599, 0.619401
3.29391, -0.256256, -3.00194, 0.380599, 0.380599, 0.619401
3.29396, -0.256256, -3.00194, 0.380599, 0.380599, 0.619401
3.294, -0.256256, -3.00194, 0.380599, 0.380599, 0.619401
3.29405, -0.256256, -3.00194, 0.380599, 0.380599, 0.619401
3.29409, -0.256256, -3.00194, 0.380599, 0.380599, 0.619401
3.29414, -0.256256, -3.00194, 0.380599, 0.380599, 0.619401
3.29418, -0.256256, -3.00194, 0.380599, 0.380599, 0.619401
3.29423, -0.256256, -3.00194, 0.380599, 0.380599, 0.619401
3.29427, -0.256256, -3.00194, 0.380599, 0.380599, 0.619401
3.29432, -0.256256, -3.00194, 0.380599, 0.380599, 0.619401
3.29436, -0.256256, -3.00194, 0.380599, 0.380599, 0.619401
3.29441, -0.256256, -3.00194, 0.380599, 0.380599, 0.619401
3.29445, -0.256256, -3.00194, 0.380599, 0.380599, 0.619401
3.2945, -0.256256, -3.00194, 0.380599, 0.380599, 0.619401
3.29454, -0.256256, -3.00194, 0.380599, 0.380599, 0.619401
3.29459, -0.256256, -3.00194, 0.380599, 0.380599, 0.619401
3.29463, -0.256256, -3.00194, 0.380599, 0.380599, 0.619401
3.29467, -0.256256, -3.00194, 0.380599, 0.380599, 0.619401
3.29472, -0.256256, -3.00194, 0.380599, 0.380599, 0.619401
3.29476, -0.256256, -3.00194, 0.380599, 0.380599, 0.619401
3.29481, -0.256256, -3.00194, 0.380599, 0.380599, 0.619401
3.29485, -0.256256, -3.00194, 0.380599, 0.380599, 0.619401
3.2949, -0.256256, -3.00194, 0.380599, 0.380599, 0.619401
3.29494, -0.256271, -3.00208, 0.380622, 0.380622, 0.619378
3.29499, -0.256286, -3.00222, 0.380645, 0.380645, 0.619355
3.29503, -0.256286, -3.00222, 0.380645, 0.380645, 0.619355
3.29508, -0.256286, -3.00222, 0.380645, 0.380645, 0.619355
3.29512, -0.256286, -3.00222, 0.380645, 0.380645, 0.619355
3.29517, -0.256286, -3.00222, 0.380645, 0.380645, 0.619355
3.29521, -0.256286, -3.00222, 0.380645, 0.380645, 0.619355
3.29526, -0.256286, -3.00222, 0.380645, 0.380645, 0.619355
3.2953, -0.256286, -3.00222, 0.380645, 0.380645, 0.619355
3.29535, -0.256286, -3.00222, 0.380645, 0.380645, 0.619355
3.29539, -0.256286, -3.00222, 0.380645, 0.380645, 0.619355
3.29544, -0.256286, -3.00222, 0.380645, 0.380645, 0.619355
3.29548, -0.256286, -3.00222, 0.380645, 0.380645, 0.619355
3.29553, -0.256286, -3.00222, 0.380645, 0.380645, 0.619355
3.29557, -0.256286, -3.00222, 0.380645, 0.380645, 0.619355
3.29562, -0.256286, -3.00222, 0.380645, 0.380645, 0.619355
3.29566, -0.256286, -3.00222, 0.380645, 0.380645, 0.619355
3.29571, -0.256286, -3.00222, 0.380645, 0.380645, 0.619355
3.29575, -0.256286, -3.00222, 0.380645, 0.380645, 0.619355
3.2958, -0.256286, -3.00222, 0.380645, 0.380645, 0.619355
3.29584, -0.256286, -3.00222, 0.380645, 0.380645, 0.619355
3.29589, -0.256286, -3.00222, 0.380645, 0.380645, 0.619355
3.29593, -0.256286, -3.00222, 0.380645, 0.380645, 0.619355
3.29598, -0.256286, -3.00222, 0.380645, 0.380645, 0.619355
3.29602, -0.256301, -3.00236, 0.380668, 0.380668, 0.619332
3.29607, -0.256301, -3.00236, 0.380668, 0.380668, 0.619332
3.29611, -0.256301, -3.00236, 0.380668, 0.380668, 0.619332
3.29616, -0.256301, -3.00236, 0.380668, 0.380668, 0.619332
3.2962, -0.256301, -3.00236, 0.380668, 0.380668, 0.619332
3.29625, -0.256301, -3.00236, 0.380668, 0.380668, 0.619332
3.29629, -0.256301, -3.00236, 0.380668, 0.380668, 0.619332
3.29634, -0.256301, -3.00236, 0.380668, 0.380668, 0.619332
3.29638, -0.256301, -3.00236, 0.380668, 0.380668, 0.619332
3.29643, -0.256301, -3.00236, 0.380668, 0.380668, 0.619332
3.29647, -0.256301, -3.00236, 0.380668, 0.380668, 0.619332
3.29652, -0.256301, -3.00236, 0.380668, 0.380668, 0.619332
3.29656, -0.256301, -3.00236, 0.380668, 0.380668, 0.619332
3.29661, -0.256301, -3.00236, 0.380668, 0.380668, 0.619332
3.29665, -0.256316, -3.0025, 0.380691, 0.380691, 0.619309
3.2967, -0.256316, -3.0025, 0.380691, 0.380691, 0.619309
3.29674, -0.256316, -3.0025, 0.380691, 0.380691, 0.619309
3.29679, -0.256316, -3.0025, 0.380691, 0.380691, 0.619309
3.29683, -0.256316, -3.0025, 0.380691, 0.380691, 0.619309
3.29688, -0.256316, -3.0025, 0.380691, 0.380691, 0.619309
3.29692, -0.256316, -3.0025, 0.380691, 0.380691, 0.619309
3.29696, -0.256316, -3.0025, 0.380691, 0.380691, 0.619309
3.29701, -0.256316, -3.0025, 0.380691, 0.380691, 0.619309
3.29705, -0.256316, -3.0025, 0.380691, 0.380691, 0.619309
3.2971, -0.256316, -3.0025, 0.380691, 0.380691, 0.619309
3.29714, -0.256316, -3.0025, 0.380691, 0.380691, 0.619309
3.29719, -0.256316, -3.0025, 0.380691, 0.380691, 0.619309
3.29723, -0.256316, -3.0025, 0.380691, 0.380691, 0.619309
3.29728, -0.256316, -3.0025, 0.380691, 0.380691, 0.619309
3.29732, -0.256316, -3.0025, 0.380691, 0.380691, 0.619309
3.29737, -0.256316, -3.0025, 0.380691, 0.380691, 0.619309
3.29741, -0.256316, -3.0025, 0.380691, 0.380691, 0.619309
3.29746, -0.256316, -3.0025, 0.380691, 0.380691, 0.619309
3.2975, -0.256316, -3.0025, 0.380691, 0.380691, 0.619309
3.29755, -0.256316, -3.0025, 0.380691, 0.380691, 0.619309
3.29759, -0.256316, -3.0025, 0.380691, 0.380691, 0.619309
3.29764, -0.256316, -3.0025, 0.380691, 0.380691, 0.619309
3.29768, -0.256316, -3.0025, 0.380691, 0.380691, 0.619309
3.29773, -0.256316, -3.0025, 0.380691, 0.380691, 0.619309
3.29777, -0.256316, -3.0025, 0.380691, 0.380691, 0.619309
3.29782, -0.256316, -3.0025, 0.380691, 0.380691, 0.619309
3.29786, -0.256316, -3.0025, 0.380691, 0.380691, 0.619309
3.29791, -0.256316, -3.0025, 0.380691, 0.380691, 0.619309
3.29795, -0.256316, -3.0025, 0.380691, 0.380691, 0.619309
3.298, -0.256316, -3.0025, 0.380691, 0.380691, 0.619309
3.29804, -0.256316, -3.0025, 0.380691, 0.380691, 0.619309
3.29809, -0.256316, -3.0025, 0.380691, 0.380691, 0.619309
3.29813, -0.256316, -3.0025, 0.380691, 0.380691, 0.619309
3.29818, -0.25633, -3.00264, 0.380714, 0.380714, 0.619286
3.29822, -0.25633, -3.00264, 0.380714, 0.380714, 0.619286
3.29827, -0.25633, -3.00264, 0.380714, 0.380714, 0.619286
3.29831, -0.25633, -3.00264, 0.380714, 0.380714, 0.619286
3.29836, -0.25633, -3.00264, 0.380714, 0.380714, 0.619286
3.2984, -0.256345, -3.00278, 0.380737, 0.380737, 0.619263
3.29845, -0.256345, -3.00278, 0.380737, 0.380737, 0.619263
3.29849, -0.256345, -3.00278, 0.380737, 0.380737, 0.619263
3.29854, -0.256345, -3.00278, 0.380737, 0.380737, 0.619263
3.29858, -0.256345, -3.00278, 0.380737, 0.380737, 0.619263
3.29863, -0.256345, -3.00278, 0.380737, 0.380737, 0.619263
3.29867, -0.256345, -3.00278, 0.380737, 0.380737, 0.619263
3.29872, -0.256345, -3.00278, 0.380737, 0.380737, 0.619263
3.29876, -0.256345, -3.00278, 0.380737, 0.380737, 0.619263
3.29881, -0.256345, -3.00278, 0.380737, 0.380737, 0.619263
3.29885, -0.256345, -3.00278, 0.380737, 0.380737, 0.619263
3.2989, -0.256345, -3.00278, 0.380737, 0.380737, 0.619263
3.29894, -0.256345, -3.00278, 0.380737, 0.380737, 0.619263
3.29899, -0.256345, -3.00278, 0.380737, 0.380737, 0.619263
3.29903, -0.256345, -3.00278, 0.380737, 0.380737, 0.619263
3.29908, -0.256345, -3.00278, 0.380737, 0.380737, 0.619263
3.29912, -0.256345, -3.00278, 0.380737, 0.380737, 0.619263
3.29916, -0.256345, -3.00278, 0.380737, 0.380737, 0.619263
3.29921, -0.256345, -3.00278, 0.380737, 0.380737, 0.619263
3.29925, -0.256345, -3.00278, 0.380737, 0.380737, 0.619263
3.2993, -0.256345, -3.00278, 0.380737, 0.380737, 0.619263
3.29934, -0.256345, -3.00278, 0.380737, 0.380737, 0.619263
3.29939, -0.256345, -3.00278, 0.380737, 0.380737, 0.619263
3.29943, -0.256345, -3.00278, 0.380737, 0.380737, 0.619263
3.29948, -0.256345, -3.00278, 0.380737, 0.380737, 0.619263
3.29952, -0.256345, -3.00278, 0.380737, 0.380737, 0.619263
3.29957, -0.256345, -3.00278, 0.380737, 0.380737, 0.619263
3.29961, -0.256345, -3.00278, 0.380737, 0.380737, 0.619263
3.29966, -0.256345, -3.00278, 0.380737, 0.380737, 0.619263
3.2997, -0.256345, -3.00278, 0.380737, 0.380737, 0.619263
3.29975, -0.256345, -3.00278, 0.380737, 0.380737, 0.619263
3.29979, -0.256345, -3.00278, 0.380737, 0.380737, 0.619263
3.29984, -0.256345, -3.00278, 0.380737, 0.380737, 0.619263
3.29988, -0.256345, -3.00278, 0.380737, 0.380737, 0.619263
3.29993, -0.256345, -3.00278, 0.380737, 0.380737, 0.619263
3.29997, -0.256345, -3.00278, 0.380737, 0.380737, 0.619263
3.30002, -0.256345, -3.00278, 0.380737, 0.380737, 0.619263
3.30006, -0.256345, -3.00278, 0.380737, 0.380737, 0.619263
3.30011, -0.256345, -3.00278, 0.380737, 0.380737, 0.619263
3.30015, -0.25636, -3.00292, 0.38076, 0.38076, 0.61924
3.3002, -0.25636, -3.00292, 0.38076, 0.38076, 0.61924
3.30024, -0.25636, -3.00292, 0.38076, 0.38076, 0.61924
3.30029, -0.25636, -3.00292, 0.38076, 0.38076, 0.61924
3.30033, -0.25636, -3.00292, 0.38076, 0.38076, 0.61924
3.30038, -0.25636, -3.00292, 0.38076, 0.38076, 0.61924
3.30042, -0.25636, -3.00292, 0.38076, 0.38076, 0.61924
3.30047, -0.25636, -3.00292, 0.38076, 0.38076, 0.61924
3.30051, -0.25636, -3.00292, 0.38076, 0.38076, 0.61924
3.30056, -0.25636, -3.00292, 0.38076, 0.38076, 0.61924
3.3006, -0.25636, -3.00292, 0.38076, 0.38076, 0.61924
3.30065, -0.25636, -3.00292, 0.38076, 0.38076, 0.61924
3.30069, -0.25636, -3.00292, 0.38076, 0.38076, 0.61924
3.30074, -0.25636, -3.00292, 0.38076, 0.38076, 0.61924
3.30078, -0.256375, -3.00306, 0.380783, 0.380783, 0.619217
3.30083, -0.256375, -3.00306, 0.380783, 0.380783, 0.619217
3.30087, -0.256375, -3.00306, 0.380783, 0.380783, 0.619217
3.30092, -0.256375, -3.00306, 0.380783, 0.380783, 0.619217
3.30096, -0.256375, -3.00306, 0.380783, 0.380783, 0.619217
3.30101, -0.256375, -3.00306, 0.380783, 0.380783, 0.619217
3.30105, -0.256375, -3.00306, 0.380783, 0.380783, 0.619217
3.3011, -0.256375, -3.00306, 0.380783, 0.380783, 0.619217
3.30114, -0.256375, -3.00306, 0.380783, 0.380783, 0.619217
3.30119, -0.256375, -3.00306, 0.380783, 0.380783, 0.619217
3.30123, -0.256375, -3.00306, 0.380783, 0.380783, 0.619217
3.30128, -0.256375, -3.00306, 0.380783, 0.380783, 0.619217
3.30132, -0.256375, -3.00306, 0.380783, 0.380783, 0.619217
3.30136, -0.256375, -3.00306, 0.380783, 0.380783, 0.619217
3.30141, -0.25639, -3.0032, 0.380806, 0.380806, 0.619194
3.30145, -0.25639, -3.0032, 0.380806, 0.380806, 0.619194
3.3015, -0.25639, -3.0032, 0.380806, 0.380806, 0.619194
3.30154, -0.25639, -3.0032, 0.380806, 0.380806, 0.619194
3.30159, -0.25639, -3.0032, 0.380806, 0.380806, 0.619194
3.30163, -0.25639, -3.0032, 0.380806, 0.380806, 0.619194
3.30168, -0.25639, -3.0032, 0.380806, 0.380806, 0.619194
3.30172, -0.25639, -3.0032, 0.380806, 0.380806, 0.619194
3.30177, -0.25639, -3.0032, 0.380806, 0.380806, 0.619194
3.30181, -0.25639, -3.0032, 0.380806, 0.380806, 0.619194
3.30186, -0.25639, -3.0032, 0.380806, 0.380806, 0.619194
3.3019, -0.256405, -3.00334, 0.380829, 0.380829, 0.619171
3.30195, -0.256405, -3.00334, 0.380829, 0.380829, 0.619171
3.30199, -0.256405, -3.00334, 0.380829, 0.380829, 0.619171
3.30204, -0.256405, -3.00334, 0.380829, 0.380829, 0.619171
3.30208, -0.256405, -3.00334, 0.380829, 0.380829, 0.619171
3.30213, -0.256405, -3.00334, 0.380829, 0.380829, 0.619171
3.30217, -0.256405, -3.00334, 0.380829, 0.380829, 0.619171
3.30222, -0.256405, -3.00334, 0.380829, 0.380829, 0.619171
3.30226, -0.256405, -3.00334, 0.380829, 0.380829, 0.619171
3.30231, -0.256405, -3.00334, 0.380829, 0.380829, 0.619171
3.30235, -0.256405, -3.00334, 0.380829, 0.380829, 0.619171
3.3024, -0.256405, -3.00334, 0.380829, 0.380829, 0.619171
3.30244, -0.256405, -3.00334, 0.380829, 0.380829, 0.619171
3.30249, -0.256405, -3.00334, 0.380829, 0.380829, 0.619171
3.30253, -0.256405, -3.00334, 0.380829, 0.380829, 0.619171
3.30258, -0.256405, -3.00334, 0.380829, 0.380829, 0.619171
3.30262, -0.256405, -3.00334, 0.380829, 0.380829, 0.619171
3.30267, -0.256405, -3.00334, 0.380829, 0.380829, 0.619171
3.30271, -0.256405, -3.00334, 0.380829, 0.380829, 0.619171
3.30276, -0.256405, -3.00334, 0.380829, 0.380829, 0.619171
3.3028, -0.256405, -3.00334, 0.380829, 0.380829, 0.619171
3.30285, -0.256405, -3.00334, 0.380829, 0.380829, 0.619171
3.30289, -0.256405, -3.00334, 0.380829, 0.380829, 0.619171
3.30294, -0.256405, -3.00334, 0.380829, 0.380829, 0.619171
3.30298, -0.256405, -3.00334, 0.380829, 0.380829, 0.619171
3.30303, -0.256405, -3.00334, 0.380829, 0.380829, 0.619171
3.30307, -0.256405, -3.00334, 0.380829, 0.380829, 0.619171
3.30312, -0.256405, -3.00334, 0.380829, 0.380829, 0.619171
3.30316, -0.256405, -3.00334, 0.380829, 0.380829, 0.619171
3.30321, -0.256405, -3.00334, 0.380829, 0.380829, 0.619171
3.30325, -0.256405, -3.00334, 0.380829, 0.380829, 0.619171
3.3033, -0.256405, -3.00334, 0.380829, 0.380829, 0.619171
3.30334, -0.256405, -3.00334, 0.380829, 0.380829, 0.619171
3.30339, -0.256405, -3.00334, 0.380829, 0.380829, 0.619171
3.30343, -0.256405, -3.00334, 0.380829, 0.380829, 0.619171
3.30348, -0.256405, -3.00334, 0.380829, 0.380829, 0.619171
3.30352, -0.256405, -3.00334, 0.380829, 0.380829, 0.619171
3.30357, -0.256405, -3.00334, 0.380829, 0.380829, 0.619171
3.30361, -0.256405, -3.00334, 0.380829, 0.380829, 0.619171
3.30365, -0.256405, -3.00334, 0.380829, 0.380829, 0.619171
3.3037, -0.25642, -3.00348, 0.380852, 0.380852, 0.619148
3.30374, -0.25642, -3.00348, 0.380852, 0.380852, 0.619148
3.30379, -0.25642, -3.00348, 0.380852, 0.380852, 0.619148
3.30383, -0.25642, -3.00348, 0.380852, 0.380852, 0.619148
3.30388, -0.25642, -3.00348, 0.380852, 0.380852, 0.619148
3.30392, -0.25642, -3.00348, 0.380852, 0.380852, 0.619148
3.30397, -0.25642, -3.00348, 0.380852, 0.380852, 0.619148
3.30401, -0.25642, -3.00348, 0.380852, 0.380852, 0.619148
3.30406, -0.25642, -3.00348, 0.380852, 0.380852, 0.619148
3.3041, -0.25642, -3.00348, 0.380852, 0.380852, 0.619148
3.30415, -0.25642, -3.00348, 0.380852, 0.380852, 0.619148
3.30419, -0.25642, -3.00348, 0.380852, 0.380852, 0.619148
3.30424, -0.25642, -3.00348, 0.380852, 0.380852, 0.619148
3.30428, -0.25642, -3.00348, 0.380852, 0.380852, 0.619148
3.30433, -0.25642, -3.00348, 0.380852, 0.380852, 0.619148
3.30437, -0.25642, -3.00348, 0.380852, 0.380852, 0.619148
3.30442, -0.25642, -3.00348, 0.380852, 0.380852, 0.619148
3.30446, -0.25642, -3.00348, 0.380852, 0.380852, 0.619148
3.30451, -0.25642, -3.00348, 0.380852, 0.380852, 0.619148
3.30455, -0.25642, -3.00348, 0.380852, 0.380852, 0.619148
3.3046, -0.256435, -3.00362, 0.380875, 0.380875, 0.619125
3.30464, -0.256435, -3.00362, 0.380875, 0.380875, 0.619125
3.30469, -0.256435, -3.00362, 0.380875, 0.380875, 0.619125
3.30473, -0.256435, -3.00362, 0.380875, 0.380875, 0.619125
3.30478, -0.256435, -3.00362, 0.380875, 0.380875, 0.619125
3.30482, -0.256435, -3.00362, 0.380875, 0.380875, 0.619125
3.30487, -0.256435, -3.00362, 0.380875, 0.380875, 0.619125
3.30491, -0.256435, -3.00362, 0.380875, 0.380875, 0.619125
3.30496, -0.256435, -3.00362, 0.380875, 0.380875, 0.619125
3.305, -0.256435, -3.00362, 0.380875, 0.380875, 0.619125
3.30505, -0.256435, -3.00362, 0.380875, 0.380875, 0.619125
3.30509, -0.256435, -3.00362, 0.380875, 0.380875, 0.619125
3.30514, -0.256435, -3.00362, 0.380875, 0.380875, 0.619125
3.30518, -0.256435, -3.00362, 0.380875, 0.380875, 0.619125
3.30523, -0.256435, -3.00362, 0.380875, 0.380875, 0.619125
3.30527, -0.256435, -3.00362, 0.380875, 0.380875, 0.619125
3.30532, -0.256435, -3.00362, 0.380875, 0.380875, 0.619125
3.30536, -0.256435, -3.00362, 0.380875, 0.380875, 0.619125
3.30541, -0.256435, -3.00362, 0.380875, 0.380875, 0.619125
3.30545, -0.256435, -3.00362, 0.380875, 0.380875, 0.619125
3.3055, -0.25645, -3.00376, 0.380898, 0.380898, 0.619102
3.30554, -0.25645, -3.00376, 0.380898, 0.380898, 0.619102
3.30559, -0.25645, -3.00376, 0.380898, 0.380898, 0.619102
3.30563, -0.25645, -3.00376, 0.380898, 0.380898, 0.619102
3.30568, -0.25645, -3.00376, 0.380898, 0.380898, 0.619102
3.30572, -0.25645, -3.00376, 0.380898, 0.380898, 0.619102
3.30577, -0.25645, -3.00376, 0.380898, 0.380898, 0.619102
3.30581, -0.25645, -3.00376, 0.380898, 0.380898, 0.619102
3.30585, -0.25645, -3.00376, 0.380898, 0.380898, 0.619102
3.3059, -0.25645, -3.00376, 0.380898, 0.380898, 0.619102
3.30594, -0.25645, -3.00376, 0.380898, 0.380898, 0.619102
3.30599, -0.25645, -3.00376, 0.380898, 0.380898, 0.619102
3.30603, -0.25645, -3.00376, 0.380898, 0.380898, 0.619102
3.30608, -0.25645, -3.00376, 0.380898, 0.380898, 0.619102
3.30612, -0.25645, -3.00376, 0.380898, 0.380898, 0.619102
3.30617, -0.25645, -3.00376, 0.380898, 0.380898, 0.619102
3.30621, -0.25645, -3.00376, 0.380898, 0.380898, 0.619102
3.30626, -0.25645, -3.00376, 0.380898, 0.380898, 0.619102
3.3063, -0.25645, -3.00376, 0.380898, 0.380898, 0.619102
3.30635, -0.25645, -3.00376, 0.380898, 0.380898, 0.619102
3.30639, -0.25645, -3.00376, 0.380898, 0.380898, 0.619102
3.30644, -0.25645, -3.00376, 0.380898, 0.380898, 0.619102
3.30648, -0.256465, -3.0039, 0.380921, 0.380921, 0.619079
3.30653, -0.256465, -3.0039, 0.380921, 0.380921, 0.619079
3.30657, -0.256465, -3.0039, 0.380921, 0.380921, 0.619079
3.30662, -0.256465, -3.0039, 0.380921, 0.380921, 0.619079
3.30666, -0.256465, -3.0039, 0.380921, 0.380921, 0.619079
3.30671, -0.256465, -3.0039, 0.380921, 0.380921, 0.619079
3.30675, -0.256465, -3.0039, 0.380921, 0.380921, 0.619079
3.3068, -0.256465, -3.0039, 0.380921, 0.380921, 0.619079
3.30684, -0.256465, -3.0039, 0.380921, 0.380921, 0.619079
3.30689, -0.256465, -3.0039, 0.380921, 0.380921, 0.619079
3.30693, -0.256465, -3.0039, 0.380921, 0.380921, 0.619079
3.30698, -0.256465, -3.0039, 0.380921, 0.380921, 0.619079
3.30702, -0.256465, -3.0039, 0.380921, 0.380921, 0.619079
3.30707, -0.256465, -3.0039, 0.380921, 0.380921, 0.619079
3.30711, -0.256465, -3.0039, 0.380921, 0.380921, 0.619079
3.30716, -0.256465, -3.0039, 0.380921, 0.380921, 0.619079
3.3072, -0.256465, -3.0039, 0.380921, 0.380921, 0.619079
3.30725, -0.256465, -3.0039, 0.380921, 0.380921, 0.619079
3.30729, -0.256465, -3.0039, 0.380921, 0.380921, 0.619079
3.30734, -0.25648, -3.00404, 0.380944, 0.380944, 0.619056
3.30738, -0.25648, -3.00404, 0.380944, 0.380944, 0.619056
3.30743, -0.25648, -3.00404, 0.380944, 0.380944, 0.619056
3.30747, -0.25648, -3.00404, 0.380944, 0.380944, 0.619056
3.30752, -0.25648, -3.00404, 0.380944, 0.380944, 0.619056
3.30756, -0.25648, -3.00404, 0.380944, 0.380944, 0.619056
3.30761, -0.25648, -3.00404, 0.380944, 0.380944, 0.619056
3.30765, -0.25648, -3.00404, 0.380944, 0.380944, 0.619056
3.3077, -0.25648, -3.00404, 0.380944, 0.380944, 0.619056
3.30774, -0.25648, -3.00404, 0.380944, 0.380944, 0.619056
3.30779, -0.25648, -3.00404, 0.380967, 0.380944, 0.619056
3.30783, -0.256495, -3.00418, 0.380967, 0.380967, 0.619033
3.30788, -0.256495, -3.00418, 0.380967, 0.380967, 0.619033
3.30792, -0.256495, -3.00418, 0.380967, 0.380967, 0.619033
3.30797, -0.256495, -3.00418, 0.380967, 0.380967, 0.619033
3.30801, -0.256495, -3.00418, 0.380967, 0.380967, 0.619033
3.30805, -0.256495, -3.00418, 0.380967, 0.380967, 0.619033
3.3081, -0.256495, -3.00418, 0.380967, 0.380967, 0.619033
3.30814, -0.256495, -3.00418, 0.380967, 0.380967, 0.619033
3.30819, -0.256495, -3.00418, 0.380967, 0.380967, 0.619033
3.30823, -0.256495, -3.00418, 0.380967, 0.380967, 0.619033
3.30828, -0.256495, -3.00418, 0.380967, 0.380967, 0.619033
3.30832, -0.256495, -3.00418, 0.380967, 0.380967, 0.619033
3.30837, -0.256495, -3.00418, 0.380967, 0.380967, 0.619033
3.30841, -0.256495, -3.00418, 0.380967, 0.380967, 0.619033
3.30846, -0.256495, -3.00418, 0.380967, 0.380967, 0.619033
3.3085, -0.256495, -3.00418, 0.380967, 0.380967, 0.619033
3.30855, -0.256495, -3.00418, 0.380967, 0.380967, 0.619033
3.30859, -0.256495, -3.00418, 0.380967, 0.380967, 0.619033
3.30864, -0.256495, -3.00418, 0.380967, 0.380967, 0.619033
3.30868, -0.256495, -3.00418, 0.380967, 0.380967, 0.619033
3.30873, -0.256495, -3.00418, 0.380967, 0.380967, 0.619033
3.30877, -0.256495, -3.00418, 0.380967, 0.380967, 0.619033
3.30882, -0.256495, -3.00418, 0.380967, 0.380967, 0.619033
3.30886, -0.256495, -3.00418, 0.380967, 0.380967, 0.619033
3.30891, -0.256495, -3.00418, 0.380967, 0.380967, 0.619033
3.30895, -0.256495, -3.00418, 0.380967, 0.380967, 0.619033
3.309, -0.256495, -3.00418, 0.380967, 0.380967, 0.619033
3.30904, -0.256495, -3.00418, 0.380967, 0.380967, 0.619033
3.30909, -0.256495, -3.00418, 0.380967, 0.380967, 0.619033
3.30913, -0.256495, -3.00418, 0.380967, 0.380967, 0.619033
3.30918, -0.25651, -3.00432, 0.380989, 0.380989, 0.619011
3.30922, -0.25651, -3.00432, 0.38099, 0.38099, 0.61901
3.30927, -0.25651, -3.00432, 0.38099, 0.38099, 0.61901
3.30931, -0.25651, -3.00432, 0.38099, 0.38099, 0.61901
3.30936, -0.25651, -3.00432, 0.38099, 0.38099, 0.61901
3.3094, -0.25651, -3.00432, 0.38099, 0.38099, 0.61901
3.30945, -0.25651, -3.00432, 0.38099, 0.38099, 0.61901
3.30949, -0.25651, -3.00432, 0.38099, 0.38099, 0.61901
3.30954, -0.25651, -3.00432, 0.38099, 0.38099, 0.61901
3.30958, -0.25651, -3.00432, 0.38099, 0.38099, 0.61901
3.30963, -0.25651, -3.00432, 0.38099, 0.38099, 0.61901
3.30967, -0.25651, -3.00432, 0.38099, 0.38099, 0.61901
3.30972, -0.25651, -3.00432, 0.38099, 0.38099, 0.61901
3.30976, -0.25651, -3.00432, 0.38099, 0.38099, 0.61901
3.30981, -0.25651, -3.00432, 0.38099, 0.38099, 0.61901
3.30985, -0.25651, -3.00432, 0.38099, 0.38099, 0.61901
3.3099, -0.25651, -3.00432, 0.38099, 0.38099, 0.61901
3.30994, -0.25651, -3.00432, 0.38099, 0.38099, 0.61901
3.30999, -0.25651, -3.00432, 0.38099, 0.38099, 0.61901
3.31003, -0.25651, -3.00432, 0.38099, 0.38099, 0.61901
3.31008, -0.25651, -3.00432, 0.38099, 0.38099, 0.61901
3.31012, -0.25651, -3.00432, 0.38099, 0.38099, 0.61901
3.31017, -0.25651, -3.00432, 0.38099, 0.38099, 0.61901
3.31021, -0.25651, -3.00432, 0.38099, 0.38099, 0.61901
3.31026, -0.25651, -3.00432, 0.38099, 0.38099, 0.61901
3.3103, -0.25651, -3.00432, 0.38099, 0.38099, 0.61901
3.31034, -0.25651, -3.00432, 0.38099, 0.38099, 0.61901
3.31039, -0.25651, -3.00432, 0.38099, 0.38099, 0.61901
3.31043, -0.25651, -3.00432, 0.38099, 0.38099, 0.61901
3.31048, -0.25651, -3.00432, 0.38099, 0.38099, 0.61901
3.31052, -0.25651, -3.00432, 0.38099, 0.38099, 0.61901
3.31057, -0.25651, -3.00432, 0.38099, 0.38099, 0.61901
3.31061, -0.25651, -3.00432, 0.38099, 0.38099, 0.61901
3.31066, -0.25651, -3.00432, 0.38099, 0.38099, 0.61901
3.3107, -0.25651, -3.00432, 0.38099, 0.38099, 0.61901
3.31075, -0.25651, -3.00432, 0.38099, 0.38099, 0.61901
3.31079, -0.25651, -3.00432, 0.38099, 0.38099, 0.61901
3.31084, -0.25651, -3.00432, 0.38099, 0.38099, 0.61901
3.31088, -0.25651, -3.00432, 0.38099, 0.38099, 0.61901
3.31093, -0.25651, -3.00432, 0.38099, 0.38099, 0.61901
3.31097, -0.25651, -3.00432, 0.38099, 0.38099, 0.61901
3.31102, -0.256525, -3.00446, 0.381012, 0.381012, 0.618988
3.31106, -0.25654, -3.0046, 0.381035, 0.381035, 0.618965
3.31111, -0.25654, -3.0046, 0.381035, 0.381035, 0.618965
3.31115, -0.25654, -3.0046, 0.381035, 0.381035, 0.618965
3.3112, -0.25654, -3.0046, 0.381035, 0.381035, 0.618965
3.31124, -0.25654, -3.0046, 0.381035, 0.381035, 0.618965
3.31129, -0.25654, -3.0046, 0.381035, 0.381035, 0.618965
3.31133, -0.25654, -3.0046, 0.381035, 0.381035, 0.618965
3.31138, -0.25654, -3.0046, 0.381035, 0.381035, 0.618965
3.31142, -0.25654, -3.0046, 0.381035, 0.381035, 0.618965
3.31147, -0.25654, -3.0046, 0.381035, 0.381035, 0.618965
3.31151, -0.25654, -3.0046, 0.381035, 0.381035, 0.618965
3.31156, -0.25654, -3.0046, 0.381035, 0.381035, 0.618965
3.3116, -0.25654, -3.0046, 0.381035, 0.381035, 0.618965
3.31165, -0.25654, -3.0046, 0.381035, 0.381035, 0.618965
3.31169, -0.25654, -3.0046, 0.381035, 0.381035, 0.618965
3.31174, -0.256555, -3.00474, 0.381058, 0.381058, 0.618942
3.31178, -0.256555, -3.00474, 0.381058, 0.381058, 0.618942
3.31183, -0.256555, -3.00474, 0.381058, 0.381058, 0.618942
3.31187, -0.256555, -3.00474, 0.381058, 0.381058, 0.618942
3.31192, -0.256555, -3.00474, 0.381058, 0.381058, 0.618942
3.31196, -0.256555, -3.00474, 0.381058, 0.381058, 0.618942
3.31201, -0.256555, -3.00474, 0.381058, 0.381058, 0.618942
3.31205, -0.256555, -3.00474, 0.381058, 0.381058, 0.618942
3.3121, -0.256555, -3.00474, 0.381058, 0.381058, 0.618942
3.31214, -0.256555, -3.00474, 0.381058, 0.381058, 0.618942
3.31219, -0.256555, -3.00474, 0.381058, 0.381058, 0.618942
3.31223, -0.256555, -3.00474, 0.381058, 0.381058, 0.618942
3.31228, -0.256555, -3.00474, 0.381058, 0.381058, 0.618942
3.31232, -0.256555, -3.00474, 0.381058, 0.381058, 0.618942
3.31237, -0.256555, -3.00474, 0.381058, 0.381058, 0.618942
3.31241, -0.256555, -3.00474, 0.381058, 0.381058, 0.618942
3.31246, -0.256555, -3.00474, 0.381058, 0.381058, 0.618942
3.3125, -0.256555, -3.00474, 0.381058, 0.381058, 0.618942
3.31254, -0.256555, -3.00474, 0.381058, 0.381058, 0.618942
3.31259, -0.256555, -3.00474, 0.381058, 0.381058, 0.618942
3.31263, -0.256555, -3.00474, 0.381058, 0.381058, 0.618942
3.31268, -0.256555, -3.00474, 0.381058, 0.381058, 0.618942
3.31272, -0.256555, -3.00474, 0.381058, 0.381058, 0.618942
3.31277, -0.256555, -3.00474, 0.381058, 0.381058, 0.618942
3.31281, -0.256555, -3.00474, 0.381058, 0.381058, 0.618942
3.31286, -0.256555, -3.00474, 0.381058, 0.381058, 0.618942
3.3129, -0.256555, -3.00474, 0.381058, 0.381058, 0.618942
3.31295, -0.256555, -3.00474, 0.381058, 0.381058, 0.618942
3.31299, -0.25657, -3.00489, 0.381081, 0.381081, 0.618919
3.31304, -0.25657, -3.00489, 0.381081, 0.381081, 0.618919
3.31308, -0.25657, -3.00489, 0.381081, 0.381081, 0.618919
3.31313, -0.25657, -3.00489, 0.381081, 0.381081, 0.618919
3.31317, -0.25657, -3.00489, 0.381081, 0.381081, 0.618919
3.31322, -0.25657, -3.00489, 0.381081, 0.381081, 0.618919
3.31326, -0.25657, -3.00489, 0.381081, 0.381081, 0.618919
3.31331, -0.25657, -3.00489, 0.381081, 0.381081, 0.618919
3.31335, -0.25657, -3.00489, 0.381081, 0.381081, 0.618919
3.3134, -0.25657, -3.00489, 0.381081, 0.381081, 0.618919
3.31344, -0.25657, -3.00489, 0.381081, 0.381081, 0.618919
3.31349, -0.25657, -3.00489, 0.381081, 0.381081, 0.618919
3.31353, -0.25657, -3.00489, 0.381081, 0.381081, 0.618919
3.31358, -0.25657, -3.00489, 0.381081, 0.381081, 0.618919
3.31362, -0.256585, -3.00503, 0.381104, 0.381104, 0.618896
3.31367, -0.256585, -3.00503, 0.381104, 0.381104, 0.618896
3.31371, -0.256585, -3.00503, 0.381104, 0.381104, 0.618896
3.31376, -0.256585, -3.00503, 0.381104, 0.381104, 0.618896
3.3138, -0.256585, -3.00503, 0.381104, 0.381104, 0.618896
3.31385, -0.256585, -3.00503, 0.381104, 0.381104, 0.618896
3.31389, -0.256585, -3.00503, 0.381104, 0.381104, 0.618896
3.31394, -0.256585, -3.00503, 0.381104, 0.381104, 0.618896
3.31398, -0.256585, -3.00503, 0.381104, 0.381104, 0.618896
3.31403, -0.256585, -3.00503, 0.381104, 0.381104, 0.618896
3.31407, -0.256585, -3.00503, 0.381104, 0.381104, 0.618896
3.31412, -0.256585, -3.00503, 0.381104, 0.381104, 0.618896
3.31416, -0.256585, -3.00503, 0.381104, 0.381104, 0.618896
3.31421, -0.256599, -3.00517, 0.381127, 0.381127, 0.618873
3.31425, -0.256599, -3.00517, 0.381127, 0.381127, 0.618873
3.3143, -0.256599, -3.00517, 0.381127, 0.381127, 0.618873
3.31434, -0.256599, -3.00517, 0.381127, 0.381127, 0.618873
3.31439, -0.256599, -3.00517, 0.381127, 0.381127, 0.618873
3.31443, -0.256599, -3.00517, 0.381127, 0.381127, 0.618873
3.31448, -0.256599, -3.00517, 0.381127, 0.381127, 0.618873
3.31452, -0.256599, -3.00517, 0.381127, 0.381127, 0.618873
3.31457, -0.256599, -3.00517, 0.381127, 0.381127, 0.618873
3.31461, -0.256599, -3.00517, 0.381127, 0.381127, 0.618873
3.31466, -0.256599, -3.00517, 0.381127, 0.381127, 0.618873
3.3147, -0.256599, -3.00517, 0.381127, 0.381127, 0.618873
3.31474, -0.256599, -3.00517, 0.381127, 0.381127, 0.618873
3.31479, -0.256599, -3.00517, 0.381127, 0.381127, 0.618873
3.31483, -0.256599, -3.00517, 0.381127, 0.381127, 0.618873
3.31488, -0.256599, -3.00517, 0.381127, 0.381127, 0.618873
3.31492, -0.256614, -3.00531, 0.38115, 0.38115, 0.61885
3.31497, -0.256614, -3.00531, 0.38115, 0.38115, 0.61885
3.31501, -0.256614, -3.00531, 0.38115, 0.38115, 0.61885
3.31506, -0.256614, -3.00531, 0.38115, 0.38115, 0.61885
3.3151, -0.256614, -3.00531, 0.38115, 0.38115, 0.61885
3.31515, -0.256614, -3.00531, 0.38115, 0.38115, 0.61885
3.31519, -0.256614, -3.00531, 0.38115, 0.38115, 0.61885
3.31524, -0.256614, -3.00531, 0.38115, 0.38115, 0.61885
3.31528, -0.256614, -3.00531, 0.38115, 0.38115, 0.61885
3.31533, -0.256614, -3.00531, 0.38115, 0.38115, 0.61885
3.31537, -0.256614, -3.00531, 0.38115, 0.38115, 0.61885
3.31542, -0.256614, -3.00531, 0.38115, 0.38115, 0.61885
3.31546, -0.256614, -3.00531, 0.38115, 0.38115, 0.61885
3.31551, -0.256614, -3.00531, 0.38115, 0.38115, 0.61885
3.31555, -0.256614, -3.00531, 0.38115, 0.38115, 0.61885
3.3156, -0.256614, -3.00531, 0.38115, 0.38115, 0.61885
3.31564, -0.256614, -3.00531, 0.38115, 0.38115, 0.61885
3.31569, -0.256614, -3.00531, 0.38115, 0.38115, 0.61885
3.31573, -0.256614, -3.00531, 0.38115, 0.38115, 0.61885
3.31578, -0.256614, -3.00531, 0.38115, 0.38115, 0.61885
3.31582, -0.256614, -3.00531, 0.38115, 0.38115, 0.61885
3.31587, -0.256614, -3.00531, 0.38115, 0.38115, 0.61885
3.31591, -0.256614, -3.00531, 0.38115, 0.38115, 0.61885
3.31596, -0.256614, -3.00531, 0.38115, 0.38115, 0.61885
3.316, -0.256614, -3.00531, 0.38115, 0.38115, 0.61885
3.31605, -0.256614, -3.00531, 0.38115, 0.38115, 0.61885
3.31609, -0.256614, -3.00531, 0.38115, 0.38115, 0.61885
3.31614, -0.256614, -3.00531, 0.38115, 0.38115, 0.61885
3.31618, -0.256614, -3.00531, 0.38115, 0.38115, 0.61885
3.31623, -0.256614, -3.00531, 0.38115, 0.38115, 0.61885
3.31627, -0.256614, -3.00531, 0.38115, 0.38115, 0.61885
3.31632, -0.256614, -3.00531, 0.38115, 0.38115, 0.61885
3.31636, -0.256614, -3.00531, 0.38115, 0.38115, 0.61885
3.31641, -0.256614, -3.00531, 0.38115, 0.38115, 0.61885
3.31645, -0.256614, -3.00531, 0.38115, 0.38115, 0.61885
3.3165, -0.256614, -3.00531, 0.38115, 0.38115, 0.61885
3.31654, -0.256614, -3.00531, 0.38115, 0.38115, 0.61885
3.31659, -0.256614, -3.00531, 0.38115, 0.38115, 0.61885
3.31663, -0.256614, -3.00531, 0.38115, 0.38115, 0.61885
3.31668, -0.256614, -3.00531, 0.38115, 0.38115, 0.61885
3.31672, -0.256614, -3.00531, 0.38115, 0.38115, 0.61885
3.31677, -0.256614, -3.00531, 0.38115, 0.38115, 0.61885
3.31681, -0.256614, -3.00531, 0.38115, 0.38115, 0.61885
3.31686, -0.256614, -3.00531, 0.38115, 0.38115, 0.61885
3.3169, -0.256629, -3.00545, 0.381173, 0.381173, 0.618827
3.31695, -0.256629, -3.00545, 0.381173, 0.381173, 0.618827
3.31699, -0.256629, -3.00545, 0.381173, 0.381173, 0.618827
3.31703, -0.256629, -3.00545, 0.381173, 0.381173, 0.618827
3.31708, -0.256629, -3.00545, 0.381173, 0.381173, 0.618827
3.31712, -0.256629, -3.00545, 0.381173, 0.381173, 0.618827
3.31717, -0.256629, -3.00545, 0.381173, 0.381173, 0.618827
3.31721, -0.256629, -3.00545, 0.381173, 0.381173, 0.618827
3.31726, -0.256629, -3.00545, 0.381173, 0.381173, 0.618827
3.3173, -0.256629, -3.00545, 0.381173, 0.381173, 0.618827
3.31735, -0.256629, -3.00545, 0.381173, 0.381173, 0.618827
3.31739, -0.256629, -3.00545, 0.381173, 0.381173, 0.618827
3.31744, -0.256644, -3.00559, 0.381196, 0.381196, 0.618804
3.31748, -0.256644, -3.00559, 0.381196, 0.381196, 0.618804
3.31753, -0.256644, -3.00559, 0.381196, 0.381196, 0.618804
3.31757, -0.256644, -3.00559, 0.381196, 0.381196, 0.618804
3.31762, -0.256644, -3.00559, 0.381196, 0.381196, 0.618804
3.31766, -0.256644, -3.00559, 0.381196, 0.381196, 0.618804
3.31771, -0.256644, -3.00559, 0.381196, 0.381196, 0.618804
3.31775, -0.256644, -3.00559, 0.381196, 0.381196, 0.618804
3.3178, -0.256644, -3.00559, 0.381196, 0.381196, 0.618804
3.31784, -0.256644, -3.00559, 0.381196, 0.381196, 0.618804
3.31789, -0.256644, -3.00559, 0.381196, 0.381196, 0.618804
3.31793, -0.256644, -3.00559, 0.381196, 0.381196, 0.618804
3.31798, -0.256644, -3.00559, 0.381196, 0.381196, 0.618804
3.31802, -0.256644, -3.00559, 0.381196, 0.381196, 0.618804
3.31807, -0.256644, -3.00559, 0.381196, 0.381196, 0.618804
3.31811, -0.256644, -3.00559, 0.381196, 0.381196, 0.618804
3.31816, -0.256644, -3.00559, 0.381196, 0.381196, 0.618804
3.3182, -0.256644, -3.00559, 0.381196, 0.381196, 0.618804
3.31825, -0.256644, -3.00559, 0.381196, 0.381196, 0.618804
3.31829, -0.256644, -3.00559, 0.381196, 0.381196, 0.618804
3.31834, -0.256644, -3.00559, 0.381196, 0.381196, 0.618804
3.31838, -0.256644, -3.00559, 0.381196, 0.381196, 0.618804
3.31843, -0.256644, -3.00559, 0.381196, 0.381196, 0.618804
3.31847, -0.256644, -3.00559, 0.381196, 0.381196, 0.618804
3.31852, -0.256644, -3.00559, 0.381196, 0.381196, 0.618804
3.31856, -0.256644, -3.00559, 0.381196, 0.381196, 0.618804
3.31861, -0.256644, -3.00559, 0.381196, 0.381196, 0.618804
3.31865, -0.256644, -3.00559, 0.381196, 0.381196, 0.618804
3.3187, -0.256644, -3.00559, 0.381196, 0.381196, 0.618804
3.31874, -0.256644, -3.00559, 0.381196, 0.381196, 0.618804
3.31879, -0.256644, -3.00559, 0.381196, 0.381196, 0.618804
3.31883, -0.256644, -3.00559, 0.381196, 0.381196, 0.618804
3.31888, -0.256659, -3.00573, 0.381219, 0.381219, 0.618781
3.31892, -0.256659, -3.00573, 0.381219, 0.381219, 0.618781
3.31897, -0.256659, -3.00573, 0.381219, 0.381219, 0.618781
3.31901, -0.256659, -3.00573, 0.381219, 0.381219, 0.618781
3.31906, -0.256659, -3.00573, 0.381219, 0.381219, 0.618781
3.3191, -0.256659, -3.00573, 0.381219, 0.381219, 0.618781
3.31915, -0.256659, -3.00573, 0.381219, 0.381219, 0.618781
3.31919, -0.256659, -3.00573, 0.381219, 0.381219, 0.618781
3.31923, -0.256659, -3.00573, 0.381219, 0.381219, 0.618781
3.31928, -0.256659, -3.00573, 0.381219, 0.381219, 0.618781
3.31932, -0.256659, -3.00573, 0.381219, 0.381219, 0.618781
3.31937, -0.256659, -3.00573, 0.381219, 0.381219, 0.618781
3.31941, -0.256659, -3.00573, 0.381219, 0.381219, 0.618781
3.31946, -0.256659, -3.00573, 0.381219, 0.381219, 0.618781
3.3195, -0.256659, -3.00573, 0.381219, 0.381219, 0.618781
3.31955, -0.256659, -3.00573, 0.381219, 0.381219, 0.618781
3.31959, -0.256659, -3.00573, 0.381219, 0.381219, 0.618781
3.31964, -0.256659, -3.00573, 0.381219, 0.381219, 0.618781
3.31968, -0.256659, -3.00573, 0.381219, 0.381219, 0.618781
3.31973, -0.256659, -3.00573, 0.381219, 0.381219, 0.618781
3.31977, -0.256659, -3.00573, 0.381219, 0.381219, 0.618781
3.31982, -0.256659, -3.00573, 0.381219, 0.381219, 0.618781
3.31986, -0.256659, -3.00573, 0.381219, 0.381219, 0.618781
3.31991, -0.256659, -3.00573, 0.381219, 0.381219, 0.618781
3.31995, -0.256659, -3.00573, 0.381219, 0.381219, 0.618781
3.32, -0.256659, -3.00573, 0.381219, 0.381219, 0.618781
3.32004, -0.256659, -3.00573, 0.381219, 0.381219, 0.618781
3.32009, -0.256659, -3.00573, 0.381219, 0.381219, 0.618781
3.32013, -0.256659, -3.00573, 0.381219, 0.381219, 0.618781
3.32018, -0.256659, -3.00573, 0.381219, 0.381219, 0.618781
3.32022, -0.256659, -3.00573, 0.381219, 0.381219, 0.618781
3.32027, -0.256659, -3.00573, 0.381219, 0.381219, 0.618781
3.32031, -0.256659, -3.00573, 0.381219, 0.381219, 0.618781
3.32036, -0.256659, -3.00573, 0.381219, 0.381219, 0.618781
3.3204, -0.256659, -3.00573, 0.381219, 0.381219, 0.618781
3.32045, -0.256659, -3.00573, 0.381219, 0.381219, 0.618781
3.32049, -0.256674, -3.00587, 0.381242, 0.381242, 0.618758
3.32054, -0.256674, -3.00587, 0.381242, 0.381242, 0.618758
3.32058, -0.256674, -3.00587, 0.381242, 0.381242, 0.618758
3.32063, -0.256689, -3.00601, 0.381265, 0.381265, 0.618735
3.32067, -0.256689, -3.00601, 0.381265, 0.381265, 0.618735
3.32072, -0.256689, -3.00601, 0.381265, 0.381265, 0.618735
3.32076, -0.256689, -3.00601, 0.381265, 0.381265, 0.618735
3.32081, -0.256689, -3.00601, 0.381265, 0.381265, 0.618735
3.32085, -0.256689, -3.00601, 0.381265, 0.381265, 0.618735
3.3209, -0.256689, -3.00601, 0.381265, 0.381265, 0.618735
3.32094, -0.256704, -3.00615, 0.381288, 0.381288, 0.618712
3.32099, -0.256704, -3.00615, 0.381288, 0.381288, 0.618712
3.32103, -0.256704, -3.00615, 0.381288, 0.381288, 0.618712
3.32108, -0.256704, -3.00615, 0.381288, 0.381288, 0.618712
3.32112, -0.256704, -3.00615, 0.381288, 0.381288, 0.618712
3.32117, -0.256704, -3.00615, 0.381288, 0.381288, 0.618712
3.32121, -0.256704, -3.00615, 0.381288, 0.381288, 0.618712
3.32126, -0.256704, -3.00615, 0.381288, 0.381288, 0.618712
3.3213, -0.256704, -3.00615, 0.381288, 0.381288, 0.618712
3.32135, -0.256704, -3.00615, 0.381288, 0.381288, 0.618712
3.32139, -0.256704, -3.00615, 0.381288, 0.381288, 0.618712
3.32143, -0.256704, -3.00615, 0.381288, 0.381288, 0.618712
3.32148, -0.256704, -3.00615, 0.381288, 0.381288, 0.618712
3.32152, -0.256704, -3.00615, 0.381288, 0.381288, 0.618712
3.32157, -0.256704, -3.00615, 0.381288, 0.381288, 0.618712
3.32161, -0.256704, -3.00615, 0.381288, 0.381288, 0.618712
3.32166, -0.256704, -3.00615, 0.381288, 0.381288, 0.618712
3.3217, -0.256704, -3.00615, 0.381288, 0.381288, 0.618712
3.32175, -0.256704, -3.00615, 0.381288, 0.381288, 0.618712
3.32179, -0.256704, -3.00615, 0.381288, 0.381288, 0.618712
3.32184, -0.256704, -3.00615, 0.381288, 0.381288, 0.618712
3.32188, -0.256704, -3.00615, 0.381288, 0.381288, 0.618712
3.32193, -0.256704, -3.00615, 0.381288, 0.381288, 0.618712
3.32197, -0.256704, -3.00615, 0.381288, 0.381288, 0.618712
3.32202, -0.256704, -3.00615, 0.381288, 0.381288, 0.618712
3.32206, -0.256704, -3.00615, 0.381288, 0.381288, 0.618712
3.32211, -0.256704, -3.00615, 0.381288, 0.381288, 0.618712
3.32215, -0.256704, -3.00615, 0.381288, 0.381288, 0.618712
3.3222, -0.256704, -3.00615, 0.381288, 0.381288, 0.618712
3.32224, -0.256704, -3.00615, 0.381288, 0.381288, 0.618712
3.32229, -0.256704, -3.00615, 0.381288, 0.381288, 0.618712
3.32233, -0.256704, -3.00615, 0.381288, 0.381288, 0.618712
3.32238, -0.256704, -3.00615, 0.381288, 0.381288, 0.618712
3.32242, -0.256704, -3.00615, 0.381288, 0.381288, 0.618712
3.32247, -0.256704, -3.00615, 0.381288, 0.381288, 0.618712
3.32251, -0.256704, -3.00615, 0.381288, 0.381288, 0.618712
3.32256, -0.256704, -3.00615, 0.381288, 0.381288, 0.618712
3.3226, -0.256704, -3.00615, 0.381288, 0.381288, 0.618712
3.32265, -0.256704, -3.00615, 0.381288, 0.381288, 0.618712
3.32269, -0.256704, -3.00615, 0.381288, 0.381288, 0.618712
3.32274, -0.256704, -3.00615, 0.381288, 0.381288, 0.618712
3.32278, -0.256704, -3.00615, 0.381288, 0.381288, 0.618712
3.32283, -0.256704, -3.00615, 0.381288, 0.381288, 0.618712
3.32287, -0.256704, -3.00615, 0.381288, 0.381288, 0.618712
3.32292, -0.256704, -3.00615, 0.381288, 0.381288, 0.618712
3.32296, -0.256704, -3.00615, 0.381288, 0.381288, 0.618712
3.32301, -0.256719, -3.00629, 0.381311, 0.381311, 0.618689
3.32305, -0.256719, -3.00629, 0.381311, 0.381311, 0.618689
3.3231, -0.256719, -3.00629, 0.381311, 0.381311, 0.618689
3.32314, -0.256719, -3.00629, 0.381311, 0.381311, 0.618689
3.32319, -0.256719, -3.00629, 0.381311, 0.381311, 0.618689
3.32323, -0.256719, -3.00629, 0.381311, 0.381311, 0.618689
3.32328, -0.256719, -3.00629, 0.381311, 0.381311, 0.618689
3.32332, -0.256719, -3.00629, 0.381311, 0.381311, 0.618689
3.32337, -0.256719, -3.00629, 0.381311, 0.381311, 0.618689
3.32341, -0.256719, -3.00629, 0.381311, 0.381311, 0.618689
3.32346, -0.256719, -3.00629, 0.381311, 0.381311, 0.618689
3.3235, -0.256719, -3.00629, 0.381311, 0.381311, 0.618689
3.32355, -0.256719, -3.00629, 0.381311, 0.381311, 0.618689
3.32359, -0.256719, -3.00629, 0.381311, 0.381311, 0.618689
3.32364, -0.256719, -3.00629, 0.381311, 0.381311, 0.618689
3.32368, -0.256719, -3.00629, 0.381311, 0.381311, 0.618689
3.32372, -0.256719, -3.00629, 0.381311, 0.381311, 0.618689
3.32377, -0.256719, -3.00629, 0.381311, 0.381311, 0.618689
3.32381, -0.256734, -3.00643, 0.381334, 0.381334, 0.618666
3.32386, -0.256734, -3.00643, 0.381334, 0.381334, 0.618666
3.3239, -0.256734, -3.00643, 0.381334, 0.381334, 0.618666
3.32395, -0.256734, -3.00643, 0.381334, 0.381334, 0.618666
3.32399, -0.256734, -3.00643, 0.381334, 0.381334, 0.618666
3.32404, -0.256734, -3.00643, 0.381334, 0.381334, 0.618666
3.32408, -0.256734, -3.00643, 0.381334, 0.381334, 0.618666
3.32413, -0.256734, -3.00643, 0.381334, 0.381334, 0.618666
3.32417, -0.256734, -3.00643, 0.381334, 0.381334, 0.618666
3.32422, -0.256734, -3.00643, 0.381334, 0.381334, 0.618666
3.32426, -0.256734, -3.00643, 0.381334, 0.381334, 0.618666
3.32431, -0.256734, -3.00643, 0.381334, 0.381334, 0.618666
3.32435, -0.256734, -3.00643, 0.381334, 0.381334, 0.618666
3.3244, -0.256734, -3.00643, 0.381334, 0.381334, 0.618666
3.32444, -0.256734, -3.00643, 0.381334, 0.381334, 0.618666
3.32449, -0.256734, -3.00643, 0.381334, 0.381334, 0.618666
3.32453, -0.256734, -3.00643, 0.381334, 0.381334, 0.618666
3.32458, -0.256734, -3.00643, 0.381334, 0.381334, 0.618666
3.32462, -0.256734, -3.00643, 0.381334, 0.381334, 0.618666
3.32467, -0.256734, -3.00643, 0.381334, 0.381334, 0.618666
3.32471, -0.256734, -3.00643, 0.381334, 0.381334, 0.618666
3.32476, -0.256734, -3.00643, 0.381334, 0.381334, 0.618666
3.3248, -0.256734, -3.00643, 0.381334, 0.381334, 0.618666
3.32485, -0.256734, -3.00643, 0.381334, 0.381334, 0.618666
3.32489, -0.256734, -3.00643, 0.381334, 0.381334, 0.618666
3.32494, -0.256734, -3.00643, 0.381334, 0.381334, 0.618666
3.32498, -0.256734, -3.00643, 0.381334, 0.381334, 0.618666
3.32503, -0.256734, -3.00643, 0.381334, 0.381334, 0.618666
3.32507, -0.256734, -3.00643, 0.381334, 0.381334, 0.618666
3.32512, -0.256749, -3.00657, 0.381357, 0.381357, 0.618643
3.32516, -0.256749, -3.00657, 0.381357, 0.381357, 0.618643
3.32521, -0.256749, -3.00657, 0.381357, 0.381357, 0.618643
3.32525, -0.256749, -3.00657, 0.381357, 0.381357, 0.618643
3.3253, -0.256749, -3.00657, 0.381357, 0.381357, 0.618643
3.32534, -0.256749, -3.00657, 0.381357, 0.381357, 0.618643
3.32539, -0.256749, -3.00657, 0.381357, 0.381357, 0.618643
3.32543, -0.256749, -3.00657, 0.381357, 0.381357, 0.618643
3.32548, -0.256749, -3.00657, 0.381357, 0.381357, 0.618643
3.32552, -0.256749, -3.00657, 0.381357, 0.381357, 0.618643
3.32557, -0.256749, -3.00657, 0.381357, 0.381357, 0.618643
3.32561, -0.256749, -3.00657, 0.381357, 0.381357, 0.618643
3.32566, -0.256749, -3.00657, 0.381357, 0.381357, 0.618643
3.3257, -0.256749, -3.00657, 0.381357, 0.381357, 0.618643
3.32575, -0.256749, -3.00657, 0.381357, 0.381357, 0.618643
3.32579, -0.256749, -3.00657, 0.381357, 0.381357, 0.618643
3.32584, -0.256749, -3.00657, 0.381357, 0.381357, 0.618643
3.32588, -0.256749, -3.00657, 0.381357, 0.381357, 0.618643
3.32592, -0.256749, -3.00657, 0.381357, 0.381357, 0.618643
3.32597, -0.256749, -3.00657, 0.381357, 0.381357, 0.618643
3.32601, -0.256749, -3.00657, 0.381357, 0.381357, 0.618643
3.32606, -0.256749, -3.00657, 0.381357, 0.381357, 0.618643
3.3261, -0.256749, -3.00657, 0.381357, 0.381357, 0.618643
3.32615, -0.256749, -3.00657, 0.381357, 0.381357, 0.618643
3.32619, -0.256749, -3.00657, 0.381357, 0.381357, 0.618643
3.32624, -0.256749, -3.00657, 0.381357, 0.381357, 0.618643
3.32628, -0.256749, -3.00657, 0.381357, 0.381357, 0.618643
3.32633, -0.256749, -3.00657, 0.381357, 0.381357, 0.618643
3.32637, -0.256749, -3.00657, 0.381357, 0.381357, 0.618643
3.32642, -0.256749, -3.00657, 0.381357, 0.381357, 0.618643
3.32646, -0.256749, -3.00657, 0.381357, 0.381357, 0.618643
3.32651, -0.256749, -3.00657, 0.381357, 0.381357, 0.618643
3.32655, -0.256749, -3.00657, 0.381357, 0.381357, 0.618643
3.3266, -0.256749, -3.00657, 0.381357, 0.381357, 0.618643
3.32664, -0.256749, -3.00657, 0.381357, 0.381357, 0.618643
3.32669, -0.256749, -3.00657, 0.381357, 0.381357, 0.618643
3.32673, -0.256749, -3.00657, 0.381357, 0.381357, 0.618643
3.32678, -0.256749, -3.00657, 0.381357, 0.381357, 0.618643
3.32682, -0.256749, -3.00657, 0.381357, 0.381357, 0.618643
3.32687, -0.256749, -3.00657, 0.381357, 0.381357, 0.618643
3.32691, -0.256749, -3.00657, 0.381357, 0.381357, 0.618643
3.32696, -0.256749, -3.00657, 0.381357, 0.381357, 0.618643
3.327, -0.256749, -3.00657, 0.381357, 0.381357, 0.618643
3.32705, -0.256764, -3.00671, 0.38138, 0.38138, 0.61862
3.32709, -0.256764, -3.00671, 0.38138, 0.38138, 0.61862
3.32714, -0.256764, -3.00671, 0.38138, 0.38138, 0.61862
3.32718, -0.256764, -3.00671, 0.38138, 0.38138, 0.61862
3.32723, -0.256764, -3.00671, 0.38138, 0.38138, 0.61862
3.32727, -0.256779, -3.00685, 0.381403, 0.381403, 0.618597
3.32732, -0.256779, -3.00685, 0.381403, 0.381403, 0.618597
3.32736, -0.256779, -3.00685, 0.381403, 0.381403, 0.618597
3.32741, -0.256779, -3.00685, 0.381403, 0.381403, 0.618597
3.32745, -0.256779, -3.00685, 0.381403, 0.381403, 0.618597
3.3275, -0.256779, -3.00685, 0.381403, 0.381403, 0.618597
3.32754, -0.256779, -3.00685, 0.381403, 0.381403, 0.618597
3.32759, -0.256779, -3.00685, 0.381403, 0.381403, 0.618597
3.32763, -0.256779, -3.00685, 0.381403, 0.381403, 0.618597
3.32768, -0.256779, -3.00685, 0.381403, 0.381403, 0.618597
3.32772, -0.256779, -3.00685, 0.381403, 0.381403, 0.618597
3.32777, -0.256779, -3.00685, 0.381403, 0.381403, 0.618597
3.32781, -0.256779, -3.00685, 0.381403, 0.381403, 0.618597
3.32786, -0.256779, -3.00685, 0.381403, 0.381403, 0.618597
3.3279, -0.256779, -3.00685, 0.381403, 0.381403, 0.618597
3.32795, -0.256779, -3.00685, 0.381403, 0.381403, 0.618597
3.32799, -0.256779, -3.00685, 0.381403, 0.381403, 0.618597
3.32804, -0.256779, -3.00685, 0.381403, 0.381403, 0.618597
3.32808, -0.256779, -3.00685, 0.381403, 0.381403, 0.618597
3.32812, -0.256779, -3.00685, 0.381403, 0.381403, 0.618597
3.32817, -0.256779, -3.00685, 0.381403, 0.381403, 0.618597
3.32821, -0.256779, -3.00685, 0.381403, 0.381403, 0.618597
3.32826, -0.256779, -3.00685, 0.381403, 0.381403, 0.618597
3.3283, -0.256779, -3.00685, 0.381403, 0.381403, 0.618597
3.32835, -0.256779, -3.00685, 0.381403, 0.381403, 0.618597
3.32839, -0.256779, -3.00685, 0.381403, 0.381403, 0.618597
3.32844, -0.256779, -3.00685, 0.381403, 0.381403, 0.618597
3.32848, -0.256779, -3.00685, 0.381403, 0.381403, 0.618597
3.32853, -0.256779, -3.00685, 0.381403, 0.381403, 0.618597
3.32857, -0.256779, -3.00685, 0.381403, 0.381403, 0.618597
3.32862, -0.256779, -3.00685, 0.381403, 0.381403, 0.618597
3.32866, -0.256779, -3.00685, 0.381403, 0.381403, 0.618597
3.32871, -0.256779, -3.00685, 0.381403, 0.381403, 0.618597
3.32875, -0.256779, -3.00685, 0.381403, 0.381403, 0.618597
3.3288, -0.256779, -3.00685, 0.381403, 0.381403, 0.618597
3.32884, -0.256779, -3.00685, 0.381403, 0.381403, 0.618597
3.32889, -0.256779, -3.00685, 0.381403, 0.381403, 0.618597
3.32893, -0.256779, -3.00685, 0.381403, 0.381403, 0.618597
3.32898, -0.256779, -3.00685, 0.381403, 0.381403, 0.618597
3.32902, -0.256779, -3.00685, 0.381403, 0.381403, 0.618597
3.32907, -0.256779, -3.00685, 0.381403, 0.381403, 0.618597
3.32911, -0.256779, -3.00685, 0.381403, 0.381403, 0.618597
3.32916, -0.256779, -3.00685, 0.381403, 0.381403, 0.618597
3.3292, -0.256779, -3.00685, 0.381403, 0.381403, 0.618597
3.32925, -0.256779, -3.00685, 0.381403, 0.381403, 0.618597
3.32929, -0.256779, -3.00685, 0.381403, 0.381403, 0.618597
3.32934, -0.256779, -3.00685, 0.381403, 0.381403, 0.618597
3.32938, -0.256779, -3.00685, 0.381403, 0.381403, 0.618597
3.32943, -0.256779, -3.00685, 0.381403, 0.381403, 0.618597
3.32947, -0.256779, -3.00685, 0.381403, 0.381403, 0.618597
3.32952, -0.256794, -3.00699, 0.381426, 0.381426, 0.618574
3.32956, -0.256794, -3.00699, 0.381426, 0.381426, 0.618574
3.32961, -0.256794, -3.00699, 0.381426, 0.381426, 0.618574
3.32965, -0.256794, -3.00699, 0.381426, 0.381426, 0.618574
3.3297, -0.256794, -3.00699, 0.381426, 0.381426, 0.618574
3.32974, -0.256794, -3.00699, 0.381426, 0.381426, 0.618574
3.32979, -0.256794, -3.00699, 0.381426, 0.381426, 0.618574
3.32983, -0.256794, -3.00699, 0.381426, 0.381426, 0.618574
3.32988, -0.256794, -3.00699, 0.381426, 0.381426, 0.618574
3.32992, -0.256794, -3.00699, 0.381426, 0.381426, 0.618574
3.32997, -0.256809, -3.00713, 0.381449, 0.381449, 0.618551
3.33001, -0.256809, -3.00713, 0.381449, 0.381449, 0.618551
3.33006, -0.256809, -3.00713, 0.381449, 0.381449, 0.618551
3.3301, -0.256809, -3.00713, 0.381449, 0.381449, 0.618551
3.33015, -0.256809, -3.00713, 0.381449, 0.381449, 0.618551
3.33019, -0.256809, -3.00713, 0.381449, 0.381449, 0.618551
3.33024, -0.256824, -3.00727, 0.381472, 0.381472, 0.618528
3.33028, -0.256824, -3.00727, 0.381472, 0.381472, 0.618528
3.33033, -0.256824, -3.00727, 0.381472, 0.381472, 0.618528
3.33037, -0.256824, -3.00727, 0.381472, 0.381472, 0.618528
3.33041, -0.256824, -3.00727, 0.381472, 0.381472, 0.618528
3.33046, -0.256824, -3.00727, 0.381472, 0.381472, 0.618528
3.3305, -0.256824, -3.00727, 0.381472, 0.381472, 0.618528
3.33055, -0.256824, -3.00727, 0.381472, 0.381472, 0.618528
3.33059, -0.256824, -3.00727, 0.381472, 0.381472, 0.618528
3.33064, -0.256824, -3.00727, 0.381472, 0.381472, 0.618528
3.33068, -0.256824, -3.00727, 0.381472, 0.381472, 0.618528
3.33073, -0.256824, -3.00727, 0.381472, 0.381472, 0.618528
3.33077, -0.256824, -3.00727, 0.381472, 0.381472, 0.618528
3.33082, -0.256824, -3.00727, 0.381472, 0.381472, 0.618528
3.33086, -0.256824, -3.00727, 0.381472, 0.381472, 0.618528
3.33091, -0.256824, -3.00727, 0.381472, 0.381472, 0.618528
3.33095, -0.256824, -3.00727, 0.381472, 0.381472, 0.618528
3.331, -0.256824, -3.00727, 0.381472, 0.381472, 0.618528
3.33104, -0.256824, -3.00727, 0.381472, 0.381472, 0.618528
3.33109, -0.256824, -3.00727, 0.381472, 0.381472, 0.618528
3.33113, -0.256824, -3.00727, 0.381472, 0.381472, 0.618528
3.33118, -0.256824, -3.00727, 0.381472, 0.381472, 0.618528
3.33122, -0.256824, -3.00727, 0.381472, 0.381472, 0.618528
3.33127, -0.256824, -3.00727, 0.381472, 0.381472, 0.618528
3.33131, -0.256824, -3.00727, 0.381472, 0.381472, 0.618528
3.33136, -0.256824, -3.00727, 0.381472, 0.381472, 0.618528
3.3314, -0.256824, -3.00727, 0.381472, 0.381472, 0.618528
3.33145, -0.256824, -3.00727, 0.381472, 0.381472, 0.618528
3.33149, -0.256824, -3.00727, 0.381472, 0.381472, 0.618528
3.33154, -0.256824, -3.00727, 0.381472, 0.381472, 0.618528
3.33158, -0.256824, -3.00727, 0.381472, 0.381472, 0.618528
3.33163, -0.256824, -3.00727, 0.381472, 0.381472, 0.618528
3.33167, -0.256824, -3.00727, 0.381472, 0.381472, 0.618528
3.33172, -0.256824, -3.00727, 0.381472, 0.381472, 0.618528
3.33176, -0.256839, -3.00741, 0.381495, 0.381494, 0.618506
3.33181, -0.256839, -3.00741, 0.381495, 0.381495, 0.618505
3.33185, -0.256839, -3.00741, 0.381495, 0.381495, 0.618505
3.3319, -0.256839, -3.00741, 0.381495, 0.381495, 0.618505
3.33194, -0.256839, -3.00741, 0.381495, 0.381495, 0.618505
3.33199, -0.256839, -3.00741, 0.381495, 0.381495, 0.618505
3.33203, -0.256839, -3.00741, 0.381495, 0.381495, 0.618505
3.33208, -0.256839, -3.00741, 0.381495, 0.381495, 0.618505
3.33212, -0.256839, -3.00741, 0.381495, 0.381495, 0.618505
3.33217, -0.256839, -3.00741, 0.381495, 0.381495, 0.618505
3.33221, -0.256839, -3.00741, 0.381495, 0.381495, 0.618505
3.33226, -0.256839, -3.00741, 0.381495, 0.381495, 0.618505
3.3323, -0.256839, -3.00741, 0.381495, 0.381495, 0.618505
3.33235, -0.256839, -3.00741, 0.381495, 0.381495, 0.618505
3.33239, -0.256839, -3.00741, 0.381495, 0.381495, 0.618505
3.33244, -0.256839, -3.00741, 0.381495, 0.381495, 0.618505
3.33248, -0.256839, -3.00741, 0.381495, 0.381495, 0.618505
3.33253, -0.256839, -3.00741, 0.381495, 0.381495, 0.618505
3.33257, -0.256839, -3.00741, 0.381495, 0.381495, 0.618505
3.33261, -0.256839, -3.00741, 0.381495, 0.381495, 0.618505
3.33266, -0.256839, -3.00741, 0.381495, 0.381495, 0.618505
3.3327, -0.256839, -3.00741, 0.381495, 0.381495, 0.618505
3.33275, -0.256839, -3.00741, 0.381495, 0.381495, 0.618505
3.33279, -0.256839, -3.00741, 0.381495, 0.381495, 0.618505
3.33284, -0.256839, -3.00741, 0.381495, 0.381495, 0.618505
3.33288, -0.256839, -3.00741, 0.381495, 0.381495, 0.618505
3.33293, -0.256839, -3.00741, 0.381495, 0.381495, 0.618505
3.33297, -0.256839, -3.00741, 0.381495, 0.381495, 0.618505
3.33302, -0.256839, -3.00741, 0.381495, 0.381495, 0.618505
3.33306, -0.256839, -3.00741, 0.381495, 0.381495, 0.618505
3.33311, -0.256839, -3.00741, 0.381495, 0.381495, 0.618505
3.33315, -0.256839, -3.00741, 0.381495, 0.381495, 0.618505
3.3332, -0.256839, -3.00741, 0.381495, 0.381495, 0.618505
3.33324, -0.256839, -3.00741, 0.381495, 0.381495, 0.618505
3.33329, -0.256839, -3.00741, 0.381495, 0.381495, 0.618505
3.33333, -0.256839, -3.00741, 0.381495, 0.381495, 0.618505
3.33338, -0.256839, -3.00741, 0.381495, 0.381495, 0.618505
3.33342, -0.256854, -3.00755, 0.381517, 0.381517, 0.618483
3.33347, -0.256854, -3.00755, 0.381517, 0.381517, 0.618483
3.33351, -0.256854, -3.00755, 0.381517, 0.381517, 0.618483
3.33356, -0.256854, -3.00755, 0.381517, 0.381517, 0.618483
3.3336, -0.256854, -3.00755, 0.381517, 0.381517, 0.618483
3.33365, -0.256854, -3.00755, 0.381517, 0.381517, 0.618483
3.33369, -0.256854, -3.00755, 0.381517, 0.381517, 0.618483
3.33374, -0.256854, -3.00755, 0.381517, 0.381517, 0.618483
3.33378, -0.256854, -3.00755, 0.381517, 0.381517, 0.618483
3.33383, -0.256854, -3.00755, 0.381517, 0.381517, 0.618483
3.33387, -0.256854, -3.00755, 0.381517, 0.381517, 0.618483
3.33392, -0.256854, -3.00755, 0.381517, 0.381517, 0.618483
3.33396, -0.256854, -3.00755, 0.381517, 0.381517, 0.618483
3.33401, -0.256854, -3.00755, 0.381517, 0.381517, 0.618483
3.33405, -0.256854, -3.00755, 0.381517, 0.381517, 0.618483
3.3341, -0.256869, -3.00769, 0.38154, 0.38154, 0.61846
3.33414, -0.256869, -3.00769, 0.38154, 0.38154, 0.61846
3.33419, -0.256869, -3.00769, 0.38154, 0.38154, 0.61846
3.33423, -0.256869, -3.00769, 0.38154, 0.38154, 0.61846
3.33428, -0.256869, -3.00769, 0.38154, 0.38154, 0.61846
3.33432, -0.256869, -3.00769, 0.38154, 0.38154, 0.61846
3.33437, -0.256869, -3.00769, 0.38154, 0.38154, 0.61846
3.33441, -0.256869, -3.00769, 0.38154, 0.38154, 0.61846
3.33446, -0.256869, -3.00769, 0.38154, 0.38154, 0.61846
3.3345, -0.256869, -3.00769, 0.38154, 0.38154, 0.61846
3.33455, -0.256869, -3.00769, 0.38154, 0.38154, 0.61846
3.33459, -0.256869, -3.00769, 0.38154, 0.38154, 0.61846
3.33464, -0.256869, -3.00769, 0.38154, 0.38154, 0.61846
3.33468, -0.256869, -3.00769, 0.38154, 0.38154, 0.61846
3.33473, -0.256869, -3.00769, 0.38154, 0.38154, 0.61846
3.33477, -0.256869, -3.00769, 0.38154, 0.38154, 0.61846
3.33482, -0.256869, -3.00769, 0.38154, 0.38154, 0.61846
3.33486, -0.256869, -3.00769, 0.38154, 0.38154, 0.61846
3.3349, -0.256869, -3.00769, 0.38154, 0.38154, 0.61846
3.33495, -0.256869, -3.00769, 0.38154, 0.38154, 0.61846
3.33499, -0.256869, -3.00769, 0.38154, 0.38154, 0.61846
3.33504, -0.256869, -3.00769, 0.38154, 0.38154, 0.61846
3.33508, -0.256869, -3.00769, 0.38154, 0.38154, 0.61846
3.33513, -0.256869, -3.00769, 0.38154, 0.38154, 0.61846
3.33517, -0.256869, -3.00769, 0.38154, 0.38154, 0.61846
3.33522, -0.256869, -3.00769, 0.38154, 0.38154, 0.61846
3.33526, -0.256869, -3.00769, 0.38154, 0.38154, 0.61846
3.33531, -0.256869, -3.00769, 0.38154, 0.38154, 0.61846
3.33535, -0.256869, -3.00769, 0.38154, 0.38154, 0.61846
3.3354, -0.256869, -3.00769, 0.38154, 0.38154, 0.61846
3.33544, -0.256869, -3.00769, 0.38154, 0.38154, 0.61846
3.33549, -0.256869, -3.00769, 0.38154, 0.38154, 0.61846
3.33553, -0.256869, -3.00769, 0.38154, 0.38154, 0.61846
3.33558, -0.256869, -3.00769, 0.38154, 0.38154, 0.61846
3.33562, -0.256869, -3.00769, 0.38154, 0.38154, 0.61846
3.33567, -0.256869, -3.00769, 0.38154, 0.38154, 0.61846
3.33571, -0.256869, -3.00769, 0.38154, 0.38154, 0.61846
3.33576, -0.256869, -3.00769, 0.38154, 0.38154, 0.61846
3.3358, -0.256869, -3.00769, 0.38154, 0.38154, 0.61846
3.33585, -0.256869, -3.00769, 0.38154, 0.38154, 0.61846
3.33589, -0.256869, -3.00769, 0.38154, 0.38154, 0.61846
3.33594, -0.256869, -3.00769, 0.38154, 0.38154, 0.61846
3.33598, -0.256869, -3.00769, 0.38154, 0.38154, 0.61846
3.33603, -0.256869, -3.00769, 0.38154, 0.38154, 0.61846
3.33607, -0.256869, -3.00769, 0.38154, 0.38154, 0.61846
3.33612, -0.256869, -3.00769, 0.38154, 0.38154, 0.61846
3.33616, -0.256869, -3.00769, 0.38154, 0.38154, 0.61846
3.33621, -0.256869, -3.00769, 0.38154, 0.38154, 0.61846
3.33625, -0.256869, -3.00769, 0.38154, 0.38154, 0.61846
3.3363, -0.256869, -3.00769, 0.38154, 0.38154, 0.61846
3.33634, -0.256869, -3.00769, 0.38154, 0.38154, 0.61846
3.33639, -0.256869, -3.00769, 0.38154, 0.38154, 0.61846
3.33643, -0.256869, -3.00769, 0.38154, 0.38154, 0.61846
3.33648, -0.256884, -3.00783, 0.381563, 0.381563, 0.618437
3.33652, -0.256884, -3.00783, 0.381563, 0.381563, 0.618437
3.33657, -0.256884, -3.00783, 0.381563, 0.381563, 0.618437
3.33661, -0.256884, -3.00783, 0.381563, 0.381563, 0.618437
3.33666, -0.256898, -3.00797, 0.381586, 0.381586, 0.618414
3.3367, -0.256898, -3.00797, 0.381586, 0.381586, 0.618414
3.33675, -0.256898, -3.00797, 0.381586, 0.381586, 0.618414
3.33679, -0.256898, -3.00797, 0.381586, 0.381586, 0.618414
3.33684, -0.256898, -3.00797, 0.381586, 0.381586, 0.618414
3.33688, -0.256898, -3.00797, 0.381586, 0.381586, 0.618414
3.33693, -0.256898, -3.00797, 0.381586, 0.381586, 0.618414
3.33697, -0.256898, -3.00797, 0.381586, 0.381586, 0.618414
3.33702, -0.256898, -3.00797, 0.381586, 0.381586, 0.618414
3.33706, -0.256898, -3.00797, 0.381586, 0.381586, 0.618414
3.3371, -0.256898, -3.00797, 0.381586, 0.381586, 0.618414
3.33715, -0.256898, -3.00797, 0.381586, 0.381586, 0.618414
3.33719, -0.256898, -3.00797, 0.381586, 0.381586, 0.618414
3.33724, -0.256898, -3.00797, 0.381586, 0.381586, 0.618414
3.33728, -0.256898, -3.00797, 0.381586, 0.381586, 0.618414
3.33733, -0.256898, -3.00797, 0.381586, 0.381586, 0.618414
3.33737, -0.256898, -3.00797, 0.381586, 0.381586, 0.618414
3.33742, -0.256898, -3.00797, 0.381586, 0.381586, 0.618414
3.33746, -0.256898, -3.00797, 0.381586, 0.381586, 0.618414
3.33751, -0.256898, -3.00797, 0.381586, 0.381586, 0.618414
3.33755, -0.256898, -3.00797, 0.381586, 0.381586, 0.618414
3.3376, -0.256898, -3.00797, 0.381586, 0.381586, 0.618414
3.33764, -0.256898, -3.00797, 0.381586, 0.381586, 0.618414
3.33769, -0.256898, -3.00797, 0.381586, 0.381586, 0.618414
3.33773, -0.256898, -3.00797, 0.381586, 0.381586, 0.618414
3.33778, -0.256898, -3.00797, 0.381586, 0.381586, 0.618414
3.33782, -0.256898, -3.00797, 0.381586, 0.381586, 0.618414
3.33787, -0.256898, -3.00797, 0.381586, 0.381586, 0.618414
3.33791, -0.256898, -3.00797, 0.381586, 0.381586, 0.618414
3.33796, -0.256898, -3.00797, 0.381586, 0.381586, 0.618414
3.338, -0.256898, -3.00797, 0.381586, 0.381586, 0.618414
3.33805, -0.256898, -3.00797, 0.381586, 0.381586, 0.618414
3.33809, -0.256898, -3.00797, 0.381586, 0.381586, 0.618414
3.33814, -0.256898, -3.00797, 0.381586, 0.381586, 0.618414
3.33818, -0.256898, -3.00797, 0.381586, 0.381586, 0.618414
3.33823, -0.256898, -3.00797, 0.381586, 0.381586, 0.618414
3.33827, -0.256898, -3.00797, 0.381586, 0.381586, 0.618414
3.33832, -0.256898, -3.00797, 0.381586, 0.381586, 0.618414
3.33836, -0.256898, -3.00797, 0.381586, 0.381586, 0.618414
3.33841, -0.256898, -3.00797, 0.381586, 0.381586, 0.618414
3.33845, -0.256898, -3.00797, 0.381586, 0.381586, 0.618414
3.3385, -0.256898, -3.00797, 0.381586, 0.381586, 0.618414
3.33854, -0.256898, -3.00797, 0.381586, 0.381586, 0.618414
3.33859, -0.256898, -3.00797, 0.381586, 0.381586, 0.618414
3.33863, -0.256898, -3.00797, 0.381586, 0.381586, 0.618414
3.33868, -0.256898, -3.00797, 0.381586, 0.381586, 0.618414
3.33872, -0.256898, -3.00797, 0.381586, 0.381586, 0.618414
3.33877, -0.256898, -3.00797, 0.381586, 0.381586, 0.618414
3.33881, -0.256898, -3.00797, 0.381586, 0.381586, 0.618414
3.33886, -0.256898, -3.00797, 0.381586, 0.381586, 0.618414
3.3389, -0.256898, -3.00797, 0.381586, 0.381586, 0.618414
3.33895, -0.256913, -3.00811, 0.381609, 0.381609, 0.618391
3.33899, -0.256913, -3.00811, 0.381609, 0.381609, 0.618391
3.33904, -0.256913, -3.00811, 0.381609, 0.381609, 0.618391
3.33908, -0.256913, -3.00811, 0.381609, 0.381609, 0.618391
3.33913, -0.256913, -3.00811, 0.381609, 0.381609, 0.618391
3.33917, -0.256913, -3.00811, 0.381609, 0.381609, 0.618391
3.33922, -0.256913, -3.00811, 0.381609, 0.381609, 0.618391
3.33926, -0.256913, -3.00811, 0.381609, 0.381609, 0.618391
3.3393, -0.256913, -3.00811, 0.381609, 0.381609, 0.618391
3.33935, -0.256913, -3.00811, 0.381609, 0.381609, 0.618391
3.33939, -0.256913, -3.00811, 0.381609, 0.381609, 0.618391
3.33944, -0.256913, -3.00811, 0.381609, 0.381609, 0.618391
3.33948, -0.256913, -3.00811, 0.381609, 0.381609, 0.618391
3.33953, -0.256913, -3.00811, 0.381609, 0.381609, 0.618391
3.33957, -0.256913, -3.00811, 0.381609, 0.381609, 0.618391
3.33962, -0.256913, -3.00811, 0.381609, 0.381609, 0.618391
3.33966, -0.256913, -3.00811, 0.381609, 0.381609, 0.618391
3.33971, -0.256913, -3.00811, 0.381609, 0.381609, 0.618391
3.33975, -0.256913, -3.00811, 0.381609, 0.381609, 0.618391
3.3398, -0.256913, -3.00811, 0.381609, 0.381609, 0.618391
3.33984, -0.256928, -3.00825, 0.381632, 0.381632, 0.618368
3.33989, -0.256928, -3.00825, 0.381632, 0.381632, 0.618368
3.33993, -0.256928, -3.00825, 0.381632, 0.381632, 0.618368
3.33998, -0.256928, -3.00825, 0.381632, 0.381632, 0.618368
3.34002, -0.256928, -3.00825, 0.381632, 0.381632, 0.618368
3.34007, -0.256928, -3.00825, 0.381632, 0.381632, 0.618368
3.34011, -0.256928, -3.00825, 0.381632, 0.381632, 0.618368
3.34016, -0.256928, -3.00825, 0.381632, 0.381632, 0.618368
3.3402, -0.256928, -3.00825, 0.381632, 0.381632, 0.618368
3.34025, -0.256928, -3.00825, 0.381632, 0.381632, 0.618368
3.34029, -0.256928, -3.00825, 0.381632, 0.381632, 0.618368
3.34034, -0.256928, -3.00825, 0.381632, 0.381632, 0.618368
3.34038, -0.256928, -3.00825, 0.381632, 0.381632, 0.618368
3.34043, -0.256928, -3.00825, 0.381632, 0.381632, 0.618368
3.34047, -0.256928, -3.00825, 0.381632, 0.381632, 0.618368
3.34052, -0.256928, -3.00825, 0.381632, 0.381632, 0.618368
3.34056, -0.256928, -3.00825, 0.381632, 0.381632, 0.618368
3.34061, -0.256928, -3.00825, 0.381632, 0.381632, 0.618368
3.34065, -0.256928, -3.00825, 0.381632, 0.381632, 0.618368
3.3407, -0.256928, -3.00825, 0.381632, 0.381632, 0.618368
3.34074, -0.256928, -3.00825, 0.381632, 0.381632, 0.618368
3.34079, -0.256928, -3.00825, 0.381632, 0.381632, 0.618368
3.34083, -0.256928, -3.00825, 0.381632, 0.381632, 0.618368
3.34088, -0.256928, -3.00825, 0.381632, 0.381632, 0.618368
3.34092, -0.256928, -3.00825, 0.381632, 0.381632, 0.618368
3.34097, -0.256928, -3.00825, 0.381632, 0.381632, 0.618368
3.34101, -0.256928, -3.00825, 0.381632, 0.381632, 0.618368
3.34106, -0.256928, -3.00825, 0.381632, 0.381632, 0.618368
3.3411, -0.256928, -3.00825, 0.381632, 0.381632, 0.618368
3.34115, -0.256928, -3.00825, 0.381632, 0.381632, 0.618368
3.34119, -0.256928, -3.00825, 0.381632, 0.381632, 0.618368
3.34124, -0.256928, -3.00825, 0.381632, 0.381632, 0.618368
3.34128, -0.256928, -3.00825, 0.381632, 0.381632, 0.618368
3.34133, -0.256928, -3.00825, 0.381632, 0.381632, 0.618368
3.34137, -0.256928, -3.00825, 0.381632, 0.381632, 0.618368
3.34142, -0.256928, -3.00825, 0.381632, 0.381632, 0.618368
3.34146, -0.256928, -3.00825, 0.381632, 0.381632, 0.618368
3.34151, -0.256943, -3.00839, 0.381655, 0.381655, 0.618345
3.34155, -0.256943, -3.00839, 0.381655, 0.381655, 0.618345
3.34159, -0.256943, -3.00839, 0.381655, 0.381655, 0.618345
3.34164, -0.256943, -3.00839, 0.381655, 0.381655, 0.618345
3.34168, -0.256943, -3.00839, 0.381655, 0.381655, 0.618345
3.34173, -0.256943, -3.00839, 0.381655, 0.381655, 0.618345
3.34177, -0.256943, -3.00839, 0.381655, 0.381655, 0.618345
3.34182, -0.256943, -3.00839, 0.381655, 0.381655, 0.618345
3.34186, -0.256943, -3.00839, 0.381655, 0.381655, 0.618345
3.34191, -0.256943, -3.00839, 0.381655, 0.381655, 0.618345
3.34195, -0.256943, -3.00839, 0.381655, 0.381655, 0.618345
3.342, -0.256943, -3.00839, 0.381655, 0.381655, 0.618345
3.34204, -0.256943, -3.00839, 0.381655, 0.381655, 0.618345
3.34209, -0.256943, -3.00839, 0.381655, 0.381655, 0.618345
3.34213, -0.256943, -3.00839, 0.381655, 0.381655, 0.618345
3.34218, -0.256943, -3.00839, 0.381655, 0.381655, 0.618345
3.34222, -0.256943, -3.00839, 0.381655, 0.381655, 0.618345
3.34227, -0.256943, -3.00839, 0.381655, 0.381655, 0.618345
3.34231, -0.256943, -3.00839, 0.381655, 0.381655, 0.618345
3.34236, -0.256943, -3.00839, 0.381655, 0.381655, 0.618345
3.3424, -0.256943, -3.00839, 0.381655, 0.381655, 0.618345
3.34245, -0.256943, -3.00839, 0.381655, 0.381655, 0.618345
3.34249, -0.256943, -3.00839, 0.381655, 0.381655, 0.618345
3.34254, -0.256943, -3.00839, 0.381655, 0.381655, 0.618345
3.34258, -0.256943, -3.00839, 0.381655, 0.381655, 0.618345
3.34263, -0.256943, -3.00839, 0.381655, 0.381655, 0.618345
3.34267, -0.256943, -3.00839, 0.381655, 0.381655, 0.618345
3.34272, -0.256943, -3.00839, 0.381655, 0.381655, 0.618345
3.34276, -0.256943, -3.00839, 0.381655, 0.381655, 0.618345
3.34281, -0.256943, -3.00839, 0.381655, 0.381655, 0.618345
3.34285, -0.256943, -3.00839, 0.381655, 0.381655, 0.618345
3.3429, -0.256943, -3.00839, 0.381655, 0.381655, 0.618345
3.34294, -0.256943, -3.00839, 0.381655, 0.381655, 0.618345
3.34299, -0.256943, -3.00839, 0.381655, 0.381655, 0.618345
3.34303, -0.256958, -3.00853, 0.381678, 0.381678, 0.618322
3.34308, -0.256958, -3.00853, 0.381678, 0.381678, 0.618322
3.34312, -0.256958, -3.00853, 0.381678, 0.381678, 0.618322
3.34317, -0.256958, -3.00853, 0.381678, 0.381678, 0.618322
3.34321, -0.256958, -3.00853, 0.381678, 0.381678, 0.618322
3.34326, -0.256958, -3.00853, 0.381678, 0.381678, 0.618322
3.3433, -0.256958, -3.00853, 0.381678, 0.381678, 0.618322
3.34335, -0.256958, -3.00853, 0.381678, 0.381678, 0.618322
3.34339, -0.256958, -3.00853, 0.381678, 0.381678, 0.618322
3.34344, -0.256958, -3.00853, 0.381678, 0.381678, 0.618322
3.34348, -0.256958, -3.00853, 0.381678, 0.381678, 0.618322
3.34353, -0.256958, -3.00853, 0.381678, 0.381678, 0.618322
3.34357, -0.256958, -3.00853, 0.381678, 0.381678, 0.618322
3.34362, -0.256958, -3.00853, 0.381678, 0.381678, 0.618322
3.34366, -0.256958, -3.00853, 0.381678, 0.381678, 0.618322
3.34371, -0.256958, -3.00853, 0.381678, 0.381678, 0.618322
3.34375, -0.256958, -3.00853, 0.381678, 0.381678, 0.618322
3.34379, -0.256958, -3.00853, 0.381678, 0.381678, 0.618322
3.34384, -0.256958, -3.00853, 0.381678, 0.381678, 0.618322
3.34388, -0.256958, -3.00853, 0.381678, 0.381678, 0.618322
3.34393, -0.256958, -3.00853, 0.381678, 0.381678, 0.618322
3.34397, -0.256958, -3.00853, 0.381678, 0.381678, 0.618322
3.34402, -0.256958, -3.00853, 0.381678, 0.381678, 0.618322
3.34406, -0.256958, -3.00853, 0.381678, 0.381678, 0.618322
3.34411, -0.256958, -3.00853, 0.381678, 0.381678, 0.618322
3.34415, -0.256973, -3.00867, 0.381701, 0.381701, 0.618299
3.3442, -0.256973, -3.00867, 0.381701, 0.381701, 0.618299
3.34424, -0.256973, -3.00867, 0.381701, 0.381701, 0.618299
3.34429, -0.256973, -3.00867, 0.381701, 0.381701, 0.618299
3.34433, -0.256973, -3.00867, 0.381701, 0.381701, 0.618299
3.34438, -0.256973, -3.00867, 0.381701, 0.381701, 0.618299
3.34442, -0.256973, -3.00867, 0.381701, 0.381701, 0.618299
3.34447, -0.256973, -3.00867, 0.381701, 0.381701, 0.618299
3.34451, -0.256973, -3.00867, 0.381701, 0.381701, 0.618299
3.34456, -0.256988, -3.00881, 0.381724, 0.381724, 0.618276
3.3446, -0.256988, -3.00881, 0.381724, 0.381724, 0.618276
3.34465, -0.256988, -3.00881, 0.381724, 0.381724, 0.618276
3.34469, -0.256988, -3.00881, 0.381724, 0.381724, 0.618276
3.34474, -0.256988, -3.00881, 0.381724, 0.381724, 0.618276
3.34478, -0.256988, -3.00881, 0.381724, 0.381724, 0.618276
3.34483, -0.256988, -3.00881, 0.381724, 0.381724, 0.618276
3.34487, -0.256988, -3.00881, 0.381724, 0.381724, 0.618276
3.34492, -0.256988, -3.00881, 0.381724, 0.381724, 0.618276
3.34496, -0.256988, -3.00881, 0.381724, 0.381724, 0.618276
3.34501, -0.256988, -3.00881, 0.381724, 0.381724, 0.618276
3.34505, -0.256988, -3.00881, 0.381724, 0.381724, 0.618276
3.3451, -0.256988, -3.00881, 0.381724, 0.381724, 0.618276
3.34514, -0.256988, -3.00881, 0.381724, 0.381724, 0.618276
3.34519, -0.256988, -3.00881, 0.381724, 0.381724, 0.618276
3.34523, -0.256988, -3.00881, 0.381724, 0.381724, 0.618276
3.34528, -0.256988, -3.00881, 0.381724, 0.381724, 0.618276
3.34532, -0.256988, -3.00881, 0.381724, 0.381724, 0.618276
3.34537, -0.256988, -3.00881, 0.381724, 0.381724, 0.618276
3.34541, -0.256988, -3.00881, 0.381724, 0.381724, 0.618276
3.34546, -0.256988, -3.00881, 0.381724, 0.381724, 0.618276
3.3455, -0.256988, -3.00881, 0.381724, 0.381724, 0.618276
3.34555, -0.256988, -3.00881, 0.381724, 0.381724, 0.618276
3.34559, -0.256988, -3.00881, 0.381724, 0.381724, 0.618276
3.34564, -0.256988, -3.00881, 0.381724, 0.381724, 0.618276
3.34568, -0.256988, -3.00881, 0.381724, 0.381724, 0.618276
3.34573, -0.256988, -3.00881, 0.381724, 0.381724, 0.618276
3.34577, -0.256988, -3.00881, 0.381724, 0.381724, 0.618276
3.34582, -0.256988, -3.00881, 0.381724, 0.381724, 0.618276
3.34586, -0.256988, -3.00881, 0.381724, 0.381724, 0.618276
3.34591, -0.256988, -3.00881, 0.381724, 0.381724, 0.618276
3.34595, -0.256988, -3.00881, 0.381724, 0.381724, 0.618276
3.34599, -0.256988, -3.00881, 0.381724, 0.381724, 0.618276
3.34604, -0.256988, -3.00881, 0.381724, 0.381724, 0.618276
3.34608, -0.256988, -3.00881, 0.381724, 0.381724, 0.618276
3.34613, -0.256988, -3.00881, 0.381724, 0.381724, 0.618276
3.34617, -0.256988, -3.00881, 0.381724, 0.381724, 0.618276
3.34622, -0.256988, -3.00881, 0.381724, 0.381724, 0.618276
3.34626, -0.257003, -3.00895, 0.381747, 0.381747, 0.618253
3.34631, -0.257003, -3.00895, 0.381747, 0.381747, 0.618253
3.34635, -0.257003, -3.00895, 0.381747, 0.381747, 0.618253
3.3464, -0.257003, -3.00895, 0.381747, 0.381747, 0.618253
3.34644, -0.257003, -3.00895, 0.381747, 0.381747, 0.618253
3.34649, -0.257003, -3.00895, 0.381747, 0.381747, 0.618253
3.34653, -0.257003, -3.00895, 0.381747, 0.381747, 0.618253
3.34658, -0.257003, -3.00895, 0.381747, 0.381747, 0.618253
3.34662, -0.257003, -3.00895, 0.381747, 0.381747, 0.618253
3.34667, -0.257003, -3.00895, 0.381747, 0.381747, 0.618253
3.34671, -0.257003, -3.00895, 0.381747, 0.381747, 0.618253
3.34676, -0.257003, -3.00895, 0.381747, 0.381747, 0.618253
3.3468, -0.257003, -3.00895, 0.381747, 0.381747, 0.618253
3.34685, -0.257003, -3.00895, 0.381747, 0.381747, 0.618253
3.34689, -0.257018, -3.00909, 0.38177, 0.38177, 0.61823
3.34694, -0.257018, -3.00909, 0.38177, 0.38177, 0.61823
3.34698, -0.257018, -3.00909, 0.38177, 0.38177, 0.61823
3.34703, -0.257018, -3.00909, 0.38177, 0.38177, 0.61823
3.34707, -0.257018, -3.00909, 0.38177, 0.38177, 0.61823
3.34712, -0.257018, -3.00909, 0.38177, 0.38177, 0.61823
3.34716, -0.257018, -3.00909, 0.38177, 0.38177, 0.61823
3.34721, -0.257018, -3.00909, 0.38177, 0.38177, 0.61823
3.34725, -0.257018, -3.00909, 0.38177, 0.38177, 0.61823
3.3473, -0.257018, -3.00909, 0.38177, 0.38177, 0.61823
3.34734, -0.257018, -3.00909, 0.38177, 0.38177, 0.61823
3.34739, -0.257018, -3.00909, 0.38177, 0.38177, 0.61823
3.34743, -0.257018, -3.00909, 0.38177, 0.38177, 0.61823
3.34748, -0.257018, -3.00909, 0.38177, 0.38177, 0.61823
3.34752, -0.257018, -3.00909, 0.38177, 0.38177, 0.61823
3.34757, -0.257018, -3.00909, 0.38177, 0.38177, 0.61823
3.34761, -0.257018, -3.00909, 0.38177, 0.38177, 0.61823
3.34766, -0.257018, -3.00909, 0.38177, 0.38177, 0.61823
3.3477, -0.257018, -3.00909, 0.38177, 0.38177, 0.61823
3.34775, -0.257018, -3.00909, 0.38177, 0.38177, 0.61823
3.34779, -0.257018, -3.00909, 0.38177, 0.38177, 0.61823
3.34784, -0.257018, -3.00909, 0.38177, 0.38177, 0.61823
3.34788, -0.257018, -3.00909, 0.38177, 0.38177, 0.61823
3.34793, -0.257018, -3.00909, 0.38177, 0.38177, 0.61823
3.34797, -0.257018, -3.00909, 0.38177, 0.38177, 0.61823
3.34802, -0.257018, -3.00909, 0.38177, 0.38177, 0.61823
3.34806, -0.257018, -3.00909, 0.38177, 0.38177, 0.61823
3.34811, -0.257018, -3.00909, 0.38177, 0.38177, 0.61823
3.34815, -0.257018, -3.00909, 0.38177, 0.38177, 0.61823
3.3482, -0.257018, -3.00909, 0.38177, 0.38177, 0.61823
3.34824, -0.257018, -3.00909, 0.38177, 0.38177, 0.61823
3.34828, -0.257018, -3.00909, 0.38177, 0.38177, 0.61823
3.34833, -0.257018, -3.00909, 0.38177, 0.38177, 0.61823
3.34837, -0.257018, -3.00909, 0.38177, 0.38177, 0.61823
3.34842, -0.257018, -3.00909, 0.38177, 0.38177, 0.61823
3.34846, -0.257018, -3.00909, 0.38177, 0.38177, 0.61823
3.34851, -0.257018, -3.00909, 0.38177, 0.38177, 0.61823
3.34855, -0.257018, -3.00909, 0.38177, 0.38177, 0.61823
3.3486, -0.257018, -3.00909, 0.38177, 0.38177, 0.61823
3.34864, -0.257018, -3.00909, 0.38177, 0.38177, 0.61823
3.34869, -0.257018, -3.00909, 0.38177, 0.38177, 0.61823
3.34873, -0.257018, -3.00909, 0.38177, 0.38177, 0.61823
3.34878, -0.257018, -3.00909, 0.38177, 0.38177, 0.61823
3.34882, -0.257018, -3.00909, 0.38177, 0.38177, 0.61823
3.34887, -0.257018, -3.00909, 0.38177, 0.38177, 0.61823
3.34891, -0.257018, -3.00909, 0.38177, 0.38177, 0.61823
3.34896, -0.257018, -3.00909, 0.38177, 0.38177, 0.61823
3.349, -0.257018, -3.00909, 0.38177, 0.38177, 0.61823
3.34905, -0.257018, -3.00909, 0.38177, 0.38177, 0.61823
3.34909, -0.257018, -3.00909, 0.38177, 0.38177, 0.61823
3.34914, -0.257018, -3.00909, 0.38177, 0.38177, 0.61823
3.34918, -0.257018, -3.00909, 0.38177, 0.38177, 0.61823
3.34923, -0.257018, -3.00909, 0.38177, 0.38177, 0.61823
3.34927, -0.257018, -3.00909, 0.38177, 0.38177, 0.61823
3.34932, -0.257018, -3.00909, 0.38177, 0.38177, 0.61823
3.34936, -0.257018, -3.00909, 0.38177, 0.38177, 0.61823
3.34941, -0.257018, -3.00909, 0.38177, 0.38177, 0.61823
3.34945, -0.257033, -3.00923, 0.381793, 0.381793, 0.618207
3.3495, -0.257033, -3.00923, 0.381793, 0.381793, 0.618207
3.34954, -0.257033, -3.00923, 0.381793, 0.381793, 0.618207
3.34959, -0.257033, -3.00923, 0.381793, 0.381793, 0.618207
3.34963, -0.257033, -3.00923, 0.381793, 0.381793, 0.618207
3.34968, -0.257033, -3.00923, 0.381793, 0.381793, 0.618207
3.34972, -0.257033, -3.00923, 0.381793, 0.381793, 0.618207
3.34977, -0.257033, -3.00923, 0.381793, 0.381793, 0.618207
3.34981, -0.257048, -3.00937, 0.381816, 0.381816, 0.618184
3.34986, -0.257048, -3.00937, 0.381816, 0.381816, 0.618184
3.3499, -0.257048, -3.00937, 0.381816, 0.381816, 0.618184
3.34995, -0.257048, -3.00937, 0.381816, 0.381816, 0.618184
3.34999, -0.257048, -3.00937, 0.381816, 0.381816, 0.618184
3.35004, -0.257048, -3.00937, 0.381816, 0.381816, 0.618184
3.35008, -0.257048, -3.00937, 0.381816, 0.381816, 0.618184
3.35013, -0.257048, -3.00937, 0.381816, 0.381816, 0.618184
3.35017, -0.257048, -3.00937, 0.381816, 0.381816, 0.618184
3.35022, -0.257048, -3.00937, 0.381816, 0.381816, 0.618184
3.35026, -0.257048, -3.00937, 0.381816, 0.381816, 0.618184
3.35031, -0.257048, -3.00937, 0.381816, 0.381816, 0.618184
3.35035, -0.257048, -3.00937, 0.381816, 0.381816, 0.618184
3.3504, -0.257048, -3.00937, 0.381816, 0.381816, 0.618184
3.35044, -0.257048, -3.00937, 0.381816, 0.381816, 0.618184
3.35048, -0.257048, -3.00937, 0.381816, 0.381816, 0.618184
3.35053, -0.257048, -3.00937, 0.381816, 0.381816, 0.618184
3.35057, -0.257048, -3.00937, 0.381816, 0.381816, 0.618184
3.35062, -0.257048, -3.00937, 0.381816, 0.381816, 0.618184
3.35066, -0.257048, -3.00937, 0.381816, 0.381816, 0.618184
3.35071, -0.257048, -3.00937, 0.381816, 0.381816, 0.618184
3.35075, -0.257048, -3.00937, 0.381816, 0.381816, 0.618184
3.3508, -0.257048, -3.00937, 0.381816, 0.381816, 0.618184
3.35084, -0.257048, -3.00937, 0.381816, 0.381816, 0.618184
3.35089, -0.257048, -3.00937, 0.381816, 0.381816, 0.618184
3.35093, -0.257048, -3.00937, 0.381816, 0.381816, 0.618184
3.35098, -0.257048, -3.00937, 0.381816, 0.381816, 0.618184
3.35102, -0.257048, -3.00937, 0.381816, 0.381816, 0.618184
3.35107, -0.257048, -3.00937, 0.381816, 0.381816, 0.618184
3.35111, -0.257048, -3.00937, 0.381816, 0.381816, 0.618184
3.35116, -0.257048, -3.00937, 0.381816, 0.381816, 0.618184
3.3512, -0.257048, -3.00937, 0.381816, 0.381816, 0.618184
3.35125, -0.257048, -3.00937, 0.381816, 0.381816, 0.618184
3.35129, -0.257048, -3.00937, 0.381816, 0.381816, 0.618184
3.35134, -0.257048, -3.00937, 0.381816, 0.381816, 0.618184
3.35138, -0.257048, -3.00937, 0.381816, 0.381816, 0.618184
3.35143, -0.257048, -3.00937, 0.381816, 0.381816, 0.618184
3.35147, -0.257048, -3.00937, 0.381816, 0.381816, 0.618184
3.35152, -0.257048, -3.00937, 0.381816, 0.381816, 0.618184
3.35156, -0.257048, -3.00937, 0.381816, 0.381816, 0.618184
3.35161, -0.257048, -3.00937, 0.381816, 0.381816, 0.618184
3.35165, -0.257048, -3.00937, 0.381816, 0.381816, 0.618184
3.3517, -0.257048, -3.00937, 0.381816, 0.381816, 0.618184
3.35174, -0.257048, -3.00937, 0.381816, 0.381816, 0.618184
3.35179, -0.257048, -3.00937, 0.381816, 0.381816, 0.618184
3.35183, -0.257048, -3.00937, 0.381816, 0.381816, 0.618184
3.35188, -0.257048, -3.00937, 0.381816, 0.381816, 0.618184
3.35192, -0.257048, -3.00937, 0.381816, 0.381816, 0.618184
3.35197, -0.257048, -3.00937, 0.381816, 0.381816, 0.618184
3.35201, -0.257048, -3.00937, 0.381816, 0.381816, 0.618184
3.35206, -0.257048, -3.00937, 0.381816, 0.381816, 0.618184
3.3521, -0.257048, -3.00937, 0.381816, 0.381816, 0.618184
3.35215, -0.257048, -3.00937, 0.381816, 0.381816, 0.618184
3.35219, -0.257048, -3.00937, 0.381816, 0.381816, 0.618184
3.35224, -0.257048, -3.00937, 0.381816, 0.381816, 0.618184
3.35228, -0.257048, -3.00937, 0.381816, 0.381816, 0.618184
3.35233, -0.257048, -3.00937, 0.381816, 0.381816, 0.618184
3.35237, -0.257048, -3.00937, 0.381816, 0.381816, 0.618184
3.35242, -0.257048, -3.00937, 0.381816, 0.381816, 0.618184
3.35246, -0.257048, -3.00937, 0.381816, 0.381816, 0.618184
3.35251, -0.257048, -3.00937, 0.381816, 0.381816, 0.618184
3.35255, -0.257048, -3.00937, 0.381816, 0.381816, 0.618184
3.3526, -0.257048, -3.00937, 0.381816, 0.381816, 0.618184
3.35264, -0.257048, -3.00937, 0.381816, 0.381816, 0.618184
3.35268, -0.257063, -3.00951, 0.381839, 0.381839, 0.618161
3.35273, -0.257063, -3.00951, 0.381839, 0.381839, 0.618161
3.35277, -0.257063, -3.00951, 0.381839, 0.381839, 0.618161
3.35282, -0.257078, -3.00965, 0.381862, 0.381862, 0.618138
3.35286, -0.257078, -3.00965, 0.381862, 0.381862, 0.618138
3.35291, -0.257078, -3.00965, 0.381862, 0.381862, 0.618138
3.35295, -0.257078, -3.00965, 0.381862, 0.381862, 0.618138
3.353, -0.257078, -3.00965, 0.381862, 0.381862, 0.618138
3.35304, -0.257078, -3.00965, 0.381862, 0.381862, 0.618138
3.35309, -0.257078, -3.00965, 0.381862, 0.381862, 0.618138
3.35313, -0.257078, -3.00965, 0.381862, 0.381862, 0.618138
3.35318, -0.257078, -3.00965, 0.381862, 0.381862, 0.618138
3.35322, -0.257078, -3.00965, 0.381862, 0.381862, 0.618138
3.35327, -0.257078, -3.00965, 0.381862, 0.381862, 0.618138
3.35331, -0.257078, -3.00965, 0.381862, 0.381862, 0.618138
3.35336, -0.257078, -3.00965, 0.381862, 0.381862, 0.618138
3.3534, -0.257078, -3.00965, 0.381862, 0.381862, 0.618138
3.35345, -0.257078, -3.00965, 0.381862, 0.381862, 0.618138
3.35349, -0.257078, -3.00965, 0.381862, 0.381862, 0.618138
3.35354, -0.257078, -3.00965, 0.381862, 0.381862, 0.618138
3.35358, -0.257078, -3.00965, 0.381862, 0.381862, 0.618138
3.35363, -0.257078, -3.00965, 0.381862, 0.381862, 0.618138
3.35367, -0.257078, -3.00965, 0.381862, 0.381862, 0.618138
3.35372, -0.257078, -3.00965, 0.381862, 0.381862, 0.618138
3.35376, -0.257078, -3.00965, 0.381862, 0.381862, 0.618138
3.35381, -0.257078, -3.00965, 0.381862, 0.381862, 0.618138
3.35385, -0.257078, -3.00965, 0.381862, 0.381862, 0.618138
3.3539, -0.257078, -3.00965, 0.381862, 0.381862, 0.618138
3.35394, -0.257078, -3.00965, 0.381862, 0.381862, 0.618138
3.35399, -0.257078, -3.00965, 0.381862, 0.381862, 0.618138
3.35403, -0.257078, -3.00965, 0.381862, 0.381862, 0.618138
3.35408, -0.257078, -3.00965, 0.381862, 0.381862, 0.618138
3.35412, -0.257078, -3.00965, 0.381862, 0.381862, 0.618138
3.35417, -0.257078, -3.00965, 0.381862, 0.381862, 0.618138
3.35421, -0.257078, -3.00965, 0.381862, 0.381862, 0.618138
3.35426, -0.257078, -3.00965, 0.381862, 0.381862, 0.618138
3.3543, -0.257078, -3.00965, 0.381862, 0.381862, 0.618138
3.35435, -0.257078, -3.00965, 0.381862, 0.381862, 0.618138
3.35439, -0.257078, -3.00965, 0.381862, 0.381862, 0.618138
3.35444, -0.257078, -3.00965, 0.381862, 0.381862, 0.618138
3.35448, -0.257078, -3.00965, 0.381862, 0.381862, 0.618138
3.35453, -0.257078, -3.00965, 0.381862, 0.381862, 0.618138
3.35457, -0.257078, -3.00965, 0.381862, 0.381862, 0.618138
3.35462, -0.257078, -3.00965, 0.381862, 0.381862, 0.618138
3.35466, -0.257078, -3.00965, 0.381862, 0.381862, 0.618138
3.35471, -0.257078, -3.00965, 0.381862, 0.381862, 0.618138
3.35475, -0.257078, -3.00965, 0.381862, 0.381862, 0.618138
3.3548, -0.257078, -3.00965, 0.381862, 0.381862, 0.618138
3.35484, -0.257078, -3.00965, 0.381862, 0.381862, 0.618138
3.35489, -0.257078, -3.00965, 0.381862, 0.381862, 0.618138
3.35493, -0.257078, -3.00965, 0.381862, 0.381862, 0.618138
3.35497, -0.257078, -3.00965, 0.381862, 0.381862, 0.618138
3.35502, -0.257078, -3.00965, 0.381862, 0.381862, 0.618138
3.35506, -0.257078, -3.00965, 0.381862, 0.381862, 0.618138
3.35511, -0.257078, -3.00965, 0.381862, 0.381862, 0.618138
3.35515, -0.257078, -3.00965, 0.381862, 0.381862, 0.618138
3.3552, -0.257078, -3.00965, 0.381862, 0.381862, 0.618138
3.35524, -0.257078, -3.00965, 0.381862, 0.381862, 0.618138
3.35529, -0.257078, -3.00965, 0.381862, 0.381862, 0.618138
3.35533, -0.257078, -3.00965, 0.381862, 0.381862, 0.618138
3.35538, -0.257078, -3.00965, 0.381862, 0.381862, 0.618138
3.35542, -0.257078, -3.00965, 0.381862, 0.381862, 0.618138
3.35547, -0.257078, -3.00965, 0.381862, 0.381862, 0.618138
3.35551, -0.257078, -3.00965, 0.381862, 0.381862, 0.618138
3.35556, -0.257078, -3.00965, 0.381862, 0.381862, 0.618138
3.3556, -0.257078, -3.00965, 0.381862, 0.381862, 0.618138
3.35565, -0.257078, -3.00965, 0.381862, 0.381862, 0.618138
3.35569, -0.257078, -3.00965, 0.381862, 0.381862, 0.618138
3.35574, -0.257078, -3.00965, 0.381862, 0.381862, 0.618138
3.35578, -0.257078, -3.00965, 0.381862, 0.381862, 0.618138
3.35583, -0.257078, -3.00965, 0.381862, 0.381862, 0.618138
3.35587, -0.257093, -3.00979, 0.381885, 0.381885, 0.618115
3.35592, -0.257093, -3.00979, 0.381885, 0.381885, 0.618115
3.35596, -0.257093, -3.00979, 0.381885, 0.381885, 0.618115
3.35601, -0.257093, -3.00979, 0.381885, 0.381885, 0.618115
3.35605, -0.257108, -3.00993, 0.381908, 0.381908, 0.618092
3.3561, -0.257108, -3.00993, 0.381908, 0.381908, 0.618092
3.35614, -0.257108, -3.00993, 0.381908, 0.381908, 0.618092
3.35619, -0.257108, -3.00993, 0.381908, 0.381908, 0.618092
3.35623, -0.257108, -3.00993, 0.381908, 0.381908, 0.618092
3.35628, -0.257108, -3.00993, 0.381908, 0.381908, 0.618092
3.35632, -0.257108, -3.00993, 0.381908, 0.381908, 0.618092
3.35637, -0.257108, -3.00993, 0.381908, 0.381908, 0.618092
3.35641, -0.257108, -3.00993, 0.381908, 0.381908, 0.618092
3.35646, -0.257108, -3.00993, 0.381908, 0.381908, 0.618092
3.3565, -0.257108, -3.00993, 0.381908, 0.381908, 0.618092
3.35655, -0.257108, -3.00993, 0.381908, 0.381908, 0.618092
3.35659, -0.257108, -3.00993, 0.381908, 0.381908, 0.618092
3.35664, -0.257108, -3.00993, 0.381908, 0.381908, 0.618092
3.35668, -0.257108, -3.00993, 0.381908, 0.381908, 0.618092
3.35673, -0.257108, -3.00993, 0.381908, 0.381908, 0.618092
3.35677, -0.257108, -3.00993, 0.381908, 0.381908, 0.618092
3.35682, -0.257108, -3.00993, 0.381908, 0.381908, 0.618092
3.35686, -0.257108, -3.00993, 0.381908, 0.381908, 0.618092
3.35691, -0.257108, -3.00993, 0.381908, 0.381908, 0.618092
3.35695, -0.257108, -3.00993, 0.381908, 0.381908, 0.618092
3.357, -0.257108, -3.00993, 0.381908, 0.381908, 0.618092
3.35704, -0.257108, -3.00993, 0.381908, 0.381908, 0.618092
3.35709, -0.257108, -3.00993, 0.381908, 0.381908, 0.618092
3.35713, -0.257108, -3.00993, 0.381908, 0.381908, 0.618092
3.35717, -0.257108, -3.00993, 0.381908, 0.381908, 0.618092
3.35722, -0.257108, -3.00993, 0.381908, 0.381908, 0.618092
3.35726, -0.257108, -3.00993, 0.381908, 0.381908, 0.618092
3.35731, -0.257108, -3.00993, 0.381908, 0.381908, 0.618092
3.35735, -0.257108, -3.00993, 0.381908, 0.381908, 0.618092
3.3574, -0.257108, -3.00993, 0.381908, 0.381908, 0.618092
3.35744, -0.257108, -3.00993, 0.381908, 0.381908, 0.618092
3.35749, -0.257108, -3.00993, 0.381908, 0.381908, 0.618092
3.35753, -0.257108, -3.00993, 0.381908, 0.381908, 0.618092
3.35758, -0.257108, -3.00993, 0.381908, 0.381908, 0.618092
3.35762, -0.257108, -3.00993, 0.381908, 0.381908, 0.618092
3.35767, -0.257108, -3.00993, 0.381908, 0.381908, 0.618092
3.35771, -0.257108, -3.00993, 0.381908, 0.381908, 0.618092
3.35776, -0.257108, -3.00993, 0.381908, 0.381908, 0.618092
3.3578, -0.257108, -3.00993, 0.381908, 0.381908, 0.618092
3.35785, -0.257108, -3.00993, 0.381908, 0.381908, 0.618092
3.35789, -0.257108, -3.00993, 0.381908, 0.381908, 0.618092
3.35794, -0.257108, -3.00993, 0.381908, 0.381908, 0.618092
3.35798, -0.257108, -3.00993, 0.381908, 0.381908, 0.618092
3.35803, -0.257108, -3.00993, 0.381908, 0.381908, 0.618092
3.35807, -0.257108, -3.00993, 0.381908, 0.381908, 0.618092
3.35812, -0.257108, -3.00993, 0.381908, 0.381908, 0.618092
3.35816, -0.257108, -3.00993, 0.381908, 0.381908, 0.618092
3.35821, -0.257108, -3.00993, 0.381908, 0.381908, 0.618092
3.35825, -0.257108, -3.00993, 0.381908, 0.381908, 0.618092
3.3583, -0.257108, -3.00993, 0.381908, 0.381908, 0.618092
3.35834, -0.257108, -3.00993, 0.381908, 0.381908, 0.618092
3.35839, -0.257108, -3.00993, 0.381908, 0.381908, 0.618092
3.35843, -0.257108, -3.00993, 0.381908, 0.381908, 0.618092
3.35848, -0.257108, -3.00993, 0.381908, 0.381908, 0.618092
3.35852, -0.257108, -3.00993, 0.381908, 0.381908, 0.618092
3.35857, -0.257108, -3.00993, 0.381908, 0.381908, 0.618092
3.35861, -0.257108, -3.00993, 0.381908, 0.381908, 0.618092
3.35866, -0.257108, -3.00993, 0.381908, 0.381908, 0.618092
3.3587, -0.257108, -3.00993, 0.381908, 0.381908, 0.618092
3.35875, -0.257108, -3.00993, 0.381908, 0.381908, 0.618092
3.35879, -0.257108, -3.00993, 0.381908, 0.381908, 0.618092
3.35884, -0.257108, -3.00993, 0.381908, 0.381908, 0.618092
3.35888, -0.257108, -3.00993, 0.381908, 0.381908, 0.618092
3.35893, -0.257108, -3.00993, 0.381908, 0.381908, 0.618092
3.35897, -0.257108, -3.00993, 0.381908, 0.381908, 0.618092
3.35902, -0.257108, -3.00993, 0.381908, 0.381908, 0.618092
3.35906, -0.257123, -3.01007, 0.381931, 0.381931, 0.618069
3.35911, -0.257123, -3.01007, 0.381931, 0.381931, 0.618069
3.35915, -0.257123, -3.01007, 0.381931, 0.381931, 0.618069
3.3592, -0.257123, -3.01007, 0.381931, 0.381931, 0.618069
3.35924, -0.257123, -3.01007, 0.381931, 0.381931, 0.618069
3.35929, -0.257123, -3.01007, 0.381931, 0.381931, 0.618069
3.35933, -0.257123, -3.01007, 0.381931, 0.381931, 0.618069
3.35938, -0.257123, -3.01007, 0.381931, 0.381931, 0.618069
3.35942, -0.257123, -3.01007, 0.381931, 0.381931, 0.618069
3.35946, -0.257123, -3.01007, 0.381931, 0.381931, 0.618069
3.35951, -0.257138, -3.01021, 0.381954, 0.381954, 0.618046
3.35955, -0.257138, -3.01021, 0.381954, 0.381954, 0.618046
3.3596, -0.257138, -3.01021, 0.381954, 0.381954, 0.618046
3.35964, -0.257138, -3.01021, 0.381954, 0.381954, 0.618046
3.35969, -0.257138, -3.01021, 0.381954, 0.381954, 0.618046
3.35973, -0.257138, -3.01021, 0.381954, 0.381954, 0.618046
3.35978, -0.257138, -3.01021, 0.381954, 0.381954, 0.618046
3.35982, -0.257138, -3.01021, 0.381954, 0.381954, 0.618046
3.35987, -0.257138, -3.01021, 0.381954, 0.381954, 0.618046
3.35991, -0.257138, -3.01021, 0.381954, 0.381954, 0.618046
3.35996, -0.257138, -3.01021, 0.381954, 0.381954, 0.618046
3.36, -0.257138, -3.01021, 0.381954, 0.381954, 0.618046
3.36005, -0.257138, -3.01021, 0.381954, 0.381954, 0.618046
3.36009, -0.257138, -3.01021, 0.381954, 0.381954, 0.618046
3.36014, -0.257138, -3.01021, 0.381954, 0.381954, 0.618046
3.36018, -0.257138, -3.01021, 0.381954, 0.381954, 0.618046
3.36023, -0.257138, -3.01021, 0.381954, 0.381954, 0.618046
3.36027, -0.257138, -3.01021, 0.381954, 0.381954, 0.618046
3.36032, -0.257138, -3.01021, 0.381954, 0.381954, 0.618046
3.36036, -0.257138, -3.01021, 0.381954, 0.381954, 0.618046
3.36041, -0.257138, -3.01021, 0.381954, 0.381954, 0.618046
3.36045, -0.257138, -3.01021, 0.381954, 0.381954, 0.618046
3.3605, -0.257138, -3.01021, 0.381954, 0.381954, 0.618046
3.36054, -0.257138, -3.01021, 0.381954, 0.381954, 0.618046
3.36059, -0.257138, -3.01021, 0.381954, 0.381954, 0.618046
3.36063, -0.257138, -3.01021, 0.381954, 0.381954, 0.618046
3.36068, -0.257138, -3.01021, 0.381954, 0.381954, 0.618046
3.36072, -0.257138, -3.01021, 0.381954, 0.381954, 0.618046
3.36077, -0.257138, -3.01021, 0.381954, 0.381954, 0.618046
3.36081, -0.257138, -3.01021, 0.381954, 0.381954, 0.618046
3.36086, -0.257138, -3.01021, 0.381954, 0.381954, 0.618046
3.3609, -0.257138, -3.01021, 0.381954, 0.381954, 0.618046
3.36095, -0.257138, -3.01021, 0.381954, 0.381954, 0.618046
3.36099, -0.257138, -3.01021, 0.381954, 0.381954, 0.618046
3.36104, -0.257138, -3.01021, 0.381954, 0.381954, 0.618046
3.36108, -0.257138, -3.01021, 0.381954, 0.381954, 0.618046
3.36113, -0.257138, -3.01021, 0.381954, 0.381954, 0.618046
3.36117, -0.257138, -3.01021, 0.381954, 0.381954, 0.618046
3.36122, -0.257138, -3.01021, 0.381954, 0.381954, 0.618046
3.36126, -0.257138, -3.01021, 0.381954, 0.381954, 0.618046
3.36131, -0.257138, -3.01021, 0.381954, 0.381954, 0.618046
3.36135, -0.257138, -3.01021, 0.381954, 0.381954, 0.618046
3.3614, -0.257138, -3.01021, 0.381954, 0.381954, 0.618046
3.36144, -0.257138, -3.01021, 0.381954, 0.381954, 0.618046
3.36149, -0.257138, -3.01021, 0.381954, 0.381954, 0.618046
3.36153, -0.257138, -3.01021, 0.381954, 0.381954, 0.618046
3.36158, -0.257138, -3.01021, 0.381954, 0.381954, 0.618046
3.36162, -0.257138, -3.01021, 0.381954, 0.381954, 0.618046
3.36166, -0.257138, -3.01021, 0.381954, 0.381954, 0.618046
3.36171, -0.257138, -3.01021, 0.381954, 0.381954, 0.618046
3.36175, -0.257138, -3.01021, 0.381954, 0.381954, 0.618046
3.3618, -0.257138, -3.01021, 0.381954, 0.381954, 0.618046
3.36184, -0.257138, -3.01021, 0.381954, 0.381954, 0.618046
3.36189, -0.257138, -3.01021, 0.381954, 0.381954, 0.618046
3.36193, -0.257138, -3.01021, 0.381954, 0.381954, 0.618046
3.36198, -0.257138, -3.01021, 0.381954, 0.381954, 0.618046
3.36202, -0.257138, -3.01021, 0.381954, 0.381954, 0.618046
3.36207, -0.257138, -3.01021, 0.381954, 0.381954, 0.618046
3.36211, -0.257138, -3.01021, 0.381954, 0.381954, 0.618046
3.36216, -0.257138, -3.01021, 0.381954, 0.381954, 0.618046
3.3622, -0.257138, -3.01021, 0.381954, 0.381954, 0.618046
3.36225, -0.257138, -3.01021, 0.381954, 0.381954, 0.618046
3.36229, -0.257153, -3.01035, 0.381977, 0.381977, 0.618023
3.36234, -0.257153, -3.01035, 0.381977, 0.381977, 0.618023
3.36238, -0.257153, -3.01035, 0.381977, 0.381977, 0.618023
3.36243, -0.257153, -3.01035, 0.381977, 0.381977, 0.618023
3.36247, -0.257153, -3.01035, 0.381977, 0.381977, 0.618023
3.36252, -0.257153, -3.01035, 0.381977, 0.381977, 0.618023
3.36256, -0.257153, -3.01035, 0.381977, 0.381977, 0.618023
3.36261, -0.257153, -3.01035, 0.381977, 0.381977, 0.618023
3.36265, -0.257153, -3.01035, 0.381977, 0.381977, 0.618023
3.3627, -0.257153, -3.01035, 0.381977, 0.381977, 0.618023
3.36274, -0.257153, -3.01035, 0.381977, 0.381977, 0.618023
3.36279, -0.257153, -3.01035, 0.381977, 0.381977, 0.618023
3.36283, -0.257153, -3.01035, 0.381977, 0.381977, 0.618023
3.36288, -0.257153, -3.01035, 0.381977, 0.381977, 0.618023
3.36292, -0.257153, -3.01035, 0.381977, 0.381977, 0.618023
3.36297, -0.257153, -3.01035, 0.381977, 0.381977, 0.618023
3.36301, -0.257153, -3.01035, 0.381977, 0.381977, 0.618023
3.36306, -0.257153, -3.01035, 0.381977, 0.381977, 0.618023
3.3631, -0.257153, -3.01035, 0.381977, 0.381977, 0.618023
3.36315, -0.257153, -3.01035, 0.381977, 0.381977, 0.618023
3.36319, -0.257153, -3.01035, 0.381977, 0.381977, 0.618023
3.36324, -0.257153, -3.01035, 0.381977, 0.381977, 0.618023
3.36328, -0.257168, -3.01049, 0.382, 0.382, 0.618
3.36333, -0.257168, -3.01049, 0.382, 0.382, 0.618
3.36337, -0.257168, -3.01049, 0.382, 0.382, 0.618
3.36342, -0.257168, -3.01049, 0.382, 0.382, 0.618
3.36346, -0.257168, -3.01049, 0.382, 0.382, 0.618
3.36351, -0.257168, -3.01049, 0.382, 0.382, 0.618
3.36355, -0.257168, -3.01049, 0.382, 0.382, 0.618
3.3636, -0.257168, -3.01049, 0.382, 0.382, 0.618
3.36364, -0.257168, -3.01049, 0.382, 0.382, 0.618
3.36369, -0.257168, -3.01049, 0.382, 0.382, 0.618
3.36373, -0.257168, -3.01049, 0.382, 0.382, 0.618
3.36378, -0.257168, -3.01049, 0.382, 0.382, 0.618
3.36382, -0.257168, -3.01049, 0.382, 0.382, 0.618
3.36386, -0.257168, -3.01049, 0.382, 0.382, 0.618
3.36391, -0.257168, -3.01049, 0.382, 0.382, 0.618
3.36395, -0.257168, -3.01049, 0.382, 0.382, 0.618
3.364, -0.257168, -3.01049, 0.382, 0.382, 0.618
3.36404, -0.257168, -3.01049, 0.382, 0.382, 0.618
3.36409, -0.257168, -3.01049, 0.382, 0.382, 0.618
3.36413, -0.257168, -3.01049, 0.382, 0.382, 0.618
3.36418, -0.257168, -3.01049, 0.382, 0.382, 0.618
3.36422, -0.257168, -3.01049, 0.382, 0.382, 0.618
3.36427, -0.257168, -3.01049, 0.382, 0.382, 0.618
3.36431, -0.257168, -3.01049, 0.382, 0.382, 0.618
3.36436, -0.257168, -3.01049, 0.382, 0.382, 0.618
3.3644, -0.257168, -3.01049, 0.382, 0.382, 0.618
3.36445, -0.257168, -3.01049, 0.382, 0.382, 0.618
3.36449, -0.257168, -3.01049, 0.382, 0.382, 0.618
3.36454, -0.257168, -3.01049, 0.382, 0.382, 0.618
3.36458, -0.257168, -3.01049, 0.382, 0.382, 0.618
3.36463, -0.257168, -3.01049, 0.382, 0.382, 0.618
3.36467, -0.257168, -3.01049, 0.382, 0.382, 0.618
3.36472, -0.257168, -3.01049, 0.382, 0.382, 0.618
3.36476, -0.257168, -3.01049, 0.382, 0.382, 0.618
3.36481, -0.257168, -3.01049, 0.382, 0.382, 0.618
3.36485, -0.257168, -3.01049, 0.382, 0.382, 0.618
3.3649, -0.257168, -3.01049, 0.382, 0.382, 0.618
3.36494, -0.257168, -3.01049, 0.382, 0.382, 0.618
3.36499, -0.257168, -3.01049, 0.382, 0.382, 0.618
3.36503, -0.257168, -3.01049, 0.382, 0.382, 0.618
3.36508, -0.257168, -3.01049, 0.382, 0.382, 0.618
3.36512, -0.257168, -3.01049, 0.382, 0.382, 0.618
3.36517, -0.257168, -3.01049, 0.382, 0.382, 0.618
3.36521, -0.257168, -3.01049, 0.382, 0.382, 0.618
3.36526, -0.257168, -3.01049, 0.382, 0.382, 0.618
3.3653, -0.257168, -3.01049, 0.382, 0.382, 0.618
3.36535, -0.257168, -3.01049, 0.382, 0.382, 0.618
3.36539, -0.257168, -3.01049, 0.382, 0.382, 0.618
3.36544, -0.257168, -3.01049, 0.382, 0.382, 0.618
3.36548, -0.257183, -3.01063, 0.382023, 0.382023, 0.617977
3.36553, -0.257183, -3.01063, 0.382023, 0.382023, 0.617977
3.36557, -0.257183, -3.01063, 0.382023, 0.382023, 0.617977
3.36562, -0.257183, -3.01063, 0.382023, 0.382023, 0.617977
3.36566, -0.257183, -3.01063, 0.382023, 0.382023, 0.617977
3.36571, -0.257183, -3.01063, 0.382023, 0.382023, 0.617977
3.36575, -0.257183, -3.01063, 0.382023, 0.382023, 0.617977
3.3658, -0.257183, -3.01063, 0.382023, 0.382023, 0.617977
3.36584, -0.257183, -3.01063, 0.382023, 0.382023, 0.617977
3.36589, -0.257183, -3.01063, 0.382023, 0.382023, 0.617977
3.36593, -0.257183, -3.01063, 0.382023, 0.382023, 0.617977
3.36598, -0.257183, -3.01063, 0.382023, 0.382023, 0.617977
3.36602, -0.257198, -3.01077, 0.382046, 0.382046, 0.617954
3.36607, -0.257198, -3.01077, 0.382046, 0.382046, 0.617954
3.36611, -0.257198, -3.01077, 0.382046, 0.382046, 0.617954
3.36615, -0.257198, -3.01077, 0.382046, 0.382046, 0.617954
3.3662, -0.257198, -3.01077, 0.382046, 0.382046, 0.617954
3.36624, -0.257198, -3.01077, 0.382046, 0.382046, 0.617954
3.36629, -0.257198, -3.01077, 0.382046, 0.382046, 0.617954
3.36633, -0.257198, -3.01077, 0.382046, 0.382046, 0.617954
3.36638, -0.257198, -3.01077, 0.382046, 0.382046, 0.617954
3.36642, -0.257198, -3.01077, 0.382046, 0.382046, 0.617954
3.36647, -0.257198, -3.01077, 0.382046, 0.382046, 0.617954
3.36651, -0.257198, -3.01077, 0.382046, 0.382046, 0.617954
3.36656, -0.257198, -3.01077, 0.382046, 0.382046, 0.617954
3.3666, -0.257198, -3.01077, 0.382046, 0.382046, 0.617954
3.36665, -0.257198, -3.01077, 0.382046, 0.382046, 0.617954
3.36669, -0.257198, -3.01077, 0.382046, 0.382046, 0.617954
3.36674, -0.257198, -3.01077, 0.382046, 0.382046, 0.617954
3.36678, -0.257198, -3.01077, 0.382046, 0.382046, 0.617954
3.36683, -0.257198, -3.01077, 0.382046, 0.382046, 0.617954
3.36687, -0.257198, -3.01077, 0.382046, 0.382046, 0.617954
3.36692, -0.257198, -3.01077, 0.382046, 0.382046, 0.617954
3.36696, -0.257198, -3.01077, 0.382046, 0.382046, 0.617954
3.36701, -0.257198, -3.01077, 0.382046, 0.382046, 0.617954
3.36705, -0.257198, -3.01077, 0.382046, 0.382046, 0.617954
3.3671, -0.257198, -3.01077, 0.382046, 0.382046, 0.617954
3.36714, -0.257198, -3.01077, 0.382046, 0.382046, 0.617954
3.36719, -0.257198, -3.01077, 0.382046, 0.382046, 0.617954
3.36723, -0.257198, -3.01077, 0.382046, 0.382046, 0.617954
3.36728, -0.257198, -3.01077, 0.382046, 0.382046, 0.617954
3.36732, -0.257198, -3.01077, 0.382046, 0.382046, 0.617954
3.36737, -0.257198, -3.01077, 0.382046, 0.382046, 0.617954
3.36741, -0.257198, -3.01077, 0.382046, 0.382046, 0.617954
3.36746, -0.257198, -3.01077, 0.382046, 0.382046, 0.617954
3.3675, -0.257198, -3.01077, 0.382046, 0.382046, 0.617954
3.36755, -0.257213, -3.01091, 0.382069, 0.382069, 0.617931
3.36759, -0.257213, -3.01091, 0.382069, 0.382069, 0.617931
3.36764, -0.257213, -3.01091, 0.382069, 0.382069, 0.617931
3.36768, -0.257213, -3.01091, 0.382069, 0.382069, 0.617931
3.36773, -0.257213, -3.01091, 0.382069, 0.382069, 0.617931
3.36777, -0.257213, -3.01091, 0.382069, 0.382069, 0.617931
3.36782, -0.257213, -3.01091, 0.382069, 0.382069, 0.617931
3.36786, -0.257213, -3.01091, 0.382069, 0.382069, 0.617931
3.36791, -0.257213, -3.01091, 0.382069, 0.382069, 0.617931
3.36795, -0.257213, -3.01091, 0.382069, 0.382069, 0.617931
3.368, -0.257213, -3.01091, 0.382069, 0.382069, 0.617931
3.36804, -0.257213, -3.01091, 0.382069, 0.382069, 0.617931
3.36809, -0.257213, -3.01091, 0.382069, 0.382069, 0.617931
3.36813, -0.257213, -3.01091, 0.382069, 0.382069, 0.617931
3.36818, -0.257213, -3.01091, 0.382069, 0.382069, 0.617931
3.36822, -0.257213, -3.01091, 0.382069, 0.382069, 0.617931
3.36827, -0.257213, -3.01091, 0.382069, 0.382069, 0.617931
3.36831, -0.257213, -3.01091, 0.382069, 0.382069, 0.617931
3.36835, -0.257213, -3.01091, 0.382069, 0.382069, 0.617931
3.3684, -0.257213, -3.01091, 0.382069, 0.382069, 0.617931
3.36844, -0.257213, -3.01091, 0.382069, 0.382069, 0.617931
3.36849, -0.257213, -3.01091, 0.382069, 0.382069, 0.617931
3.36853, -0.257213, -3.01091, 0.382069, 0.382069, 0.617931
3.36858, -0.257213, -3.01091, 0.382069, 0.382069, 0.617931
3.36862, -0.257213, -3.01091, 0.382069, 0.382069, 0.617931
3.36867, -0.257228, -3.01105, 0.382092, 0.382092, 0.617908
3.36871, -0.257228, -3.01105, 0.382092, 0.382092, 0.617908
3.36876, -0.257228, -3.01105, 0.382092, 0.382092, 0.617908
3.3688, -0.257228, -3.01105, 0.382092, 0.382092, 0.617908
3.36885, -0.257228, -3.01105, 0.382092, 0.382092, 0.617908
3.36889, -0.257228, -3.01105, 0.382092, 0.382092, 0.617908
3.36894, -0.257228, -3.01105, 0.382092, 0.382092, 0.617908
3.36898, -0.257228, -3.01105, 0.382092, 0.382092, 0.617908
3.36903, -0.257228, -3.01105, 0.382092, 0.382092, 0.617908
3.36907, -0.257228, -3.01105, 0.382092, 0.382092, 0.617908
3.36912, -0.257228, -3.01105, 0.382092, 0.382092, 0.617908
3.36916, -0.257228, -3.01105, 0.382092, 0.382092, 0.617908
3.36921, -0.257228, -3.01105, 0.382092, 0.382092, 0.617908
3.36925, -0.257228, -3.01105, 0.382092, 0.382092, 0.617908
3.3693, -0.257228, -3.01105, 0.382092, 0.382092, 0.617908
3.36934, -0.257228, -3.01105, 0.382092, 0.382092, 0.617908
3.36939, -0.257228, -3.01105, 0.382092, 0.382092, 0.617908
3.36943, -0.257228, -3.01105, 0.382092, 0.382092, 0.617908
3.36948, -0.257228, -3.01105, 0.382092, 0.382092, 0.617908
3.36952, -0.257228, -3.01105, 0.382092, 0.382092, 0.617908
3.36957, -0.257228, -3.01105, 0.382092, 0.382092, 0.617908
3.36961, -0.257228, -3.01105, 0.382092, 0.382092, 0.617908
3.36966, -0.257228, -3.01105, 0.382092, 0.382092, 0.617908
3.3697, -0.257228, -3.01105, 0.382092, 0.382092, 0.617908
3.36975, -0.257228, -3.01105, 0.382092, 0.382092, 0.617908
3.36979, -0.257228, -3.01105, 0.382092, 0.382092, 0.617908
3.36984, -0.257228, -3.01105, 0.382092, 0.382092, 0.617908
3.36988, -0.257228, -3.01105, 0.382092, 0.382092, 0.617908
3.36993, -0.257228, -3.01105, 0.382092, 0.382092, 0.617908
3.36997, -0.257228, -3.01105, 0.382092, 0.382092, 0.617908
3.37002, -0.257228, -3.01105, 0.382092, 0.382092, 0.617908
3.37006, -0.257228, -3.01105, 0.382092, 0.382092, 0.617908
3.37011, -0.257228, -3.01105, 0.382092, 0.382092, 0.617908
3.37015, -0.257228, -3.01105, 0.382092, 0.382092, 0.617908
3.3702, -0.257228, -3.01105, 0.382092, 0.382092, 0.617908
3.37024, -0.257228, -3.01105, 0.382092, 0.382092, 0.617908
3.37029, -0.257228, -3.01105, 0.382092, 0.382092, 0.617908
3.37033, -0.257228, -3.01105, 0.382092, 0.382092, 0.617908
3.37038, -0.257228, -3.01105, 0.382092, 0.382092, 0.617908
3.37042, -0.257228, -3.01105, 0.382092, 0.382092, 0.617908
3.37047, -0.257228, -3.01105, 0.382092, 0.382092, 0.617908
3.37051, -0.257228, -3.01105, 0.382092, 0.382092, 0.617908
3.37055, -0.257228, -3.01105, 0.382092, 0.382092, 0.617908
3.3706, -0.257228, -3.01105, 0.382092, 0.382092, 0.617908
3.37064, -0.257228, -3.01105, 0.382092, 0.382092, 0.617908
3.37069, -0.257228, -3.01105, 0.382092, 0.382092, 0.617908
3.37073, -0.257228, -3.01105, 0.382092, 0.382092, 0.617908
3.37078, -0.257228, -3.01105, 0.382092, 0.382092, 0.617908
3.37082, -0.257228, -3.01105, 0.382092, 0.382092, 0.617908
3.37087, -0.257228, -3.01105, 0.382092, 0.382092, 0.617908
3.37091, -0.257228, -3.01105, 0.382092, 0.382092, 0.617908
3.37096, -0.257228, -3.01105, 0.382092, 0.382092, 0.617908
3.371, -0.257228, -3.01105, 0.382092, 0.382092, 0.617908
3.37105, -0.257228, -3.01105, 0.382092, 0.382092, 0.617908
3.37109, -0.257228, -3.01105, 0.382092, 0.382092, 0.617908
3.37114, -0.257228, -3.01105, 0.382092, 0.382092, 0.617908
3.37118, -0.257228, -3.01105, 0.382092, 0.382092, 0.617908
3.37123, -0.257228, -3.01105, 0.382092, 0.382092, 0.617908
3.37127, -0.257228, -3.01105, 0.382092, 0.382092, 0.617908
3.37132, -0.257228, -3.01105, 0.382092, 0.382092, 0.617908
3.37136, -0.257228, -3.01105, 0.382092, 0.382092, 0.617908
3.37141, -0.257228, -3.01105, 0.382092, 0.382092, 0.617908
3.37145, -0.257228, -3.01105, 0.382092, 0.382092, 0.617908
3.3715, -0.257228, -3.01105, 0.382092, 0.382092, 0.617908
3.37154, -0.257228, -3.01105, 0.382092, 0.382092, 0.617908
3.37159, -0.257228, -3.01105, 0.382092, 0.382092, 0.617908
3.37163, -0.257228, -3.01105, 0.382092, 0.382092, 0.617908
3.37168, -0.257228, -3.01105, 0.382092, 0.382092, 0.617908
3.37172, -0.257228, -3.01105, 0.382092, 0.382092, 0.617908
3.37177, -0.257228, -3.01105, 0.382092, 0.382092, 0.617908
3.37181, -0.257228, -3.01105, 0.382092, 0.382092, 0.617908
3.37186, -0.257228, -3.01105, 0.382092, 0.382092, 0.617908
3.3719, -0.257243, -3.01119, 0.382115, 0.382115, 0.617885
3.37195, -0.257243, -3.01119, 0.382115, 0.382115, 0.617885
3.37199, -0.257243, -3.01119, 0.382115, 0.382115, 0.617885
3.37204, -0.257243, -3.01119, 0.382115, 0.382115, 0.617885
3.37208, -0.257243, -3.01119, 0.382115, 0.382115, 0.617885
3.37213, -0.257243, -3.01119, 0.382115, 0.382115, 0.617885
3.37217, -0.257243, -3.01119, 0.382115, 0.382115, 0.617885
3.37222, -0.257243, -3.01119, 0.382115, 0.382115, 0.617885
3.37226, -0.257243, -3.01119, 0.382115, 0.382115, 0.617885
3.37231, -0.257243, -3.01119, 0.382115, 0.382115, 0.617885
3.37235, -0.257243, -3.01119, 0.382115, 0.382115, 0.617885
3.3724, -0.257243, -3.01119, 0.382115, 0.382115, 0.617885
3.37244, -0.257257, -3.01133, 0.382138, 0.382138, 0.617862
3.37249, -0.257257, -3.01133, 0.382138, 0.382138, 0.617862
3.37253, -0.257257, -3.01133, 0.382138, 0.382138, 0.617862
3.37258, -0.257257, -3.01133, 0.382138, 0.382138, 0.617862
3.37262, -0.257257, -3.01133, 0.382138, 0.382138, 0.617862
3.37267, -0.257257, -3.01133, 0.382138, 0.382138, 0.617862
3.37271, -0.257257, -3.01133, 0.382138, 0.382138, 0.617862
3.37276, -0.257257, -3.01133, 0.382138, 0.382138, 0.617862
3.3728, -0.257257, -3.01133, 0.382138, 0.382138, 0.617862
3.37284, -0.257257, -3.01133, 0.382138, 0.382138, 0.617862
3.37289, -0.257257, -3.01133, 0.382138, 0.382138, 0.617862
3.37293, -0.257257, -3.01133, 0.382138, 0.382138, 0.617862
3.37298, -0.257257, -3.01133, 0.382138, 0.382138, 0.617862
3.37302, -0.257257, -3.01133, 0.382138, 0.382138, 0.617862
3.37307, -0.257257, -3.01133, 0.382138, 0.382138, 0.617862
3.37311, -0.257257, -3.01133, 0.382138, 0.382138, 0.617862
3.37316, -0.257257, -3.01133, 0.382138, 0.382138, 0.617862
3.3732, -0.257257, -3.01133, 0.382138, 0.382138, 0.617862
3.37325, -0.257257, -3.01133, 0.382138, 0.382138, 0.617862
3.37329, -0.257257, -3.01133, 0.382138, 0.382138, 0.617862
3.37334, -0.257257, -3.01133, 0.382138, 0.382138, 0.617862
3.37338, -0.257257, -3.01133, 0.382138, 0.382138, 0.617862
3.37343, -0.257257, -3.01133, 0.382138, 0.382138, 0.617862
3.37347, -0.257257, -3.01133, 0.382138, 0.382138, 0.617862
3.37352, -0.257257, -3.01133, 0.382138, 0.382138, 0.617862
3.37356, -0.257257, -3.01133, 0.382138, 0.382138, 0.617862
3.37361, -0.257257, -3.01133, 0.382138, 0.382138, 0.617862
3.37365, -0.257257, -3.01133, 0.382138, 0.382138, 0.617862
3.3737, -0.257257, -3.01133, 0.382138, 0.382138, 0.617862
3.37374, -0.257257, -3.01133, 0.382138, 0.382138, 0.617862
3.37379, -0.257257, -3.01133, 0.382138, 0.382138, 0.617862
3.37383, -0.257257, -3.01133, 0.382138, 0.382138, 0.617862
3.37388, -0.257257, -3.01133, 0.382138, 0.382138, 0.617862
3.37392, -0.257257, -3.01133, 0.382138, 0.382138, 0.617862
3.37397, -0.257257, -3.01133, 0.382138, 0.382138, 0.617862
3.37401, -0.257257, -3.01133, 0.382138, 0.382138, 0.617862
3.37406, -0.257257, -3.01133, 0.382138, 0.382138, 0.617862
3.3741, -0.257257, -3.01133, 0.382138, 0.382138, 0.617862
3.37415, -0.257257, -3.01133, 0.382138, 0.382138, 0.617862
3.37419, -0.257257, -3.01133, 0.382138, 0.382138, 0.617862
3.37424, -0.257257, -3.01133, 0.382138, 0.382138, 0.617862
3.37428, -0.257257, -3.01133, 0.382138, 0.382138, 0.617862
3.37433, -0.257257, -3.01133, 0.382138, 0.382138, 0.617862
3.37437, -0.257257, -3.01133, 0.382138, 0.382138, 0.617862
3.37442, -0.257257, -3.01133, 0.382138, 0.382138, 0.617862
3.37446, -0.257257, -3.01133, 0.382138, 0.382138, 0.617862
3.37451, -0.257257, -3.01133, 0.382138, 0.382138, 0.617862
3.37455, -0.257257, -3.01133, 0.382138, 0.382138, 0.617862
3.3746, -0.257257, -3.01133, 0.382138, 0.382138, 0.617862
3.37464, -0.257257, -3.01133, 0.382138, 0.382138, 0.617862
3.37469, -0.257257, -3.01133, 0.382138, 0.382138, 0.617862
3.37473, -0.257257, -3.01133, 0.382138, 0.382138, 0.617862
3.37478, -0.257257, -3.01133, 0.382138, 0.382138, 0.617862
3.37482, -0.257257, -3.01133, 0.382138, 0.382138, 0.617862
3.37487, -0.257257, -3.01133, 0.382138, 0.382138, 0.617862
3.37491, -0.257257, -3.01133, 0.382138, 0.382138, 0.617862
3.37496, -0.257257, -3.01133, 0.382138, 0.382138, 0.617862
3.375, -0.257257, -3.01133, 0.382138, 0.382138, 0.617862
3.37504, -0.257257, -3.01133, 0.382138, 0.382138, 0.617862
3.37509, -0.257272, -3.01147, 0.382161, 0.382161, 0.617839
3.37513, -0.257272, -3.01147, 0.382161, 0.382161, 0.617839
3.37518, -0.257272, -3.01147, 0.382161, 0.382161, 0.617839
3.37522, -0.257272, -3.01147, 0.382161, 0.382161, 0.617839
3.37527, -0.257272, -3.01147, 0.382161, 0.382161, 0.617839
3.37531, -0.257272, -3.01147, 0.382161, 0.382161, 0.617839
3.37536, -0.257272, -3.01147, 0.382161, 0.382161, 0.617839
3.3754, -0.257272, -3.01147, 0.382161, 0.382161, 0.617839
3.37545, -0.257272, -3.01147, 0.382161, 0.382161, 0.617839
3.37549, -0.257272, -3.01147, 0.382161, 0.382161, 0.617839
3.37554, -0.257272, -3.01147, 0.382161, 0.382161, 0.617839
3.37558, -0.257272, -3.01147, 0.382161, 0.382161, 0.617839
3.37563, -0.257272, -3.01147, 0.382161, 0.382161, 0.617839
3.37567, -0.257272, -3.01147, 0.382161, 0.382161, 0.617839
3.37572, -0.257272, -3.01147, 0.382161, 0.382161, 0.617839
3.37576, -0.257272, -3.01147, 0.382161, 0.382161, 0.617839
3.37581, -0.257272, -3.01147, 0.382161, 0.382161, 0.617839
3.37585, -0.257272, -3.01147, 0.382161, 0.382161, 0.617839
3.3759, -0.257272, -3.01147, 0.382161, 0.382161, 0.617839
3.37594, -0.257272, -3.01147, 0.382161, 0.382161, 0.617839
3.37599, -0.257272, -3.01147, 0.382161, 0.382161, 0.617839
3.37603, -0.257272, -3.01147, 0.382161, 0.382161, 0.617839
3.37608, -0.257272, -3.01147, 0.382161, 0.382161, 0.617839
3.37612, -0.257272, -3.01147, 0.382161, 0.382161, 0.617839
3.37617, -0.257272, -3.01147, 0.382161, 0.382161, 0.617839
3.37621, -0.257272, -3.01147, 0.382161, 0.382161, 0.617839
3.37626, -0.257272, -3.01147, 0.382161, 0.382161, 0.617839
3.3763, -0.257272, -3.01147, 0.382161, 0.382161, 0.617839
3.37635, -0.257272, -3.01147, 0.382161, 0.382161, 0.617839
3.37639, -0.257272, -3.01147, 0.382161, 0.382161, 0.617839
3.37644, -0.257272, -3.01147, 0.382161, 0.382161, 0.617839
3.37648, -0.257272, -3.01147, 0.382161, 0.382161, 0.617839
3.37653, -0.257272, -3.01147, 0.382161, 0.382161, 0.617839
3.37657, -0.257272, -3.01147, 0.382161, 0.382161, 0.617839
3.37662, -0.257272, -3.01147, 0.382161, 0.382161, 0.617839
3.37666, -0.257272, -3.01147, 0.382161, 0.382161, 0.617839
3.37671, -0.257272, -3.01147, 0.382161, 0.382161, 0.617839
3.37675, -0.257272, -3.01147, 0.382161, 0.382161, 0.617839
3.3768, -0.257272, -3.01147, 0.382161, 0.382161, 0.617839
3.37684, -0.257272, -3.01147, 0.382161, 0.382161, 0.617839
3.37689, -0.257272, -3.01147, 0.382161, 0.382161, 0.617839
3.37693, -0.257272, -3.01147, 0.382161, 0.382161, 0.617839
3.37698, -0.257272, -3.01147, 0.382161, 0.382161, 0.617839
3.37702, -0.257272, -3.01147, 0.382161, 0.382161, 0.617839
3.37707, -0.257272, -3.01147, 0.382161, 0.382161, 0.617839
3.37711, -0.257272, -3.01147, 0.382161, 0.382161, 0.617839
3.37716, -0.257272, -3.01147, 0.382161, 0.382161, 0.617839
3.3772, -0.257272, -3.01147, 0.382161, 0.382161, 0.617839
3.37724, -0.257272, -3.01147, 0.382161, 0.382161, 0.617839
3.37729, -0.257272, -3.01147, 0.382161, 0.382161, 0.617839
3.37733, -0.257272, -3.01147, 0.382161, 0.382161, 0.617839
3.37738, -0.257272, -3.01147, 0.382161, 0.382161, 0.617839
3.37742, -0.257272, -3.01147, 0.382161, 0.382161, 0.617839
3.37747, -0.257272, -3.01147, 0.382161, 0.382161, 0.617839
3.37751, -0.257272, -3.01147, 0.382161, 0.382161, 0.617839
3.37756, -0.257272, -3.01147, 0.382161, 0.382161, 0.617839
3.3776, -0.257272, -3.01147, 0.382161, 0.382161, 0.617839
3.37765, -0.257272, -3.01147, 0.382161, 0.382161, 0.617839
3.37769, -0.257272, -3.01147, 0.382161, 0.382161, 0.617839
3.37774, -0.257272, -3.01147, 0.382161, 0.382161, 0.617839
3.37778, -0.257272, -3.01147, 0.382161, 0.382161, 0.617839
3.37783, -0.257272, -3.01147, 0.382161, 0.382161, 0.617839
3.37787, -0.257272, -3.01147, 0.382161, 0.382161, 0.617839
3.37792, -0.257272, -3.01147, 0.382161, 0.382161, 0.617839
3.37796, -0.257272, -3.01147, 0.382161, 0.382161, 0.617839
3.37801, -0.257272, -3.01147, 0.382161, 0.382161, 0.617839
3.37805, -0.257272, -3.01147, 0.382161, 0.382161, 0.617839
3.3781, -0.257272, -3.01147, 0.382161, 0.382161, 0.617839
3.37814, -0.257272, -3.01147, 0.382161, 0.382161, 0.617839
3.37819, -0.257272, -3.01147, 0.382161, 0.382161, 0.617839
3.37823, -0.257272, -3.01147, 0.382161, 0.382161, 0.617839
3.37828, -0.257287, -3.01161, 0.382184, 0.382184, 0.617816
3.37832, -0.257287, -3.01161, 0.382184, 0.382184, 0.617816
3.37837, -0.257287, -3.01161, 0.382184, 0.382184, 0.617816
3.37841, -0.257287, -3.01161, 0.382184, 0.382184, 0.617816
3.37846, -0.257287, -3.01161, 0.382184, 0.382184, 0.617816
3.3785, -0.257302, -3.01175, 0.382207, 0.382207, 0.617793
3.37855, -0.257302, -3.01175, 0.382207, 0.382207, 0.617793
3.37859, -0.257302, -3.01175, 0.382207, 0.382207, 0.617793
3.37864, -0.257302, -3.01175, 0.382207, 0.382207, 0.617793
3.37868, -0.257302, -3.01175, 0.382207, 0.382207, 0.617793
3.37873, -0.257302, -3.01175, 0.382207, 0.382207, 0.617793
3.37877, -0.257302, -3.01175, 0.382207, 0.382207, 0.617793
3.37882, -0.257302, -3.01175, 0.382207, 0.382207, 0.617793
3.37886, -0.257302, -3.01175, 0.382207, 0.382207, 0.617793
3.37891, -0.257302, -3.01175, 0.382207, 0.382207, 0.617793
3.37895, -0.257302, -3.01175, 0.382207, 0.382207, 0.617793
3.379, -0.257302, -3.01175, 0.382207, 0.382207, 0.617793
3.37904, -0.257302, -3.01175, 0.382207, 0.382207, 0.617793
3.37909, -0.257302, -3.01175, 0.382207, 0.382207, 0.617793
3.37913, -0.257302, -3.01175, 0.382207, 0.382207, 0.617793
3.37918, -0.257302, -3.01175, 0.382207, 0.382207, 0.617793
3.37922, -0.257302, -3.01175, 0.382207, 0.382207, 0.617793
3.37927, -0.257302, -3.01175, 0.382207, 0.382207, 0.617793
3.37931, -0.257302, -3.01175, 0.382207, 0.382207, 0.617793
3.37936, -0.257302, -3.01175, 0.382207, 0.382207, 0.617793
3.3794, -0.257302, -3.01175, 0.382207, 0.382207, 0.617793
3.37945, -0.257302, -3.01175, 0.382207, 0.382207, 0.617793
3.37949, -0.257302, -3.01175, 0.382207, 0.382207, 0.617793
3.37953, -0.257302, -3.01175, 0.382207, 0.382207, 0.617793
3.37958, -0.257302, -3.01175, 0.382207, 0.382207, 0.617793
3.37962, -0.257302, -3.01175, 0.382207, 0.382207, 0.617793
3.37967, -0.257302, -3.01175, 0.382207, 0.382207, 0.617793
3.37971, -0.257302, -3.01175, 0.382207, 0.382207, 0.617793
3.37976, -0.257302, -3.01175, 0.382207, 0.382207, 0.617793
3.3798, -0.257302, -3.01175, 0.382207, 0.382207, 0.617793
3.37985, -0.257302, -3.01175, 0.382207, 0.382207, 0.617793
3.37989, -0.257302, -3.01175, 0.382207, 0.382207, 0.617793
3.37994, -0.257302, -3.01175, 0.382207, 0.382207, 0.617793
3.37998, -0.257302, -3.01175, 0.382207, 0.382207, 0.617793
3.38003, -0.257302, -3.01175, 0.382207, 0.382207, 0.617793
3.38007, -0.257302, -3.01175, 0.382207, 0.382207, 0.617793
3.38012, -0.257302, -3.01175, 0.382207, 0.382207, 0.617793
3.38016, -0.257302, -3.01175, 0.382207, 0.382207, 0.617793
3.38021, -0.257302, -3.01175, 0.382207, 0.382207, 0.617793
3.38025, -0.257302, -3.01175, 0.382207, 0.382207, 0.617793
3.3803, -0.257302, -3.01175, 0.382207, 0.382207, 0.617793
3.38034, -0.257302, -3.01175, 0.382207, 0.382207, 0.617793
3.38039, -0.257302, -3.01175, 0.382207, 0.382207, 0.617793
3.38043, -0.257302, -3.01175, 0.382207, 0.382207, 0.617793
3.38048, -0.257302, -3.01175, 0.382207, 0.382207, 0.617793
3.38052, -0.257302, -3.01175, 0.382207, 0.382207, 0.617793
3.38057, -0.257302, -3.01175, 0.382207, 0.382207, 0.617793
3.38061, -0.257302, -3.01175, 0.382207, 0.382207, 0.617793
3.38066, -0.257302, -3.01175, 0.382207, 0.382207, 0.617793
3.3807, -0.257302, -3.01175, 0.382207, 0.382207, 0.617793
3.38075, -0.257302, -3.01175, 0.382207, 0.382207, 0.617793
3.38079, -0.257302, -3.01175, 0.382207, 0.382207, 0.617793
3.38084, -0.257302, -3.01175, 0.382207, 0.382207, 0.617793
3.38088, -0.257302, -3.01175, 0.382207, 0.382207, 0.617793
3.38093, -0.257302, -3.01175, 0.382207, 0.382207, 0.617793
3.38097, -0.257302, -3.01175, 0.382207, 0.382207, 0.617793
3.38102, -0.257302, -3.01175, 0.382207, 0.382207, 0.617793
3.38106, -0.257302, -3.01175, 0.382207, 0.382207, 0.617793
3.38111, -0.257302, -3.01175, 0.382207, 0.382207, 0.617793
3.38115, -0.257302, -3.01175, 0.382207, 0.382207, 0.617793
3.3812, -0.257302, -3.01175, 0.382207, 0.382207, 0.617793
3.38124, -0.257302, -3.01175, 0.382207, 0.382207, 0.617793
3.38129, -0.257302, -3.01175, 0.382207, 0.382207, 0.617793
3.38133, -0.257302, -3.01175, 0.382207, 0.382207, 0.617793
3.38138, -0.257302, -3.01175, 0.382207, 0.382207, 0.617793
3.38142, -0.257302, -3.01175, 0.382207, 0.382207, 0.617793
3.38147, -0.257302, -3.01175, 0.382207, 0.382207, 0.617793
3.38151, -0.257317, -3.01189, 0.38223, 0.38223, 0.61777
3.38156, -0.257317, -3.01189, 0.38223, 0.38223, 0.61777
3.3816, -0.257317, -3.01189, 0.38223, 0.38223, 0.61777
3.38165, -0.257317, -3.01189, 0.38223, 0.38223, 0.61777
3.38169, -0.257317, -3.01189, 0.38223, 0.38223, 0.61777
3.38173, -0.257317, -3.01189, 0.38223, 0.38223, 0.61777
3.38178, -0.257317, -3.01189, 0.38223, 0.38223, 0.61777
3.38182, -0.257317, -3.01189, 0.38223, 0.38223, 0.61777
3.38187, -0.257317, -3.01189, 0.38223, 0.38223, 0.61777
3.38191, -0.257317, -3.01189, 0.38223, 0.38223, 0.61777
3.38196, -0.257317, -3.01189, 0.38223, 0.38223, 0.61777
3.382, -0.257317, -3.01189, 0.38223, 0.38223, 0.61777
3.38205, -0.257317, -3.01189, 0.38223, 0.38223, 0.61777
3.38209, -0.257317, -3.01189, 0.38223, 0.38223, 0.61777
3.38214, -0.257317, -3.01189, 0.38223, 0.38223, 0.61777
3.38218, -0.257317, -3.01189, 0.38223, 0.38223, 0.61777
3.38223, -0.257317, -3.01189, 0.38223, 0.38223, 0.61777
3.38227, -0.257317, -3.01189, 0.38223, 0.38223, 0.61777
3.38232, -0.257317, -3.01189, 0.38223, 0.38223, 0.61777
3.38236, -0.257317, -3.01189, 0.38223, 0.38223, 0.61777
3.38241, -0.257317, -3.01189, 0.38223, 0.38223, 0.61777
3.38245, -0.257317, -3.01189, 0.38223, 0.38223, 0.61777
3.3825, -0.257317, -3.01189, 0.38223, 0.38223, 0.61777
3.38254, -0.257317, -3.01189, 0.38223, 0.38223, 0.61777
3.38259, -0.257317, -3.01189, 0.38223, 0.38223, 0.61777
3.38263, -0.257317, -3.01189, 0.38223, 0.38223, 0.61777
3.38268, -0.257317, -3.01189, 0.38223, 0.38223, 0.61777
3.38272, -0.257317, -3.01189, 0.38223, 0.38223, 0.61777
3.38277, -0.257317, -3.01189, 0.38223, 0.38223, 0.61777
3.38281, -0.257317, -3.01189, 0.38223, 0.38223, 0.61777
3.38286, -0.257317, -3.01189, 0.38223, 0.38223, 0.61777
3.3829, -0.257317, -3.01189, 0.38223, 0.38223, 0.61777
3.38295, -0.257317, -3.01189, 0.38223, 0.38223, 0.61777
3.38299, -0.257317, -3.01189, 0.38223, 0.38223, 0.61777
3.38304, -0.257317, -3.01189, 0.38223, 0.38223, 0.61777
3.38308, -0.257317, -3.01189, 0.38223, 0.38223, 0.61777
3.38313, -0.257317, -3.01189, 0.38223, 0.38223, 0.61777
3.38317, -0.257317, -3.01189, 0.38223, 0.38223, 0.61777
3.38322, -0.257317, -3.01189, 0.38223, 0.38223, 0.61777
3.38326, -0.257317, -3.01189, 0.38223, 0.38223, 0.61777
3.38331, -0.257317, -3.01189, 0.38223, 0.38223, 0.61777
3.38335, -0.257317, -3.01189, 0.38223, 0.38223, 0.61777
3.3834, -0.257317, -3.01189, 0.38223, 0.38223, 0.61777
3.38344, -0.257317, -3.01189, 0.38223, 0.38223, 0.61777
3.38349, -0.257317, -3.01189, 0.38223, 0.38223, 0.61777
3.38353, -0.257317, -3.01189, 0.38223, 0.38223, 0.61777
3.38358, -0.257317, -3.01189, 0.38223, 0.38223, 0.61777
3.38362, -0.257317, -3.01189, 0.38223, 0.38223, 0.61777
3.38367, -0.257317, -3.01189, 0.38223, 0.38223, 0.61777
3.38371, -0.257317, -3.01189, 0.38223, 0.38223, 0.61777
3.38376, -0.257317, -3.01189, 0.38223, 0.38223, 0.61777
3.3838, -0.257317, -3.01189, 0.38223, 0.38223, 0.61777
3.38385, -0.257317, -3.01189, 0.38223, 0.38223, 0.61777
3.38389, -0.257317, -3.01189, 0.38223, 0.38223, 0.61777
3.38393, -0.257317, -3.01189, 0.38223, 0.38223, 0.61777
3.38398, -0.257317, -3.01189, 0.38223, 0.38223, 0.61777
3.38402, -0.257317, -3.01189, 0.38223, 0.38223, 0.61777
3.38407, -0.257317, -3.01189, 0.38223, 0.38223, 0.61777
3.38411, -0.257317, -3.01189, 0.38223, 0.38223, 0.61777
3.38416, -0.257317, -3.01189, 0.38223, 0.38223, 0.61777
3.3842, -0.257317, -3.01189, 0.38223, 0.38223, 0.61777
3.38425, -0.257317, -3.01189, 0.38223, 0.38223, 0.61777
3.38429, -0.257317, -3.01189, 0.38223, 0.38223, 0.61777
3.38434, -0.257317, -3.01189, 0.38223, 0.38223, 0.61777
3.38438, -0.257317, -3.01189, 0.38223, 0.38223, 0.61777
3.38443, -0.257317, -3.01189, 0.38223, 0.38223, 0.61777
3.38447, -0.257317, -3.01189, 0.38223, 0.38223, 0.61777
3.38452, -0.257317, -3.01189, 0.38223, 0.38223, 0.61777
3.38456, -0.257317, -3.01189, 0.38223, 0.38223, 0.61777
3.38461, -0.257317, -3.01189, 0.38223, 0.38223, 0.61777
3.38465, -0.257317, -3.01189, 0.38223, 0.38223, 0.61777
3.3847, -0.257332, -3.01203, 0.382253, 0.382253, 0.617747
3.38474, -0.257332, -3.01203, 0.382253, 0.382253, 0.617747
3.38479, -0.257332, -3.01203, 0.382253, 0.382253, 0.617747
3.38483, -0.257332, -3.01203, 0.382253, 0.382253, 0.617747
3.38488, -0.257332, -3.01203, 0.382253, 0.382253, 0.617747
3.38492, -0.257332, -3.01203, 0.382253, 0.382253, 0.617747
3.38497, -0.257332, -3.01203, 0.382253, 0.382253, 0.617747
3.38501, -0.257332, -3.01203, 0.382253, 0.382253, 0.617747
3.38506, -0.257332, -3.01203, 0.382253, 0.382253, 0.617747
3.3851, -0.257332, -3.01203, 0.382253, 0.382253, 0.617747
3.38515, -0.257332, -3.01203, 0.382253, 0.382253, 0.617747
3.38519, -0.257332, -3.01203, 0.382253, 0.382253, 0.617747
3.38524, -0.257347, -3.01217, 0.382276, 0.382276, 0.617724
3.38528, -0.257347, -3.01217, 0.382276, 0.382276, 0.617724
3.38533, -0.257347, -3.01217, 0.382276, 0.382276, 0.617724
3.38537, -0.257347, -3.01217, 0.382276, 0.382276, 0.617724
3.38542, -0.257347, -3.01217, 0.382276, 0.382276, 0.617724
3.38546, -0.257347, -3.01217, 0.382276, 0.382276, 0.617724
3.38551, -0.257347, -3.01217, 0.382276, 0.382276, 0.617724
3.38555, -0.257347, -3.01217, 0.382276, 0.382276, 0.617724
3.3856, -0.257347, -3.01217, 0.382276, 0.382276, 0.617724
3.38564, -0.257347, -3.01217, 0.382276, 0.382276, 0.617724
3.38569, -0.257347, -3.01217, 0.382276, 0.382276, 0.617724
3.38573, -0.257347, -3.01217, 0.382276, 0.382276, 0.617724
3.38578, -0.257347, -3.01217, 0.382276, 0.382276, 0.617724
3.38582, -0.257347, -3.01217, 0.382276, 0.382276, 0.617724
3.38587, -0.257347, -3.01217, 0.382276, 0.382276, 0.617724
3.38591, -0.257347, -3.01217, 0.382276, 0.382276, 0.617724
3.38596, -0.257347, -3.01217, 0.382276, 0.382276, 0.617724
3.386, -0.257347, -3.01217, 0.382276, 0.382276, 0.617724
3.38605, -0.257347, -3.01217, 0.382276, 0.382276, 0.617724
3.38609, -0.257347, -3.01217, 0.382276, 0.382276, 0.617724
3.38614, -0.257347, -3.01217, 0.382276, 0.382276, 0.617724
3.38618, -0.257347, -3.01217, 0.382276, 0.382276, 0.617724
3.38622, -0.257347, -3.01217, 0.382276, 0.382276, 0.617724
3.38627, -0.257347, -3.01217, 0.382276, 0.382276, 0.617724
3.38631, -0.257347, -3.01217, 0.382276, 0.382276, 0.617724
3.38636, -0.257347, -3.01217, 0.382276, 0.382276, 0.617724
3.3864, -0.257347, -3.01217, 0.382276, 0.382276, 0.617724
3.38645, -0.257347, -3.01217, 0.382276, 0.382276, 0.617724
3.38649, -0.257347, -3.01217, 0.382276, 0.382276, 0.617724
3.38654, -0.257347, -3.01217, 0.382276, 0.382276, 0.617724
3.38658, -0.257347, -3.01217, 0.382276, 0.382276, 0.617724
3.38663, -0.257347, -3.01217, 0.382276, 0.382276, 0.617724
3.38667, -0.257347, -3.01217, 0.382276, 0.382276, 0.617724
3.38672, -0.257347, -3.01217, 0.382276, 0.382276, 0.617724
3.38676, -0.257347, -3.01217, 0.382276, 0.382276, 0.617724
3.38681, -0.257347, -3.01217, 0.382276, 0.382276, 0.617724
3.38685, -0.257347, -3.01217, 0.382276, 0.382276, 0.617724
3.3869, -0.257347, -3.01217, 0.382276, 0.382276, 0.617724
3.38694, -0.257347, -3.01217, 0.382276, 0.382276, 0.617724
3.38699, -0.257347, -3.01217, 0.382276, 0.382276, 0.617724
3.38703, -0.257347, -3.01217, 0.382276, 0.382276, 0.617724
3.38708, -0.257347, -3.01217, 0.382276, 0.382276, 0.617724
3.38712, -0.257347, -3.01217, 0.382276, 0.382276, 0.617724
3.38717, -0.257347, -3.01217, 0.382276, 0.382276, 0.617724
3.38721, -0.257347, -3.01217, 0.382276, 0.382276, 0.617724
3.38726, -0.257347, -3.01217, 0.382276, 0.382276, 0.617724
3.3873, -0.257347, -3.01217, 0.382276, 0.382276, 0.617724
3.38735, -0.257347, -3.01217, 0.382276, 0.382276, 0.617724
3.38739, -0.257347, -3.01217, 0.382276, 0.382276, 0.617724
3.38744, -0.257347, -3.01217, 0.382276, 0.382276, 0.617724
3.38748, -0.257347, -3.01217, 0.382276, 0.382276, 0.617724
3.38753, -0.257347, -3.01217, 0.382276, 0.382276, 0.617724
3.38757, -0.257347, -3.01217, 0.382276, 0.382276, 0.617724
3.38762, -0.257347, -3.01217, 0.382276, 0.382276, 0.617724
3.38766, -0.257347, -3.01217, 0.382276, 0.382276, 0.617724
3.38771, -0.257347, -3.01217, 0.382276, 0.382276, 0.617724
3.38775, -0.257347, -3.01217, 0.382276, 0.382276, 0.617724
3.3878, -0.257347, -3.01217, 0.382276, 0.382276, 0.617724
3.38784, -0.257347, -3.01217, 0.382276, 0.382276, 0.617724
3.38789, -0.257347, -3.01217, 0.382299, 0.382276, 0.617724
3.38793, -0.257362, -3.01231, 0.382299, 0.382299, 0.617701
3.38798, -0.257362, -3.01231, 0.382299, 0.382299, 0.617701
3.38802, -0.257362, -3.01231, 0.382299, 0.382299, 0.617701
3.38807, -0.257362, -3.01231, 0.382299, 0.382299, 0.617701
3.38811, -0.257362, -3.01231, 0.382299, 0.382299, 0.617701
3.38816, -0.257362, -3.01231, 0.382299, 0.382299, 0.617701
3.3882, -0.257362, -3.01231, 0.382299, 0.382299, 0.617701
3.38825, -0.257362, -3.01231, 0.382299, 0.382299, 0.617701
3.38829, -0.257362, -3.01231, 0.382299, 0.382299, 0.617701
3.38834, -0.257362, -3.01231, 0.382299, 0.382299, 0.617701
3.38838, -0.257362, -3.01231, 0.382299, 0.382299, 0.617701
3.38842, -0.257362, -3.01231, 0.382299, 0.382299, 0.617701
3.38847, -0.257362, -3.01231, 0.382299, 0.382299, 0.617701
3.38851, -0.257362, -3.01231, 0.382299, 0.382299, 0.617701
3.38856, -0.257362, -3.01231, 0.382299, 0.382299, 0.617701
3.3886, -0.257362, -3.01231, 0.382299, 0.382299, 0.617701
3.38865, -0.257362, -3.01231, 0.382299, 0.382299, 0.617701
3.38869, -0.257362, -3.01231, 0.382299, 0.382299, 0.617701
3.38874, -0.257362, -3.01231, 0.382299, 0.382299, 0.617701
3.38878, -0.257362, -3.01231, 0.382299, 0.382299, 0.617701
3.38883, -0.257362, -3.01231, 0.382299, 0.382299, 0.617701
3.38887, -0.257362, -3.01231, 0.382299, 0.382299, 0.617701
3.38892, -0.257362, -3.01231, 0.382299, 0.382299, 0.617701
3.38896, -0.257362, -3.01231, 0.382299, 0.382299, 0.617701
3.38901, -0.257362, -3.01231, 0.382299, 0.382299, 0.617701
3.38905, -0.257362, -3.01231, 0.382299, 0.382299, 0.617701
3.3891, -0.257362, -3.01231, 0.382299, 0.382299, 0.617701
3.38914, -0.257362, -3.01231, 0.382299, 0.382299, 0.617701
3.38919, -0.257362, -3.01231, 0.382299, 0.382299, 0.617701
3.38923, -0.257362, -3.01231, 0.382299, 0.382299, 0.617701
3.38928, -0.257362, -3.01231, 0.382299, 0.382299, 0.617701
3.38932, -0.257362, -3.01231, 0.382299, 0.382299, 0.617701
3.38937, -0.257362, -3.01231, 0.382299, 0.382299, 0.617701
3.38941, -0.257362, -3.01231, 0.382299, 0.382299, 0.617701
3.38946, -0.257362, -3.01231, 0.382299, 0.382299, 0.617701
3.3895, -0.257362, -3.01231, 0.382299, 0.382299, 0.617701
3.38955, -0.257362, -3.01231, 0.382299, 0.382299, 0.617701
3.38959, -0.257362, -3.01231, 0.382299, 0.382299, 0.617701
3.38964, -0.257362, -3.01231, 0.382299, 0.382299, 0.617701
3.38968, -0.257362, -3.01231, 0.382299, 0.382299, 0.617701
3.38973, -0.257362, -3.01231, 0.382299, 0.382299, 0.617701
3.38977, -0.257362, -3.01231, 0.382299, 0.382299, 0.617701
3.38982, -0.257362, -3.01231, 0.382299, 0.382299, 0.617701
3.38986, -0.257362, -3.01231, 0.382299, 0.382299, 0.617701
3.38991, -0.257362, -3.01231, 0.382299, 0.382299, 0.617701
3.38995, -0.257362, -3.01231, 0.382299, 0.382299, 0.617701
3.39, -0.257362, -3.01231, 0.382299, 0.382299, 0.617701
3.39004, -0.257362, -3.01231, 0.382299, 0.382299, 0.617701
3.39009, -0.257362, -3.01231, 0.382299, 0.382299, 0.617701
3.39013, -0.257362, -3.01231, 0.382299, 0.382299, 0.617701
3.39018, -0.257362, -3.01231, 0.382299, 0.382299, 0.617701
3.39022, -0.257362, -3.01231, 0.382299, 0.382299, 0.617701
3.39027, -0.257362, -3.01231, 0.382299, 0.382299, 0.617701
3.39031, -0.257362, -3.01231, 0.382299, 0.382299, 0.617701
3.39036, -0.257362, -3.01231, 0.382299, 0.382299, 0.617701
3.3904, -0.257362, -3.01231, 0.382299, 0.382299, 0.617701
3.39045, -0.257362, -3.01231, 0.382299, 0.382299, 0.617701
3.39049, -0.257362, -3.01231, 0.382299, 0.382299, 0.617701
3.39054, -0.257362, -3.01231, 0.382299, 0.382299, 0.617701
3.39058, -0.257362, -3.01231, 0.382299, 0.382299, 0.617701
3.39062, -0.257362, -3.01231, 0.382299, 0.382299, 0.617701
3.39067, -0.257362, -3.01231, 0.382299, 0.382299, 0.617701
3.39071, -0.257362, -3.01231, 0.382299, 0.382299, 0.617701
3.39076, -0.257362, -3.01231, 0.382299, 0.382299, 0.617701
3.3908, -0.257362, -3.01231, 0.382299, 0.382299, 0.617701
3.39085, -0.257362, -3.01231, 0.382299, 0.382299, 0.617701
3.39089, -0.257362, -3.01231, 0.382299, 0.382299, 0.617701
3.39094, -0.257362, -3.01231, 0.382299, 0.382299, 0.617701
3.39098, -0.257362, -3.01231, 0.382299, 0.382299, 0.617701
3.39103, -0.257362, -3.01231, 0.382299, 0.382299, 0.617701
3.39107, -0.257362, -3.01231, 0.382299, 0.382299, 0.617701
3.39112, -0.257377, -3.01246, 0.382322, 0.382322, 0.617678
3.39116, -0.257377, -3.01246, 0.382322, 0.382322, 0.617678
3.39121, -0.257377, -3.01246, 0.382322, 0.382322, 0.617678
3.39125, -0.257377, -3.01246, 0.382322, 0.382322, 0.617678
3.3913, -0.257377, -3.01246, 0.382322, 0.382322, 0.617678
3.39134, -0.257377, -3.01246, 0.382322, 0.382322, 0.617678
3.39139, -0.257377, -3.01246, 0.382322, 0.382322, 0.617678
3.39143, -0.257377, -3.01246, 0.382322, 0.382322, 0.617678
3.39148, -0.257377, -3.01246, 0.382322, 0.382322, 0.617678
3.39152, -0.257377, -3.01246, 0.382322, 0.382322, 0.617678
3.39157, -0.257377, -3.01246, 0.382322, 0.382322, 0.617678
3.39161, -0.257377, -3.01246, 0.382322, 0.382322, 0.617678
3.39166, -0.257377, -3.01246, 0.382322, 0.382322, 0.617678
3.3917, -0.257377, -3.01246, 0.382322, 0.382322, 0.617678
3.39175, -0.257377, -3.01246, 0.382322, 0.382322, 0.617678
3.39179, -0.257377, -3.01246, 0.382322, 0.382322, 0.617678
3.39184, -0.257377, -3.01246, 0.382322, 0.382322, 0.617678
3.39188, -0.257377, -3.01246, 0.382322, 0.382322, 0.617678
3.39193, -0.257377, -3.01246, 0.382322, 0.382322, 0.617678
3.39197, -0.257377, -3.01246, 0.382345, 0.382322, 0.617678
3.39202, -0.257392, -3.0126, 0.382344, 0.382344, 0.617656
3.39206, -0.257392, -3.0126, 0.382344, 0.382344, 0.617656
3.39211, -0.257392, -3.0126, 0.382344, 0.382344, 0.617656
3.39215, -0.257392, -3.0126, 0.382344, 0.382344, 0.617656
3.3922, -0.257392, -3.0126, 0.382344, 0.382344, 0.617656
3.39224, -0.257392, -3.0126, 0.382344, 0.382344, 0.617656
3.39229, -0.257392, -3.0126, 0.382344, 0.382344, 0.617656
3.39233, -0.257392, -3.0126, 0.382344, 0.382344, 0.617656
3.39238, -0.257392, -3.0126, 0.382344, 0.382344, 0.617656
3.39242, -0.257392, -3.0126, 0.382344, 0.382344, 0.617656
3.39247, -0.257392, -3.0126, 0.382344, 0.382344, 0.617656
3.39251, -0.257392, -3.0126, 0.382344, 0.382344, 0.617656
3.39256, -0.257392, -3.0126, 0.382344, 0.382344, 0.617656
3.3926, -0.257392, -3.0126, 0.382344, 0.382344, 0.617656
3.39265, -0.257392, -3.0126, 0.382344, 0.382344, 0.617656
3.39269, -0.257392, -3.0126, 0.382344, 0.382344, 0.617656
3.39274, -0.257392, -3.0126, 0.382344, 0.382344, 0.617656
3.39278, -0.257392, -3.0126, 0.382344, 0.382344, 0.617656
3.39283, -0.257392, -3.0126, 0.382344, 0.382344, 0.617656
3.39287, -0.257392, -3.0126, 0.382344, 0.382344, 0.617656
3.39291, -0.257392, -3.0126, 0.382344, 0.382344, 0.617656
3.39296, -0.257392, -3.0126, 0.382344, 0.382344, 0.617656
3.393, -0.257392, -3.0126, 0.382344, 0.382344, 0.617656
3.39305, -0.257392, -3.0126, 0.382344, 0.382344, 0.617656
3.39309, -0.257392, -3.0126, 0.382344, 0.382344, 0.617656
3.39314, -0.257392, -3.0126, 0.382344, 0.382344, 0.617656
3.39318, -0.257392, -3.0126, 0.382344, 0.382344, 0.617656
3.39323, -0.257392, -3.0126, 0.382344, 0.382344, 0.617656
3.39327, -0.257392, -3.0126, 0.382344, 0.382344, 0.617656
3.39332, -0.257392, -3.0126, 0.382344, 0.382344, 0.617656
3.39336, -0.257392, -3.0126, 0.382344, 0.382344, 0.617656
3.39341, -0.257392, -3.0126, 0.382344, 0.382344, 0.617656
3.39345, -0.257392, -3.0126, 0.382344, 0.382344, 0.617656
3.3935, -0.257392, -3.0126, 0.382344, 0.382344, 0.617656
3.39354, -0.257392, -3.0126, 0.382344, 0.382344, 0.617656
3.39359, -0.257392, -3.0126, 0.382344, 0.382344, 0.617656
3.39363, -0.257392, -3.0126, 0.382344, 0.382344, 0.617656
3.39368, -0.257392, -3.0126, 0.382344, 0.382344, 0.617656
3.39372, -0.257392, -3.0126, 0.382344, 0.382344, 0.617656
3.39377, -0.257392, -3.0126, 0.382344, 0.382344, 0.617656
3.39381, -0.257392, -3.0126, 0.382344, 0.382344, 0.617656
3.39386, -0.257392, -3.0126, 0.382344, 0.382344, 0.617656
3.3939, -0.257392, -3.0126, 0.382344, 0.382344, 0.617656
3.39395, -0.257392, -3.0126, 0.382344, 0.382344, 0.617656
3.39399, -0.257392, -3.0126, 0.382344, 0.382344, 0.617656
3.39404, -0.257392, -3.0126, 0.382344, 0.382344, 0.617656
3.39408, -0.257392, -3.0126, 0.382344, 0.382344, 0.617656
3.39413, -0.257392, -3.0126, 0.382344, 0.382344, 0.617656
3.39417, -0.257392, -3.0126, 0.382344, 0.382344, 0.617656
3.39422, -0.257392, -3.0126, 0.382344, 0.382344, 0.617656
3.39426, -0.257392, -3.0126, 0.382344, 0.382344, 0.617656
3.39431, -0.257407, -3.01274, 0.382367, 0.382367, 0.617633
3.39435, -0.257407, -3.01274, 0.382367, 0.382367, 0.617633
3.3944, -0.257407, -3.01274, 0.382367, 0.382367, 0.617633
3.39444, -0.257407, -3.01274, 0.382367, 0.382367, 0.617633
3.39449, -0.257407, -3.01274, 0.382367, 0.382367, 0.617633
3.39453, -0.257407, -3.01274, 0.382367, 0.382367, 0.617633
3.39458, -0.257407, -3.01274, 0.382367, 0.382367, 0.617633
3.39462, -0.257407, -3.01274, 0.382367, 0.382367, 0.617633
3.39467, -0.257407, -3.01274, 0.382367, 0.382367, 0.617633
3.39471, -0.257407, -3.01274, 0.382367, 0.382367, 0.617633
3.39476, -0.257407, -3.01274, 0.382367, 0.382367, 0.617633
3.3948, -0.257407, -3.01274, 0.382367, 0.382367, 0.617633
3.39485, -0.257407, -3.01274, 0.382367, 0.382367, 0.617633
3.39489, -0.257407, -3.01274, 0.382367, 0.382367, 0.617633
3.39494, -0.257407, -3.01274, 0.382367, 0.382367, 0.617633
3.39498, -0.257407, -3.01274, 0.382367, 0.382367, 0.617633
3.39503, -0.257407, -3.01274, 0.382367, 0.382367, 0.617633
3.39507, -0.257407, -3.01274, 0.382367, 0.382367, 0.617633
3.39511, -0.257407, -3.01274, 0.382367, 0.382367, 0.617633
3.39516, -0.257407, -3.01274, 0.382367, 0.382367, 0.617633
3.3952, -0.257407, -3.01274, 0.382367, 0.382367, 0.617633
3.39525, -0.257407, -3.01274, 0.382367, 0.382367, 0.617633
3.39529, -0.257407, -3.01274, 0.382367, 0.382367, 0.617633
3.39534, -0.257407, -3.01274, 0.382367, 0.382367, 0.617633
3.39538, -0.257407, -3.01274, 0.382367, 0.382367, 0.617633
3.39543, -0.257407, -3.01274, 0.382367, 0.382367, 0.617633
3.39547, -0.257407, -3.01274, 0.382367, 0.382367, 0.617633
3.39552, -0.257407, -3.01274, 0.382367, 0.382367, 0.617633
3.39556, -0.257407, -3.01274, 0.382367, 0.382367, 0.617633
3.39561, -0.257422, -3.01288, 0.38239, 0.38239, 0.61761
3.39565, -0.257422, -3.01288, 0.38239, 0.38239, 0.61761
3.3957, -0.257422, -3.01288, 0.38239, 0.38239, 0.61761
3.39574, -0.257422, -3.01288, 0.38239, 0.38239, 0.61761
3.39579, -0.257422, -3.01288, 0.38239, 0.38239, 0.61761
3.39583, -0.257422, -3.01288, 0.38239, 0.38239, 0.61761
3.39588, -0.257422, -3.01288, 0.38239, 0.38239, 0.61761
3.39592, -0.257422, -3.01288, 0.38239, 0.38239, 0.61761
3.39597, -0.257422, -3.01288, 0.38239, 0.38239, 0.61761
3.39601, -0.257422, -3.01288, 0.38239, 0.38239, 0.61761
3.39606, -0.257422, -3.01288, 0.38239, 0.38239, 0.61761
3.3961, -0.257422, -3.01288, 0.38239, 0.38239, 0.61761
3.39615, -0.257422, -3.01288, 0.38239, 0.38239, 0.61761
3.39619, -0.257422, -3.01288, 0.38239, 0.38239, 0.61761
3.39624, -0.257422, -3.01288, 0.38239, 0.38239, 0.61761
3.39628, -0.257422, -3.01288, 0.38239, 0.38239, 0.61761
3.39633, -0.257422, -3.01288, 0.38239, 0.38239, 0.61761
3.39637, -0.257422, -3.01288, 0.38239, 0.38239, 0.61761
3.39642, -0.257422, -3.01288, 0.38239, 0.38239, 0.61761
3.39646, -0.257422, -3.01288, 0.38239, 0.38239, 0.61761
3.39651, -0.257422, -3.01288, 0.38239, 0.38239, 0.61761
3.39655, -0.257422, -3.01288, 0.38239, 0.38239, 0.61761
3.3966, -0.257422, -3.01288, 0.38239, 0.38239, 0.61761
3.39664, -0.257422, -3.01288, 0.38239, 0.38239, 0.61761
3.39669, -0.257422, -3.01288, 0.38239, 0.38239, 0.61761
3.39673, -0.257422, -3.01288, 0.38239, 0.38239, 0.61761
3.39678, -0.257422, -3.01288, 0.38239, 0.38239, 0.61761
3.39682, -0.257422, -3.01288, 0.38239, 0.38239, 0.61761
3.39687, -0.257422, -3.01288, 0.38239, 0.38239, 0.61761
3.39691, -0.257422, -3.01288, 0.38239, 0.38239, 0.61761
3.39696, -0.257422, -3.01288, 0.38239, 0.38239, 0.61761
3.397, -0.257422, -3.01288, 0.38239, 0.38239, 0.61761
3.39705, -0.257422, -3.01288, 0.38239, 0.38239, 0.61761
3.39709, -0.257422, -3.01288, 0.38239, 0.38239, 0.61761
3.39714, -0.257422, -3.01288, 0.38239, 0.38239, 0.61761
3.39718, -0.257422, -3.01288, 0.38239, 0.38239, 0.61761
3.39723, -0.257422, -3.01288, 0.38239, 0.38239, 0.61761
3.39727, -0.257422, -3.01288, 0.38239, 0.38239, 0.61761
3.39732, -0.257422, -3.01288, 0.38239, 0.38239, 0.61761
3.39736, -0.257422, -3.01288, 0.38239, 0.38239, 0.61761
3.3974, -0.257422, -3.01288, 0.38239, 0.38239, 0.61761
3.39745, -0.257422, -3.01288, 0.38239, 0.38239, 0.61761
3.39749, -0.257422, -3.01288, 0.38239, 0.38239, 0.61761
3.39754, -0.257437, -3.01302, 0.382413, 0.382413, 0.617587
3.39758, -0.257437, -3.01302, 0.382413, 0.382413, 0.617587
3.39763, -0.257437, -3.01302, 0.382413, 0.382413, 0.617587
3.39767, -0.257437, -3.01302, 0.382413, 0.382413, 0.617587
3.39772, -0.257437, -3.01302, 0.382413, 0.382413, 0.617587
3.39776, -0.257437, -3.01302, 0.382413, 0.382413, 0.617587
3.39781, -0.257437, -3.01302, 0.382413, 0.382413, 0.617587
3.39785, -0.257437, -3.01302, 0.382413, 0.382413, 0.617587
3.3979, -0.257437, -3.01302, 0.382413, 0.382413, 0.617587
3.39794, -0.257437, -3.01302, 0.382413, 0.382413, 0.617587
3.39799, -0.257437, -3.01302, 0.382413, 0.382413, 0.617587
3.39803, -0.257437, -3.01302, 0.382413, 0.382413, 0.617587
3.39808, -0.257437, -3.01302, 0.382413, 0.382413, 0.617587
3.39812, -0.257437, -3.01302, 0.382413, 0.382413, 0.617587
3.39817, -0.257437, -3.01302, 0.382413, 0.382413, 0.617587
3.39821, -0.257437, -3.01302, 0.382413, 0.382413, 0.617587
3.39826, -0.257437, -3.01302, 0.382413, 0.382413, 0.617587
3.3983, -0.257437, -3.01302, 0.382413, 0.382413, 0.617587
3.39835, -0.257437, -3.01302, 0.382413, 0.382413, 0.617587
3.39839, -0.257437, -3.01302, 0.382413, 0.382413, 0.617587
3.39844, -0.257437, -3.01302, 0.382413, 0.382413, 0.617587
3.39848, -0.257437, -3.01302, 0.382413, 0.382413, 0.617587
3.39853, -0.257437, -3.01302, 0.382413, 0.382413, 0.617587
3.39857, -0.257437, -3.01302, 0.382413, 0.382413, 0.617587
3.39862, -0.257437, -3.01302, 0.382413, 0.382413, 0.617587
3.39866, -0.257437, -3.01302, 0.382413, 0.382413, 0.617587
3.39871, -0.257437, -3.01302, 0.382413, 0.382413, 0.617587
3.39875, -0.257437, -3.01302, 0.382413, 0.382413, 0.617587
3.3988, -0.257437, -3.01302, 0.382413, 0.382413, 0.617587
3.39884, -0.257437, -3.01302, 0.382413, 0.382413, 0.617587
3.39889, -0.257437, -3.01302, 0.382413, 0.382413, 0.617587
3.39893, -0.257437, -3.01302, 0.382413, 0.382413, 0.617587
3.39898, -0.257437, -3.01302, 0.382413, 0.382413, 0.617587
3.39902, -0.257437, -3.01302, 0.382413, 0.382413, 0.617587
3.39907, -0.257437, -3.01302, 0.382413, 0.382413, 0.617587
3.39911, -0.257437, -3.01302, 0.382413, 0.382413, 0.617587
3.39916, -0.257437, -3.01302, 0.382413, 0.382413, 0.617587
3.3992, -0.257437, -3.01302, 0.382413, 0.382413, 0.617587
3.39925, -0.257437, -3.01302, 0.382413, 0.382413, 0.617587
3.39929, -0.257437, -3.01302, 0.382413, 0.382413, 0.617587
3.39934, -0.257437, -3.01302, 0.382413, 0.382413, 0.617587
3.39938, -0.257437, -3.01302, 0.382413, 0.382413, 0.617587
3.39943, -0.257437, -3.01302, 0.382413, 0.382413, 0.617587
3.39947, -0.257437, -3.01302, 0.382413, 0.382413, 0.617587
3.39952, -0.257437, -3.01302, 0.382413, 0.382413, 0.617587
3.39956, -0.257437, -3.01302, 0.382413, 0.382413, 0.617587
3.3996, -0.257437, -3.01302, 0.382413, 0.382413, 0.617587
3.39965, -0.257437, -3.01302, 0.382413, 0.382413, 0.617587
3.39969, -0.257437, -3.01302, 0.382413, 0.382413, 0.617587
3.39974, -0.257437, -3.01302, 0.382413, 0.382413, 0.617587
3.39978, -0.257437, -3.01302, 0.382413, 0.382413, 0.617587
3.39983, -0.257437, -3.01302, 0.382413, 0.382413, 0.617587
3.39987, -0.257437, -3.01302, 0.382413, 0.382413, 0.617587
3.39992, -0.257437, -3.01302, 0.382413, 0.382413, 0.617587
3.39996, -0.257437, -3.01302, 0.382413, 0.382413, 0.617587
3.40001, -0.257437, -3.01302, 0.382413, 0.382413, 0.617587
3.40005, -0.257437, -3.01302, 0.382413, 0.382413, 0.617587
3.4001, -0.257437, -3.01302, 0.382413, 0.382413, 0.617587
3.40014, -0.257437, -3.01302, 0.382413, 0.382413, 0.617587
3.40019, -0.257437, -3.01302, 0.382413, 0.382413, 0.617587
3.40023, -0.257437, -3.01302, 0.382413, 0.382413, 0.617587
3.40028, -0.257437, -3.01302, 0.382413, 0.382413, 0.617587
3.40032, -0.257437, -3.01302, 0.382413, 0.382413, 0.617587
3.40037, -0.257437, -3.01302, 0.382413, 0.382413, 0.617587
3.40041, -0.257437, -3.01302, 0.382413, 0.382413, 0.617587
3.40046, -0.257437, -3.01302, 0.382413, 0.382413, 0.617587
3.4005, -0.257437, -3.01302, 0.382413, 0.382413, 0.617587
3.40055, -0.257437, -3.01302, 0.382413, 0.382413, 0.617587
3.40059, -0.257437, -3.01302, 0.382413, 0.382413, 0.617587
3.40064, -0.257437, -3.01302, 0.382413, 0.382413, 0.617587
3.40068, -0.257437, -3.01302, 0.382413, 0.382413, 0.617587
3.40073, -0.257452, -3.01316, 0.382436, 0.382436, 0.617564
3.40077, -0.257452, -3.01316, 0.382436, 0.382436, 0.617564
3.40082, -0.257452, -3.01316, 0.382436, 0.382436, 0.617564
3.40086, -0.257452, -3.01316, 0.382436, 0.382436, 0.617564
3.40091, -0.257452, -3.01316, 0.382436, 0.382436, 0.617564
3.40095, -0.257452, -3.01316, 0.382436, 0.382436, 0.617564
3.401, -0.257452, -3.01316, 0.382436, 0.382436, 0.617564
3.40104, -0.257452, -3.01316, 0.382436, 0.382436, 0.617564
3.40109, -0.257452, -3.01316, 0.382436, 0.382436, 0.617564
3.40113, -0.257452, -3.01316, 0.382436, 0.382436, 0.617564
3.40118, -0.257452, -3.01316, 0.382436, 0.382436, 0.617564
3.40122, -0.257452, -3.01316, 0.382436, 0.382436, 0.617564
3.40127, -0.257452, -3.01316, 0.382436, 0.382436, 0.617564
3.40131, -0.257452, -3.01316, 0.382436, 0.382436, 0.617564
3.40136, -0.257452, -3.01316, 0.382436, 0.382436, 0.617564
3.4014, -0.257452, -3.01316, 0.382436, 0.382436, 0.617564
3.40145, -0.257452, -3.01316, 0.382436, 0.382436, 0.617564
3.40149, -0.257452, -3.01316, 0.382436, 0.382436, 0.617564
3.40154, -0.257452, -3.01316, 0.382436, 0.382436, 0.617564
3.40158, -0.257452, -3.01316, 0.382436, 0.382436, 0.617564
3.40163, -0.257452, -3.01316, 0.382436, 0.382436, 0.617564
3.40167, -0.257452, -3.01316, 0.382436, 0.382436, 0.617564
3.40172, -0.257452, -3.01316, 0.382436, 0.382436, 0.617564
3.40176, -0.257452, -3.01316, 0.382436, 0.382436, 0.617564
3.4018, -0.257452, -3.01316, 0.382436, 0.382436, 0.617564
3.40185, -0.257452, -3.01316, 0.382436, 0.382436, 0.617564
3.40189, -0.257452, -3.01316, 0.382436, 0.382436, 0.617564
3.40194, -0.257467, -3.0133, 0.382459, 0.382459, 0.617541
3.40198, -0.257467, -3.0133, 0.382459, 0.382459, 0.617541
3.40203, -0.257467, -3.0133, 0.382459, 0.382459, 0.617541
3.40207, -0.257467, -3.0133, 0.382459, 0.382459, 0.617541
3.40212, -0.257467, -3.0133, 0.382459, 0.382459, 0.617541
3.40216, -0.257467, -3.0133, 0.382459, 0.382459, 0.617541
3.40221, -0.257467, -3.0133, 0.382459, 0.382459, 0.617541
3.40225, -0.257467, -3.0133, 0.382459, 0.382459, 0.617541
3.4023, -0.257467, -3.0133, 0.382459, 0.382459, 0.617541
3.40234, -0.257467, -3.0133, 0.382459, 0.382459, 0.617541
3.40239, -0.257467, -3.0133, 0.382459, 0.382459, 0.617541
3.40243, -0.257467, -3.0133, 0.382459, 0.382459, 0.617541
3.40248, -0.257467, -3.0133, 0.382459, 0.382459, 0.617541
3.40252, -0.257467, -3.0133, 0.382459, 0.382459, 0.617541
3.40257, -0.257467, -3.0133, 0.382459, 0.382459, 0.617541
3.40261, -0.257467, -3.0133, 0.382459, 0.382459, 0.617541
3.40266, -0.257467, -3.0133, 0.382459, 0.382459, 0.617541
3.4027, -0.257467, -3.0133, 0.382459, 0.382459, 0.617541
3.40275, -0.257467, -3.0133, 0.382459, 0.382459, 0.617541
3.40279, -0.257467, -3.0133, 0.382459, 0.382459, 0.617541
3.40284, -0.257467, -3.0133, 0.382459, 0.382459, 0.617541
3.40288, -0.257467, -3.0133, 0.382459, 0.382459, 0.617541
3.40293, -0.257467, -3.0133, 0.382459, 0.382459, 0.617541
3.40297, -0.257467, -3.0133, 0.382459, 0.382459, 0.617541
3.40302, -0.257467, -3.0133, 0.382459, 0.382459, 0.617541
3.40306, -0.257467, -3.0133, 0.382459, 0.382459, 0.617541
3.40311, -0.257467, -3.0133, 0.382459, 0.382459, 0.617541
3.40315, -0.257467, -3.0133, 0.382459, 0.382459, 0.617541
3.4032, -0.257467, -3.0133, 0.382459, 0.382459, 0.617541
3.40324, -0.257467, -3.0133, 0.382459, 0.382459, 0.617541
3.40329, -0.257467, -3.0133, 0.382459, 0.382459, 0.617541
3.40333, -0.257467, -3.0133, 0.382459, 0.382459, 0.617541
3.40338, -0.257467, -3.0133, 0.382459, 0.382459, 0.617541
3.40342, -0.257467, -3.0133, 0.382459, 0.382459, 0.617541
3.40347, -0.257467, -3.0133, 0.382459, 0.382459, 0.617541
3.40351, -0.257467, -3.0133, 0.382459, 0.382459, 0.617541
3.40356, -0.257467, -3.0133, 0.382459, 0.382459, 0.617541
3.4036, -0.257467, -3.0133, 0.382459, 0.382459, 0.617541
3.40365, -0.257467, -3.0133, 0.382459, 0.382459, 0.617541
3.40369, -0.257467, -3.0133, 0.382459, 0.382459, 0.617541
3.40374, -0.257467, -3.0133, 0.382459, 0.382459, 0.617541
3.40378, -0.257467, -3.0133, 0.382459, 0.382459, 0.617541
3.40383, -0.257467, -3.0133, 0.382459, 0.382459, 0.617541
3.40387, -0.257467, -3.0133, 0.382459, 0.382459, 0.617541
3.40392, -0.257482, -3.01344, 0.382482, 0.382482, 0.617518
3.40396, -0.257482, -3.01344, 0.382482, 0.382482, 0.617518
3.40401, -0.257482, -3.01344, 0.382482, 0.382482, 0.617518
3.40405, -0.257482, -3.01344, 0.382482, 0.382482, 0.617518
3.40409, -0.257482, -3.01344, 0.382482, 0.382482, 0.617518
3.40414, -0.257482, -3.01344, 0.382482, 0.382482, 0.617518
3.40418, -0.257482, -3.01344, 0.382482, 0.382482, 0.617518
3.40423, -0.257482, -3.01344, 0.382482, 0.382482, 0.617518
3.40427, -0.257482, -3.01344, 0.382482, 0.382482, 0.617518
3.40432, -0.257482, -3.01344, 0.382482, 0.382482, 0.617518
3.40436, -0.257482, -3.01344, 0.382482, 0.382482, 0.617518
3.40441, -0.257482, -3.01344, 0.382482, 0.382482, 0.617518
3.40445, -0.257482, -3.01344, 0.382482, 0.382482, 0.617518
3.4045, -0.257482, -3.01344, 0.382482, 0.382482, 0.617518
3.40454, -0.257482, -3.01344, 0.382482, 0.382482, 0.617518
3.40459, -0.257482, -3.01344, 0.382482, 0.382482, 0.617518
3.40463, -0.257482, -3.01344, 0.382482, 0.382482, 0.617518
3.40468, -0.257482, -3.01344, 0.382482, 0.382482, 0.617518
3.40472, -0.257482, -3.01344, 0.382482, 0.382482, 0.617518
3.40477, -0.257482, -3.01344, 0.382482, 0.382482, 0.617518
3.40481, -0.257482, -3.01344, 0.382482, 0.382482, 0.617518
3.40486, -0.257482, -3.01344, 0.382482, 0.382482, 0.617518
3.4049, -0.257482, -3.01344, 0.382482, 0.382482, 0.617518
3.40495, -0.257482, -3.01344, 0.382482, 0.382482, 0.617518
3.40499, -0.257482, -3.01344, 0.382482, 0.382482, 0.617518
3.40504, -0.257482, -3.01344, 0.382482, 0.382482, 0.617518
3.40508, -0.257482, -3.01344, 0.382482, 0.382482, 0.617518
3.40513, -0.257482, -3.01344, 0.382482, 0.382482, 0.617518
3.40517, -0.257482, -3.01344, 0.382482, 0.382482, 0.617518
3.40522, -0.257482, -3.01344, 0.382482, 0.382482, 0.617518
3.40526, -0.257482, -3.01344, 0.382482, 0.382482, 0.617518
3.40531, -0.257482, -3.01344, 0.382482, 0.382482, 0.617518
3.40535, -0.257482, -3.01344, 0.382482, 0.382482, 0.617518
3.4054, -0.257482, -3.01344, 0.382482, 0.382482, 0.617518
3.40544, -0.257482, -3.01344, 0.382482, 0.382482, 0.617518
3.40549, -0.257482, -3.01344, 0.382482, 0.382482, 0.617518
3.40553, -0.257482, -3.01344, 0.382482, 0.382482, 0.617518
3.40558, -0.257482, -3.01344, 0.382482, 0.382482, 0.617518
3.40562, -0.257482, -3.01344, 0.382482, 0.382482, 0.617518
3.40567, -0.257482, -3.01344, 0.382482, 0.382482, 0.617518
3.40571, -0.257482, -3.01344, 0.382482, 0.382482, 0.617518
3.40576, -0.257482, -3.01344, 0.382482, 0.382482, 0.617518
3.4058, -0.257482, -3.01344, 0.382482, 0.382482, 0.617518
3.40585, -0.257482, -3.01344, 0.382482, 0.382482, 0.617518
3.40589, -0.257482, -3.01344, 0.382482, 0.382482, 0.617518
3.40594, -0.257482, -3.01344, 0.382482, 0.382482, 0.617518
3.40598, -0.257482, -3.01344, 0.382482, 0.382482, 0.617518
3.40603, -0.257482, -3.01344, 0.382482, 0.382482, 0.617518
3.40607, -0.257482, -3.01344, 0.382482, 0.382482, 0.617518
3.40612, -0.257482, -3.01344, 0.382482, 0.382482, 0.617518
3.40616, -0.257482, -3.01344, 0.382482, 0.382482, 0.617518
3.40621, -0.257482, -3.01344, 0.382482, 0.382482, 0.617518
3.40625, -0.257482, -3.01344, 0.382482, 0.382482, 0.617518
3.40629, -0.257482, -3.01344, 0.382482, 0.382482, 0.617518
3.40634, -0.257482, -3.01344, 0.382482, 0.382482, 0.617518
3.40638, -0.257482, -3.01344, 0.382482, 0.382482, 0.617518
3.40643, -0.257482, -3.01344, 0.382482, 0.382482, 0.617518
3.40647, -0.257482, -3.01344, 0.382482, 0.382482, 0.617518
3.40652, -0.257482, -3.01344, 0.382482, 0.382482, 0.617518
3.40656, -0.257482, -3.01344, 0.382482, 0.382482, 0.617518
3.40661, -0.257482, -3.01344, 0.382482, 0.382482, 0.617518
3.40665, -0.257482, -3.01344, 0.382482, 0.382482, 0.617518
3.4067, -0.257482, -3.01344, 0.382482, 0.382482, 0.617518
3.40674, -0.257482, -3.01344, 0.382482, 0.382482, 0.617518
3.40679, -0.257482, -3.01344, 0.382482, 0.382482, 0.617518
3.40683, -0.257482, -3.01344, 0.382482, 0.382482, 0.617518
3.40688, -0.257482, -3.01344, 0.382482, 0.382482, 0.617518
3.40692, -0.257482, -3.01344, 0.382482, 0.382482, 0.617518
3.40697, -0.257482, -3.01344, 0.382482, 0.382482, 0.617518
3.40701, -0.257482, -3.01344, 0.382482, 0.382482, 0.617518
3.40706, -0.257482, -3.01344, 0.382482, 0.382482, 0.617518
3.4071, -0.257482, -3.01344, 0.382482, 0.382482, 0.617518
3.40715, -0.257497, -3.01358, 0.382505, 0.382505, 0.617495
3.40719, -0.257497, -3.01358, 0.382505, 0.382505, 0.617495
3.40724, -0.257497, -3.01358, 0.382505, 0.382505, 0.617495
3.40728, -0.257497, -3.01358, 0.382505, 0.382505, 0.617495
3.40733, -0.257497, -3.01358, 0.382505, 0.382505, 0.617495
3.40737, -0.257497, -3.01358, 0.382505, 0.382505, 0.617495
3.40742, -0.257497, -3.01358, 0.382505, 0.382505, 0.617495
3.40746, -0.257497, -3.01358, 0.382505, 0.382505, 0.617495
3.40751, -0.257497, -3.01358, 0.382505, 0.382505, 0.617495
3.40755, -0.257497, -3.01358, 0.382505, 0.382505, 0.617495
3.4076, -0.257497, -3.01358, 0.382505, 0.382505, 0.617495
3.40764, -0.257497, -3.01358, 0.382505, 0.382505, 0.617495
3.40769, -0.257497, -3.01358, 0.382505, 0.382505, 0.617495
3.40773, -0.257497, -3.01358, 0.382505, 0.382505, 0.617495
3.40778, -0.257497, -3.01358, 0.382505, 0.382505, 0.617495
3.40782, -0.257497, -3.01358, 0.382505, 0.382505, 0.617495
3.40787, -0.257497, -3.01358, 0.382505, 0.382505, 0.617495
3.40791, -0.257497, -3.01358, 0.382505, 0.382505, 0.617495
3.40796, -0.257497, -3.01358, 0.382505, 0.382505, 0.617495
3.408, -0.257497, -3.01358, 0.382505, 0.382505, 0.617495
3.40805, -0.257497, -3.01358, 0.382505, 0.382505, 0.617495
3.40809, -0.257497, -3.01358, 0.382505, 0.382505, 0.617495
3.40814, -0.257497, -3.01358, 0.382505, 0.382505, 0.617495
3.40818, -0.257497, -3.01358, 0.382505, 0.382505, 0.617495
3.40823, -0.257497, -3.01358, 0.382505, 0.382505, 0.617495
3.40827, -0.257497, -3.01358, 0.382505, 0.382505, 0.617495
3.40832, -0.257497, -3.01358, 0.382505, 0.382505, 0.617495
3.40836, -0.257497, -3.01358, 0.382505, 0.382505, 0.617495
3.40841, -0.257497, -3.01358, 0.382505, 0.382505, 0.617495
3.40845, -0.257497, -3.01358, 0.382505, 0.382505, 0.617495
3.40849, -0.257497, -3.01358, 0.382505, 0.382505, 0.617495
3.40854, -0.257497, -3.01358, 0.382505, 0.382505, 0.617495
3.40858, -0.257497, -3.01358, 0.382505, 0.382505, 0.617495
3.40863, -0.257497, -3.01358, 0.382505, 0.382505, 0.617495
3.40867, -0.257497, -3.01358, 0.382505, 0.382505, 0.617495
3.40872, -0.257497, -3.01358, 0.382505, 0.382505, 0.617495
3.40876, -0.257497, -3.01358, 0.382505, 0.382505, 0.617495
3.40881, -0.257497, -3.01358, 0.382505, 0.382505, 0.617495
3.40885, -0.257497, -3.01358, 0.382505, 0.382505, 0.617495
3.4089, -0.257497, -3.01358, 0.382505, 0.382505, 0.617495
3.40894, -0.257497, -3.01358, 0.382505, 0.382505, 0.617495
3.40899, -0.257497, -3.01358, 0.382505, 0.382505, 0.617495
3.40903, -0.257497, -3.01358, 0.382505, 0.382505, 0.617495
3.40908, -0.257497, -3.01358, 0.382505, 0.382505, 0.617495
3.40912, -0.257497, -3.01358, 0.382505, 0.382505, 0.617495
3.40917, -0.257497, -3.01358, 0.382505, 0.382505, 0.617495
3.40921, -0.257497, -3.01358, 0.382505, 0.382505, 0.617495
3.40926, -0.257497, -3.01358, 0.382505, 0.382505, 0.617495
3.4093, -0.257497, -3.01358, 0.382505, 0.382505, 0.617495
3.40935, -0.257497, -3.01358, 0.382505, 0.382505, 0.617495
3.40939, -0.257497, -3.01358, 0.382505, 0.382505, 0.617495
3.40944, -0.257497, -3.01358, 0.382505, 0.382505, 0.617495
3.40948, -0.257497, -3.01358, 0.382505, 0.382505, 0.617495
3.40953, -0.257497, -3.01358, 0.382505, 0.382505, 0.617495
3.40957, -0.257497, -3.01358, 0.382505, 0.382505, 0.617495
3.40962, -0.257497, -3.01358, 0.382505, 0.382505, 0.617495
3.40966, -0.257497, -3.01358, 0.382505, 0.382505, 0.617495
3.40971, -0.257497, -3.01358, 0.382505, 0.382505, 0.617495
3.40975, -0.257497, -3.01358, 0.382505, 0.382505, 0.617495
3.4098, -0.257497, -3.01358, 0.382505, 0.382505, 0.617495
3.40984, -0.257497, -3.01358, 0.382505, 0.382505, 0.617495
3.40989, -0.257497, -3.01358, 0.382505, 0.382505, 0.617495
3.40993, -0.257497, -3.01358, 0.382505, 0.382505, 0.617495
3.40998, -0.257497, -3.01358, 0.382505, 0.382505, 0.617495
3.41002, -0.257497, -3.01358, 0.382505, 0.382505, 0.617495
3.41007, -0.257497, -3.01358, 0.382505, 0.382505, 0.617495
3.41011, -0.257497, -3.01358, 0.382505, 0.382505, 0.617495
3.41016, -0.257497, -3.01358, 0.382505, 0.382505, 0.617495
3.4102, -0.257497, -3.01358, 0.382505, 0.382505, 0.617495
3.41025, -0.257497, -3.01358, 0.382505, 0.382505, 0.617495
3.41029, -0.257497, -3.01358, 0.382505, 0.382505, 0.617495
3.41034, -0.257512, -3.01372, 0.382528, 0.382528, 0.617472
3.41038, -0.257512, -3.01372, 0.382528, 0.382528, 0.617472
3.41043, -0.257512, -3.01372, 0.382528, 0.382528, 0.617472
3.41047, -0.257512, -3.01372, 0.382528, 0.382528, 0.617472
3.41052, -0.257512, -3.01372, 0.382528, 0.382528, 0.617472
3.41056, -0.257512, -3.01372, 0.382528, 0.382528, 0.617472
3.41061, -0.257512, -3.01372, 0.382528, 0.382528, 0.617472
3.41065, -0.257512, -3.01372, 0.382528, 0.382528, 0.617472
3.4107, -0.257512, -3.01372, 0.382528, 0.382528, 0.617472
3.41074, -0.257512, -3.01372, 0.382528, 0.382528, 0.617472
3.41078, -0.257512, -3.01372, 0.382528, 0.382528, 0.617472
3.41083, -0.257512, -3.01372, 0.382528, 0.382528, 0.617472
3.41087, -0.257512, -3.01372, 0.382528, 0.382528, 0.617472
3.41092, -0.257512, -3.01372, 0.382528, 0.382528, 0.617472
3.41096, -0.257512, -3.01372, 0.382528, 0.382528, 0.617472
3.41101, -0.257512, -3.01372, 0.382528, 0.382528, 0.617472
3.41105, -0.257512, -3.01372, 0.382528, 0.382528, 0.617472
3.4111, -0.257512, -3.01372, 0.382528, 0.382528, 0.617472
3.41114, -0.257512, -3.01372, 0.382528, 0.382528, 0.617472
3.41119, -0.257512, -3.01372, 0.382528, 0.382528, 0.617472
3.41123, -0.257512, -3.01372, 0.382528, 0.382528, 0.617472
3.41128, -0.257512, -3.01372, 0.382528, 0.382528, 0.617472
3.41132, -0.257512, -3.01372, 0.382528, 0.382528, 0.617472
3.41137, -0.257512, -3.01372, 0.382528, 0.382528, 0.617472
3.41141, -0.257512, -3.01372, 0.382528, 0.382528, 0.617472
3.41146, -0.257512, -3.01372, 0.382528, 0.382528, 0.617472
3.4115, -0.257512, -3.01372, 0.382528, 0.382528, 0.617472
3.41155, -0.257512, -3.01372, 0.382528, 0.382528, 0.617472
3.41159, -0.257512, -3.01372, 0.382528, 0.382528, 0.617472
3.41164, -0.257512, -3.01372, 0.382528, 0.382528, 0.617472
3.41168, -0.257512, -3.01372, 0.382528, 0.382528, 0.617472
3.41173, -0.257512, -3.01372, 0.382528, 0.382528, 0.617472
3.41177, -0.257512, -3.01372, 0.382528, 0.382528, 0.617472
3.41182, -0.257512, -3.01372, 0.382528, 0.382528, 0.617472
3.41186, -0.257512, -3.01372, 0.382528, 0.382528, 0.617472
3.41191, -0.257512, -3.01372, 0.382528, 0.382528, 0.617472
3.41195, -0.257512, -3.01372, 0.382528, 0.382528, 0.617472
3.412, -0.257512, -3.01372, 0.382528, 0.382528, 0.617472
3.41204, -0.257512, -3.01372, 0.382528, 0.382528, 0.617472
3.41209, -0.257512, -3.01372, 0.382528, 0.382528, 0.617472
3.41213, -0.257512, -3.01372, 0.382528, 0.382528, 0.617472
3.41218, -0.257512, -3.01372, 0.382528, 0.382528, 0.617472
3.41222, -0.257512, -3.01372, 0.382528, 0.382528, 0.617472
3.41227, -0.257512, -3.01372, 0.382528, 0.382528, 0.617472
3.41231, -0.257512, -3.01372, 0.382528, 0.382528, 0.617472
3.41236, -0.257512, -3.01372, 0.382528, 0.382528, 0.617472
3.4124, -0.257512, -3.01372, 0.382528, 0.382528, 0.617472
3.41245, -0.257512, -3.01372, 0.382528, 0.382528, 0.617472
3.41249, -0.257512, -3.01372, 0.382528, 0.382528, 0.617472
3.41254, -0.257512, -3.01372, 0.382528, 0.382528, 0.617472
3.41258, -0.257512, -3.01372, 0.382528, 0.382528, 0.617472
3.41263, -0.257512, -3.01372, 0.382528, 0.382528, 0.617472
3.41267, -0.257512, -3.01372, 0.382528, 0.382528, 0.617472
3.41272, -0.257512, -3.01372, 0.382528, 0.382528, 0.617472
3.41276, -0.257512, -3.01372, 0.382528, 0.382528, 0.617472
3.41281, -0.257512, -3.01372, 0.382528, 0.382528, 0.617472
3.41285, -0.257512, -3.01372, 0.382528, 0.382528, 0.617472
3.4129, -0.257512, -3.01372, 0.382528, 0.382528, 0.617472
3.41294, -0.257512, -3.01372, 0.382528, 0.382528, 0.617472
3.41298, -0.257512, -3.01372, 0.382528, 0.382528, 0.617472
3.41303, -0.257512, -3.01372, 0.382528, 0.382528, 0.617472
3.41307, -0.257512, -3.01372, 0.382528, 0.382528, 0.617472
3.41312, -0.257512, -3.01372, 0.382528, 0.382528, 0.617472
3.41316, -0.257512, -3.01372, 0.382528, 0.382528, 0.617472
3.41321, -0.257512, -3.01372, 0.382528, 0.382528, 0.617472
3.41325, -0.257512, -3.01372, 0.382528, 0.382528, 0.617472
3.4133, -0.257512, -3.01372, 0.382528, 0.382528, 0.617472
3.41334, -0.257512, -3.01372, 0.382528, 0.382528, 0.617472
3.41339, -0.257512, -3.01372, 0.382528, 0.382528, 0.617472
3.41343, -0.257512, -3.01372, 0.382528, 0.382528, 0.617472
3.41348, -0.257512, -3.01372, 0.382528, 0.382528, 0.617472
3.41352, -0.257527, -3.01386, 0.382551, 0.382551, 0.617449
3.41357, -0.257527, -3.01386, 0.382551, 0.382551, 0.617449
3.41361, -0.257527, -3.01386, 0.382551, 0.382551, 0.617449
3.41366, -0.257527, -3.01386, 0.382551, 0.382551, 0.617449
3.4137, -0.257527, -3.01386, 0.382551, 0.382551, 0.617449
3.41375, -0.257527, -3.01386, 0.382551, 0.382551, 0.617449
3.41379, -0.257527, -3.01386, 0.382551, 0.382551, 0.617449
3.41384, -0.257527, -3.01386, 0.382551, 0.382551, 0.617449
3.41388, -0.257527, -3.01386, 0.382551, 0.382551, 0.617449
3.41393, -0.257527, -3.01386, 0.382551, 0.382551, 0.617449
3.41397, -0.257527, -3.01386, 0.382551, 0.382551, 0.617449
3.41402, -0.257527, -3.01386, 0.382551, 0.382551, 0.617449
3.41406, -0.257527, -3.01386, 0.382551, 0.382551, 0.617449
3.41411, -0.257527, -3.01386, 0.382551, 0.382551, 0.617449
3.41415, -0.257527, -3.01386, 0.382551, 0.382551, 0.617449
3.4142, -0.257527, -3.01386, 0.382551, 0.382551, 0.617449
3.41424, -0.257527, -3.01386, 0.382551, 0.382551, 0.617449
3.41429, -0.257527, -3.01386, 0.382551, 0.382551, 0.617449
3.41433, -0.257527, -3.01386, 0.382551, 0.382551, 0.617449
3.41438, -0.257527, -3.01386, 0.382551, 0.382551, 0.617449
3.41442, -0.257527, -3.01386, 0.382551, 0.382551, 0.617449
3.41447, -0.257527, -3.01386, 0.382551, 0.382551, 0.617449
3.41451, -0.257527, -3.01386, 0.382551, 0.382551, 0.617449
3.41456, -0.257527, -3.01386, 0.382551, 0.382551, 0.617449
3.4146, -0.257527, -3.01386, 0.382551, 0.382551, 0.617449
3.41465, -0.257527, -3.01386, 0.382551, 0.382551, 0.617449
3.41469, -0.257527, -3.01386, 0.382551, 0.382551, 0.617449
3.41474, -0.257527, -3.01386, 0.382551, 0.382551, 0.617449
3.41478, -0.257527, -3.01386, 0.382551, 0.382551, 0.617449
3.41483, -0.257527, -3.01386, 0.382551, 0.382551, 0.617449
3.41487, -0.257527, -3.01386, 0.382551, 0.382551, 0.617449
3.41492, -0.257527, -3.01386, 0.382551, 0.382551, 0.617449
3.41496, -0.257527, -3.01386, 0.382551, 0.382551, 0.617449
3.41501, -0.257527, -3.01386, 0.382551, 0.382551, 0.617449
3.41505, -0.257527, -3.01386, 0.382551, 0.382551, 0.617449
3.4151, -0.257527, -3.01386, 0.382551, 0.382551, 0.617449
3.41514, -0.257527, -3.01386, 0.382551, 0.382551, 0.617449
3.41518, -0.257527, -3.01386, 0.382551, 0.382551, 0.617449
3.41523, -0.257527, -3.01386, 0.382551, 0.382551, 0.617449
3.41527, -0.257527, -3.01386, 0.382551, 0.382551, 0.617449
3.41532, -0.257527, -3.01386, 0.382551, 0.382551, 0.617449
3.41536, -0.257527, -3.01386, 0.382551, 0.382551, 0.617449
3.41541, -0.257527, -3.01386, 0.382551, 0.382551, 0.617449
3.41545, -0.257527, -3.01386, 0.382551, 0.382551, 0.617449
3.4155, -0.257527, -3.01386, 0.382551, 0.382551, 0.617449
3.41554, -0.257527, -3.01386, 0.382551, 0.382551, 0.617449
3.41559, -0.257527, -3.01386, 0.382551, 0.382551, 0.617449
3.41563, -0.257527, -3.01386, 0.382551, 0.382551, 0.617449
3.41568, -0.257527, -3.01386, 0.382551, 0.382551, 0.617449
3.41572, -0.257527, -3.01386, 0.382551, 0.382551, 0.617449
3.41577, -0.257527, -3.01386, 0.382551, 0.382551, 0.617449
3.41581, -0.257527, -3.01386, 0.382551, 0.382551, 0.617449
3.41586, -0.257527, -3.01386, 0.382551, 0.382551, 0.617449
3.4159, -0.257527, -3.01386, 0.382551, 0.382551, 0.617449
3.41595, -0.257527, -3.01386, 0.382551, 0.382551, 0.617449
3.41599, -0.257527, -3.01386, 0.382551, 0.382551, 0.617449
3.41604, -0.257527, -3.01386, 0.382551, 0.382551, 0.617449
3.41608, -0.257527, -3.01386, 0.382551, 0.382551, 0.617449
3.41613, -0.257527, -3.01386, 0.382551, 0.382551, 0.617449
3.41617, -0.257527, -3.01386, 0.382551, 0.382551, 0.617449
3.41622, -0.257527, -3.01386, 0.382551, 0.382551, 0.617449
3.41626, -0.257527, -3.01386, 0.382551, 0.382551, 0.617449
3.41631, -0.257527, -3.01386, 0.382551, 0.382551, 0.617449
3.41635, -0.257527, -3.01386, 0.382551, 0.382551, 0.617449
3.4164, -0.257542, -3.014, 0.382574, 0.382574, 0.617426
3.41644, -0.257542, -3.014, 0.382574, 0.382574, 0.617426
3.41649, -0.257542, -3.014, 0.382574, 0.382574, 0.617426
3.41653, -0.257542, -3.014, 0.382574, 0.382574, 0.617426
3.41658, -0.257542, -3.014, 0.382574, 0.382574, 0.617426
3.41662, -0.257542, -3.014, 0.382574, 0.382574, 0.617426
3.41667, -0.257542, -3.014, 0.382574, 0.382574, 0.617426
3.41671, -0.257542, -3.014, 0.382574, 0.382574, 0.617426
3.41676, -0.257557, -3.01414, 0.382597, 0.382597, 0.617403
3.4168, -0.257557, -3.01414, 0.382597, 0.382597, 0.617403
3.41685, -0.257557, -3.01414, 0.382597, 0.382597, 0.617403
3.41689, -0.257557, -3.01414, 0.382597, 0.382597, 0.617403
3.41694, -0.257557, -3.01414, 0.382597, 0.382597, 0.617403
3.41698, -0.257557, -3.01414, 0.382597, 0.382597, 0.617403
3.41703, -0.257557, -3.01414, 0.382597, 0.382597, 0.617403
3.41707, -0.257557, -3.01414, 0.382597, 0.382597, 0.617403
3.41712, -0.257557, -3.01414, 0.382597, 0.382597, 0.617403
3.41716, -0.257557, -3.01414, 0.382597, 0.382597, 0.617403
3.41721, -0.257557, -3.01414, 0.382597, 0.382597, 0.617403
3.41725, -0.257557, -3.01414, 0.382597, 0.382597, 0.617403
3.4173, -0.257557, -3.01414, 0.382597, 0.382597, 0.617403
3.41734, -0.257557, -3.01414, 0.382597, 0.382597, 0.617403
3.41739, -0.257557, -3.01414, 0.382597, 0.382597, 0.617403
3.41743, -0.257557, -3.01414, 0.382597, 0.382597, 0.617403
3.41747, -0.257557, -3.01414, 0.382597, 0.382597, 0.617403
3.41752, -0.257557, -3.01414, 0.382597, 0.382597, 0.617403
3.41756, -0.257557, -3.01414, 0.382597, 0.382597, 0.617403
3.41761, -0.257557, -3.01414, 0.382597, 0.382597, 0.617403
3.41765, -0.257557, -3.01414, 0.382597, 0.382597, 0.617403
3.4177, -0.257557, -3.01414, 0.382597, 0.382597, 0.617403
3.41774, -0.257557, -3.01414, 0.382597, 0.382597, 0.617403
3.41779, -0.257557, -3.01414, 0.382597, 0.382597, 0.617403
3.41783, -0.257557, -3.01414, 0.382597, 0.382597, 0.617403
3.41788, -0.257557, -3.01414, 0.382597, 0.382597, 0.617403
3.41792, -0.257557, -3.01414, 0.382597, 0.382597, 0.617403
3.41797, -0.257557, -3.01414, 0.382597, 0.382597, 0.617403
3.41801, -0.257557, -3.01414, 0.382597, 0.382597, 0.617403
3.41806, -0.257557, -3.01414, 0.382597, 0.382597, 0.617403
3.4181, -0.257557, -3.01414, 0.382597, 0.382597, 0.617403
3.41815, -0.257557, -3.01414, 0.382597, 0.382597, 0.617403
3.41819, -0.257557, -3.01414, 0.382597, 0.382597, 0.617403
3.41824, -0.257557, -3.01414, 0.382597, 0.382597, 0.617403
3.41828, -0.257557, -3.01414, 0.382597, 0.382597, 0.617403
3.41833, -0.257557, -3.01414, 0.382597, 0.382597, 0.617403
3.41837, -0.257557, -3.01414, 0.382597, 0.382597, 0.617403
3.41842, -0.257557, -3.01414, 0.382597, 0.382597, 0.617403
3.41846, -0.257557, -3.01414, 0.382597, 0.382597, 0.617403
3.41851, -0.257557, -3.01414, 0.382597, 0.382597, 0.617403
3.41855, -0.257557, -3.01414, 0.382597, 0.382597, 0.617403
3.4186, -0.257557, -3.01414, 0.382597, 0.382597, 0.617403
3.41864, -0.257557, -3.01414, 0.382597, 0.382597, 0.617403
3.41869, -0.257557, -3.01414, 0.382597, 0.382597, 0.617403
3.41873, -0.257557, -3.01414, 0.382597, 0.382597, 0.617403
3.41878, -0.257557, -3.01414, 0.382597, 0.382597, 0.617403
3.41882, -0.257557, -3.01414, 0.382597, 0.382597, 0.617403
3.41887, -0.257557, -3.01414, 0.382597, 0.382597, 0.617403
3.41891, -0.257557, -3.01414, 0.382597, 0.382597, 0.617403
3.41896, -0.257557, -3.01414, 0.382597, 0.382597, 0.617403
3.419, -0.257557, -3.01414, 0.382597, 0.382597, 0.617403
3.41905, -0.257557, -3.01414, 0.382597, 0.382597, 0.617403
3.41909, -0.257557, -3.01414, 0.382597, 0.382597, 0.617403
3.41914, -0.257557, -3.01414, 0.382597, 0.382597, 0.617403
3.41918, -0.257557, -3.01414, 0.382597, 0.382597, 0.617403
3.41923, -0.257557, -3.01414, 0.382597, 0.382597, 0.617403
3.41927, -0.257557, -3.01414, 0.382597, 0.382597, 0.617403
3.41932, -0.257557, -3.01414, 0.382597, 0.382597, 0.617403
3.41936, -0.257557, -3.01414, 0.382597, 0.382597, 0.617403
3.41941, -0.257557, -3.01414, 0.382597, 0.382597, 0.617403
3.41945, -0.257557, -3.01414, 0.382597, 0.382597, 0.617403
3.4195, -0.257557, -3.01414, 0.382597, 0.382597, 0.617403
3.41954, -0.257557, -3.01414, 0.382597, 0.382597, 0.617403
3.41959, -0.257557, -3.01414, 0.382597, 0.382597, 0.617403
3.41963, -0.257557, -3.01414, 0.382597, 0.382597, 0.617403
3.41967, -0.257557, -3.01414, 0.382597, 0.382597, 0.617403
3.41972, -0.257557, -3.01414, 0.382597, 0.382597, 0.617403
3.41976, -0.257557, -3.01414, 0.382597, 0.382597, 0.617403
3.41981, -0.257557, -3.01414, 0.382597, 0.382597, 0.617403
3.41985, -0.257557, -3.01414, 0.382597, 0.382597, 0.617403
3.4199, -0.257557, -3.01414, 0.382597, 0.382597, 0.617403
3.41994, -0.257572, -3.01428, 0.38262, 0.38262, 0.61738
3.41999, -0.257572, -3.01428, 0.38262, 0.38262, 0.61738
3.42003, -0.257572, -3.01428, 0.38262, 0.38262, 0.61738
3.42008, -0.257572, -3.01428, 0.38262, 0.38262, 0.61738
3.42012, -0.257572, -3.01428, 0.38262, 0.38262, 0.61738
3.42017, -0.257572, -3.01428, 0.38262, 0.38262, 0.61738
3.42021, -0.257572, -3.01428, 0.38262, 0.38262, 0.61738
3.42026, -0.257572, -3.01428, 0.38262, 0.38262, 0.61738
3.4203, -0.257572, -3.01428, 0.38262, 0.38262, 0.61738
3.42035, -0.257572, -3.01428, 0.38262, 0.38262, 0.61738
3.42039, -0.257572, -3.01428, 0.38262, 0.38262, 0.61738
3.42044, -0.257572, -3.01428, 0.38262, 0.38262, 0.61738
3.42048, -0.257572, -3.01428, 0.38262, 0.38262, 0.61738
3.42053, -0.257572, -3.01428, 0.38262, 0.38262, 0.61738
3.42057, -0.257572, -3.01428, 0.38262, 0.38262, 0.61738
3.42062, -0.257572, -3.01428, 0.38262, 0.38262, 0.61738
3.42066, -0.257572, -3.01428, 0.38262, 0.38262, 0.61738
3.42071, -0.257572, -3.01428, 0.38262, 0.38262, 0.61738
3.42075, -0.257572, -3.01428, 0.38262, 0.38262, 0.61738
3.4208, -0.257572, -3.01428, 0.38262, 0.38262, 0.61738
3.42084, -0.257572, -3.01428, 0.38262, 0.38262, 0.61738
3.42089, -0.257572, -3.01428, 0.38262, 0.38262, 0.61738
3.42093, -0.257572, -3.01428, 0.38262, 0.38262, 0.61738
3.42098, -0.257572, -3.01428, 0.38262, 0.38262, 0.61738
3.42102, -0.257572, -3.01428, 0.38262, 0.38262, 0.61738
3.42107, -0.257572, -3.01428, 0.38262, 0.38262, 0.61738
3.42111, -0.257572, -3.01428, 0.38262, 0.38262, 0.61738
3.42116, -0.257572, -3.01428, 0.38262, 0.38262, 0.61738
3.4212, -0.257572, -3.01428, 0.38262, 0.38262, 0.61738
3.42125, -0.257572, -3.01428, 0.38262, 0.38262, 0.61738
3.42129, -0.257572, -3.01428, 0.38262, 0.38262, 0.61738
3.42134, -0.257572, -3.01428, 0.38262, 0.38262, 0.61738
3.42138, -0.257572, -3.01428, 0.38262, 0.38262, 0.61738
3.42143, -0.257572, -3.01428, 0.38262, 0.38262, 0.61738
3.42147, -0.257572, -3.01428, 0.38262, 0.38262, 0.61738
3.42152, -0.257572, -3.01428, 0.38262, 0.38262, 0.61738
3.42156, -0.257572, -3.01428, 0.38262, 0.38262, 0.61738
3.42161, -0.257572, -3.01428, 0.38262, 0.38262, 0.61738
3.42165, -0.257572, -3.01428, 0.38262, 0.38262, 0.61738
3.4217, -0.257572, -3.01428, 0.38262, 0.38262, 0.61738
3.42174, -0.257572, -3.01428, 0.38262, 0.38262, 0.61738
3.42179, -0.257572, -3.01428, 0.38262, 0.38262, 0.61738
3.42183, -0.257572, -3.01428, 0.38262, 0.38262, 0.61738
3.42188, -0.257572, -3.01428, 0.38262, 0.38262, 0.61738
3.42192, -0.257572, -3.01428, 0.38262, 0.38262, 0.61738
3.42196, -0.257572, -3.01428, 0.38262, 0.38262, 0.61738
3.42201, -0.257572, -3.01428, 0.38262, 0.38262, 0.61738
3.42205, -0.257572, -3.01428, 0.38262, 0.38262, 0.61738
3.4221, -0.257572, -3.01428, 0.38262, 0.38262, 0.61738
3.42214, -0.257572, -3.01428, 0.38262, 0.38262, 0.61738
3.42219, -0.257572, -3.01428, 0.38262, 0.38262, 0.61738
3.42223, -0.257572, -3.01428, 0.38262, 0.38262, 0.61738
3.42228, -0.257572, -3.01428, 0.38262, 0.38262, 0.61738
3.42232, -0.257572, -3.01428, 0.38262, 0.38262, 0.61738
3.42237, -0.257572, -3.01428, 0.38262, 0.38262, 0.61738
3.42241, -0.257572, -3.01428, 0.38262, 0.38262, 0.61738
3.42246, -0.257572, -3.01428, 0.38262, 0.38262, 0.61738
3.4225, -0.257572, -3.01428, 0.38262, 0.38262, 0.61738
3.42255, -0.257572, -3.01428, 0.38262, 0.38262, 0.61738
3.42259, -0.257572, -3.01428, 0.38262, 0.38262, 0.61738
3.42264, -0.257572, -3.01428, 0.38262, 0.38262, 0.61738
3.42268, -0.257572, -3.01428, 0.38262, 0.38262, 0.61738
3.42273, -0.257572, -3.01428, 0.38262, 0.38262, 0.61738
3.42277, -0.257572, -3.01428, 0.38262, 0.38262, 0.61738
3.42282, -0.257572, -3.01428, 0.38262, 0.38262, 0.61738
3.42286, -0.257572, -3.01428, 0.38262, 0.38262, 0.61738
3.42291, -0.257572, -3.01428, 0.38262, 0.38262, 0.61738
3.42295, -0.257572, -3.01428, 0.38262, 0.38262, 0.61738
3.423, -0.257572, -3.01428, 0.38262, 0.38262, 0.61738
3.42304, -0.257572, -3.01428, 0.38262, 0.38262, 0.61738
3.42309, -0.257572, -3.01428, 0.38262, 0.38262, 0.61738
3.42313, -0.257587, -3.01442, 0.382643, 0.382643, 0.617357
3.42318, -0.257587, -3.01442, 0.382643, 0.382643, 0.617357
3.42322, -0.257587, -3.01442, 0.382643, 0.382643, 0.617357
3.42327, -0.257587, -3.01442, 0.382643, 0.382643, 0.617357
3.42331, -0.257587, -3.01442, 0.382643, 0.382643, 0.617357
3.42336, -0.257587, -3.01442, 0.382643, 0.382643, 0.617357
3.4234, -0.257587, -3.01442, 0.382643, 0.382643, 0.617357
3.42345, -0.257587, -3.01442, 0.382643, 0.382643, 0.617357
3.42349, -0.257587, -3.01442, 0.382643, 0.382643, 0.617357
3.42354, -0.257587, -3.01442, 0.382643, 0.382643, 0.617357
3.42358, -0.257587, -3.01442, 0.382643, 0.382643, 0.617357
3.42363, -0.257587, -3.01442, 0.382643, 0.382643, 0.617357
3.42367, -0.257587, -3.01442, 0.382643, 0.382643, 0.617357
3.42372, -0.257587, -3.01442, 0.382643, 0.382643, 0.617357
3.42376, -0.257587, -3.01442, 0.382643, 0.382643, 0.617357
3.42381, -0.257587, -3.01442, 0.382643, 0.382643, 0.617357
3.42385, -0.257587, -3.01442, 0.382643, 0.382643, 0.617357
3.4239, -0.257587, -3.01442, 0.382643, 0.382643, 0.617357
3.42394, -0.257587, -3.01442, 0.382643, 0.382643, 0.617357
3.42399, -0.257587, -3.01442, 0.382643, 0.382643, 0.617357
3.42403, -0.257587, -3.01442, 0.382643, 0.382643, 0.617357
3.42408, -0.257587, -3.01442, 0.382643, 0.382643, 0.617357
3.42412, -0.257587, -3.01442, 0.382643, 0.382643, 0.617357
3.42416, -0.257587, -3.01442, 0.382643, 0.382643, 0.617357
3.42421, -0.257587, -3.01442, 0.382643, 0.382643, 0.617357
3.42425, -0.257587, -3.01442, 0.382643, 0.382643, 0.617357
3.4243, -0.257587, -3.01442, 0.382643, 0.382643, 0.617357
3.42434, -0.257587, -3.01442, 0.382643, 0.382643, 0.617357
3.42439, -0.257587, -3.01442, 0.382643, 0.382643, 0.617357
3.42443, -0.257587, -3.01442, 0.382643, 0.382643, 0.617357
3.42448, -0.257587, -3.01442, 0.382643, 0.382643, 0.617357
3.42452, -0.257587, -3.01442, 0.382643, 0.382643, 0.617357
3.42457, -0.257587, -3.01442, 0.382643, 0.382643, 0.617357
3.42461, -0.257587, -3.01442, 0.382643, 0.382643, 0.617357
3.42466, -0.257587, -3.01442, 0.382643, 0.382643, 0.617357
3.4247, -0.257587, -3.01442, 0.382643, 0.382643, 0.617357
3.42475, -0.257587, -3.01442, 0.382643, 0.382643, 0.617357
3.42479, -0.257587, -3.01442, 0.382643, 0.382643, 0.617357
3.42484, -0.257587, -3.01442, 0.382643, 0.382643, 0.617357
3.42488, -0.257587, -3.01442, 0.382643, 0.382643, 0.617357
3.42493, -0.257587, -3.01442, 0.382643, 0.382643, 0.617357
3.42497, -0.257587, -3.01442, 0.382643, 0.382643, 0.617357
3.42502, -0.257587, -3.01442, 0.382643, 0.382643, 0.617357
3.42506, -0.257587, -3.01442, 0.382643, 0.382643, 0.617357
3.42511, -0.257587, -3.01442, 0.382643, 0.382643, 0.617357
3.42515, -0.257587, -3.01442, 0.382643, 0.382643, 0.617357
3.4252, -0.257587, -3.01442, 0.382643, 0.382643, 0.617357
3.42524, -0.257587, -3.01442, 0.382643, 0.382643, 0.617357
3.42529, -0.257587, -3.01442, 0.382643, 0.382643, 0.617357
3.42533, -0.257587, -3.01442, 0.382643, 0.382643, 0.617357
3.42538, -0.257587, -3.01442, 0.382643, 0.382643, 0.617357
3.42542, -0.257587, -3.01442, 0.382643, 0.382643, 0.617357
3.42547, -0.257587, -3.01442, 0.382643, 0.382643, 0.617357
3.42551, -0.257587, -3.01442, 0.382643, 0.382643, 0.617357
3.42556, -0.257587, -3.01442, 0.382643, 0.382643, 0.617357
3.4256, -0.257587, -3.01442, 0.382643, 0.382643, 0.617357
3.42565, -0.257587, -3.01442, 0.382643, 0.382643, 0.617357
3.42569, -0.257587, -3.01442, 0.382643, 0.382643, 0.617357
3.42574, -0.257587, -3.01442, 0.382643, 0.382643, 0.617357
3.42578, -0.257587, -3.01442, 0.382643, 0.382643, 0.617357
3.42583, -0.257587, -3.01442, 0.382643, 0.382643, 0.617357
3.42587, -0.257587, -3.01442, 0.382643, 0.382643, 0.617357
3.42592, -0.257587, -3.01442, 0.382643, 0.382643, 0.617357
3.42596, -0.257587, -3.01442, 0.382643, 0.382643, 0.617357
3.42601, -0.257587, -3.01442, 0.382643, 0.382643, 0.617357
3.42605, -0.257587, -3.01442, 0.382643, 0.382643, 0.617357
3.4261, -0.257587, -3.01442, 0.382643, 0.382643, 0.617357
3.42614, -0.257587, -3.01442, 0.382643, 0.382643, 0.617357
3.42619, -0.257587, -3.01442, 0.382643, 0.382643, 0.617357
3.42623, -0.257587, -3.01442, 0.382643, 0.382643, 0.617357
3.42628, -0.257587, -3.01442, 0.382643, 0.382643, 0.617357
3.42632, -0.257587, -3.01442, 0.382643, 0.382643, 0.617357
3.42636, -0.257602, -3.01456, 0.382666, 0.382666, 0.617334
3.42641, -0.257602, -3.01456, 0.382666, 0.382666, 0.617334
3.42645, -0.257602, -3.01456, 0.382666, 0.382666, 0.617334
3.4265, -0.257602, -3.01456, 0.382666, 0.382666, 0.617334
3.42654, -0.257602, -3.01456, 0.382666, 0.382666, 0.617334
3.42659, -0.257602, -3.01456, 0.382666, 0.382666, 0.617334
3.42663, -0.257602, -3.01456, 0.382666, 0.382666, 0.617334
3.42668, -0.257602, -3.01456, 0.382666, 0.382666, 0.617334
3.42672, -0.257602, -3.01456, 0.382666, 0.382666, 0.617334
3.42677, -0.257602, -3.01456, 0.382666, 0.382666, 0.617334
3.42681, -0.257602, -3.01456, 0.382666, 0.382666, 0.617334
3.42686, -0.257602, -3.01456, 0.382666, 0.382666, 0.617334
3.4269, -0.257602, -3.01456, 0.382666, 0.382666, 0.617334
3.42695, -0.257602, -3.01456, 0.382666, 0.382666, 0.617334
3.42699, -0.257602, -3.01456, 0.382666, 0.382666, 0.617334
3.42704, -0.257602, -3.01456, 0.382666, 0.382666, 0.617334
3.42708, -0.257602, -3.01456, 0.382666, 0.382666, 0.617334
3.42713, -0.257602, -3.01456, 0.382666, 0.382666, 0.617334
3.42717, -0.257602, -3.01456, 0.382666, 0.382666, 0.617334
3.42722, -0.257602, -3.01456, 0.382666, 0.382666, 0.617334
3.42726, -0.257602, -3.01456, 0.382666, 0.382666, 0.617334
3.42731, -0.257602, -3.01456, 0.382666, 0.382666, 0.617334
3.42735, -0.257602, -3.01456, 0.382666, 0.382666, 0.617334
3.4274, -0.257602, -3.01456, 0.382666, 0.382666, 0.617334
3.42744, -0.257602, -3.01456, 0.382666, 0.382666, 0.617334
3.42749, -0.257602, -3.01456, 0.382666, 0.382666, 0.617334
3.42753, -0.257602, -3.01456, 0.382666, 0.382666, 0.617334
3.42758, -0.257602, -3.01456, 0.382666, 0.382666, 0.617334
3.42762, -0.257602, -3.01456, 0.382666, 0.382666, 0.617334
3.42767, -0.257602, -3.01456, 0.382666, 0.382666, 0.617334
3.42771, -0.257602, -3.01456, 0.382666, 0.382666, 0.617334
3.42776, -0.257602, -3.01456, 0.382666, 0.382666, 0.617334
3.4278, -0.257602, -3.01456, 0.382666, 0.382666, 0.617334
3.42785, -0.257602, -3.01456, 0.382666, 0.382666, 0.617334
3.42789, -0.257602, -3.01456, 0.382666, 0.382666, 0.617334
3.42794, -0.257602, -3.01456, 0.382666, 0.382666, 0.617334
3.42798, -0.257602, -3.01456, 0.382666, 0.382666, 0.617334
3.42803, -0.257602, -3.01456, 0.382666, 0.382666, 0.617334
3.42807, -0.257602, -3.01456, 0.382666, 0.382666, 0.617334
3.42812, -0.257602, -3.01456, 0.382666, 0.382666, 0.617334
3.42816, -0.257602, -3.01456, 0.382666, 0.382666, 0.617334
3.42821, -0.257602, -3.01456, 0.382666, 0.382666, 0.617334
3.42825, -0.257602, -3.01456, 0.382666, 0.382666, 0.617334
3.4283, -0.257602, -3.01456, 0.382666, 0.382666, 0.617334
3.42834, -0.257602, -3.01456, 0.382666, 0.382666, 0.617334
3.42839, -0.257602, -3.01456, 0.382666, 0.382666, 0.617334
3.42843, -0.257602, -3.01456, 0.382666, 0.382666, 0.617334
3.42848, -0.257602, -3.01456, 0.382666, 0.382666, 0.617334
3.42852, -0.257602, -3.01456, 0.382666, 0.382666, 0.617334
3.42857, -0.257602, -3.01456, 0.382666, 0.382666, 0.617334
3.42861, -0.257602, -3.01456, 0.382666, 0.382666, 0.617334
3.42865, -0.257602, -3.01456, 0.382666, 0.382666, 0.617334
3.4287, -0.257602, -3.01456, 0.382666, 0.382666, 0.617334
3.42874, -0.257602, -3.01456, 0.382666, 0.382666, 0.617334
3.42879, -0.257602, -3.01456, 0.382666, 0.382666, 0.617334
3.42883, -0.257602, -3.01456, 0.382666, 0.382666, 0.617334
3.42888, -0.257602, -3.01456, 0.382666, 0.382666, 0.617334
3.42892, -0.257602, -3.01456, 0.382666, 0.382666, 0.617334
3.42897, -0.257602, -3.01456, 0.382666, 0.382666, 0.617334
3.42901, -0.257602, -3.01456, 0.382666, 0.382666, 0.617334
3.42906, -0.257602, -3.01456, 0.382666, 0.382666, 0.617334
3.4291, -0.257602, -3.01456, 0.382666, 0.382666, 0.617334
3.42915, -0.257602, -3.01456, 0.382666, 0.382666, 0.617334
3.42919, -0.257602, -3.01456, 0.382666, 0.382666, 0.617334
3.42924, -0.257602, -3.01456, 0.382666, 0.382666, 0.617334
3.42928, -0.257602, -3.01456, 0.382666, 0.382666, 0.617334
3.42933, -0.257602, -3.01456, 0.382666, 0.382666, 0.617334
3.42937, -0.257602, -3.01456, 0.382666, 0.382666, 0.617334
3.42942, -0.257602, -3.01456, 0.382666, 0.382666, 0.617334
3.42946, -0.257602, -3.01456, 0.382666, 0.382666, 0.617334
3.42951, -0.257602, -3.01456, 0.382666, 0.382666, 0.617334
3.42955, -0.257617, -3.0147, 0.382689, 0.382689, 0.617311
3.4296, -0.257617, -3.0147, 0.382689, 0.382689, 0.617311
3.42964, -0.257617, -3.0147, 0.382689, 0.382689, 0.617311
3.42969, -0.257617, -3.0147, 0.382689, 0.382689, 0.617311
3.42973, -0.257617, -3.0147, 0.382689, 0.382689, 0.617311
3.42978, -0.257617, -3.0147, 0.382689, 0.382689, 0.617311
3.42982, -0.257617, -3.0147, 0.382689, 0.382689, 0.617311
3.42987, -0.257617, -3.0147, 0.382689, 0.382689, 0.617311
3.42991, -0.257617, -3.0147, 0.382689, 0.382689, 0.617311
3.42996, -0.257617, -3.0147, 0.382689, 0.382689, 0.617311
3.43, -0.257617, -3.0147, 0.382689, 0.382689, 0.617311
3.43005, -0.257617, -3.0147, 0.382689, 0.382689, 0.617311
3.43009, -0.257617, -3.0147, 0.382689, 0.382689, 0.617311
3.43014, -0.257617, -3.0147, 0.382689, 0.382689, 0.617311
3.43018, -0.257617, -3.0147, 0.382689, 0.382689, 0.617311
3.43023, -0.257617, -3.0147, 0.382689, 0.382689, 0.617311
3.43027, -0.257617, -3.0147, 0.382689, 0.382689, 0.617311
3.43032, -0.257617, -3.0147, 0.382689, 0.382689, 0.617311
3.43036, -0.257617, -3.0147, 0.382689, 0.382689, 0.617311
3.43041, -0.257617, -3.0147, 0.382689, 0.382689, 0.617311
3.43045, -0.257617, -3.0147, 0.382689, 0.382689, 0.617311
3.4305, -0.257617, -3.0147, 0.382689, 0.382689, 0.617311
3.43054, -0.257617, -3.0147, 0.382689, 0.382689, 0.617311
3.43059, -0.257617, -3.0147, 0.382689, 0.382689, 0.617311
3.43063, -0.257617, -3.0147, 0.382689, 0.382689, 0.617311
3.43068, -0.257617, -3.0147, 0.382689, 0.382689, 0.617311
3.43072, -0.257617, -3.0147, 0.382689, 0.382689, 0.617311
3.43077, -0.257617, -3.0147, 0.382689, 0.382689, 0.617311
3.43081, -0.257617, -3.0147, 0.382689, 0.382689, 0.617311
3.43085, -0.257617, -3.0147, 0.382689, 0.382689, 0.617311
3.4309, -0.257617, -3.0147, 0.382689, 0.382689, 0.617311
3.43094, -0.257617, -3.0147, 0.382689, 0.382689, 0.617311
3.43099, -0.257617, -3.0147, 0.382689, 0.382689, 0.617311
3.43103, -0.257617, -3.0147, 0.382689, 0.382689, 0.617311
3.43108, -0.257617, -3.0147, 0.382689, 0.382689, 0.617311
3.43112, -0.257617, -3.0147, 0.382689, 0.382689, 0.617311
3.43117, -0.257617, -3.0147, 0.382689, 0.382689, 0.617311
3.43121, -0.257617, -3.0147, 0.382689, 0.382689, 0.617311
3.43126, -0.257617, -3.0147, 0.382689, 0.382689, 0.617311
3.4313, -0.257617, -3.0147, 0.382689, 0.382689, 0.617311
3.43135, -0.257617, -3.0147, 0.382689, 0.382689, 0.617311
3.43139, -0.257617, -3.0147, 0.382689, 0.382689, 0.617311
3.43144, -0.257617, -3.0147, 0.382689, 0.382689, 0.617311
3.43148, -0.257617, -3.0147, 0.382689, 0.382689, 0.617311
3.43153, -0.257617, -3.0147, 0.382689, 0.382689, 0.617311
3.43157, -0.257617, -3.0147, 0.382689, 0.382689, 0.617311
3.43162, -0.257617, -3.0147, 0.382689, 0.382689, 0.617311
3.43166, -0.257617, -3.0147, 0.382689, 0.382689, 0.617311
3.43171, -0.257617, -3.0147, 0.382689, 0.382689, 0.617311
3.43175, -0.257617, -3.0147, 0.382689, 0.382689, 0.617311
3.4318, -0.257617, -3.0147, 0.382689, 0.382689, 0.617311
3.43184, -0.257617, -3.0147, 0.382689, 0.382689, 0.617311
3.43189, -0.257617, -3.0147, 0.382689, 0.382689, 0.617311
3.43193, -0.257617, -3.0147, 0.382689, 0.382689, 0.617311
3.43198, -0.257617, -3.0147, 0.382689, 0.382689, 0.617311
3.43202, -0.257617, -3.0147, 0.382689, 0.382689, 0.617311
3.43207, -0.257617, -3.0147, 0.382689, 0.382689, 0.617311
3.43211, -0.257617, -3.0147, 0.382689, 0.382689, 0.617311
3.43216, -0.257617, -3.0147, 0.382689, 0.382689, 0.617311
3.4322, -0.257617, -3.0147, 0.382689, 0.382689, 0.617311
3.43225, -0.257617, -3.0147, 0.382689, 0.382689, 0.617311
3.43229, -0.257617, -3.0147, 0.382689, 0.382689, 0.617311
3.43234, -0.257617, -3.0147, 0.382689, 0.382689, 0.617311
3.43238, -0.257617, -3.0147, 0.382689, 0.382689, 0.617311
3.43243, -0.257617, -3.0147, 0.382689, 0.382689, 0.617311
3.43247, -0.257617, -3.0147, 0.382689, 0.382689, 0.617311
3.43252, -0.257617, -3.0147, 0.382689, 0.382689, 0.617311
3.43256, -0.257617, -3.0147, 0.382689, 0.382689, 0.617311
3.43261, -0.257617, -3.0147, 0.382689, 0.382689, 0.617311
3.43265, -0.257617, -3.0147, 0.382689, 0.382689, 0.617311
3.4327, -0.257617, -3.0147, 0.382689, 0.382689, 0.617311
3.43274, -0.257617, -3.0147, 0.382689, 0.382689, 0.617311
3.43279, -0.257632, -3.01484, 0.382712, 0.382712, 0.617288
3.43283, -0.257632, -3.01484, 0.382712, 0.382712, 0.617288
3.43288, -0.257632, -3.01484, 0.382712, 0.382712, 0.617288
3.43292, -0.257632, -3.01484, 0.382712, 0.382712, 0.617288
3.43297, -0.257632, -3.01484, 0.382712, 0.382712, 0.617288
3.43301, -0.257632, -3.01484, 0.382712, 0.382712, 0.617288
3.43305, -0.257632, -3.01484, 0.382712, 0.382712, 0.617288
3.4331, -0.257632, -3.01484, 0.382712, 0.382712, 0.617288
3.43314, -0.257632, -3.01484, 0.382712, 0.382712, 0.617288
3.43319, -0.257632, -3.01484, 0.382712, 0.382712, 0.617288
3.43323, -0.257632, -3.01484, 0.382712, 0.382712, 0.617288
3.43328, -0.257632, -3.01484, 0.382712, 0.382712, 0.617288
3.43332, -0.257632, -3.01484, 0.382712, 0.382712, 0.617288
3.43337, -0.257632, -3.01484, 0.382712, 0.382712, 0.617288
3.43341, -0.257632, -3.01484, 0.382712, 0.382712, 0.617288
3.43346, -0.257632, -3.01484, 0.382712, 0.382712, 0.617288
3.4335, -0.257632, -3.01484, 0.382712, 0.382712, 0.617288
3.43355, -0.257632, -3.01484, 0.382712, 0.382712, 0.617288
3.43359, -0.257632, -3.01484, 0.382712, 0.382712, 0.617288
3.43364, -0.257632, -3.01484, 0.382712, 0.382712, 0.617288
3.43368, -0.257632, -3.01484, 0.382712, 0.382712, 0.617288
3.43373, -0.257632, -3.01484, 0.382712, 0.382712, 0.617288
3.43377, -0.257632, -3.01484, 0.382712, 0.382712, 0.617288
3.43382, -0.257632, -3.01484, 0.382712, 0.382712, 0.617288
3.43386, -0.257632, -3.01484, 0.382712, 0.382712, 0.617288
3.43391, -0.257632, -3.01484, 0.382712, 0.382712, 0.617288
3.43395, -0.257632, -3.01484, 0.382712, 0.382712, 0.617288
3.434, -0.257632, -3.01484, 0.382712, 0.382712, 0.617288
3.43404, -0.257632, -3.01484, 0.382712, 0.382712, 0.617288
3.43409, -0.257632, -3.01484, 0.382712, 0.382712, 0.617288
3.43413, -0.257632, -3.01484, 0.382712, 0.382712, 0.617288
3.43418, -0.257632, -3.01484, 0.382712, 0.382712, 0.617288
3.43422, -0.257632, -3.01484, 0.382712, 0.382712, 0.617288
3.43427, -0.257632, -3.01484, 0.382712, 0.382712, 0.617288
3.43431, -0.257632, -3.01484, 0.382712, 0.382712, 0.617288
3.43436, -0.257632, -3.01484, 0.382712, 0.382712, 0.617288
3.4344, -0.257632, -3.01484, 0.382712, 0.382712, 0.617288
3.43445, -0.257632, -3.01484, 0.382712, 0.382712, 0.617288
3.43449, -0.257632, -3.01484, 0.382712, 0.382712, 0.617288
3.43454, -0.257632, -3.01484, 0.382712, 0.382712, 0.617288
3.43458, -0.257632, -3.01484, 0.382712, 0.382712, 0.617288
3.43463, -0.257632, -3.01484, 0.382712, 0.382712, 0.617288
3.43467, -0.257632, -3.01484, 0.382712, 0.382712, 0.617288
3.43472, -0.257632, -3.01484, 0.382712, 0.382712, 0.617288
3.43476, -0.257632, -3.01484, 0.382712, 0.382712, 0.617288
3.43481, -0.257632, -3.01484, 0.382712, 0.382712, 0.617288
3.43485, -0.257632, -3.01484, 0.382712, 0.382712, 0.617288
3.4349, -0.257632, -3.01484, 0.382712, 0.382712, 0.617288
3.43494, -0.257632, -3.01484, 0.382712, 0.382712, 0.617288
3.43499, -0.257632, -3.01484, 0.382712, 0.382712, 0.617288
3.43503, -0.257632, -3.01484, 0.382712, 0.382712, 0.617288
3.43508, -0.257632, -3.01484, 0.382712, 0.382712, 0.617288
3.43512, -0.257632, -3.01484, 0.382712, 0.382712, 0.617288
3.43517, -0.257632, -3.01484, 0.382712, 0.382712, 0.617288
3.43521, -0.257632, -3.01484, 0.382712, 0.382712, 0.617288
3.43526, -0.257632, -3.01484, 0.382712, 0.382712, 0.617288
3.4353, -0.257632, -3.01484, 0.382712, 0.382712, 0.617288
3.43534, -0.257632, -3.01484, 0.382712, 0.382712, 0.617288
3.43539, -0.257632, -3.01484, 0.382712, 0.382712, 0.617288
3.43543, -0.257632, -3.01484, 0.382712, 0.382712, 0.617288
3.43548, -0.257632, -3.01484, 0.382712, 0.382712, 0.617288
3.43552, -0.257632, -3.01484, 0.382712, 0.382712, 0.617288
3.43557, -0.257632, -3.01484, 0.382712, 0.382712, 0.617288
3.43561, -0.257632, -3.01484, 0.382712, 0.382712, 0.617288
3.43566, -0.257632, -3.01484, 0.382712, 0.382712, 0.617288
3.4357, -0.257632, -3.01484, 0.382712, 0.382712, 0.617288
3.43575, -0.257632, -3.01484, 0.382712, 0.382712, 0.617288
3.43579, -0.257632, -3.01484, 0.382712, 0.382712, 0.617288
3.43584, -0.257632, -3.01484, 0.382712, 0.382712, 0.617288
3.43588, -0.257632, -3.01484, 0.382712, 0.382712, 0.617288
3.43593, -0.257632, -3.01484, 0.382712, 0.382712, 0.617288
3.43597, -0.257647, -3.01498, 0.382735, 0.382735, 0.617265
3.43602, -0.257647, -3.01498, 0.382735, 0.382735, 0.617265
3.43606, -0.257647, -3.01498, 0.382735, 0.382735, 0.617265
3.43611, -0.257647, -3.01498, 0.382735, 0.382735, 0.617265
3.43615, -0.257647, -3.01498, 0.382735, 0.382735, 0.617265
3.4362, -0.257647, -3.01498, 0.382735, 0.382735, 0.617265
3.43624, -0.257647, -3.01498, 0.382735, 0.382735, 0.617265
3.43629, -0.257647, -3.01498, 0.382735, 0.382735, 0.617265
3.43633, -0.257647, -3.01498, 0.382735, 0.382735, 0.617265
3.43638, -0.257647, -3.01498, 0.382735, 0.382735, 0.617265
3.43642, -0.257647, -3.01498, 0.382735, 0.382735, 0.617265
3.43647, -0.257647, -3.01498, 0.382735, 0.382735, 0.617265
3.43651, -0.257647, -3.01498, 0.382735, 0.382735, 0.617265
3.43656, -0.257647, -3.01498, 0.382735, 0.382735, 0.617265
3.4366, -0.257647, -3.01498, 0.382735, 0.382735, 0.617265
3.43665, -0.257647, -3.01498, 0.382735, 0.382735, 0.617265
3.43669, -0.257647, -3.01498, 0.382735, 0.382735, 0.617265
3.43674, -0.257647, -3.01498, 0.382735, 0.382735, 0.617265
3.43678, -0.257647, -3.01498, 0.382735, 0.382735, 0.617265
3.43683, -0.257647, -3.01498, 0.382735, 0.382735, 0.617265
3.43687, -0.257647, -3.01498, 0.382735, 0.382735, 0.617265
3.43692, -0.257647, -3.01498, 0.382735, 0.382735, 0.617265
3.43696, -0.257662, -3.01512, 0.382758, 0.382758, 0.617242
3.43701, -0.257662, -3.01512, 0.382758, 0.382758, 0.617242
3.43705, -0.257662, -3.01512, 0.382758, 0.382758, 0.617242
3.4371, -0.257662, -3.01512, 0.382758, 0.382758, 0.617242
3.43714, -0.257662, -3.01512, 0.382758, 0.382758, 0.617242
3.43719, -0.257662, -3.01512, 0.382758, 0.382758, 0.617242
3.43723, -0.257662, -3.01512, 0.382758, 0.382758, 0.617242
3.43728, -0.257662, -3.01512, 0.382758, 0.382758, 0.617242
3.43732, -0.257662, -3.01512, 0.382758, 0.382758, 0.617242
3.43737, -0.257662, -3.01512, 0.382758, 0.382758, 0.617242
3.43741, -0.257662, -3.01512, 0.382758, 0.382758, 0.617242
3.43746, -0.257662, -3.01512, 0.382758, 0.382758, 0.617242
3.4375, -0.257662, -3.01512, 0.382758, 0.382758, 0.617242
3.43754, -0.257662, -3.01512, 0.382758, 0.382758, 0.617242
3.43759, -0.257662, -3.01512, 0.382758, 0.382758, 0.617242
3.43763, -0.257662, -3.01512, 0.382758, 0.382758, 0.617242
3.43768, -0.257662, -3.01512, 0.382758, 0.382758, 0.617242
3.43772, -0.257662, -3.01512, 0.382758, 0.382758, 0.617242
3.43777, -0.257662, -3.01512, 0.382758, 0.382758, 0.617242
3.43781, -0.257662, -3.01512, 0.382758, 0.382758, 0.617242
3.43786, -0.257662, -3.01512, 0.382758, 0.382758, 0.617242
3.4379, -0.257662, -3.01512, 0.382758, 0.382758, 0.617242
3.43795, -0.257662, -3.01512, 0.382758, 0.382758, 0.617242
3.43799, -0.257662, -3.01512, 0.382758, 0.382758, 0.617242
3.43804, -0.257662, -3.01512, 0.382758, 0.382758, 0.617242
3.43808, -0.257662, -3.01512, 0.382758, 0.382758, 0.617242
3.43813, -0.257662, -3.01512, 0.382758, 0.382758, 0.617242
3.43817, -0.257662, -3.01512, 0.382758, 0.382758, 0.617242
3.43822, -0.257662, -3.01512, 0.382758, 0.382758, 0.617242
3.43826, -0.257662, -3.01512, 0.382758, 0.382758, 0.617242
3.43831, -0.257662, -3.01512, 0.382758, 0.382758, 0.617242
3.43835, -0.257662, -3.01512, 0.382758, 0.382758, 0.617242
3.4384, -0.257662, -3.01512, 0.382758, 0.382758, 0.617242
3.43844, -0.257662, -3.01512, 0.382758, 0.382758, 0.617242
3.43849, -0.257662, -3.01512, 0.382758, 0.382758, 0.617242
3.43853, -0.257662, -3.01512, 0.382758, 0.382758, 0.617242
3.43858, -0.257662, -3.01512, 0.382758, 0.382758, 0.617242
3.43862, -0.257662, -3.01512, 0.382758, 0.382758, 0.617242
3.43867, -0.257662, -3.01512, 0.382758, 0.382758, 0.617242
3.43871, -0.257662, -3.01512, 0.382758, 0.382758, 0.617242
3.43876, -0.257662, -3.01512, 0.382758, 0.382758, 0.617242
3.4388, -0.257662, -3.01512, 0.382758, 0.382758, 0.617242
3.43885, -0.257662, -3.01512, 0.382758, 0.382758, 0.617242
3.43889, -0.257662, -3.01512, 0.382758, 0.382758, 0.617242
3.43894, -0.257662, -3.01512, 0.382758, 0.382758, 0.617242
3.43898, -0.257662, -3.01512, 0.382758, 0.382758, 0.617242
3.43903, -0.257662, -3.01512, 0.382758, 0.382758, 0.617242
3.43907, -0.257662, -3.01512, 0.382758, 0.382758, 0.617242
3.43912, -0.257662, -3.01512, 0.382758, 0.382758, 0.617242
3.43916, -0.257677, -3.01526, 0.382781, 0.382781, 0.617219
3.43921, -0.257677, -3.01526, 0.382781, 0.382781, 0.617219
3.43925, -0.257677, -3.01526, 0.382781, 0.382781, 0.617219
3.4393, -0.257677, -3.01526, 0.382781, 0.382781, 0.617219
3.43934, -0.257677, -3.01526, 0.382781, 0.382781, 0.617219
3.43939, -0.257677, -3.01526, 0.382781, 0.382781, 0.617219
3.43943, -0.257677, -3.01526, 0.382781, 0.382781, 0.617219
3.43948, -0.257677, -3.01526, 0.382781, 0.382781, 0.617219
3.43952, -0.257677, -3.01526, 0.382781, 0.382781, 0.617219
3.43957, -0.257677, -3.01526, 0.382781, 0.382781, 0.617219
3.43961, -0.257677, -3.01526, 0.382781, 0.382781, 0.617219
3.43966, -0.257677, -3.01526, 0.382781, 0.382781, 0.617219
3.4397, -0.257677, -3.01526, 0.382781, 0.382781, 0.617219
3.43974, -0.257677, -3.01526, 0.382781, 0.382781, 0.617219
3.43979, -0.257677, -3.01526, 0.382781, 0.382781, 0.617219
3.43983, -0.257677, -3.01526, 0.382781, 0.382781, 0.617219
3.43988, -0.257677, -3.01526, 0.382781, 0.382781, 0.617219
3.43992, -0.257677, -3.01526, 0.382781, 0.382781, 0.617219
3.43997, -0.257677, -3.01526, 0.382781, 0.382781, 0.617219
3.44001, -0.257677, -3.01526, 0.382781, 0.382781, 0.617219
3.44006, -0.257677, -3.01526, 0.382781, 0.382781, 0.617219
3.4401, -0.257677, -3.01526, 0.382781, 0.382781, 0.617219
3.44015, -0.257677, -3.01526, 0.382781, 0.382781, 0.617219
3.44019, -0.257677, -3.01526, 0.382781, 0.382781, 0.617219
3.44024, -0.257677, -3.01526, 0.382781, 0.382781, 0.617219
3.44028, -0.257677, -3.01526, 0.382781, 0.382781, 0.617219
3.44033, -0.257677, -3.01526, 0.382781, 0.382781, 0.617219
3.44037, -0.257677, -3.01526, 0.382781, 0.382781, 0.617219
3.44042, -0.257677, -3.01526, 0.382781, 0.382781, 0.617219
3.44046, -0.257677, -3.01526, 0.382781, 0.382781, 0.617219
3.44051, -0.257677, -3.01526, 0.382781, 0.382781, 0.617219
3.44055, -0.257677, -3.01526, 0.382781, 0.382781, 0.617219
3.4406, -0.257677, -3.01526, 0.382781, 0.382781, 0.617219
3.44064, -0.257677, -3.01526, 0.382781, 0.382781, 0.617219
3.44069, -0.257677, -3.01526, 0.382781, 0.382781, 0.617219
3.44073, -0.257677, -3.01526, 0.382781, 0.382781, 0.617219
3.44078, -0.257677, -3.01526, 0.382781, 0.382781, 0.617219
3.44082, -0.257677, -3.01526, 0.382781, 0.382781, 0.617219
3.44087, -0.257677, -3.01526, 0.382781, 0.382781, 0.617219
3.44091, -0.257677, -3.01526, 0.382781, 0.382781, 0.617219
3.44096, -0.257677, -3.01526, 0.382781, 0.382781, 0.617219
3.441, -0.257677, -3.01526, 0.382781, 0.382781, 0.617219
3.44105, -0.257677, -3.01526, 0.382781, 0.382781, 0.617219
3.44109, -0.257677, -3.01526, 0.382781, 0.382781, 0.617219
3.44114, -0.257677, -3.01526, 0.382781, 0.382781, 0.617219
3.44118, -0.257677, -3.01526, 0.382781, 0.382781, 0.617219
3.44123, -0.257677, -3.01526, 0.382781, 0.382781, 0.617219
3.44127, -0.257677, -3.01526, 0.382781, 0.382781, 0.617219
3.44132, -0.257677, -3.01526, 0.382781, 0.382781, 0.617219
3.44136, -0.257677, -3.01526, 0.382781, 0.382781, 0.617219
3.44141, -0.257677, -3.01526, 0.382781, 0.382781, 0.617219
3.44145, -0.257677, -3.01526, 0.382781, 0.382781, 0.617219
3.4415, -0.257677, -3.01526, 0.382781, 0.382781, 0.617219
3.44154, -0.257677, -3.01526, 0.382781, 0.382781, 0.617219
3.44159, -0.257677, -3.01526, 0.382781, 0.382781, 0.617219
3.44163, -0.257677, -3.01526, 0.382781, 0.382781, 0.617219
3.44168, -0.257677, -3.01526, 0.382781, 0.382781, 0.617219
3.44172, -0.257677, -3.01526, 0.382781, 0.382781, 0.617219
3.44177, -0.257677, -3.01526, 0.382781, 0.382781, 0.617219
3.44181, -0.257677, -3.01526, 0.382781, 0.382781, 0.617219
3.44186, -0.257677, -3.01526, 0.382781, 0.382781, 0.617219
3.4419, -0.257677, -3.01526, 0.382781, 0.382781, 0.617219
3.44195, -0.257677, -3.01526, 0.382781, 0.382781, 0.617219
3.44199, -0.257677, -3.01526, 0.382781, 0.382781, 0.617219
3.44203, -0.257677, -3.01526, 0.382781, 0.382781, 0.617219
3.44208, -0.257677, -3.01526, 0.382781, 0.382781, 0.617219
3.44212, -0.257677, -3.01526, 0.382781, 0.382781, 0.617219
3.44217, -0.257677, -3.01526, 0.382781, 0.382781, 0.617219
3.44221, -0.257677, -3.01526, 0.382781, 0.382781, 0.617219
3.44226, -0.257677, -3.01526, 0.382781, 0.382781, 0.617219
3.4423, -0.257677, -3.01526, 0.382781, 0.382781, 0.617219
3.44235, -0.257677, -3.01526, 0.382781, 0.382781, 0.617219
3.44239, -0.257692, -3.0154, 0.382804, 0.382804, 0.617196
3.44244, -0.257692, -3.0154, 0.382804, 0.382804, 0.617196
3.44248, -0.257692, -3.0154, 0.382804, 0.382804, 0.617196
3.44253, -0.257692, -3.0154, 0.382804, 0.382804, 0.617196
3.44257, -0.257692, -3.0154, 0.382804, 0.382804, 0.617196
3.44262, -0.257692, -3.0154, 0.382804, 0.382804, 0.617196
3.44266, -0.257692, -3.0154, 0.382804, 0.382804, 0.617196
3.44271, -0.257692, -3.0154, 0.382804, 0.382804, 0.617196
3.44275, -0.257692, -3.0154, 0.382804, 0.382804, 0.617196
3.4428, -0.257692, -3.0154, 0.382804, 0.382804, 0.617196
3.44284, -0.257692, -3.0154, 0.382804, 0.382804, 0.617196
3.44289, -0.257692, -3.0154, 0.382804, 0.382804, 0.617196
3.44293, -0.257692, -3.0154, 0.382804, 0.382804, 0.617196
3.44298, -0.257692, -3.0154, 0.382804, 0.382804, 0.617196
3.44302, -0.257692, -3.0154, 0.382804, 0.382804, 0.617196
3.44307, -0.257692, -3.0154, 0.382804, 0.382804, 0.617196
3.44311, -0.257692, -3.0154, 0.382804, 0.382804, 0.617196
3.44316, -0.257692, -3.0154, 0.382804, 0.382804, 0.617196
3.4432, -0.257692, -3.0154, 0.382804, 0.382804, 0.617196
3.44325, -0.257692, -3.0154, 0.382804, 0.382804, 0.617196
3.44329, -0.257692, -3.0154, 0.382804, 0.382804, 0.617196
3.44334, -0.257692, -3.0154, 0.382804, 0.382804, 0.617196
3.44338, -0.257692, -3.0154, 0.382804, 0.382804, 0.617196
3.44343, -0.257692, -3.0154, 0.382804, 0.382804, 0.617196
3.44347, -0.257692, -3.0154, 0.382804, 0.382804, 0.617196
3.44352, -0.257692, -3.0154, 0.382804, 0.382804, 0.617196
3.44356, -0.257692, -3.0154, 0.382804, 0.382804, 0.617196
3.44361, -0.257692, -3.0154, 0.382804, 0.382804, 0.617196
3.44365, -0.257692, -3.0154, 0.382804, 0.382804, 0.617196
3.4437, -0.257692, -3.0154, 0.382804, 0.382804, 0.617196
3.44374, -0.257692, -3.0154, 0.382804, 0.382804, 0.617196
3.44379, -0.257692, -3.0154, 0.382804, 0.382804, 0.617196
3.44383, -0.257692, -3.0154, 0.382804, 0.382804, 0.617196
3.44388, -0.257692, -3.0154, 0.382804, 0.382804, 0.617196
3.44392, -0.257692, -3.0154, 0.382804, 0.382804, 0.617196
3.44397, -0.257692, -3.0154, 0.382804, 0.382804, 0.617196
3.44401, -0.257692, -3.0154, 0.382804, 0.382804, 0.617196
3.44406, -0.257692, -3.0154, 0.382804, 0.382804, 0.617196
3.4441, -0.257692, -3.0154, 0.382804, 0.382804, 0.617196
3.44415, -0.257692, -3.0154, 0.382804, 0.382804, 0.617196
3.44419, -0.257692, -3.0154, 0.382804, 0.382804, 0.617196
3.44423, -0.257692, -3.0154, 0.382804, 0.382804, 0.617196
3.44428, -0.257692, -3.0154, 0.382804, 0.382804, 0.617196
3.44432, -0.257692, -3.0154, 0.382804, 0.382804, 0.617196
3.44437, -0.257692, -3.0154, 0.382804, 0.382804, 0.617196
3.44441, -0.257692, -3.0154, 0.382804, 0.382804, 0.617196
3.44446, -0.257692, -3.0154, 0.382804, 0.382804, 0.617196
3.4445, -0.257692, -3.0154, 0.382804, 0.382804, 0.617196
3.44455, -0.257692, -3.0154, 0.382804, 0.382804, 0.617196
3.44459, -0.257692, -3.0154, 0.382804, 0.382804, 0.617196
3.44464, -0.257692, -3.0154, 0.382804, 0.382804, 0.617196
3.44468, -0.257692, -3.0154, 0.382804, 0.382804, 0.617196
3.44473, -0.257692, -3.0154, 0.382804, 0.382804, 0.617196
3.44477, -0.257692, -3.0154, 0.382804, 0.382804, 0.617196
3.44482, -0.257692, -3.0154, 0.382804, 0.382804, 0.617196
3.44486, -0.257692, -3.0154, 0.382804, 0.382804, 0.617196
3.44491, -0.257692, -3.0154, 0.382804, 0.382804, 0.617196
3.44495, -0.257692, -3.0154, 0.382804, 0.382804, 0.617196
3.445, -0.257692, -3.0154, 0.382804, 0.382804, 0.617196
3.44504, -0.257692, -3.0154, 0.382804, 0.382804, 0.617196
3.44509, -0.257692, -3.0154, 0.382804, 0.382804, 0.617196
3.44513, -0.257692, -3.0154, 0.382804, 0.382804, 0.617196
3.44518, -0.257692, -3.0154, 0.382804, 0.382804, 0.617196
3.44522, -0.257692, -3.0154, 0.382804, 0.382804, 0.617196
3.44527, -0.257692, -3.0154, 0.382804, 0.382804, 0.617196
3.44531, -0.257692, -3.0154, 0.382804, 0.382804, 0.617196
3.44536, -0.257692, -3.0154, 0.382804, 0.382804, 0.617196
3.4454, -0.257692, -3.0154, 0.382804, 0.382804, 0.617196
3.44545, -0.257692, -3.0154, 0.382804, 0.382804, 0.617196
3.44549, -0.257692, -3.0154, 0.382804, 0.382804, 0.617196
3.44554, -0.257692, -3.0154, 0.382804, 0.382804, 0.617196
3.44558, -0.257707, -3.01554, 0.382827, 0.382827, 0.617173
3.44563, -0.257707, -3.01554, 0.382827, 0.382827, 0.617173
3.44567, -0.257707, -3.01554, 0.382827, 0.382827, 0.617173
3.44572, -0.257707, -3.01554, 0.382827, 0.382827, 0.617173
3.44576, -0.257707, -3.01554, 0.382827, 0.382827, 0.617173
3.44581, -0.257707, -3.01554, 0.382827, 0.382827, 0.617173
3.44585, -0.257707, -3.01554, 0.382827, 0.382827, 0.617173
3.4459, -0.257707, -3.01554, 0.382827, 0.382827, 0.617173
3.44594, -0.257707, -3.01554, 0.382827, 0.382827, 0.617173
3.44599, -0.257707, -3.01554, 0.382827, 0.382827, 0.617173
3.44603, -0.257707, -3.01554, 0.382827, 0.382827, 0.617173
3.44608, -0.257707, -3.01554, 0.382827, 0.382827, 0.617173
3.44612, -0.257707, -3.01554, 0.382827, 0.382827, 0.617173
3.44617, -0.257707, -3.01554, 0.382827, 0.382827, 0.617173
3.44621, -0.257707, -3.01554, 0.382827, 0.382827, 0.617173
3.44626, -0.257707, -3.01554, 0.382827, 0.382827, 0.617173
3.4463, -0.257707, -3.01554, 0.382827, 0.382827, 0.617173
3.44635, -0.257707, -3.01554, 0.382827, 0.382827, 0.617173
3.44639, -0.257707, -3.01554, 0.382827, 0.382827, 0.617173
3.44643, -0.257707, -3.01554, 0.382827, 0.382827, 0.617173
3.44648, -0.257707, -3.01554, 0.382827, 0.382827, 0.617173
3.44652, -0.257707, -3.01554, 0.382827, 0.382827, 0.617173
3.44657, -0.257707, -3.01554, 0.382827, 0.382827, 0.617173
3.44661, -0.257707, -3.01554, 0.382827, 0.382827, 0.617173
3.44666, -0.257707, -3.01554, 0.382827, 0.382827, 0.617173
3.4467, -0.257707, -3.01554, 0.382827, 0.382827, 0.617173
3.44675, -0.257707, -3.01554, 0.382827, 0.382827, 0.617173
3.44679, -0.257707, -3.01554, 0.382827, 0.382827, 0.617173
3.44684, -0.257707, -3.01554, 0.382827, 0.382827, 0.617173
3.44688, -0.257707, -3.01554, 0.382827, 0.382827, 0.617173
3.44693, -0.257707, -3.01554, 0.382827, 0.382827, 0.617173
3.44697, -0.257707, -3.01554, 0.382827, 0.382827, 0.617173
3.44702, -0.257707, -3.01554, 0.382827, 0.382827, 0.617173
3.44706, -0.257707, -3.01554, 0.382827, 0.382827, 0.617173
3.44711, -0.257707, -3.01554, 0.382827, 0.382827, 0.617173
3.44715, -0.257707, -3.01554, 0.382827, 0.382827, 0.617173
3.4472, -0.257707, -3.01554, 0.382827, 0.382827, 0.617173
3.44724, -0.257707, -3.01554, 0.382827, 0.382827, 0.617173
3.44729, -0.257707, -3.01554, 0.382827, 0.382827, 0.617173
3.44733, -0.257707, -3.01554, 0.382827, 0.382827, 0.617173
3.44738, -0.257707, -3.01554, 0.382827, 0.382827, 0.617173
3.44742, -0.257707, -3.01554, 0.382827, 0.382827, 0.617173
3.44747, -0.257707, -3.01554, 0.382827, 0.382827, 0.617173
3.44751, -0.257707, -3.01554, 0.382827, 0.382827, 0.617173
3.44756, -0.257707, -3.01554, 0.382827, 0.382827, 0.617173
3.4476, -0.257707, -3.01554, 0.382827, 0.382827, 0.617173
3.44765, -0.257707, -3.01554, 0.382827, 0.382827, 0.617173
3.44769, -0.257707, -3.01554, 0.382827, 0.382827, 0.617173
3.44774, -0.257707, -3.01554, 0.382827, 0.382827, 0.617173
3.44778, -0.257707, -3.01554, 0.382827, 0.382827, 0.617173
3.44783, -0.257707, -3.01554, 0.382827, 0.382827, 0.617173
3.44787, -0.257707, -3.01554, 0.382827, 0.382827, 0.617173
3.44792, -0.257707, -3.01554, 0.382827, 0.382827, 0.617173
3.44796, -0.257707, -3.01554, 0.382827, 0.382827, 0.617173
3.44801, -0.257707, -3.01554, 0.382827, 0.382827, 0.617173
3.44805, -0.257707, -3.01554, 0.382827, 0.382827, 0.617173
3.4481, -0.257707, -3.01554, 0.382827, 0.382827, 0.617173
3.44814, -0.257707, -3.01554, 0.382827, 0.382827, 0.617173
3.44819, -0.257707, -3.01554, 0.382827, 0.382827, 0.617173
3.44823, -0.257707, -3.01554, 0.382827, 0.382827, 0.617173
3.44828, -0.257707, -3.01554, 0.382827, 0.382827, 0.617173
3.44832, -0.257707, -3.01554, 0.382827, 0.382827, 0.617173
3.44837, -0.257707, -3.01554, 0.382827, 0.382827, 0.617173
3.44841, -0.257707, -3.01554, 0.382827, 0.382827, 0.617173
3.44846, -0.257707, -3.01554, 0.382827, 0.382827, 0.617173
3.4485, -0.257707, -3.01554, 0.382827, 0.382827, 0.617173
3.44855, -0.257707, -3.01554, 0.382827, 0.382827, 0.617173
3.44859, -0.257707, -3.01554, 0.382827, 0.382827, 0.617173
3.44864, -0.257707, -3.01554, 0.382827, 0.382827, 0.617173
3.44868, -0.257707, -3.01554, 0.382827, 0.382827, 0.617173
3.44872, -0.257707, -3.01554, 0.382827, 0.382827, 0.617173
3.44877, -0.257721, -3.01568, 0.38285, 0.38285, 0.61715
3.44881, -0.257721, -3.01568, 0.38285, 0.38285, 0.61715
3.44886, -0.257721, -3.01568, 0.38285, 0.38285, 0.61715
3.4489, -0.257721, -3.01568, 0.38285, 0.38285, 0.61715
3.44895, -0.257721, -3.01568, 0.38285, 0.38285, 0.61715
3.44899, -0.257721, -3.01568, 0.38285, 0.38285, 0.61715
3.44904, -0.257721, -3.01568, 0.38285, 0.38285, 0.61715
3.44908, -0.257721, -3.01568, 0.38285, 0.38285, 0.61715
3.44913, -0.257721, -3.01568, 0.38285, 0.38285, 0.61715
3.44917, -0.257721, -3.01568, 0.38285, 0.38285, 0.61715
3.44922, -0.257721, -3.01568, 0.38285, 0.38285, 0.61715
3.44926, -0.257721, -3.01568, 0.38285, 0.38285, 0.61715
3.44931, -0.257721, -3.01568, 0.38285, 0.38285, 0.61715
3.44935, -0.257721, -3.01568, 0.38285, 0.38285, 0.61715
3.4494, -0.257721, -3.01568, 0.38285, 0.38285, 0.61715
3.44944, -0.257721, -3.01568, 0.38285, 0.38285, 0.61715
3.44949, -0.257721, -3.01568, 0.38285, 0.38285, 0.61715
3.44953, -0.257721, -3.01568, 0.38285, 0.38285, 0.61715
3.44958, -0.257721, -3.01568, 0.38285, 0.38285, 0.61715
3.44962, -0.257721, -3.01568, 0.38285, 0.38285, 0.61715
3.44967, -0.257721, -3.01568, 0.38285, 0.38285, 0.61715
3.44971, -0.257721, -3.01568, 0.38285, 0.38285, 0.61715
3.44976, -0.257721, -3.01568, 0.38285, 0.38285, 0.61715
3.4498, -0.257721, -3.01568, 0.38285, 0.38285, 0.61715
3.44985, -0.257721, -3.01568, 0.38285, 0.38285, 0.61715
3.44989, -0.257721, -3.01568, 0.38285, 0.38285, 0.61715
3.44994, -0.257721, -3.01568, 0.38285, 0.38285, 0.61715
3.44998, -0.257721, -3.01568, 0.38285, 0.38285, 0.61715
3.45003, -0.257721, -3.01568, 0.38285, 0.38285, 0.61715
3.45007, -0.257721, -3.01568, 0.38285, 0.38285, 0.61715
3.45012, -0.257721, -3.01568, 0.38285, 0.38285, 0.61715
3.45016, -0.257721, -3.01568, 0.38285, 0.38285, 0.61715
3.45021, -0.257721, -3.01568, 0.38285, 0.38285, 0.61715
3.45025, -0.257721, -3.01568, 0.38285, 0.38285, 0.61715
3.4503, -0.257721, -3.01568, 0.38285, 0.38285, 0.61715
3.45034, -0.257721, -3.01568, 0.38285, 0.38285, 0.61715
3.45039, -0.257721, -3.01568, 0.38285, 0.38285, 0.61715
3.45043, -0.257721, -3.01568, 0.38285, 0.38285, 0.61715
3.45048, -0.257721, -3.01568, 0.38285, 0.38285, 0.61715
3.45052, -0.257721, -3.01568, 0.38285, 0.38285, 0.61715
3.45057, -0.257721, -3.01568, 0.38285, 0.38285, 0.61715
3.45061, -0.257721, -3.01568, 0.38285, 0.38285, 0.61715
3.45066, -0.257721, -3.01568, 0.38285, 0.38285, 0.61715
3.4507, -0.257721, -3.01568, 0.38285, 0.38285, 0.61715
3.45075, -0.257721, -3.01568, 0.38285, 0.38285, 0.61715
3.45079, -0.257721, -3.01568, 0.38285, 0.38285, 0.61715
3.45084, -0.257721, -3.01568, 0.38285, 0.38285, 0.61715
3.45088, -0.257721, -3.01568, 0.38285, 0.38285, 0.61715
3.45092, -0.257721, -3.01568, 0.38285, 0.38285, 0.61715
3.45097, -0.257721, -3.01568, 0.38285, 0.38285, 0.61715
3.45101, -0.257721, -3.01568, 0.38285, 0.38285, 0.61715
3.45106, -0.257721, -3.01568, 0.38285, 0.38285, 0.61715
3.4511, -0.257721, -3.01568, 0.38285, 0.38285, 0.61715
3.45115, -0.257721, -3.01568, 0.38285, 0.38285, 0.61715
3.45119, -0.257721, -3.01568, 0.38285, 0.38285, 0.61715
3.45124, -0.257721, -3.01568, 0.38285, 0.38285, 0.61715
3.45128, -0.257721, -3.01568, 0.38285, 0.38285, 0.61715
3.45133, -0.257721, -3.01568, 0.38285, 0.38285, 0.61715
3.45137, -0.257721, -3.01568, 0.38285, 0.38285, 0.61715
3.45142, -0.257721, -3.01568, 0.38285, 0.38285, 0.61715
3.45146, -0.257721, -3.01568, 0.38285, 0.38285, 0.61715
3.45151, -0.257721, -3.01568, 0.38285, 0.38285, 0.61715
3.45155, -0.257721, -3.01568, 0.38285, 0.38285, 0.61715
3.4516, -0.257721, -3.01568, 0.38285, 0.38285, 0.61715
3.45164, -0.257721, -3.01568, 0.38285, 0.38285, 0.61715
3.45169, -0.257721, -3.01568, 0.38285, 0.38285, 0.61715
3.45173, -0.257721, -3.01568, 0.38285, 0.38285, 0.61715
3.45178, -0.257721, -3.01568, 0.38285, 0.38285, 0.61715
3.45182, -0.257721, -3.01568, 0.38285, 0.38285, 0.61715
3.45187, -0.257721, -3.01568, 0.38285, 0.38285, 0.61715
3.45191, -0.257721, -3.01568, 0.38285, 0.38285, 0.61715
3.45196, -0.257721, -3.01568, 0.38285, 0.38285, 0.61715
3.452, -0.257736, -3.01582, 0.382873, 0.382873, 0.617127
3.45205, -0.257736, -3.01582, 0.382873, 0.382873, 0.617127
3.45209, -0.257736, -3.01582, 0.382873, 0.382873, 0.617127
3.45214, -0.257736, -3.01582, 0.382873, 0.382873, 0.617127
3.45218, -0.257736, -3.01582, 0.382873, 0.382873, 0.617127
3.45223, -0.257736, -3.01582, 0.382873, 0.382873, 0.617127
3.45227, -0.257736, -3.01582, 0.382873, 0.382873, 0.617127
3.45232, -0.257736, -3.01582, 0.382873, 0.382873, 0.617127
3.45236, -0.257736, -3.01582, 0.382873, 0.382873, 0.617127
3.45241, -0.257736, -3.01582, 0.382873, 0.382873, 0.617127
3.45245, -0.257736, -3.01582, 0.382873, 0.382873, 0.617127
3.4525, -0.257736, -3.01582, 0.382873, 0.382873, 0.617127
3.45254, -0.257736, -3.01582, 0.382873, 0.382873, 0.617127
3.45259, -0.257736, -3.01582, 0.382873, 0.382873, 0.617127
3.45263, -0.257736, -3.01582, 0.382873, 0.382873, 0.617127
3.45268, -0.257736, -3.01582, 0.382873, 0.382873, 0.617127
3.45272, -0.257736, -3.01582, 0.382873, 0.382873, 0.617127
3.45277, -0.257736, -3.01582, 0.382873, 0.382873, 0.617127
3.45281, -0.257736, -3.01582, 0.382873, 0.382873, 0.617127
3.45286, -0.257736, -3.01582, 0.382873, 0.382873, 0.617127
3.4529, -0.257736, -3.01582, 0.382873, 0.382873, 0.617127
3.45295, -0.257736, -3.01582, 0.382873, 0.382873, 0.617127
3.45299, -0.257736, -3.01582, 0.382873, 0.382873, 0.617127
3.45304, -0.257736, -3.01582, 0.382873, 0.382873, 0.617127
3.45308, -0.257736, -3.01582, 0.382873, 0.382873, 0.617127
3.45312, -0.257736, -3.01582, 0.382873, 0.382873, 0.617127
3.45317, -0.257736, -3.01582, 0.382873, 0.382873, 0.617127
3.45321, -0.257736, -3.01582, 0.382873, 0.382873, 0.617127
3.45326, -0.257736, -3.01582, 0.382873, 0.382873, 0.617127
3.4533, -0.257736, -3.01582, 0.382873, 0.382873, 0.617127
3.45335, -0.257736, -3.01582, 0.382873, 0.382873, 0.617127
3.45339, -0.257736, -3.01582, 0.382873, 0.382873, 0.617127
3.45344, -0.257736, -3.01582, 0.382873, 0.382873, 0.617127
3.45348, -0.257736, -3.01582, 0.382873, 0.382873, 0.617127
3.45353, -0.257736, -3.01582, 0.382873, 0.382873, 0.617127
3.45357, -0.257736, -3.01582, 0.382873, 0.382873, 0.617127
3.45362, -0.257736, -3.01582, 0.382873, 0.382873, 0.617127
3.45366, -0.257736, -3.01582, 0.382873, 0.382873, 0.617127
3.45371, -0.257736, -3.01582, 0.382873, 0.382873, 0.617127
3.45375, -0.257736, -3.01582, 0.382873, 0.382873, 0.617127
3.4538, -0.257736, -3.01582, 0.382873, 0.382873, 0.617127
3.45384, -0.257736, -3.01582, 0.382873, 0.382873, 0.617127
3.45389, -0.257736, -3.01582, 0.382873, 0.382873, 0.617127
3.45393, -0.257736, -3.01582, 0.382873, 0.382873, 0.617127
3.45398, -0.257736, -3.01582, 0.382873, 0.382873, 0.617127
3.45402, -0.257736, -3.01582, 0.382873, 0.382873, 0.617127
3.45407, -0.257736, -3.01582, 0.382873, 0.382873, 0.617127
3.45411, -0.257736, -3.01582, 0.382873, 0.382873, 0.617127
3.45416, -0.257736, -3.01582, 0.382873, 0.382873, 0.617127
3.4542, -0.257736, -3.01582, 0.382873, 0.382873, 0.617127
3.45425, -0.257736, -3.01582, 0.382873, 0.382873, 0.617127
3.45429, -0.257736, -3.01582, 0.382873, 0.382873, 0.617127
3.45434, -0.257736, -3.01582, 0.382873, 0.382873, 0.617127
3.45438, -0.257736, -3.01582, 0.382873, 0.382873, 0.617127
3.45443, -0.257736, -3.01582, 0.382873, 0.382873, 0.617127
3.45447, -0.257736, -3.01582, 0.382873, 0.382873, 0.617127
3.45452, -0.257736, -3.01582, 0.382873, 0.382873, 0.617127
3.45456, -0.257736, -3.01582, 0.382873, 0.382873, 0.617127
3.45461, -0.257736, -3.01582, 0.382873, 0.382873, 0.617127
3.45465, -0.257736, -3.01582, 0.382873, 0.382873, 0.617127
3.4547, -0.257736, -3.01582, 0.382873, 0.382873, 0.617127
3.45474, -0.257736, -3.01582, 0.382873, 0.382873, 0.617127
3.45479, -0.257736, -3.01582, 0.382873, 0.382873, 0.617127
3.45483, -0.257736, -3.01582, 0.382873, 0.382873, 0.617127
3.45488, -0.257736, -3.01582, 0.382873, 0.382873, 0.617127
3.45492, -0.257736, -3.01582, 0.382873, 0.382873, 0.617127
3.45497, -0.257736, -3.01582, 0.382873, 0.382873, 0.617127
3.45501, -0.257736, -3.01582, 0.382873, 0.382873, 0.617127
3.45506, -0.257736, -3.01582, 0.382873, 0.382873, 0.617127
3.4551, -0.257736, -3.01582, 0.382873, 0.382873, 0.617127
3.45515, -0.257736, -3.01582, 0.382873, 0.382873, 0.617127
3.45519, -0.257751, -3.01596, 0.382896, 0.382896, 0.617104
3.45524, -0.257751, -3.01596, 0.382896, 0.382896, 0.617104
3.45528, -0.257751, -3.01596, 0.382896, 0.382896, 0.617104
3.45533, -0.257751, -3.01596, 0.382896, 0.382896, 0.617104
3.45537, -0.257751, -3.01596, 0.382896, 0.382896, 0.617104
3.45541, -0.257751, -3.01596, 0.382896, 0.382896, 0.617104
3.45546, -0.257751, -3.01596, 0.382896, 0.382896, 0.617104
3.4555, -0.257751, -3.01596, 0.382896, 0.382896, 0.617104
3.45555, -0.257751, -3.01596, 0.382896, 0.382896, 0.617104
3.45559, -0.257751, -3.01596, 0.382896, 0.382896, 0.617104
3.45564, -0.257751, -3.01596, 0.382896, 0.382896, 0.617104
3.45568, -0.257751, -3.01596, 0.382896, 0.382896, 0.617104
3.45573, -0.257751, -3.01596, 0.382896, 0.382896, 0.617104
3.45577, -0.257751, -3.01596, 0.382896, 0.382896, 0.617104
3.45582, -0.257751, -3.01596, 0.382896, 0.382896, 0.617104
3.45586, -0.257751, -3.01596, 0.382896, 0.382896, 0.617104
3.45591, -0.257751, -3.01596, 0.382896, 0.382896, 0.617104
3.45595, -0.257751, -3.01596, 0.382896, 0.382896, 0.617104
3.456, -0.257751, -3.01596, 0.382896, 0.382896, 0.617104
3.45604, -0.257751, -3.01596, 0.382896, 0.382896, 0.617104
3.45609, -0.257751, -3.01596, 0.382896, 0.382896, 0.617104
3.45613, -0.257751, -3.01596, 0.382896, 0.382896, 0.617104
3.45618, -0.257751, -3.01596, 0.382896, 0.382896, 0.617104
3.45622, -0.257751, -3.01596, 0.382896, 0.382896, 0.617104
3.45627, -0.257751, -3.01596, 0.382896, 0.382896, 0.617104
3.45631, -0.257751, -3.01596, 0.382896, 0.382896, 0.617104
3.45636, -0.257751, -3.01596, 0.382896, 0.382896, 0.617104
3.4564, -0.257751, -3.01596, 0.382896, 0.382896, 0.617104
3.45645, -0.257751, -3.01596, 0.382896, 0.382896, 0.617104
3.45649, -0.257751, -3.01596, 0.382896, 0.382896, 0.617104
3.45654, -0.257751, -3.01596, 0.382896, 0.382896, 0.617104
3.45658, -0.257751, -3.01596, 0.382896, 0.382896, 0.617104
3.45663, -0.257751, -3.01596, 0.382896, 0.382896, 0.617104
3.45667, -0.257751, -3.01596, 0.382896, 0.382896, 0.617104
3.45672, -0.257751, -3.01596, 0.382896, 0.382896, 0.617104
3.45676, -0.257751, -3.01596, 0.382896, 0.382896, 0.617104
3.45681, -0.257751, -3.01596, 0.382896, 0.382896, 0.617104
3.45685, -0.257751, -3.01596, 0.382896, 0.382896, 0.617104
3.4569, -0.257751, -3.01596, 0.382896, 0.382896, 0.617104
3.45694, -0.257751, -3.01596, 0.382896, 0.382896, 0.617104
3.45699, -0.257751, -3.01596, 0.382896, 0.382896, 0.617104
3.45703, -0.257751, -3.01596, 0.382896, 0.382896, 0.617104
3.45708, -0.257751, -3.01596, 0.382896, 0.382896, 0.617104
3.45712, -0.257751, -3.01596, 0.382896, 0.382896, 0.617104
3.45717, -0.257751, -3.01596, 0.382896, 0.382896, 0.617104
3.45721, -0.257751, -3.01596, 0.382896, 0.382896, 0.617104
3.45726, -0.257751, -3.01596, 0.382896, 0.382896, 0.617104
3.4573, -0.257751, -3.01596, 0.382896, 0.382896, 0.617104
3.45735, -0.257751, -3.01596, 0.382896, 0.382896, 0.617104
3.45739, -0.257751, -3.01596, 0.382896, 0.382896, 0.617104
3.45744, -0.257751, -3.01596, 0.382896, 0.382896, 0.617104
3.45748, -0.257751, -3.01596, 0.382896, 0.382896, 0.617104
3.45753, -0.257751, -3.01596, 0.382896, 0.382896, 0.617104
3.45757, -0.257751, -3.01596, 0.382896, 0.382896, 0.617104
3.45761, -0.257751, -3.01596, 0.382896, 0.382896, 0.617104
3.45766, -0.257751, -3.01596, 0.382896, 0.382896, 0.617104
3.4577, -0.257751, -3.01596, 0.382896, 0.382896, 0.617104
3.45775, -0.257751, -3.01596, 0.382896, 0.382896, 0.617104
3.45779, -0.257751, -3.01596, 0.382896, 0.382896, 0.617104
3.45784, -0.257751, -3.01596, 0.382896, 0.382896, 0.617104
3.45788, -0.257751, -3.01596, 0.382896, 0.382896, 0.617104
3.45793, -0.257751, -3.01596, 0.382896, 0.382896, 0.617104
3.45797, -0.257751, -3.01596, 0.382896, 0.382896, 0.617104
3.45802, -0.257751, -3.01596, 0.382896, 0.382896, 0.617104
3.45806, -0.257751, -3.01596, 0.382896, 0.382896, 0.617104
3.45811, -0.257751, -3.01596, 0.382896, 0.382896, 0.617104
3.45815, -0.257751, -3.01596, 0.382896, 0.382896, 0.617104
3.4582, -0.257751, -3.01596, 0.382896, 0.382896, 0.617104
3.45824, -0.257751, -3.01596, 0.382896, 0.382896, 0.617104
3.45829, -0.257751, -3.01596, 0.382896, 0.382896, 0.617104
3.45833, -0.257751, -3.01596, 0.382896, 0.382896, 0.617104
3.45838, -0.257766, -3.0161, 0.382919, 0.382919, 0.617081
3.45842, -0.257766, -3.0161, 0.382919, 0.382919, 0.617081
3.45847, -0.257766, -3.0161, 0.382919, 0.382919, 0.617081
3.45851, -0.257766, -3.0161, 0.382919, 0.382919, 0.617081
3.45856, -0.257766, -3.0161, 0.382919, 0.382919, 0.617081
3.4586, -0.257766, -3.0161, 0.382919, 0.382919, 0.617081
3.45865, -0.257766, -3.0161, 0.382919, 0.382919, 0.617081
3.45869, -0.257766, -3.0161, 0.382919, 0.382919, 0.617081
3.45874, -0.257766, -3.0161, 0.382919, 0.382919, 0.617081
3.45878, -0.257766, -3.0161, 0.382919, 0.382919, 0.617081
3.45883, -0.257766, -3.0161, 0.382919, 0.382919, 0.617081
3.45887, -0.257766, -3.0161, 0.382919, 0.382919, 0.617081
3.45892, -0.257766, -3.0161, 0.382919, 0.382919, 0.617081
3.45896, -0.257766, -3.0161, 0.382919, 0.382919, 0.617081
3.45901, -0.257766, -3.0161, 0.382919, 0.382919, 0.617081
3.45905, -0.257766, -3.0161, 0.382919, 0.382919, 0.617081
3.4591, -0.257766, -3.0161, 0.382919, 0.382919, 0.617081
3.45914, -0.257766, -3.0161, 0.382919, 0.382919, 0.617081
3.45919, -0.257766, -3.0161, 0.382919, 0.382919, 0.617081
3.45923, -0.257766, -3.0161, 0.382919, 0.382919, 0.617081
3.45928, -0.257766, -3.0161, 0.382919, 0.382919, 0.617081
3.45932, -0.257766, -3.0161, 0.382919, 0.382919, 0.617081
3.45937, -0.257766, -3.0161, 0.382919, 0.382919, 0.617081
3.45941, -0.257766, -3.0161, 0.382919, 0.382919, 0.617081
3.45946, -0.257766, -3.0161, 0.382919, 0.382919, 0.617081
3.4595, -0.257766, -3.0161, 0.382919, 0.382919, 0.617081
3.45955, -0.257766, -3.0161, 0.382919, 0.382919, 0.617081
3.45959, -0.257766, -3.0161, 0.382919, 0.382919, 0.617081
3.45964, -0.257766, -3.0161, 0.382919, 0.382919, 0.617081
3.45968, -0.257766, -3.0161, 0.382919, 0.382919, 0.617081
3.45973, -0.257766, -3.0161, 0.382919, 0.382919, 0.617081
3.45977, -0.257766, -3.0161, 0.382919, 0.382919, 0.617081
3.45982, -0.257766, -3.0161, 0.382919, 0.382919, 0.617081
3.45986, -0.257766, -3.0161, 0.382919, 0.382919, 0.617081
3.4599, -0.257766, -3.0161, 0.382919, 0.382919, 0.617081
3.45995, -0.257766, -3.0161, 0.382919, 0.382919, 0.617081
3.45999, -0.257766, -3.0161, 0.382919, 0.382919, 0.617081
3.46004, -0.257766, -3.0161, 0.382919, 0.382919, 0.617081
3.46008, -0.257766, -3.0161, 0.382919, 0.382919, 0.617081
3.46013, -0.257766, -3.0161, 0.382919, 0.382919, 0.617081
3.46017, -0.257766, -3.0161, 0.382919, 0.382919, 0.617081
3.46022, -0.257766, -3.0161, 0.382919, 0.382919, 0.617081
3.46026, -0.257766, -3.0161, 0.382919, 0.382919, 0.617081
3.46031, -0.257766, -3.0161, 0.382919, 0.382919, 0.617081
3.46035, -0.257766, -3.0161, 0.382919, 0.382919, 0.617081
3.4604, -0.257766, -3.0161, 0.382919, 0.382919, 0.617081
3.46044, -0.257766, -3.0161, 0.382919, 0.382919, 0.617081
3.46049, -0.257766, -3.0161, 0.382919, 0.382919, 0.617081
3.46053, -0.257766, -3.0161, 0.382919, 0.382919, 0.617081
3.46058, -0.257766, -3.0161, 0.382919, 0.382919, 0.617081
3.46062, -0.257766, -3.0161, 0.382919, 0.382919, 0.617081
3.46067, -0.257766, -3.0161, 0.382919, 0.382919, 0.617081
3.46071, -0.257766, -3.0161, 0.382919, 0.382919, 0.617081
3.46076, -0.257766, -3.0161, 0.382919, 0.382919, 0.617081
3.4608, -0.257766, -3.0161, 0.382919, 0.382919, 0.617081
3.46085, -0.257766, -3.0161, 0.382919, 0.382919, 0.617081
3.46089, -0.257766, -3.0161, 0.382919, 0.382919, 0.617081
3.46094, -0.257766, -3.0161, 0.382919, 0.382919, 0.617081
3.46098, -0.257766, -3.0161, 0.382919, 0.382919, 0.617081
3.46103, -0.257766, -3.0161, 0.382919, 0.382919, 0.617081
3.46107, -0.257766, -3.0161, 0.382919, 0.382919, 0.617081
3.46112, -0.257766, -3.0161, 0.382919, 0.382919, 0.617081
3.46116, -0.257766, -3.0161, 0.382919, 0.382919, 0.617081
3.46121, -0.257766, -3.0161, 0.382919, 0.382919, 0.617081
3.46125, -0.257766, -3.0161, 0.382919, 0.382919, 0.617081
3.4613, -0.257766, -3.0161, 0.382919, 0.382919, 0.617081
3.46134, -0.257766, -3.0161, 0.382919, 0.382919, 0.617081
3.46139, -0.257766, -3.0161, 0.382919, 0.382919, 0.617081
3.46143, -0.257766, -3.0161, 0.382919, 0.382919, 0.617081
3.46148, -0.257766, -3.0161, 0.382919, 0.382919, 0.617081
3.46152, -0.257766, -3.0161, 0.382919, 0.382919, 0.617081
3.46157, -0.257766, -3.0161, 0.382919, 0.382919, 0.617081
3.46161, -0.257781, -3.01624, 0.382942, 0.382942, 0.617058
3.46166, -0.257781, -3.01624, 0.382942, 0.382942, 0.617058
3.4617, -0.257781, -3.01624, 0.382942, 0.382942, 0.617058
3.46175, -0.257781, -3.01624, 0.382942, 0.382942, 0.617058
3.46179, -0.257781, -3.01624, 0.382942, 0.382942, 0.617058
3.46184, -0.257781, -3.01624, 0.382942, 0.382942, 0.617058
3.46188, -0.257781, -3.01624, 0.382942, 0.382942, 0.617058
3.46193, -0.257781, -3.01624, 0.382942, 0.382942, 0.617058
3.46197, -0.257781, -3.01624, 0.382942, 0.382942, 0.617058
3.46202, -0.257781, -3.01624, 0.382942, 0.382942, 0.617058
3.46206, -0.257781, -3.01624, 0.382942, 0.382942, 0.617058
3.4621, -0.257781, -3.01624, 0.382942, 0.382942, 0.617058
3.46215, -0.257781, -3.01624, 0.382942, 0.382942, 0.617058
3.46219, -0.257781, -3.01624, 0.382942, 0.382942, 0.617058
3.46224, -0.257781, -3.01624, 0.382942, 0.382942, 0.617058
3.46228, -0.257781, -3.01624, 0.382942, 0.382942, 0.617058
3.46233, -0.257781, -3.01624, 0.382942, 0.382942, 0.617058
3.46237, -0.257781, -3.01624, 0.382942, 0.382942, 0.617058
3.46242, -0.257781, -3.01624, 0.382942, 0.382942, 0.617058
3.46246, -0.257781, -3.01624, 0.382942, 0.382942, 0.617058
3.46251, -0.257781, -3.01624, 0.382942, 0.382942, 0.617058
3.46255, -0.257781, -3.01624, 0.382942, 0.382942, 0.617058
3.4626, -0.257781, -3.01624, 0.382942, 0.382942, 0.617058
3.46264, -0.257781, -3.01624, 0.382942, 0.382942, 0.617058
3.46269, -0.257781, -3.01624, 0.382942, 0.382942, 0.617058
3.46273, -0.257781, -3.01624, 0.382942, 0.382942, 0.617058
3.46278, -0.257781, -3.01624, 0.382942, 0.382942, 0.617058
3.46282, -0.257781, -3.01624, 0.382942, 0.382942, 0.617058
3.46287, -0.257781, -3.01624, 0.382942, 0.382942, 0.617058
3.46291, -0.257781, -3.01624, 0.382942, 0.382942, 0.617058
3.46296, -0.257781, -3.01624, 0.382942, 0.382942, 0.617058
3.463, -0.257781, -3.01624, 0.382942, 0.382942, 0.617058
3.46305, -0.257781, -3.01624, 0.382942, 0.382942, 0.617058
3.46309, -0.257781, -3.01624, 0.382942, 0.382942, 0.617058
3.46314, -0.257781, -3.01624, 0.382942, 0.382942, 0.617058
3.46318, -0.257781, -3.01624, 0.382942, 0.382942, 0.617058
3.46323, -0.257781, -3.01624, 0.382942, 0.382942, 0.617058
3.46327, -0.257781, -3.01624, 0.382942, 0.382942, 0.617058
3.46332, -0.257781, -3.01624, 0.382942, 0.382942, 0.617058
3.46336, -0.257781, -3.01624, 0.382942, 0.382942, 0.617058
3.46341, -0.257781, -3.01624, 0.382942, 0.382942, 0.617058
3.46345, -0.257781, -3.01624, 0.382942, 0.382942, 0.617058
3.4635, -0.257781, -3.01624, 0.382942, 0.382942, 0.617058
3.46354, -0.257781, -3.01624, 0.382942, 0.382942, 0.617058
3.46359, -0.257781, -3.01624, 0.382942, 0.382942, 0.617058
3.46363, -0.257781, -3.01624, 0.382942, 0.382942, 0.617058
3.46368, -0.257781, -3.01624, 0.382942, 0.382942, 0.617058
3.46372, -0.257781, -3.01624, 0.382942, 0.382942, 0.617058
3.46377, -0.257781, -3.01624, 0.382942, 0.382942, 0.617058
3.46381, -0.257781, -3.01624, 0.382942, 0.382942, 0.617058
3.46386, -0.257781, -3.01624, 0.382942, 0.382942, 0.617058
3.4639, -0.257781, -3.01624, 0.382942, 0.382942, 0.617058
3.46395, -0.257781, -3.01624, 0.382942, 0.382942, 0.617058
3.46399, -0.257781, -3.01624, 0.382942, 0.382942, 0.617058
3.46404, -0.257781, -3.01624, 0.382942, 0.382942, 0.617058
3.46408, -0.257781, -3.01624, 0.382942, 0.382942, 0.617058
3.46413, -0.257781, -3.01624, 0.382942, 0.382942, 0.617058
3.46417, -0.257781, -3.01624, 0.382942, 0.382942, 0.617058
3.46422, -0.257781, -3.01624, 0.382942, 0.382942, 0.617058
3.46426, -0.257781, -3.01624, 0.382942, 0.382942, 0.617058
3.4643, -0.257781, -3.01624, 0.382942, 0.382942, 0.617058
3.46435, -0.257781, -3.01624, 0.382942, 0.382942, 0.617058
3.46439, -0.257781, -3.01624, 0.382942, 0.382942, 0.617058
3.46444, -0.257781, -3.01624, 0.382942, 0.382942, 0.617058
3.46448, -0.257781, -3.01624, 0.382942, 0.382942, 0.617058
3.46453, -0.257781, -3.01624, 0.382942, 0.382942, 0.617058
3.46457, -0.257781, -3.01624, 0.382942, 0.382942, 0.617058
3.46462, -0.257781, -3.01624, 0.382942, 0.382942, 0.617058
3.46466, -0.257781, -3.01624, 0.382942, 0.382942, 0.617058
3.46471, -0.257781, -3.01624, 0.382942, 0.382942, 0.617058
3.46475, -0.257781, -3.01624, 0.382942, 0.382942, 0.617058
3.4648, -0.257796, -3.01638, 0.382965, 0.382965, 0.617035
3.46484, -0.257796, -3.01638, 0.382965, 0.382965, 0.617035
3.46489, -0.257811, -3.01652, 0.382988, 0.382988, 0.617012
3.46493, -0.257811, -3.01652, 0.382988, 0.382988, 0.617012
3.46498, -0.257811, -3.01652, 0.382988, 0.382988, 0.617012
3.46502, -0.257811, -3.01652, 0.382988, 0.382988, 0.617012
3.46507, -0.257811, -3.01652, 0.382988, 0.382988, 0.617012
3.46511, -0.257811, -3.01652, 0.382988, 0.382988, 0.617012
3.46516, -0.257811, -3.01652, 0.382988, 0.382988, 0.617012
3.4652, -0.257811, -3.01652, 0.382988, 0.382988, 0.617012
3.46525, -0.257811, -3.01652, 0.382988, 0.382988, 0.617012
3.46529, -0.257811, -3.01652, 0.382988, 0.382988, 0.617012
3.46534, -0.257811, -3.01652, 0.382988, 0.382988, 0.617012
3.46538, -0.257811, -3.01652, 0.382988, 0.382988, 0.617012
3.46543, -0.257811, -3.01652, 0.382988, 0.382988, 0.617012
3.46547, -0.257811, -3.01652, 0.382988, 0.382988, 0.617012
3.46552, -0.257811, -3.01652, 0.382988, 0.382988, 0.617012
3.46556, -0.257811, -3.01652, 0.382988, 0.382988, 0.617012
3.46561, -0.257811, -3.01652, 0.382988, 0.382988, 0.617012
3.46565, -0.257811, -3.01652, 0.382988, 0.382988, 0.617012
3.4657, -0.257811, -3.01652, 0.382988, 0.382988, 0.617012
3.46574, -0.257811, -3.01652, 0.382988, 0.382988, 0.617012
3.46579, -0.257811, -3.01652, 0.382988, 0.382988, 0.617012
3.46583, -0.257811, -3.01652, 0.382988, 0.382988, 0.617012
3.46588, -0.257811, -3.01652, 0.382988, 0.382988, 0.617012
3.46592, -0.257811, -3.01652, 0.382988, 0.382988, 0.617012
3.46597, -0.257811, -3.01652, 0.382988, 0.382988, 0.617012
3.46601, -0.257811, -3.01652, 0.382988, 0.382988, 0.617012
3.46606, -0.257811, -3.01652, 0.382988, 0.382988, 0.617012
3.4661, -0.257811, -3.01652, 0.382988, 0.382988, 0.617012
3.46615, -0.257811, -3.01652, 0.382988, 0.382988, 0.617012
3.46619, -0.257811, -3.01652, 0.382988, 0.382988, 0.617012
3.46624, -0.257811, -3.01652, 0.382988, 0.382988, 0.617012
3.46628, -0.257811, -3.01652, 0.382988, 0.382988, 0.617012
3.46633, -0.257811, -3.01652, 0.382988, 0.382988, 0.617012
3.46637, -0.257811, -3.01652, 0.382988, 0.382988, 0.617012
3.46642, -0.257811, -3.01652, 0.382988, 0.382988, 0.617012
3.46646, -0.257811, -3.01652, 0.382988, 0.382988, 0.617012
3.46651, -0.257811, -3.01652, 0.382988, 0.382988, 0.617012
3.46655, -0.257811, -3.01652, 0.382988, 0.382988, 0.617012
3.46659, -0.257811, -3.01652, 0.382988, 0.382988, 0.617012
3.46664, -0.257811, -3.01652, 0.382988, 0.382988, 0.617012
3.46668, -0.257811, -3.01652, 0.382988, 0.382988, 0.617012
3.46673, -0.257811, -3.01652, 0.382988, 0.382988, 0.617012
3.46677, -0.257811, -3.01652, 0.382988, 0.382988, 0.617012
3.46682, -0.257811, -3.01652, 0.382988, 0.382988, 0.617012
3.46686, -0.257811, -3.01652, 0.382988, 0.382988, 0.617012
3.46691, -0.257811, -3.01652, 0.382988, 0.382988, 0.617012
3.46695, -0.257811, -3.01652, 0.382988, 0.382988, 0.617012
3.467, -0.257811, -3.01652, 0.382988, 0.382988, 0.617012
3.46704, -0.257811, -3.01652, 0.382988, 0.382988, 0.617012
3.46709, -0.257811, -3.01652, 0.382988, 0.382988, 0.617012
3.46713, -0.257811, -3.01652, 0.382988, 0.382988, 0.617012
3.46718, -0.257811, -3.01652, 0.382988, 0.382988, 0.617012
3.46722, -0.257811, -3.01652, 0.382988, 0.382988, 0.617012
3.46727, -0.257811, -3.01652, 0.382988, 0.382988, 0.617012
3.46731, -0.257811, -3.01652, 0.382988, 0.382988, 0.617012
3.46736, -0.257811, -3.01652, 0.382988, 0.382988, 0.617012
3.4674, -0.257811, -3.01652, 0.382988, 0.382988, 0.617012
3.46745, -0.257811, -3.01652, 0.382988, 0.382988, 0.617012
3.46749, -0.257811, -3.01652, 0.382988, 0.382988, 0.617012
3.46754, -0.257811, -3.01652, 0.382988, 0.382988, 0.617012
3.46758, -0.257811, -3.01652, 0.382988, 0.382988, 0.617012
3.46763, -0.257811, -3.01652, 0.382988, 0.382988, 0.617012
3.46767, -0.257811, -3.01652, 0.382988, 0.382988, 0.617012
3.46772, -0.257811, -3.01652, 0.382988, 0.382988, 0.617012
3.46776, -0.257811, -3.01652, 0.382988, 0.382988, 0.617012
3.46781, -0.257811, -3.01652, 0.382988, 0.382988, 0.617012
3.46785, -0.257811, -3.01652, 0.382988, 0.382988, 0.617012
3.4679, -0.257811, -3.01652, 0.382988, 0.382988, 0.617012
3.46794, -0.257811, -3.01652, 0.382988, 0.382988, 0.617012
3.46799, -0.257811, -3.01652, 0.383011, 0.382988, 0.617012
3.46803, -0.257826, -3.01666, 0.383011, 0.383011, 0.616989
3.46808, -0.257826, -3.01666, 0.383011, 0.383011, 0.616989
3.46812, -0.257826, -3.01666, 0.383011, 0.383011, 0.616989
3.46817, -0.257826, -3.01666, 0.383011, 0.383011, 0.616989
3.46821, -0.257826, -3.01666, 0.383011, 0.383011, 0.616989
3.46826, -0.257826, -3.01666, 0.383011, 0.383011, 0.616989
3.4683, -0.257826, -3.01666, 0.383011, 0.383011, 0.616989
3.46835, -0.257826, -3.01666, 0.383011, 0.383011, 0.616989
3.46839, -0.257826, -3.01666, 0.383011, 0.383011, 0.616989
3.46844, -0.257826, -3.01666, 0.383011, 0.383011, 0.616989
3.46848, -0.257826, -3.01666, 0.383011, 0.383011, 0.616989
3.46853, -0.257826, -3.01666, 0.383011, 0.383011, 0.616989
3.46857, -0.257826, -3.01666, 0.383011, 0.383011, 0.616989
3.46862, -0.257826, -3.01666, 0.383011, 0.383011, 0.616989
3.46866, -0.257826, -3.01666, 0.383011, 0.383011, 0.616989
3.46871, -0.257826, -3.01666, 0.383011, 0.383011, 0.616989
3.46875, -0.257826, -3.01666, 0.383011, 0.383011, 0.616989
3.46879, -0.257826, -3.01666, 0.383011, 0.383011, 0.616989
3.46884, -0.257826, -3.01666, 0.383011, 0.383011, 0.616989
3.46888, -0.257826, -3.01666, 0.383011, 0.383011, 0.616989
3.46893, -0.257826, -3.01666, 0.383011, 0.383011, 0.616989
3.46897, -0.257826, -3.01666, 0.383011, 0.383011, 0.616989
3.46902, -0.257826, -3.01666, 0.383011, 0.383011, 0.616989
3.46906, -0.257826, -3.01666, 0.383011, 0.383011, 0.616989
3.46911, -0.257826, -3.01666, 0.383011, 0.383011, 0.616989
3.46915, -0.257826, -3.01666, 0.383011, 0.383011, 0.616989
3.4692, -0.257826, -3.01666, 0.383011, 0.383011, 0.616989
3.46924, -0.257826, -3.01666, 0.383011, 0.383011, 0.616989
3.46929, -0.257826, -3.01666, 0.383011, 0.383011, 0.616989
3.46933, -0.257826, -3.01666, 0.383011, 0.383011, 0.616989
3.46938, -0.257826, -3.01666, 0.383011, 0.383011, 0.616989
3.46942, -0.257826, -3.01666, 0.383011, 0.383011, 0.616989
3.46947, -0.257826, -3.01666, 0.383011, 0.383011, 0.616989
3.46951, -0.257826, -3.01666, 0.383011, 0.383011, 0.616989
3.46956, -0.257826, -3.01666, 0.383011, 0.383011, 0.616989
3.4696, -0.257826, -3.01666, 0.383011, 0.383011, 0.616989
3.46965, -0.257826, -3.01666, 0.383011, 0.383011, 0.616989
3.46969, -0.257826, -3.01666, 0.383011, 0.383011, 0.616989
3.46974, -0.257826, -3.01666, 0.383011, 0.383011, 0.616989
3.46978, -0.257826, -3.01666, 0.383011, 0.383011, 0.616989
3.46983, -0.257826, -3.01666, 0.383011, 0.383011, 0.616989
3.46987, -0.257826, -3.01666, 0.383011, 0.383011, 0.616989
3.46992, -0.257826, -3.01666, 0.383011, 0.383011, 0.616989
3.46996, -0.257826, -3.01666, 0.383011, 0.383011, 0.616989
3.47001, -0.257826, -3.01666, 0.383011, 0.383011, 0.616989
3.47005, -0.257826, -3.01666, 0.383011, 0.383011, 0.616989
3.4701, -0.257826, -3.01666, 0.383011, 0.383011, 0.616989
3.47014, -0.257826, -3.01666, 0.383011, 0.383011, 0.616989
3.47019, -0.257826, -3.01666, 0.383011, 0.383011, 0.616989
3.47023, -0.257826, -3.01666, 0.383011, 0.383011, 0.616989
3.47028, -0.257826, -3.01666, 0.383011, 0.383011, 0.616989
3.47032, -0.257826, -3.01666, 0.383011, 0.383011, 0.616989
3.47037, -0.257826, -3.01666, 0.383011, 0.383011, 0.616989
3.47041, -0.257826, -3.01666, 0.383011, 0.383011, 0.616989
3.47046, -0.257826, -3.01666, 0.383011, 0.383011, 0.616989
3.4705, -0.257826, -3.01666, 0.383011, 0.383011, 0.616989
3.47055, -0.257826, -3.01666, 0.383011, 0.383011, 0.616989
3.47059, -0.257826, -3.01666, 0.383011, 0.383011, 0.616989
3.47064, -0.257826, -3.01666, 0.383011, 0.383011, 0.616989
3.47068, -0.257826, -3.01666, 0.383011, 0.383011, 0.616989
3.47073, -0.257826, -3.01666, 0.383011, 0.383011, 0.616989
3.47077, -0.257826, -3.01666, 0.383011, 0.383011, 0.616989
3.47082, -0.257826, -3.01666, 0.383011, 0.383011, 0.616989
3.47086, -0.257826, -3.01666, 0.383011, 0.383011, 0.616989
3.47091, -0.257826, -3.01666, 0.383011, 0.383011, 0.616989
3.47095, -0.257826, -3.01666, 0.383011, 0.383011, 0.616989
3.47099, -0.257826, -3.01666, 0.383011, 0.383011, 0.616989
3.47104, -0.257826, -3.01666, 0.383011, 0.383011, 0.616989
3.47108, -0.257826, -3.01666, 0.383011, 0.383011, 0.616989
3.47113, -0.257826, -3.01666, 0.383011, 0.383011, 0.616989
3.47117, -0.257826, -3.01666, 0.383011, 0.383011, 0.616989
3.47122, -0.257841, -3.0168, 0.383034, 0.383034, 0.616966
3.47126, -0.257841, -3.0168, 0.383034, 0.383034, 0.616966
3.47131, -0.257841, -3.0168, 0.383034, 0.383034, 0.616966
3.47135, -0.257841, -3.0168, 0.383034, 0.383034, 0.616966
3.4714, -0.257841, -3.0168, 0.383034, 0.383034, 0.616966
3.47144, -0.257841, -3.0168, 0.383034, 0.383034, 0.616966
3.47149, -0.257841, -3.0168, 0.383034, 0.383034, 0.616966
3.47153, -0.257841, -3.0168, 0.383034, 0.383034, 0.616966
3.47158, -0.257841, -3.0168, 0.383034, 0.383034, 0.616966
3.47162, -0.257841, -3.0168, 0.383034, 0.383034, 0.616966
3.47167, -0.257841, -3.0168, 0.383034, 0.383034, 0.616966
3.47171, -0.257841, -3.0168, 0.383034, 0.383034, 0.616966
3.47176, -0.257841, -3.0168, 0.383034, 0.383034, 0.616966
3.4718, -0.257841, -3.0168, 0.383034, 0.383034, 0.616966
3.47185, -0.257841, -3.0168, 0.383034, 0.383034, 0.616966
3.47189, -0.257841, -3.0168, 0.383034, 0.383034, 0.616966
3.47194, -0.257841, -3.0168, 0.383034, 0.383034, 0.616966
3.47198, -0.257841, -3.0168, 0.383034, 0.383034, 0.616966
3.47203, -0.257841, -3.0168, 0.383034, 0.383034, 0.616966
3.47207, -0.257841, -3.0168, 0.383034, 0.383034, 0.616966
3.47212, -0.257841, -3.0168, 0.383034, 0.383034, 0.616966
3.47216, -0.257841, -3.0168, 0.383034, 0.383034, 0.616966
3.47221, -0.257841, -3.0168, 0.383034, 0.383034, 0.616966
3.47225, -0.257841, -3.0168, 0.383034, 0.383034, 0.616966
3.4723, -0.257841, -3.0168, 0.383034, 0.383034, 0.616966
3.47234, -0.257841, -3.0168, 0.383034, 0.383034, 0.616966
3.47239, -0.257841, -3.0168, 0.383034, 0.383034, 0.616966
3.47243, -0.257841, -3.0168, 0.383034, 0.383034, 0.616966
3.47248, -0.257841, -3.0168, 0.383034, 0.383034, 0.616966
3.47252, -0.257841, -3.0168, 0.383034, 0.383034, 0.616966
3.47257, -0.257841, -3.0168, 0.383034, 0.383034, 0.616966
3.47261, -0.257841, -3.0168, 0.383034, 0.383034, 0.616966
3.47266, -0.257841, -3.0168, 0.383034, 0.383034, 0.616966
3.4727, -0.257841, -3.0168, 0.383034, 0.383034, 0.616966
3.47275, -0.257841, -3.0168, 0.383034, 0.383034, 0.616966
3.47279, -0.257841, -3.0168, 0.383034, 0.383034, 0.616966
3.47284, -0.257841, -3.0168, 0.383034, 0.383034, 0.616966
3.47288, -0.257841, -3.0168, 0.383034, 0.383034, 0.616966
3.47293, -0.257841, -3.0168, 0.383034, 0.383034, 0.616966
3.47297, -0.257841, -3.0168, 0.383034, 0.383034, 0.616966
3.47302, -0.257841, -3.0168, 0.383034, 0.383034, 0.616966
3.47306, -0.257841, -3.0168, 0.383034, 0.383034, 0.616966
3.47311, -0.257841, -3.0168, 0.383034, 0.383034, 0.616966
3.47315, -0.257841, -3.0168, 0.383034, 0.383034, 0.616966
3.4732, -0.257841, -3.0168, 0.383034, 0.383034, 0.616966
3.47324, -0.257841, -3.0168, 0.383034, 0.383034, 0.616966
3.47328, -0.257841, -3.0168, 0.383034, 0.383034, 0.616966
3.47333, -0.257841, -3.0168, 0.383034, 0.383034, 0.616966
3.47337, -0.257841, -3.0168, 0.383034, 0.383034, 0.616966
3.47342, -0.257841, -3.0168, 0.383034, 0.383034, 0.616966
3.47346, -0.257841, -3.0168, 0.383034, 0.383034, 0.616966
3.47351, -0.257841, -3.0168, 0.383034, 0.383034, 0.616966
3.47355, -0.257841, -3.0168, 0.383034, 0.383034, 0.616966
3.4736, -0.257841, -3.0168, 0.383034, 0.383034, 0.616966
3.47364, -0.257841, -3.0168, 0.383034, 0.383034, 0.616966
3.47369, -0.257841, -3.0168, 0.383034, 0.383034, 0.616966
3.47373, -0.257841, -3.0168, 0.383034, 0.383034, 0.616966
3.47378, -0.257841, -3.0168, 0.383034, 0.383034, 0.616966
3.47382, -0.257841, -3.0168, 0.383034, 0.383034, 0.616966
3.47387, -0.257841, -3.0168, 0.383034, 0.383034, 0.616966
3.47391, -0.257841, -3.0168, 0.383034, 0.383034, 0.616966
3.47396, -0.257841, -3.0168, 0.383034, 0.383034, 0.616966
3.474, -0.257841, -3.0168, 0.383034, 0.383034, 0.616966
3.47405, -0.257841, -3.0168, 0.383034, 0.383034, 0.616966
3.47409, -0.257841, -3.0168, 0.383034, 0.383034, 0.616966
3.47414, -0.257841, -3.0168, 0.383034, 0.383034, 0.616966
3.47418, -0.257841, -3.0168, 0.383034, 0.383034, 0.616966
3.47423, -0.257841, -3.0168, 0.383034, 0.383034, 0.616966
3.47427, -0.257841, -3.0168, 0.383034, 0.383034, 0.616966
3.47432, -0.257841, -3.0168, 0.383034, 0.383034, 0.616966
3.47436, -0.257841, -3.0168, 0.383034, 0.383034, 0.616966
3.47441, -0.257856, -3.01694, 0.383057, 0.383057, 0.616943
3.47445, -0.257856, -3.01694, 0.383057, 0.383057, 0.616943
3.4745, -0.257856, -3.01694, 0.383057, 0.383057, 0.616943
3.47454, -0.257856, -3.01694, 0.383057, 0.383057, 0.616943
3.47459, -0.257856, -3.01694, 0.383057, 0.383057, 0.616943
3.47463, -0.257856, -3.01694, 0.383057, 0.383057, 0.616943
3.47468, -0.257856, -3.01694, 0.383057, 0.383057, 0.616943
3.47472, -0.257856, -3.01694, 0.383057, 0.383057, 0.616943
3.47477, -0.257856, -3.01694, 0.383057, 0.383057, 0.616943
3.47481, -0.257856, -3.01694, 0.383057, 0.383057, 0.616943
3.47486, -0.257856, -3.01694, 0.383057, 0.383057, 0.616943
3.4749, -0.257856, -3.01694, 0.383057, 0.383057, 0.616943
3.47495, -0.257856, -3.01694, 0.383057, 0.383057, 0.616943
3.47499, -0.257856, -3.01694, 0.383057, 0.383057, 0.616943
3.47504, -0.257856, -3.01694, 0.383057, 0.383057, 0.616943
3.47508, -0.257856, -3.01694, 0.383057, 0.383057, 0.616943
3.47513, -0.257856, -3.01694, 0.383057, 0.383057, 0.616943
3.47517, -0.257856, -3.01694, 0.383057, 0.383057, 0.616943
3.47522, -0.257856, -3.01694, 0.383057, 0.383057, 0.616943
3.47526, -0.257856, -3.01694, 0.383057, 0.383057, 0.616943
3.47531, -0.257856, -3.01694, 0.383057, 0.383057, 0.616943
3.47535, -0.257856, -3.01694, 0.383057, 0.383057, 0.616943
3.4754, -0.257856, -3.01694, 0.383057, 0.383057, 0.616943
3.47544, -0.257856, -3.01694, 0.383057, 0.383057, 0.616943
3.47548, -0.257856, -3.01694, 0.383057, 0.383057, 0.616943
3.47553, -0.257856, -3.01694, 0.383057, 0.383057, 0.616943
3.47557, -0.257856, -3.01694, 0.383057, 0.383057, 0.616943
3.47562, -0.257856, -3.01694, 0.383057, 0.383057, 0.616943
3.47566, -0.257856, -3.01694, 0.383057, 0.383057, 0.616943
3.47571, -0.257856, -3.01694, 0.383057, 0.383057, 0.616943
3.47575, -0.257856, -3.01694, 0.383057, 0.383057, 0.616943
3.4758, -0.257856, -3.01694, 0.383057, 0.383057, 0.616943
3.47584, -0.257856, -3.01694, 0.383057, 0.383057, 0.616943
3.47589, -0.257856, -3.01694, 0.383057, 0.383057, 0.616943
3.47593, -0.257856, -3.01694, 0.383057, 0.383057, 0.616943
3.47598, -0.257856, -3.01694, 0.383057, 0.383057, 0.616943
3.47602, -0.257856, -3.01694, 0.383057, 0.383057, 0.616943
3.47607, -0.257856, -3.01694, 0.383057, 0.383057, 0.616943
3.47611, -0.257856, -3.01694, 0.383057, 0.383057, 0.616943
3.47616, -0.257856, -3.01694, 0.383057, 0.383057, 0.616943
3.4762, -0.257856, -3.01694, 0.383057, 0.383057, 0.616943
3.47625, -0.257856, -3.01694, 0.383057, 0.383057, 0.616943
3.47629, -0.257856, -3.01694, 0.383057, 0.383057, 0.616943
3.47634, -0.257856, -3.01694, 0.383057, 0.383057, 0.616943
3.47638, -0.257856, -3.01694, 0.383057, 0.383057, 0.616943
3.47643, -0.257856, -3.01694, 0.383057, 0.383057, 0.616943
3.47647, -0.257856, -3.01694, 0.383057, 0.383057, 0.616943
3.47652, -0.257856, -3.01694, 0.383057, 0.383057, 0.616943
3.47656, -0.257856, -3.01694, 0.383057, 0.383057, 0.616943
3.47661, -0.257856, -3.01694, 0.383057, 0.383057, 0.616943
3.47665, -0.257856, -3.01694, 0.383057, 0.383057, 0.616943
3.4767, -0.257856, -3.01694, 0.383057, 0.383057, 0.616943
3.47674, -0.257856, -3.01694, 0.383057, 0.383057, 0.616943
3.47679, -0.257856, -3.01694, 0.383057, 0.383057, 0.616943
3.47683, -0.257856, -3.01694, 0.383057, 0.383057, 0.616943
3.47688, -0.257856, -3.01694, 0.383057, 0.383057, 0.616943
3.47692, -0.257856, -3.01694, 0.383057, 0.383057, 0.616943
3.47697, -0.257856, -3.01694, 0.383057, 0.383057, 0.616943
3.47701, -0.257856, -3.01694, 0.383057, 0.383057, 0.616943
3.47706, -0.257856, -3.01694, 0.383057, 0.383057, 0.616943
3.4771, -0.257856, -3.01694, 0.383057, 0.383057, 0.616943
3.47715, -0.257856, -3.01694, 0.383057, 0.383057, 0.616943
3.47719, -0.257856, -3.01694, 0.383057, 0.383057, 0.616943
3.47724, -0.257856, -3.01694, 0.383057, 0.383057, 0.616943
3.47728, -0.257856, -3.01694, 0.383057, 0.383057, 0.616943
3.47733, -0.257856, -3.01694, 0.383057, 0.383057, 0.616943
3.47737, -0.257856, -3.01694, 0.383057, 0.383057, 0.616943
3.47742, -0.257856, -3.01694, 0.383057, 0.383057, 0.616943
3.47746, -0.257856, -3.01694, 0.383057, 0.383057, 0.616943
3.47751, -0.257856, -3.01694, 0.383057, 0.383057, 0.616943
3.47755, -0.257856, -3.01694, 0.383057, 0.383057, 0.616943
3.4776, -0.257856, -3.01694, 0.383057, 0.383057, 0.616943
3.47764, -0.257871, -3.01708, 0.38308, 0.38308, 0.61692
3.47768, -0.257871, -3.01708, 0.38308, 0.38308, 0.61692
3.47773, -0.257871, -3.01708, 0.38308, 0.38308, 0.61692
3.47777, -0.257871, -3.01708, 0.38308, 0.38308, 0.61692
3.47782, -0.257871, -3.01708, 0.38308, 0.38308, 0.61692
3.47786, -0.257871, -3.01708, 0.38308, 0.38308, 0.61692
3.47791, -0.257871, -3.01708, 0.38308, 0.38308, 0.61692
3.47795, -0.257871, -3.01708, 0.38308, 0.38308, 0.61692
3.478, -0.257871, -3.01708, 0.38308, 0.38308, 0.61692
3.47804, -0.257871, -3.01708, 0.38308, 0.38308, 0.61692
3.47809, -0.257871, -3.01708, 0.38308, 0.38308, 0.61692
3.47813, -0.257871, -3.01708, 0.38308, 0.38308, 0.61692
3.47818, -0.257871, -3.01708, 0.38308, 0.38308, 0.61692
3.47822, -0.257871, -3.01708, 0.38308, 0.38308, 0.61692
3.47827, -0.257871, -3.01708, 0.38308, 0.38308, 0.61692
3.47831, -0.257871, -3.01708, 0.38308, 0.38308, 0.61692
3.47836, -0.257871, -3.01708, 0.38308, 0.38308, 0.61692
3.4784, -0.257871, -3.01708, 0.38308, 0.38308, 0.61692
3.47845, -0.257871, -3.01708, 0.38308, 0.38308, 0.61692
3.47849, -0.257871, -3.01708, 0.38308, 0.38308, 0.61692
3.47854, -0.257871, -3.01708, 0.38308, 0.38308, 0.61692
3.47858, -0.257871, -3.01708, 0.38308, 0.38308, 0.61692
3.47863, -0.257871, -3.01708, 0.38308, 0.38308, 0.61692
3.47867, -0.257871, -3.01708, 0.38308, 0.38308, 0.61692
3.47872, -0.257871, -3.01708, 0.38308, 0.38308, 0.61692
3.47876, -0.257871, -3.01708, 0.38308, 0.38308, 0.61692
3.47881, -0.257871, -3.01708, 0.38308, 0.38308, 0.61692
3.47885, -0.257871, -3.01708, 0.38308, 0.38308, 0.61692
3.4789, -0.257871, -3.01708, 0.38308, 0.38308, 0.61692
3.47894, -0.257871, -3.01708, 0.38308, 0.38308, 0.61692
3.47899, -0.257871, -3.01708, 0.38308, 0.38308, 0.61692
3.47903, -0.257871, -3.01708, 0.38308, 0.38308, 0.61692
3.47908, -0.257871, -3.01708, 0.38308, 0.38308, 0.61692
3.47912, -0.257871, -3.01708, 0.38308, 0.38308, 0.61692
3.47917, -0.257871, -3.01708, 0.38308, 0.38308, 0.61692
3.47921, -0.257871, -3.01708, 0.38308, 0.38308, 0.61692
3.47926, -0.257871, -3.01708, 0.38308, 0.38308, 0.61692
3.4793, -0.257871, -3.01708, 0.38308, 0.38308, 0.61692
3.47935, -0.257871, -3.01708, 0.38308, 0.38308, 0.61692
3.47939, -0.257871, -3.01708, 0.38308, 0.38308, 0.61692
3.47944, -0.257871, -3.01708, 0.38308, 0.38308, 0.61692
3.47948, -0.257871, -3.01708, 0.38308, 0.38308, 0.61692
3.47953, -0.257871, -3.01708, 0.38308, 0.38308, 0.61692
3.47957, -0.257871, -3.01708, 0.38308, 0.38308, 0.61692
3.47962, -0.257871, -3.01708, 0.38308, 0.38308, 0.61692
3.47966, -0.257871, -3.01708, 0.38308, 0.38308, 0.61692
3.47971, -0.257871, -3.01708, 0.38308, 0.38308, 0.61692
3.47975, -0.257871, -3.01708, 0.38308, 0.38308, 0.61692
3.4798, -0.257871, -3.01708, 0.38308, 0.38308, 0.61692
3.47984, -0.257871, -3.01708, 0.38308, 0.38308, 0.61692
3.47989, -0.257871, -3.01708, 0.38308, 0.38308, 0.61692
3.47993, -0.257871, -3.01708, 0.38308, 0.38308, 0.61692
3.47997, -0.257871, -3.01708, 0.38308, 0.38308, 0.61692
3.48002, -0.257871, -3.01708, 0.38308, 0.38308, 0.61692
3.48006, -0.257871, -3.01708, 0.38308, 0.38308, 0.61692
3.48011, -0.257871, -3.01708, 0.38308, 0.38308, 0.61692
3.48015, -0.257871, -3.01708, 0.38308, 0.38308, 0.61692
3.4802, -0.257871, -3.01708, 0.38308, 0.38308, 0.61692
3.48024, -0.257871, -3.01708, 0.38308, 0.38308, 0.61692
3.48029, -0.257871, -3.01708, 0.38308, 0.38308, 0.61692
3.48033, -0.257871, -3.01708, 0.38308, 0.38308, 0.61692
3.48038, -0.257871, -3.01708, 0.38308, 0.38308, 0.61692
3.48042, -0.257871, -3.01708, 0.38308, 0.38308, 0.61692
3.48047, -0.257871, -3.01708, 0.38308, 0.38308, 0.61692
3.48051, -0.257871, -3.01708, 0.38308, 0.38308, 0.61692
3.48056, -0.257871, -3.01708, 0.38308, 0.38308, 0.61692
3.4806, -0.257871, -3.01708, 0.38308, 0.38308, 0.61692
3.48065, -0.257871, -3.01708, 0.38308, 0.38308, 0.61692
3.48069, -0.257871, -3.01708, 0.38308, 0.38308, 0.61692
3.48074, -0.257871, -3.01708, 0.38308, 0.38308, 0.61692
3.48078, -0.257871, -3.01708, 0.38308, 0.38308, 0.61692
3.48083, -0.257886, -3.01722, 0.383103, 0.383103, 0.616897
3.48087, -0.257886, -3.01722, 0.383103, 0.383103, 0.616897
3.48092, -0.257886, -3.01722, 0.383103, 0.383103, 0.616897
3.48096, -0.257886, -3.01722, 0.383103, 0.383103, 0.616897
3.48101, -0.257886, -3.01722, 0.383103, 0.383103, 0.616897
3.48105, -0.257886, -3.01722, 0.383103, 0.383103, 0.616897
3.4811, -0.257886, -3.01722, 0.383103, 0.383103, 0.616897
3.48114, -0.257886, -3.01722, 0.383103, 0.383103, 0.616897
3.48119, -0.257886, -3.01722, 0.383103, 0.383103, 0.616897
3.48123, -0.257886, -3.01722, 0.383103, 0.383103, 0.616897
3.48128, -0.257886, -3.01722, 0.383103, 0.383103, 0.616897
3.48132, -0.257886, -3.01722, 0.383103, 0.383103, 0.616897
3.48137, -0.257886, -3.01722, 0.383103, 0.383103, 0.616897
3.48141, -0.257886, -3.01722, 0.383103, 0.383103, 0.616897
3.48146, -0.257886, -3.01722, 0.383103, 0.383103, 0.616897
3.4815, -0.257886, -3.01722, 0.383103, 0.383103, 0.616897
3.48155, -0.257886, -3.01722, 0.383103, 0.383103, 0.616897
3.48159, -0.257886, -3.01722, 0.383103, 0.383103, 0.616897
3.48164, -0.257886, -3.01722, 0.383103, 0.383103, 0.616897
3.48168, -0.257886, -3.01722, 0.383103, 0.383103, 0.616897
3.48173, -0.257886, -3.01722, 0.383103, 0.383103, 0.616897
3.48177, -0.257886, -3.01722, 0.383103, 0.383103, 0.616897
3.48182, -0.257886, -3.01722, 0.383103, 0.383103, 0.616897
3.48186, -0.257886, -3.01722, 0.383103, 0.383103, 0.616897
3.48191, -0.257886, -3.01722, 0.383103, 0.383103, 0.616897
3.48195, -0.257886, -3.01722, 0.383103, 0.383103, 0.616897
3.482, -0.257886, -3.01722, 0.383103, 0.383103, 0.616897
3.48204, -0.257886, -3.01722, 0.383103, 0.383103, 0.616897
3.48209, -0.257886, -3.01722, 0.383103, 0.383103, 0.616897
3.48213, -0.257886, -3.01722, 0.383103, 0.383103, 0.616897
3.48217, -0.257886, -3.01722, 0.383103, 0.383103, 0.616897
3.48222, -0.257886, -3.01722, 0.383103, 0.383103, 0.616897
3.48226, -0.257886, -3.01722, 0.383103, 0.383103, 0.616897
3.48231, -0.257886, -3.01722, 0.383103, 0.383103, 0.616897
3.48235, -0.257886, -3.01722, 0.383103, 0.383103, 0.616897
3.4824, -0.257886, -3.01722, 0.383103, 0.383103, 0.616897
3.48244, -0.257886, -3.01722, 0.383103, 0.383103, 0.616897
3.48249, -0.257886, -3.01722, 0.383103, 0.383103, 0.616897
3.48253, -0.257886, -3.01722, 0.383103, 0.383103, 0.616897
3.48258, -0.257886, -3.01722, 0.383103, 0.383103, 0.616897
3.48262, -0.257886, -3.01722, 0.383103, 0.383103, 0.616897
3.48267, -0.257886, -3.01722, 0.383103, 0.383103, 0.616897
3.48271, -0.257886, -3.01722, 0.383103, 0.383103, 0.616897
3.48276, -0.257886, -3.01722, 0.383103, 0.383103, 0.616897
3.4828, -0.257886, -3.01722, 0.383103, 0.383103, 0.616897
3.48285, -0.257886, -3.01722, 0.383103, 0.383103, 0.616897
3.48289, -0.257886, -3.01722, 0.383103, 0.383103, 0.616897
3.48294, -0.257886, -3.01722, 0.383103, 0.383103, 0.616897
3.48298, -0.257886, -3.01722, 0.383103, 0.383103, 0.616897
3.48303, -0.257886, -3.01722, 0.383103, 0.383103, 0.616897
3.48307, -0.257886, -3.01722, 0.383103, 0.383103, 0.616897
3.48312, -0.257886, -3.01722, 0.383103, 0.383103, 0.616897
3.48316, -0.257886, -3.01722, 0.383103, 0.383103, 0.616897
3.48321, -0.257886, -3.01722, 0.383103, 0.383103, 0.616897
3.48325, -0.257886, -3.01722, 0.383103, 0.383103, 0.616897
3.4833, -0.257886, -3.01722, 0.383103, 0.383103, 0.616897
3.48334, -0.257886, -3.01722, 0.383103, 0.383103, 0.616897
3.48339, -0.257886, -3.01722, 0.383103, 0.383103, 0.616897
3.48343, -0.257886, -3.01722, 0.383103, 0.383103, 0.616897
3.48348, -0.257886, -3.01722, 0.383103, 0.383103, 0.616897
3.48352, -0.257886, -3.01722, 0.383103, 0.383103, 0.616897
3.48357, -0.257886, -3.01722, 0.383103, 0.383103, 0.616897
3.48361, -0.257886, -3.01722, 0.383103, 0.383103, 0.616897
3.48366, -0.257886, -3.01722, 0.383103, 0.383103, 0.616897
3.4837, -0.257886, -3.01722, 0.383103, 0.383103, 0.616897
3.48375, -0.257886, -3.01722, 0.383103, 0.383103, 0.616897
3.48379, -0.257886, -3.01722, 0.383103, 0.383103, 0.616897
3.48384, -0.257886, -3.01722, 0.383103, 0.383103, 0.616897
3.48388, -0.257886, -3.01722, 0.383103, 0.383103, 0.616897
3.48393, -0.257886, -3.01722, 0.383103, 0.383103, 0.616897
3.48397, -0.257886, -3.01722, 0.383103, 0.383103, 0.616897
3.48402, -0.257901, -3.01736, 0.383126, 0.383126, 0.616874
3.48406, -0.257901, -3.01736, 0.383126, 0.383126, 0.616874
3.48411, -0.257901, -3.01736, 0.383126, 0.383126, 0.616874
3.48415, -0.257901, -3.01736, 0.383126, 0.383126, 0.616874
3.4842, -0.257901, -3.01736, 0.383126, 0.383126, 0.616874
3.48424, -0.257901, -3.01736, 0.383126, 0.383126, 0.616874
3.48429, -0.257901, -3.01736, 0.383126, 0.383126, 0.616874
3.48433, -0.257901, -3.01736, 0.383126, 0.383126, 0.616874
3.48438, -0.257901, -3.01736, 0.383126, 0.383126, 0.616874
3.48442, -0.257901, -3.01736, 0.383126, 0.383126, 0.616874
3.48446, -0.257901, -3.01736, 0.383126, 0.383126, 0.616874
3.48451, -0.257901, -3.01736, 0.383126, 0.383126, 0.616874
3.48455, -0.257901, -3.01736, 0.383126, 0.383126, 0.616874
3.4846, -0.257901, -3.01736, 0.383126, 0.383126, 0.616874
3.48464, -0.257901, -3.01736, 0.383126, 0.383126, 0.616874
3.48469, -0.257901, -3.01736, 0.383126, 0.383126, 0.616874
3.48473, -0.257901, -3.01736, 0.383126, 0.383126, 0.616874
3.48478, -0.257901, -3.01736, 0.383126, 0.383126, 0.616874
3.48482, -0.257901, -3.01736, 0.383126, 0.383126, 0.616874
3.48487, -0.257901, -3.01736, 0.383126, 0.383126, 0.616874
3.48491, -0.257901, -3.01736, 0.383126, 0.383126, 0.616874
3.48496, -0.257901, -3.01736, 0.383126, 0.383126, 0.616874
3.485, -0.257901, -3.01736, 0.383126, 0.383126, 0.616874
3.48505, -0.257901, -3.01736, 0.383126, 0.383126, 0.616874
3.48509, -0.257901, -3.01736, 0.383126, 0.383126, 0.616874
3.48514, -0.257901, -3.01736, 0.383126, 0.383126, 0.616874
3.48518, -0.257901, -3.01736, 0.383126, 0.383126, 0.616874
3.48523, -0.257901, -3.01736, 0.383126, 0.383126, 0.616874
3.48527, -0.257901, -3.01736, 0.383126, 0.383126, 0.616874
3.48532, -0.257901, -3.01736, 0.383126, 0.383126, 0.616874
3.48536, -0.257901, -3.01736, 0.383126, 0.383126, 0.616874
3.48541, -0.257901, -3.01736, 0.383126, 0.383126, 0.616874
3.48545, -0.257901, -3.01736, 0.383126, 0.383126, 0.616874
3.4855, -0.257901, -3.01736, 0.383126, 0.383126, 0.616874
3.48554, -0.257901, -3.01736, 0.383126, 0.383126, 0.616874
3.48559, -0.257901, -3.01736, 0.383126, 0.383126, 0.616874
3.48563, -0.257901, -3.01736, 0.383126, 0.383126, 0.616874
3.48568, -0.257901, -3.01736, 0.383126, 0.383126, 0.616874
3.48572, -0.257901, -3.01736, 0.383126, 0.383126, 0.616874
3.48577, -0.257901, -3.01736, 0.383126, 0.383126, 0.616874
3.48581, -0.257901, -3.01736, 0.383126, 0.383126, 0.616874
3.48586, -0.257901, -3.01736, 0.383126, 0.383126, 0.616874
3.4859, -0.257901, -3.01736, 0.383126, 0.383126, 0.616874
3.48595, -0.257901, -3.01736, 0.383126, 0.383126, 0.616874
3.48599, -0.257901, -3.01736, 0.383126, 0.383126, 0.616874
3.48604, -0.257901, -3.01736, 0.383126, 0.383126, 0.616874
3.48608, -0.257901, -3.01736, 0.383126, 0.383126, 0.616874
3.48613, -0.257901, -3.01736, 0.383126, 0.383126, 0.616874
3.48617, -0.257901, -3.01736, 0.383126, 0.383126, 0.616874
3.48622, -0.257901, -3.01736, 0.383126, 0.383126, 0.616874
3.48626, -0.257901, -3.01736, 0.383126, 0.383126, 0.616874
3.48631, -0.257901, -3.01736, 0.383126, 0.383126, 0.616874
3.48635, -0.257901, -3.01736, 0.383126, 0.383126, 0.616874
3.4864, -0.257901, -3.01736, 0.383126, 0.383126, 0.616874
3.48644, -0.257901, -3.01736, 0.383126, 0.383126, 0.616874
3.48649, -0.257901, -3.01736, 0.383126, 0.383126, 0.616874
3.48653, -0.257901, -3.01736, 0.383126, 0.383126, 0.616874
3.48658, -0.257901, -3.01736, 0.383126, 0.383126, 0.616874
3.48662, -0.257901, -3.01736, 0.383126, 0.383126, 0.616874
3.48666, -0.257901, -3.01736, 0.383126, 0.383126, 0.616874
3.48671, -0.257901, -3.01736, 0.383126, 0.383126, 0.616874
3.48675, -0.257901, -3.01736, 0.383126, 0.383126, 0.616874
3.4868, -0.257901, -3.01736, 0.383126, 0.383126, 0.616874
3.48684, -0.257901, -3.01736, 0.383126, 0.383126, 0.616874
3.48689, -0.257901, -3.01736, 0.383126, 0.383126, 0.616874
3.48693, -0.257901, -3.01736, 0.383126, 0.383126, 0.616874
3.48698, -0.257901, -3.01736, 0.383126, 0.383126, 0.616874
3.48702, -0.257901, -3.01736, 0.383126, 0.383126, 0.616874
3.48707, -0.257901, -3.01736, 0.383126, 0.383126, 0.616874
3.48711, -0.257901, -3.01736, 0.383126, 0.383126, 0.616874
3.48716, -0.257901, -3.01736, 0.383126, 0.383126, 0.616874
3.4872, -0.257901, -3.01736, 0.383126, 0.383126, 0.616874
3.48725, -0.257916, -3.0175, 0.383149, 0.383149, 0.616851
3.48729, -0.257916, -3.0175, 0.383149, 0.383149, 0.616851
3.48734, -0.257916, -3.0175, 0.383149, 0.383149, 0.616851
3.48738, -0.257916, -3.0175, 0.383149, 0.383149, 0.616851
3.48743, -0.257916, -3.0175, 0.383149, 0.383149, 0.616851
3.48747, -0.257916, -3.0175, 0.383149, 0.383149, 0.616851
3.48752, -0.257916, -3.0175, 0.383149, 0.383149, 0.616851
3.48756, -0.257916, -3.0175, 0.383149, 0.383149, 0.616851
3.48761, -0.257916, -3.0175, 0.383149, 0.383149, 0.616851
3.48765, -0.257916, -3.0175, 0.383149, 0.383149, 0.616851
3.4877, -0.257916, -3.0175, 0.383149, 0.383149, 0.616851
3.48774, -0.257916, -3.0175, 0.383149, 0.383149, 0.616851
3.48779, -0.257916, -3.0175, 0.383149, 0.383149, 0.616851
3.48783, -0.257916, -3.0175, 0.383149, 0.383149, 0.616851
3.48788, -0.257916, -3.0175, 0.383149, 0.383149, 0.616851
3.48792, -0.257916, -3.0175, 0.383149, 0.383149, 0.616851
3.48797, -0.257916, -3.0175, 0.383149, 0.383149, 0.616851
3.48801, -0.257916, -3.0175, 0.383149, 0.383149, 0.616851
3.48806, -0.257916, -3.0175, 0.383149, 0.383149, 0.616851
3.4881, -0.257916, -3.0175, 0.383149, 0.383149, 0.616851
3.48815, -0.257916, -3.0175, 0.383149, 0.383149, 0.616851
3.48819, -0.257916, -3.0175, 0.383149, 0.383149, 0.616851
3.48824, -0.257916, -3.0175, 0.383149, 0.383149, 0.616851
3.48828, -0.257916, -3.0175, 0.383149, 0.383149, 0.616851
3.48833, -0.257916, -3.0175, 0.383149, 0.383149, 0.616851
3.48837, -0.257916, -3.0175, 0.383149, 0.383149, 0.616851
3.48842, -0.257916, -3.0175, 0.383149, 0.383149, 0.616851
3.48846, -0.257916, -3.0175, 0.383149, 0.383149, 0.616851
3.48851, -0.257916, -3.0175, 0.383149, 0.383149, 0.616851
3.48855, -0.257916, -3.0175, 0.383149, 0.383149, 0.616851
3.4886, -0.257916, -3.0175, 0.383149, 0.383149, 0.616851
3.48864, -0.257916, -3.0175, 0.383149, 0.383149, 0.616851
3.48869, -0.257916, -3.0175, 0.383149, 0.383149, 0.616851
3.48873, -0.257916, -3.0175, 0.383149, 0.383149, 0.616851
3.48878, -0.257916, -3.0175, 0.383149, 0.383149, 0.616851
3.48882, -0.257916, -3.0175, 0.383149, 0.383149, 0.616851
3.48886, -0.257916, -3.0175, 0.383149, 0.383149, 0.616851
3.48891, -0.257916, -3.0175, 0.383149, 0.383149, 0.616851
3.48895, -0.257916, -3.0175, 0.383149, 0.383149, 0.616851
3.489, -0.257916, -3.0175, 0.383149, 0.383149, 0.616851
3.48904, -0.257916, -3.0175, 0.383149, 0.383149, 0.616851
3.48909, -0.257916, -3.0175, 0.383149, 0.383149, 0.616851
3.48913, -0.257916, -3.0175, 0.383149, 0.383149, 0.616851
3.48918, -0.257916, -3.0175, 0.383149, 0.383149, 0.616851
3.48922, -0.257916, -3.0175, 0.383149, 0.383149, 0.616851
3.48927, -0.257916, -3.0175, 0.383149, 0.383149, 0.616851
3.48931, -0.257916, -3.0175, 0.383149, 0.383149, 0.616851
3.48936, -0.257916, -3.0175, 0.383149, 0.383149, 0.616851
3.4894, -0.257916, -3.0175, 0.383149, 0.383149, 0.616851
3.48945, -0.257916, -3.0175, 0.383149, 0.383149, 0.616851
3.48949, -0.257916, -3.0175, 0.383149, 0.383149, 0.616851
3.48954, -0.257916, -3.0175, 0.383149, 0.383149, 0.616851
3.48958, -0.257916, -3.0175, 0.383149, 0.383149, 0.616851
3.48963, -0.257916, -3.0175, 0.383149, 0.383149, 0.616851
3.48967, -0.257916, -3.0175, 0.383149, 0.383149, 0.616851
3.48972, -0.257916, -3.0175, 0.383149, 0.383149, 0.616851
3.48976, -0.257916, -3.0175, 0.383149, 0.383149, 0.616851
3.48981, -0.257916, -3.0175, 0.383149, 0.383149, 0.616851
3.48985, -0.257916, -3.0175, 0.383149, 0.383149, 0.616851
3.4899, -0.257916, -3.0175, 0.383149, 0.383149, 0.616851
3.48994, -0.257916, -3.0175, 0.383149, 0.383149, 0.616851
3.48999, -0.257916, -3.0175, 0.383149, 0.383149, 0.616851
3.49003, -0.257916, -3.0175, 0.383149, 0.383149, 0.616851
3.49008, -0.257916, -3.0175, 0.383149, 0.383149, 0.616851
3.49012, -0.257916, -3.0175, 0.383149, 0.383149, 0.616851
3.49017, -0.257916, -3.0175, 0.383149, 0.383149, 0.616851
3.49021, -0.257916, -3.0175, 0.383149, 0.383149, 0.616851
3.49026, -0.257916, -3.0175, 0.383149, 0.383149, 0.616851
3.4903, -0.257916, -3.0175, 0.383149, 0.383149, 0.616851
3.49035, -0.257916, -3.0175, 0.383149, 0.383149, 0.616851
3.49039, -0.257916, -3.0175, 0.383149, 0.383149, 0.616851
3.49044, -0.257931, -3.01764, 0.383172, 0.383172, 0.616828
3.49048, -0.257931, -3.01764, 0.383172, 0.383172, 0.616828
3.49053, -0.257931, -3.01764, 0.383172, 0.383172, 0.616828
3.49057, -0.257931, -3.01764, 0.383172, 0.383172, 0.616828
3.49062, -0.257931, -3.01764, 0.383172, 0.383172, 0.616828
3.49066, -0.257931, -3.01764, 0.383172, 0.383172, 0.616828
3.49071, -0.257931, -3.01764, 0.383172, 0.383172, 0.616828
3.49075, -0.257931, -3.01764, 0.383172, 0.383172, 0.616828
3.4908, -0.257931, -3.01764, 0.383172, 0.383172, 0.616828
3.49084, -0.257931, -3.01764, 0.383172, 0.383172, 0.616828
3.49089, -0.257931, -3.01764, 0.383172, 0.383172, 0.616828
3.49093, -0.257931, -3.01764, 0.383172, 0.383172, 0.616828
3.49098, -0.257931, -3.01764, 0.383172, 0.383172, 0.616828
3.49102, -0.257931, -3.01764, 0.383172, 0.383172, 0.616828
3.49107, -0.257931, -3.01764, 0.383172, 0.383172, 0.616828
3.49111, -0.257931, -3.01764, 0.383172, 0.383172, 0.616828
3.49115, -0.257931, -3.01764, 0.383172, 0.383172, 0.616828
3.4912, -0.257931, -3.01764, 0.383172, 0.383172, 0.616828
3.49124, -0.257931, -3.01764, 0.383172, 0.383172, 0.616828
3.49129, -0.257931, -3.01764, 0.383172, 0.383172, 0.616828
3.49133, -0.257931, -3.01764, 0.383172, 0.383172, 0.616828
3.49138, -0.257931, -3.01764, 0.383172, 0.383172, 0.616828
3.49142, -0.257931, -3.01764, 0.383172, 0.383172, 0.616828
3.49147, -0.257931, -3.01764, 0.383172, 0.383172, 0.616828
3.49151, -0.257931, -3.01764, 0.383172, 0.383172, 0.616828
3.49156, -0.257931, -3.01764, 0.383172, 0.383172, 0.616828
3.4916, -0.257931, -3.01764, 0.383172, 0.383172, 0.616828
3.49165, -0.257931, -3.01764, 0.383172, 0.383172, 0.616828
3.49169, -0.257931, -3.01764, 0.383172, 0.383172, 0.616828
3.49174, -0.257931, -3.01764, 0.383172, 0.383172, 0.616828
3.49178, -0.257931, -3.01764, 0.383172, 0.383172, 0.616828
3.49183, -0.257931, -3.01764, 0.383172, 0.383172, 0.616828
3.49187, -0.257931, -3.01764, 0.383172, 0.383172, 0.616828
3.49192, -0.257931, -3.01764, 0.383172, 0.383172, 0.616828
3.49196, -0.257931, -3.01764, 0.383172, 0.383172, 0.616828
3.49201, -0.257931, -3.01764, 0.383172, 0.383172, 0.616828
3.49205, -0.257931, -3.01764, 0.383172, 0.383172, 0.616828
3.4921, -0.257931, -3.01764, 0.383172, 0.383172, 0.616828
3.49214, -0.257931, -3.01764, 0.383172, 0.383172, 0.616828
3.49219, -0.257931, -3.01764, 0.383172, 0.383172, 0.616828
3.49223, -0.257931, -3.01764, 0.383172, 0.383172, 0.616828
3.49228, -0.257931, -3.01764, 0.383172, 0.383172, 0.616828
3.49232, -0.257931, -3.01764, 0.383172, 0.383172, 0.616828
3.49237, -0.257931, -3.01764, 0.383172, 0.383172, 0.616828
3.49241, -0.257931, -3.01764, 0.383172, 0.383172, 0.616828
3.49246, -0.257931, -3.01764, 0.383172, 0.383172, 0.616828
3.4925, -0.257931, -3.01764, 0.383172, 0.383172, 0.616828
3.49255, -0.257931, -3.01764, 0.383172, 0.383172, 0.616828
3.49259, -0.257931, -3.01764, 0.383172, 0.383172, 0.616828
3.49264, -0.257931, -3.01764, 0.383172, 0.383172, 0.616828
3.49268, -0.257931, -3.01764, 0.383172, 0.383172, 0.616828
3.49273, -0.257931, -3.01764, 0.383172, 0.383172, 0.616828
3.49277, -0.257931, -3.01764, 0.383172, 0.383172, 0.616828
3.49282, -0.257931, -3.01764, 0.383172, 0.383172, 0.616828
3.49286, -0.257931, -3.01764, 0.383172, 0.383172, 0.616828
3.49291, -0.257931, -3.01764, 0.383172, 0.383172, 0.616828
3.49295, -0.257931, -3.01764, 0.383172, 0.383172, 0.616828
3.493, -0.257931, -3.01764, 0.383172, 0.383172, 0.616828
3.49304, -0.257931, -3.01764, 0.383172, 0.383172, 0.616828
3.49309, -0.257931, -3.01764, 0.383172, 0.383172, 0.616828
3.49313, -0.257931, -3.01764, 0.383172, 0.383172, 0.616828
3.49318, -0.257931, -3.01764, 0.383172, 0.383172, 0.616828
3.49322, -0.257931, -3.01764, 0.383172, 0.383172, 0.616828
3.49327, -0.257931, -3.01764, 0.383172, 0.383172, 0.616828
3.49331, -0.257931, -3.01764, 0.383172, 0.383172, 0.616828
3.49335, -0.257931, -3.01764, 0.383172, 0.383172, 0.616828
3.4934, -0.257931, -3.01764, 0.383172, 0.383172, 0.616828
3.49344, -0.257931, -3.01764, 0.383172, 0.383172, 0.616828
3.49349, -0.257931, -3.01764, 0.383172, 0.383172, 0.616828
3.49353, -0.257931, -3.01764, 0.383172, 0.383172, 0.616828
3.49358, -0.257931, -3.01764, 0.383172, 0.383172, 0.616828
3.49362, -0.257946, -3.01778, 0.383195, 0.383195, 0.616805
3.49367, -0.257946, -3.01778, 0.383195, 0.383195, 0.616805
3.49371, -0.257946, -3.01778, 0.383195, 0.383195, 0.616805
3.49376, -0.257946, -3.01778, 0.383195, 0.383195, 0.616805
3.4938, -0.257946, -3.01778, 0.383195, 0.383195, 0.616805
3.49385, -0.257946, -3.01778, 0.383195, 0.383195, 0.616805
3.49389, -0.257946, -3.01778, 0.383195, 0.383195, 0.616805
3.49394, -0.257946, -3.01778, 0.383195, 0.383195, 0.616805
3.49398, -0.257946, -3.01778, 0.383195, 0.383195, 0.616805
3.49403, -0.257946, -3.01778, 0.383195, 0.383195, 0.616805
3.49407, -0.257946, -3.01778, 0.383195, 0.383195, 0.616805
3.49412, -0.257946, -3.01778, 0.383195, 0.383195, 0.616805
3.49416, -0.257946, -3.01778, 0.383195, 0.383195, 0.616805
3.49421, -0.257946, -3.01778, 0.383195, 0.383195, 0.616805
3.49425, -0.257946, -3.01778, 0.383195, 0.383195, 0.616805
3.4943, -0.257946, -3.01778, 0.383195, 0.383195, 0.616805
3.49434, -0.257946, -3.01778, 0.383195, 0.383195, 0.616805
3.49439, -0.257946, -3.01778, 0.383195, 0.383195, 0.616805
3.49443, -0.257946, -3.01778, 0.383195, 0.383195, 0.616805
3.49448, -0.257946, -3.01778, 0.383195, 0.383195, 0.616805
3.49452, -0.257946, -3.01778, 0.383195, 0.383195, 0.616805
3.49457, -0.257946, -3.01778, 0.383195, 0.383195, 0.616805
3.49461, -0.257946, -3.01778, 0.383195, 0.383195, 0.616805
3.49466, -0.257946, -3.01778, 0.383195, 0.383195, 0.616805
3.4947, -0.257946, -3.01778, 0.383195, 0.383195, 0.616805
3.49475, -0.257946, -3.01778, 0.383195, 0.383195, 0.616805
3.49479, -0.257946, -3.01778, 0.383195, 0.383195, 0.616805
3.49484, -0.257946, -3.01778, 0.383195, 0.383195, 0.616805
3.49488, -0.257946, -3.01778, 0.383195, 0.383195, 0.616805
3.49493, -0.257946, -3.01778, 0.383195, 0.383195, 0.616805
3.49497, -0.257946, -3.01778, 0.383195, 0.383195, 0.616805
3.49502, -0.257946, -3.01778, 0.383195, 0.383195, 0.616805
3.49506, -0.257946, -3.01778, 0.383195, 0.383195, 0.616805
3.49511, -0.257946, -3.01778, 0.383195, 0.383195, 0.616805
3.49515, -0.257946, -3.01778, 0.383195, 0.383195, 0.616805
3.4952, -0.257946, -3.01778, 0.383195, 0.383195, 0.616805
3.49524, -0.257946, -3.01778, 0.383195, 0.383195, 0.616805
3.49529, -0.257946, -3.01778, 0.383195, 0.383195, 0.616805
3.49533, -0.257946, -3.01778, 0.383195, 0.383195, 0.616805
3.49538, -0.257946, -3.01778, 0.383195, 0.383195, 0.616805
3.49542, -0.257946, -3.01778, 0.383195, 0.383195, 0.616805
3.49547, -0.257946, -3.01778, 0.383195, 0.383195, 0.616805
3.49551, -0.257946, -3.01778, 0.383195, 0.383195, 0.616805
3.49555, -0.257946, -3.01778, 0.383195, 0.383195, 0.616805
3.4956, -0.257946, -3.01778, 0.383195, 0.383195, 0.616805
3.49564, -0.257946, -3.01778, 0.383195, 0.383195, 0.616805
3.49569, -0.257946, -3.01778, 0.383195, 0.383195, 0.616805
3.49573, -0.257946, -3.01778, 0.383195, 0.383195, 0.616805
3.49578, -0.257946, -3.01778, 0.383195, 0.383195, 0.616805
3.49582, -0.257946, -3.01778, 0.383195, 0.383195, 0.616805
3.49587, -0.257946, -3.01778, 0.383195, 0.383195, 0.616805
3.49591, -0.257946, -3.01778, 0.383195, 0.383195, 0.616805
3.49596, -0.257946, -3.01778, 0.383195, 0.383195, 0.616805
3.496, -0.257946, -3.01778, 0.383195, 0.383195, 0.616805
3.49605, -0.257946, -3.01778, 0.383195, 0.383195, 0.616805
3.49609, -0.257946, -3.01778, 0.383195, 0.383195, 0.616805
3.49614, -0.257946, -3.01778, 0.383195, 0.383195, 0.616805
3.49618, -0.257946, -3.01778, 0.383195, 0.383195, 0.616805
3.49623, -0.257946, -3.01778, 0.383195, 0.383195, 0.616805
3.49627, -0.257946, -3.01778, 0.383195, 0.383195, 0.616805
3.49632, -0.257946, -3.01778, 0.383195, 0.383195, 0.616805
3.49636, -0.257946, -3.01778, 0.383195, 0.383195, 0.616805
3.49641, -0.257946, -3.01778, 0.383195, 0.383195, 0.616805
3.49645, -0.257946, -3.01778, 0.383195, 0.383195, 0.616805
3.4965, -0.257946, -3.01778, 0.383195, 0.383195, 0.616805
3.49654, -0.257946, -3.01778, 0.383195, 0.383195, 0.616805
3.49659, -0.257946, -3.01778, 0.383195, 0.383195, 0.616805
3.49663, -0.257946, -3.01778, 0.383195, 0.383195, 0.616805
3.49668, -0.257946, -3.01778, 0.383195, 0.383195, 0.616805
3.49672, -0.257946, -3.01778, 0.383195, 0.383195, 0.616805
3.49677, -0.257946, -3.01778, 0.383195, 0.383195, 0.616805
3.49681, -0.257946, -3.01778, 0.383195, 0.383195, 0.616805
3.49686, -0.257961, -3.01792, 0.383218, 0.383218, 0.616782
3.4969, -0.257961, -3.01792, 0.383218, 0.383218, 0.616782
3.49695, -0.257961, -3.01792, 0.383218, 0.383218, 0.616782
3.49699, -0.257961, -3.01792, 0.383218, 0.383218, 0.616782
3.49704, -0.257961, -3.01792, 0.383218, 0.383218, 0.616782
3.49708, -0.257961, -3.01792, 0.383218, 0.383218, 0.616782
3.49713, -0.257961, -3.01792, 0.383218, 0.383218, 0.616782
3.49717, -0.257961, -3.01792, 0.383218, 0.383218, 0.616782
3.49722, -0.257961, -3.01792, 0.383218, 0.383218, 0.616782
3.49726, -0.257961, -3.01792, 0.383218, 0.383218, 0.616782
3.49731, -0.257961, -3.01792, 0.383218, 0.383218, 0.616782
3.49735, -0.257961, -3.01792, 0.383218, 0.383218, 0.616782
3.4974, -0.257961, -3.01792, 0.383218, 0.383218, 0.616782
3.49744, -0.257961, -3.01792, 0.383218, 0.383218, 0.616782
3.49749, -0.257961, -3.01792, 0.383218, 0.383218, 0.616782
3.49753, -0.257961, -3.01792, 0.383218, 0.383218, 0.616782
3.49758, -0.257961, -3.01792, 0.383218, 0.383218, 0.616782
3.49762, -0.257961, -3.01792, 0.383218, 0.383218, 0.616782
3.49767, -0.257961, -3.01792, 0.383218, 0.383218, 0.616782
3.49771, -0.257961, -3.01792, 0.383218, 0.383218, 0.616782
3.49776, -0.257961, -3.01792, 0.383218, 0.383218, 0.616782
3.4978, -0.257961, -3.01792, 0.383218, 0.383218, 0.616782
3.49784, -0.257961, -3.01792, 0.383218, 0.383218, 0.616782
3.49789, -0.257961, -3.01792, 0.383218, 0.383218, 0.616782
3.49793, -0.257961, -3.01792, 0.383218, 0.383218, 0.616782
3.49798, -0.257961, -3.01792, 0.383218, 0.383218, 0.616782
3.49802, -0.257961, -3.01792, 0.383218, 0.383218, 0.616782
3.49807, -0.257961, -3.01792, 0.383218, 0.383218, 0.616782
3.49811, -0.257961, -3.01792, 0.383218, 0.383218, 0.616782
3.49816, -0.257961, -3.01792, 0.383218, 0.383218, 0.616782
3.4982, -0.257961, -3.01792, 0.383218, 0.383218, 0.616782
3.49825, -0.257961, -3.01792, 0.383218, 0.383218, 0.616782
3.49829, -0.257961, -3.01792, 0.383218, 0.383218, 0.616782
3.49834, -0.257961, -3.01792, 0.383218, 0.383218, 0.616782
3.49838, -0.257961, -3.01792, 0.383218, 0.383218, 0.616782
3.49843, -0.257961, -3.01792, 0.383218, 0.383218, 0.616782
3.49847, -0.257961, -3.01792, 0.383218, 0.383218, 0.616782
3.49852, -0.257961, -3.01792, 0.383218, 0.383218, 0.616782
3.49856, -0.257961, -3.01792, 0.383218, 0.383218, 0.616782
3.49861, -0.257961, -3.01792, 0.383218, 0.383218, 0.616782
3.49865, -0.257961, -3.01792, 0.383218, 0.383218, 0.616782
3.4987, -0.257961, -3.01792, 0.383218, 0.383218, 0.616782
3.49874, -0.257961, -3.01792, 0.383218, 0.383218, 0.616782
3.49879, -0.257961, -3.01792, 0.383218, 0.383218, 0.616782
3.49883, -0.257961, -3.01792, 0.383218, 0.383218, 0.616782
3.49888, -0.257961, -3.01792, 0.383218, 0.383218, 0.616782
3.49892, -0.257961, -3.01792, 0.383218, 0.383218, 0.616782
3.49897, -0.257961, -3.01792, 0.383218, 0.383218, 0.616782
3.49901, -0.257961, -3.01792, 0.383218, 0.383218, 0.616782
3.49906, -0.257961, -3.01792, 0.383218, 0.383218, 0.616782
3.4991, -0.257961, -3.01792, 0.383218, 0.383218, 0.616782
3.49915, -0.257961, -3.01792, 0.383218, 0.383218, 0.616782
3.49919, -0.257961, -3.01792, 0.383218, 0.383218, 0.616782
3.49924, -0.257961, -3.01792, 0.383218, 0.383218, 0.616782
3.49928, -0.257961, -3.01792, 0.383218, 0.383218, 0.616782
3.49933, -0.257961, -3.01792, 0.383218, 0.383218, 0.616782
3.49937, -0.257961, -3.01792, 0.383218, 0.383218, 0.616782
3.49942, -0.257961, -3.01792, 0.383218, 0.383218, 0.616782
3.49946, -0.257961, -3.01792, 0.383218, 0.383218, 0.616782
3.49951, -0.257961, -3.01792, 0.383218, 0.383218, 0.616782
3.49955, -0.257961, -3.01792, 0.383218, 0.383218, 0.616782
3.4996, -0.257961, -3.01792, 0.383218, 0.383218, 0.616782
3.49964, -0.257961, -3.01792, 0.383218, 0.383218, 0.616782
3.49969, -0.257961, -3.01792, 0.383218, 0.383218, 0.616782
3.49973, -0.257961, -3.01792, 0.383218, 0.383218, 0.616782
3.49978, -0.257961, -3.01792, 0.383218, 0.383218, 0.616782
3.49982, -0.257961, -3.01792, 0.383218, 0.383218, 0.616782
3.49987, -0.257961, -3.01792, 0.383218, 0.383218, 0.616782
3.49991, -0.257961, -3.01792, 0.383218, 0.383218, 0.616782
3.49996, -0.257961, -3.01792, 0.383218, 0.383218, 0.616782
3.5, -0.257961, -3.01792, 0.383218, 0.383218, 0.616782
