Cycle num, CSR, Shear strain (%), Vert eff stress (atm), Vert eff stress ratio, ru
0, 0.00880415, 0, 0.999982, 0.999982, 1.79175e-05
0.015625, 0.00880415, 0, 0.999982, 0.999982, 1.79174e-05
0.03125, 0.00880415, 0, 0.999982, 0.999982, 1.79174e-05
0.046875, 0.00880415, 0, 0.999982, 0.999982, 1.79174e-05
0.0625, 0.00880415, 0, 0.999982, 0.999982, 1.79174e-05
0.078125, 0.00880415, 0, 0.999982, 0.999982, 1.79174e-05
0.09375, 0.00880415, 0, 0.999982, 0.999982, 1.79174e-05
0.109375, 0.0302191, 0.00532706, 0.998769, 0.998817, 0.00118319
0.125, 0.0542339, 0.0123364, 0.995733, 0.995803, 0.0041973
0.140625, 0.0749528, 0.0193457, 0.991955, 0.992034, 0.00796568
0.15625, 0.0932177, 0.026355, 0.987858, 0.987942, 0.012058
0.171875, 0.109584, 0.0333642, 0.983645, 0.983729, 0.0162708
0.1875, 0.124435, 0.0403735, 0.979415, 0.979499, 0.0205011
0.203125, 0.138044, 0.0473828, 0.975222, 0.975305, 0.0246949
0.21875, 0.150613, 0.0543921, 0.971095, 0.971177, 0.0288231
0.234375, 0.162297, 0.0614014, 0.96705, 0.96713, 0.0328704
0.25, 0.167431, 0.0664481, 0.963725, 0.963725, 0.0362752
0.265625, 0.13874, 0.0594388, 0.962826, 0.962861, 0.0371387
0.28125, 0.114172, 0.0524295, 0.960601, 0.960652, 0.0393475
0.296875, 0.0928061, 0.0454202, 0.95785, 0.957908, 0.0420925
0.3125, 0.0738308, 0.0384109, 0.95489, 0.954951, 0.0450494
0.328125, 0.0567065, 0.0314016, 0.951865, 0.951925, 0.0480747
0.34375, 0.0410616, 0.0243923, 0.94884, 0.9489, 0.0510998
0.359375, 0.0266305, 0.0173831, 0.94585, 0.945909, 0.0540906
0.375, 0.0132161, 0.0103738, 0.942912, 0.94297, 0.0570302
0.390625, 0.000668192, 0.00336446, 0.940032, 0.940089, 0.0599107
0.40625, -0.0111308, -0.00364483, 0.937215, 0.937271, 0.0627293
0.421875, -0.0222742, -0.0106541, 0.93446, 0.934514, 0.0654855
0.4375, -0.0328386, -0.0176634, 0.931766, 0.931819, 0.0681808
0.453125, -0.0428869, -0.0246727, 0.929131, 0.929183, 0.070817
0.46875, -0.0524715, -0.031682, 0.926552, 0.926603, 0.0733968
0.484375, -0.0616368, -0.0386913, 0.924027, 0.924077, 0.0759227
0.5, -0.0704206, -0.0457006, 0.921554, 0.921603, 0.0783975
0.515625, -0.0788555, -0.0527099, 0.919128, 0.919176, 0.0808237
0.53125, -0.0869698, -0.0597192, 0.916749, 0.916796, 0.0832038
0.546875, -0.0947882, -0.0667285, 0.914413, 0.91446, 0.0855403
0.5625, -0.102333, -0.0737378, 0.912119, 0.912165, 0.0878354
0.578125, -0.109622, -0.0807471, 0.909864, 0.909909, 0.0900912
0.59375, -0.116674, -0.0877564, 0.907646, 0.90769, 0.0923098
0.609375, -0.123503, -0.0947657, 0.905464, 0.905507, 0.094493
0.625, -0.130124, -0.101775, 0.903315, 0.903358, 0.0966425
0.640625, -0.136549, -0.108784, 0.901198, 0.90124, 0.09876
0.65625, -0.142789, -0.115794, 0.899112, 0.899153, 0.100847
0.671875, -0.148855, -0.122803, 0.897054, 0.897095, 0.102905
0.6875, -0.154755, -0.129812, 0.895025, 0.895065, 0.104935
0.703125, -0.160498, -0.136821, 0.893022, 0.893062, 0.106938
0.71875, -0.166093, -0.143831, 0.891045, 0.891084, 0.108916
0.734375, -0.171546, -0.15084, 0.889092, 0.889131, 0.110869
0.75, -0.143609, -0.144391, 0.88862, 0.888641, 0.111359
0.765625, -0.1189, -0.137382, 0.887227, 0.88726, 0.11274
0.78125, -0.0975471, -0.130373, 0.88546, 0.885497, 0.114503
0.796875, -0.0786334, -0.123364, 0.883545, 0.883584, 0.116416
0.8125, -0.0615838, -0.116354, 0.88158, 0.88162, 0.11838
0.828125, -0.0460143, -0.109345, 0.879612, 0.879651, 0.120349
0.84375, -0.0316544, -0.102336, 0.877661, 0.8777, 0.1223
0.859375, -0.0183053, -0.0953264, 0.875741, 0.875779, 0.124221
0.875, -0.00581659, -0.0883171, 0.873855, 0.873892, 0.126108
0.890625, 0.00592909, -0.0813078, 0.872005, 0.872042, 0.127958
0.90625, 0.0170251, -0.0742985, 0.870193, 0.870229, 0.129771
0.921875, 0.0275471, -0.0672892, 0.868417, 0.868452, 0.131548
0.9375, 0.0375574, -0.0602799, 0.866676, 0.866711, 0.133289
0.953125, 0.047108, -0.0532706, 0.864969, 0.865003, 0.134997
0.96875, 0.0562428, -0.0462614, 0.863293, 0.863326, 0.136674
0.984375, 0.0649994, -0.0392521, 0.861648, 0.86168, 0.13832
1, 0.07341, -0.0322428, 0.860031, 0.860063, 0.139937
1.01562, 0.0815026, -0.0252335, 0.85844, 0.858472, 0.141528
1.03125, 0.0893016, -0.0182242, 0.856876, 0.856907, 0.143093
1.04688, 0.0968287, -0.0112149, 0.855335, 0.855365, 0.144635
1.0625, 0.104103, -0.00420558, 0.853816, 0.853847, 0.146153
1.07812, 0.111141, 0.00280372, 0.852319, 0.852349, 0.147651
1.09375, 0.117959, 0.00981301, 0.850843, 0.850872, 0.149128
1.10938, 0.124569, 0.0168223, 0.849385, 0.849414, 0.150586
1.125, 0.130984, 0.0238316, 0.847946, 0.847974, 0.152026
1.14062, 0.137216, 0.0308409, 0.846523, 0.846552, 0.153448
1.15625, 0.143275, 0.0378502, 0.845117, 0.845145, 0.154855
1.17188, 0.149169, 0.0448595, 0.843727, 0.843755, 0.156245
1.1875, 0.154907, 0.0518688, 0.842351, 0.842378, 0.157622
1.20312, 0.160498, 0.0588781, 0.840989, 0.841017, 0.158983
1.21875, 0.165947, 0.0658874, 0.839641, 0.839668, 0.160332
1.23438, 0.171263, 0.0728967, 0.838306, 0.838332, 0.161668
1.25, 0.144701, 0.0670089, 0.837974, 0.837987, 0.162013
1.26562, 0.120032, 0.0599996, 0.837075, 0.837096, 0.162904
1.28125, 0.0987599, 0.0529903, 0.835928, 0.835953, 0.164047
1.29688, 0.0799301, 0.045981, 0.834685, 0.834711, 0.165289
1.3125, 0.0629587, 0.0389717, 0.833409, 0.833435, 0.166565
1.32812, 0.0474595, 0.0319624, 0.832128, 0.832154, 0.167846
1.34375, 0.033162, 0.0249531, 0.830858, 0.830883, 0.169117
1.35938, 0.0198684, 0.0179438, 0.829604, 0.829629, 0.170371
1.375, 0.00742899, 0.0109345, 0.828371, 0.828395, 0.171605
1.39062, -0.00427283, 0.00392521, 0.827159, 0.827183, 0.172817
1.40625, -0.0153297, -0.00308409, 0.825968, 0.825992, 0.174008
1.42188, -0.0258166, -0.0100934, 0.824798, 0.824821, 0.175179
1.4375, -0.0357955, -0.0171027, 0.823648, 0.823671, 0.176329
1.45312, -0.0453178, -0.024112, 0.822517, 0.822539, 0.177461
1.46875, -0.0544272, -0.0311213, 0.821403, 0.821425, 0.178575
1.48438, -0.0631607, -0.0381306, 0.820306, 0.820328, 0.179672
1.5, -0.0715504, -0.0451399, 0.819225, 0.819247, 0.180753
1.51562, -0.0796241, -0.0521492, 0.818158, 0.81818, 0.18182
1.53125, -0.0874061, -0.0591585, 0.817105, 0.817126, 0.182874
1.54688, -0.0949176, -0.0661678, 0.816065, 0.816086, 0.183914
1.5625, -0.102178, -0.073177, 0.815036, 0.815057, 0.184943
1.57812, -0.109203, -0.0801863, 0.814019, 0.814039, 0.185961
1.59375, -0.116009, -0.0871956, 0.813012, 0.813032, 0.186968
1.60938, -0.122609, -0.0942049, 0.812014, 0.812034, 0.187966
1.625, -0.129015, -0.101214, 0.811025, 0.811045, 0.188955
1.64062, -0.135238, -0.108224, 0.810045, 0.810065, 0.189935
1.65625, -0.141289, -0.115233, 0.809073, 0.809092, 0.190908
1.67188, -0.147176, -0.122242, 0.808108, 0.808127, 0.191873
1.6875, -0.152908, -0.129251, 0.80715, 0.807169, 0.192831
1.70312, -0.158493, -0.136261, 0.806199, 0.806218, 0.193782
1.71875, -0.163938, -0.14327, 0.805254, 0.805273, 0.194727
1.73438, -0.169249, -0.150279, 0.804315, 0.804334, 0.195666
1.75, -0.155959, -0.149999, 0.803852, 0.803856, 0.196144
1.76515, -0.129635, -0.14299, 0.803392, 0.803405, 0.196595
1.7803, -0.107276, -0.13598, 0.802693, 0.802708, 0.197292
1.79545, -0.0876709, -0.128971, 0.801903, 0.801919, 0.198081
1.81061, -0.0701146, -0.121962, 0.801077, 0.801093, 0.198907
1.82576, -0.0541568, -0.114952, 0.80024, 0.800257, 0.199743
1.84091, -0.0394891, -0.107943, 0.799406, 0.799422, 0.200578
1.85606, -0.0258899, -0.100934, 0.798578, 0.798595, 0.201405
1.87121, -0.0131936, -0.0939246, 0.797761, 0.797777, 0.202223
1.88636, -0.00127275, -0.0869153, 0.796955, 0.796971, 0.203029
1.90152, 0.00997318, -0.079906, 0.79616, 0.796176, 0.203824
1.91667, 0.020625, -0.0728967, 0.795376, 0.795391, 0.204609
1.93182, 0.0307489, -0.0658874, 0.794602, 0.794618, 0.205382
1.94697, 0.0403998, -0.0588781, 0.793838, 0.793854, 0.206146
1.96212, 0.0496239, -0.0518688, 0.793084, 0.793099, 0.206901
1.97727, 0.0584604, -0.0448595, 0.792337, 0.792352, 0.207648
1.99242, 0.066943, -0.0378502, 0.791598, 0.791613, 0.208387
2.00758, 0.0751008, -0.0308409, 0.790867, 0.790881, 0.209119
2.02273, 0.0829593, -0.0238316, 0.790141, 0.790155, 0.209845
2.03788, 0.0905408, -0.0168223, 0.789421, 0.789435, 0.210565
2.05303, 0.097865, -0.00981301, 0.788706, 0.788721, 0.211279
2.06818, 0.104949, -0.00280372, 0.787996, 0.78801, 0.21199
2.08333, 0.111809, 0.00420558, 0.78729, 0.787305, 0.212695
2.09848, 0.11846, 0.0112149, 0.786588, 0.786602, 0.213398
2.11364, 0.124912, 0.0182242, 0.78589, 0.785904, 0.214096
2.12879, 0.131179, 0.0252335, 0.785194, 0.785208, 0.214792
2.14394, 0.137269, 0.0322428, 0.784501, 0.784515, 0.215485
2.15909, 0.143194, 0.0392521, 0.78381, 0.783824, 0.216176
2.17424, 0.148961, 0.0462614, 0.783122, 0.783136, 0.216864
2.18939, 0.154579, 0.0532706, 0.782436, 0.782449, 0.217551
2.20455, 0.160054, 0.0602799, 0.781751, 0.781764, 0.218236
2.2197, 0.165393, 0.0672892, 0.781068, 0.781081, 0.218919
2.23485, 0.170604, 0.0742985, 0.780386, 0.780399, 0.219601
2.25, 0.148662, 0.0703733, 0.780179, 0.780184, 0.219816
2.26515, 0.123605, 0.063364, 0.779824, 0.779833, 0.220167
2.2803, 0.102119, 0.0563547, 0.779349, 0.779359, 0.220641
2.29545, 0.0831598, 0.0493454, 0.778828, 0.778838, 0.221162
2.31061, 0.0661069, 0.0423361, 0.778288, 0.778298, 0.221702
2.32576, 0.0505555, 0.0353269, 0.777742, 0.777753, 0.222247
2.34091, 0.0362249, 0.0283176, 0.777197, 0.777207, 0.222793
2.35606, 0.0229111, 0.0213083, 0.776655, 0.776665, 0.223335
2.37121, 0.0104606, 0.014299, 0.776117, 0.776128, 0.223872
2.38636, -0.00124565, 0.00728967, 0.775584, 0.775595, 0.224405
2.40152, -0.0123021, 0.000280372, 0.775056, 0.775067, 0.224933
2.41667, -0.022785, -0.00672892, 0.774533, 0.774543, 0.225457
2.43182, -0.0327571, -0.0137382, 0.774013, 0.774023, 0.225977
2.44697, -0.0422705, -0.0207475, 0.773497, 0.773507, 0.226493
2.46212, -0.0513694, -0.0277568, 0.772984, 0.772994, 0.227006
2.47727, -0.0600912, -0.0347661, 0.772473, 0.772483, 0.227517
2.49242, -0.0684683, -0.0417754, 0.771964, 0.771974, 0.228026
2.50758, -0.0765286, -0.0487847, 0.771457, 0.771467, 0.228533
2.52273, -0.0842966, -0.055794, 0.770951, 0.770961, 0.229039
2.53788, -0.0917937, -0.0628033, 0.770445, 0.770455, 0.229545
2.55303, -0.0990391, -0.0698126, 0.76994, 0.769951, 0.230049
2.56818, -0.10605, -0.0768219, 0.769436, 0.769446, 0.230554
2.58333, -0.112841, -0.0838312, 0.768931, 0.768941, 0.231059
2.59848, -0.119425, -0.0908405, 0.768426, 0.768436, 0.231564
2.61364, -0.125816, -0.0978498, 0.76792, 0.76793, 0.23207
2.62879, -0.132024, -0.104859, 0.767414, 0.767424, 0.232576
2.64394, -0.13806, -0.111868, 0.766907, 0.766917, 0.233083
2.65909, -0.143932, -0.118878, 0.766398, 0.766408, 0.233592
2.67424, -0.149649, -0.125887, 0.765889, 0.765899, 0.234101
2.68939, -0.155219, -0.132896, 0.765378, 0.765388, 0.234612
2.70455, -0.160649, -0.139906, 0.764865, 0.764876, 0.235124
2.7197, -0.165946, -0.146915, 0.764352, 0.764362, 0.235638
2.73485, -0.171115, -0.153924, 0.763836, 0.763847, 0.236153
2.75, -0.145927, -0.148597, 0.763726, 0.763729, 0.236271
2.76515, -0.121287, -0.141588, 0.763485, 0.763491, 0.236509
2.7803, -0.100107, -0.134578, 0.763173, 0.76318, 0.23682
2.79545, -0.0813875, -0.127569, 0.762832, 0.762839, 0.237161
2.81061, -0.0645311, -0.12056, 0.762479, 0.762486, 0.237514
2.82576, -0.0491459, -0.113551, 0.76212, 0.762127, 0.237873
2.84091, -0.034959, -0.106541, 0.76176, 0.761767, 0.238233
2.85606, -0.0217719, -0.099532, 0.7614, 0.761407, 0.238593
2.87121, -0.00943455, -0.0925227, 0.76104, 0.761047, 0.238953
2.88636, 0.00216942, -0.0855134, 0.760681, 0.760688, 0.239312
2.90152, 0.0131325, -0.0785041, 0.760323, 0.76033, 0.23967
2.91667, 0.0235294, -0.0714948, 0.759964, 0.759972, 0.240028
2.93182, 0.0334218, -0.0644855, 0.759606, 0.759613, 0.240387
2.94697, 0.042861, -0.0574762, 0.759247, 0.759254, 0.240746
2.96212, 0.0518903, -0.0504669, 0.758887, 0.758895, 0.241105
2.97727, 0.0605466, -0.0434576, 0.758526, 0.758534, 0.241466
2.99242, 0.0688617, -0.0364483, 0.758164, 0.758171, 0.241829
3.00758, 0.0768633, -0.029439, 0.7578, 0.757807, 0.242193
3.02273, 0.0845754, -0.0224297, 0.757434, 0.757441, 0.242559
3.03788, 0.0920193, -0.0154205, 0.757065, 0.757073, 0.242927
3.05303, 0.0992137, -0.00841115, 0.756694, 0.756702, 0.243298
3.06818, 0.106175, -0.00140186, 0.756321, 0.756328, 0.243672
3.08333, 0.112919, 0.00560744, 0.755945, 0.755952, 0.244048
3.09848, 0.119459, 0.0126167, 0.755566, 0.755573, 0.244427
3.11364, 0.125806, 0.019626, 0.755183, 0.755191, 0.244809
3.12879, 0.131972, 0.0266353, 0.754798, 0.754806, 0.245194
3.14394, 0.137967, 0.0336446, 0.75441, 0.754418, 0.245582
3.15909, 0.1438, 0.0406539, 0.754019, 0.754026, 0.245974
3.17424, 0.149479, 0.0476632, 0.753624, 0.753632, 0.246368
3.18939, 0.155012, 0.0546725, 0.753226, 0.753234, 0.246766
3.20455, 0.160406, 0.0616818, 0.752824, 0.752832, 0.247168
3.2197, 0.165667, 0.0686911, 0.75242, 0.752428, 0.247572
3.23485, 0.170802, 0.0757004, 0.752012, 0.75202, 0.24798
3.25, 0.147656, 0.0712144, 0.751912, 0.751914, 0.248086
3.26515, 0.122904, 0.0642051, 0.75176, 0.751764, 0.248236
3.2803, 0.101659, 0.0571959, 0.75156, 0.751564, 0.248436
3.29545, 0.0828993, 0.0501866, 0.751339, 0.751344, 0.248656
3.31061, 0.0660172, 0.0431773, 0.751109, 0.751114, 0.248886
3.32576, 0.0506155, 0.036168, 0.750873, 0.750878, 0.249122
3.34091, 0.0364186, 0.0291587, 0.750635, 0.750639, 0.249361
3.35606, 0.0232257, 0.0221494, 0.750394, 0.750399, 0.249601
3.37121, 0.0108858, 0.0151401, 0.750151, 0.750155, 0.249845
3.38636, -0.000718498, 0.00813078, 0.749905, 0.74991, 0.25009
3.40152, -0.0116801, 0.00112149, 0.749658, 0.749663, 0.250337
3.41667, -0.0220744, -0.00588781, 0.749408, 0.749413, 0.250587
3.43182, -0.0319631, -0.0128971, 0.749155, 0.74916, 0.25084
3.44697, -0.0413978, -0.0199064, 0.748899, 0.748904, 0.251096
3.46212, -0.0504221, -0.0269157, 0.74864, 0.748645, 0.251355
3.47727, -0.059073, -0.033925, 0.748377, 0.748382, 0.251618
3.49242, -0.0673824, -0.0409343, 0.74811, 0.748115, 0.251885
3.50758, -0.0753781, -0.0479436, 0.747839, 0.747845, 0.252155
3.52273, -0.083084, -0.0549529, 0.747565, 0.74757, 0.25243
3.53788, -0.0905217, -0.0619622, 0.747286, 0.747291, 0.252709
3.55303, -0.0977098, -0.0689715, 0.747003, 0.747008, 0.252992
3.56818, -0.104665, -0.0759808, 0.746715, 0.746721, 0.253279
3.58333, -0.111403, -0.0829901, 0.746423, 0.746429, 0.253571
3.59848, -0.117936, -0.0899994, 0.746126, 0.746132, 0.253868
3.61364, -0.124277, -0.0970087, 0.745825, 0.745831, 0.254169
3.62879, -0.130437, -0.104018, 0.745519, 0.745525, 0.254475
3.64394, -0.136426, -0.111027, 0.745208, 0.745214, 0.254786
3.65909, -0.142252, -0.118037, 0.744893, 0.744899, 0.255101
3.67424, -0.147926, -0.125046, 0.744573, 0.744579, 0.255421
3.68939, -0.153453, -0.132055, 0.744248, 0.744255, 0.255745
3.70455, -0.158841, -0.139064, 0.743919, 0.743926, 0.256074
3.7197, -0.164096, -0.146074, 0.743586, 0.743592, 0.256408
3.73485, -0.169225, -0.153083, 0.743247, 0.743254, 0.256746
3.75, -0.156696, -0.153083, 0.743078, 0.743079, 0.256921
3.76471, -0.130645, -0.146074, 0.742997, 0.743, 0.257
3.77941, -0.108546, -0.139064, 0.742875, 0.742877, 0.257123
3.79412, -0.0891768, -0.132055, 0.742734, 0.742737, 0.257263
3.80882, -0.0718352, -0.125046, 0.742585, 0.742588, 0.257412
3.82353, -0.0560739, -0.118037, 0.742429, 0.742432, 0.257568
3.83824, -0.0415876, -0.111027, 0.742269, 0.742273, 0.257727
3.85294, -0.0281567, -0.104018, 0.742106, 0.742109, 0.257891
3.86765, -0.0156175, -0.0970087, 0.741939, 0.741942, 0.258058
3.88235, -0.00384426, -0.0899994, 0.741768, 0.741771, 0.258229
3.89706, 0.00726245, -0.0829901, 0.741593, 0.741596, 0.258404
3.91176, 0.0177825, -0.0759808, 0.741414, 0.741417, 0.258583
3.92647, 0.0277811, -0.0689715, 0.74123, 0.741234, 0.258766
3.94118, 0.0373127, -0.0619622, 0.741042, 0.741045, 0.258955
3.95588, 0.0464227, -0.0549529, 0.740848, 0.740852, 0.259148
3.97059, 0.05515, -0.0479436, 0.74065, 0.740654, 0.259346
3.98529, 0.0635278, -0.0409343, 0.740447, 0.740451, 0.259549
4, 0.0715848, -0.033925, 0.740238, 0.740242, 0.259758
4.01471, 0.0793463, -0.0269157, 0.740024, 0.740028, 0.259972
4.02941, 0.0868341, -0.0199064, 0.739804, 0.739809, 0.260191
4.04412, 0.0940678, -0.0128971, 0.739579, 0.739584, 0.260416
4.05882, 0.101065, -0.00588781, 0.739349, 0.739353, 0.260647
4.07353, 0.10784, 0.00112149, 0.739112, 0.739117, 0.260883
4.08824, 0.114408, 0.00813078, 0.738871, 0.738875, 0.261125
4.10294, 0.120781, 0.0151401, 0.738623, 0.738628, 0.261372
4.11765, 0.12697, 0.0221494, 0.73837, 0.738375, 0.261625
4.13235, 0.132985, 0.0291587, 0.738111, 0.738117, 0.261883
4.14706, 0.138837, 0.036168, 0.737847, 0.737853, 0.262147
4.16176, 0.144533, 0.0431773, 0.737578, 0.737583, 0.262417
4.17647, 0.150081, 0.0501866, 0.737302, 0.737308, 0.262692
4.19118, 0.155488, 0.0571959, 0.737022, 0.737028, 0.262972
4.20588, 0.160762, 0.0642051, 0.736736, 0.736742, 0.263258
4.22059, 0.165907, 0.0712144, 0.736445, 0.736451, 0.263549
4.23529, 0.170931, 0.0782237, 0.736149, 0.736155, 0.263845
4.25, 0.147244, 0.0734574, 0.736092, 0.736093, 0.263907
4.26515, 0.1227, 0.0664481, 0.736028, 0.73603, 0.26397
4.2803, 0.101625, 0.0594388, 0.735944, 0.735946, 0.264054
4.29545, 0.0830105, 0.0524295, 0.73585, 0.735852, 0.264148
4.31061, 0.0662557, 0.0454202, 0.735749, 0.735751, 0.264249
4.32576, 0.0509681, 0.0384109, 0.735644, 0.735646, 0.264354
4.34091, 0.0368748, 0.0314016, 0.735533, 0.735536, 0.264464
4.35606, 0.0237772, 0.0243923, 0.735418, 0.735421, 0.264579
4.37121, 0.0115256, 0.0173831, 0.735299, 0.735301, 0.264699
4.38636, 3.73628e-06, 0.0103738, 0.735174, 0.735177, 0.264823
4.40152, -0.0108805, 0.00336446, 0.735044, 0.735047, 0.264953
4.41667, -0.0212017, -0.00364483, 0.734909, 0.734911, 0.265089
4.43182, -0.0310213, -0.0106541, 0.734767, 0.73477, 0.26523
4.44697, -0.0403903, -0.0176634, 0.734621, 0.734624, 0.265376
4.46212, -0.0493519, -0.0246727, 0.734468, 0.734471, 0.265529
4.47727, -0.0579429, -0.031682, 0.734309, 0.734312, 0.265688
4.49242, -0.0661949, -0.0386913, 0.734144, 0.734147, 0.265853
4.50758, -0.0741354, -0.0457006, 0.733972, 0.733976, 0.266024
4.52273, -0.0817884, -0.0527099, 0.733795, 0.733798, 0.266202
4.53788, -0.0891749, -0.0597192, 0.733611, 0.733615, 0.266385
4.55303, -0.0963137, -0.0667285, 0.733421, 0.733424, 0.266576
4.56818, -0.103221, -0.0737378, 0.733224, 0.733228, 0.266772
4.58333, -0.109913, -0.0807471, 0.733021, 0.733025, 0.266975
4.59848, -0.116401, -0.0877564, 0.732812, 0.732816, 0.267184
4.61364, -0.122699, -0.0947657, 0.732596, 0.732601, 0.267399
4.62879, -0.128817, -0.101775, 0.732374, 0.732379, 0.267621
4.64394, -0.134765, -0.108784, 0.732146, 0.732151, 0.267849
4.65909, -0.140552, -0.115794, 0.731912, 0.731917, 0.268083
4.67424, -0.146186, -0.122803, 0.731672, 0.731677, 0.268323
4.68939, -0.151676, -0.129812, 0.731426, 0.731431, 0.268569
4.70455, -0.157027, -0.136821, 0.731174, 0.731179, 0.268821
4.7197, -0.162247, -0.143831, 0.730916, 0.730921, 0.269079
4.73485, -0.167341, -0.15084, 0.730652, 0.730657, 0.269343
4.75, -0.16805, -0.156167, 0.730421, 0.730421, 0.269579
4.76471, -0.139913, -0.149158, 0.730402, 0.730403, 0.269597
4.77941, -0.116476, -0.142149, 0.730357, 0.730358, 0.269642
4.79412, -0.0961829, -0.135139, 0.730299, 0.730301, 0.269699
4.80882, -0.078163, -0.12813, 0.730236, 0.730237, 0.269763
4.82353, -0.0618817, -0.121121, 0.730166, 0.730168, 0.269832
4.83824, -0.0469841, -0.114111, 0.730092, 0.730093, 0.269907
4.85294, -0.0332204, -0.107102, 0.730012, 0.730014, 0.269986
4.86765, -0.0204069, -0.100093, 0.729928, 0.729929, 0.270071
4.88235, -0.00840407, -0.0930834, 0.729837, 0.729839, 0.270161
4.89706, 0.00289705, -0.0860742, 0.729741, 0.729743, 0.270257
4.91176, 0.0135834, -0.0790649, 0.729639, 0.729641, 0.270359
4.92647, 0.0237255, -0.0720556, 0.729531, 0.729533, 0.270467
4.94118, 0.0333817, -0.0650463, 0.729416, 0.729419, 0.270581
4.95588, 0.0426007, -0.058037, 0.729295, 0.729298, 0.270702
4.97059, 0.0514238, -0.0510277, 0.729167, 0.72917, 0.27083
4.98529, 0.0598861, -0.0440184, 0.729033, 0.729036, 0.270964
5, 0.0680181, -0.0370091, 0.728892, 0.728895, 0.271105
5.01471, 0.0758462, -0.0299998, 0.728744, 0.728747, 0.271253
5.02941, 0.0833935, -0.0229905, 0.728589, 0.728592, 0.271408
5.04412, 0.0906804, -0.0159812, 0.728427, 0.728431, 0.271569
5.05882, 0.0977248, -0.0089719, 0.728259, 0.728262, 0.271738
5.07353, 0.104543, -0.0019626, 0.728084, 0.728087, 0.271913
5.08824, 0.111149, 0.00504669, 0.727902, 0.727905, 0.272095
5.10294, 0.117557, 0.012056, 0.727713, 0.727717, 0.272283
5.11765, 0.123777, 0.0190653, 0.727518, 0.727522, 0.272478
5.13235, 0.129821, 0.0260746, 0.727316, 0.72732, 0.27268
5.14706, 0.135698, 0.0330839, 0.727107, 0.727112, 0.272888
5.16176, 0.141416, 0.0400932, 0.726892, 0.726897, 0.273103
5.17647, 0.146985, 0.0471025, 0.726671, 0.726676, 0.273324
5.19118, 0.152411, 0.0541118, 0.726444, 0.726448, 0.273552
5.20588, 0.157701, 0.0611211, 0.72621, 0.726215, 0.273785
5.22059, 0.162862, 0.0681304, 0.72597, 0.725975, 0.274025
5.23529, 0.167899, 0.0751397, 0.725724, 0.725729, 0.274271
5.25, 0.165025, 0.0790649, 0.725534, 0.725534, 0.274466
5.26471, 0.1376, 0.0720556, 0.725519, 0.725519, 0.274481
5.27941, 0.114659, 0.0650463, 0.725488, 0.725489, 0.274511
5.29412, 0.0947248, 0.058037, 0.72545, 0.725451, 0.274549
5.30882, 0.0769807, 0.0510277, 0.725406, 0.725407, 0.274593
5.32353, 0.0609212, 0.0440184, 0.725358, 0.725359, 0.274641
5.33824, 0.0462078, 0.0370091, 0.725304, 0.725305, 0.274695
5.35294, 0.0326007, 0.0299998, 0.725244, 0.725246, 0.274754
5.36765, 0.0199227, 0.0229905, 0.725179, 0.725181, 0.274819
5.38235, 0.00803888, 0.0159812, 0.725108, 0.72511, 0.27489
5.39706, -0.00315636, 0.0089719, 0.725031, 0.725032, 0.274968
5.41176, -0.0137476, 0.0019626, 0.724947, 0.724949, 0.275051
5.42647, -0.0238035, -0.00504669, 0.724856, 0.724858, 0.275142
5.44118, -0.0333811, -0.012056, 0.724759, 0.724761, 0.275239
5.45588, -0.0425279, -0.0190653, 0.724654, 0.724656, 0.275344
5.47059, -0.0512843, -0.0260746, 0.724543, 0.724545, 0.275455
5.48529, -0.0596848, -0.0330839, 0.724424, 0.724427, 0.275573
5.5, -0.0677591, -0.0400932, 0.724298, 0.724301, 0.275699
5.51471, -0.0755333, -0.0471025, 0.724165, 0.724168, 0.275832
5.52941, -0.0830301, -0.0541118, 0.724025, 0.724028, 0.275972
5.54412, -0.0902693, -0.0611211, 0.723878, 0.723881, 0.276119
5.55882, -0.0972689, -0.0681304, 0.723724, 0.723727, 0.276273
5.57353, -0.104045, -0.0751397, 0.723562, 0.723565, 0.276435
5.58824, -0.110611, -0.0821489, 0.723394, 0.723397, 0.276603
5.60294, -0.11698, -0.0891582, 0.723218, 0.723222, 0.276778
5.61765, -0.123164, -0.0961675, 0.723036, 0.723039, 0.276961
5.63235, -0.129173, -0.103177, 0.722846, 0.72285, 0.27715
5.64706, -0.135016, -0.110186, 0.72265, 0.722654, 0.277346
5.66176, -0.140703, -0.117195, 0.722447, 0.722451, 0.277549
5.67647, -0.146242, -0.124205, 0.722238, 0.722242, 0.277758
5.69118, -0.151638, -0.131214, 0.722022, 0.722026, 0.277974
5.70588, -0.156901, -0.138223, 0.721799, 0.721804, 0.278196
5.72059, -0.162035, -0.145233, 0.721571, 0.721575, 0.278425
5.73529, -0.167046, -0.152242, 0.721336, 0.721341, 0.278659
5.75, -0.170527, -0.15869, 0.72111, 0.72111, 0.27889
5.76429, -0.14232, -0.151681, 0.721103, 0.721103, 0.278897
5.77857, -0.118856, -0.144672, 0.721084, 0.721084, 0.278916
5.79286, -0.0985706, -0.137663, 0.721059, 0.72106, 0.27894
5.80714, -0.0805756, -0.130653, 0.721029, 0.72103, 0.27897
5.82143, -0.0643287, -0.123644, 0.720995, 0.720996, 0.279004
5.83571, -0.0494706, -0.116635, 0.720955, 0.720956, 0.279044
5.85, -0.0357493, -0.109625, 0.72091, 0.720911, 0.279089
5.86429, -0.0229796, -0.102616, 0.720859, 0.72086, 0.27914
5.87857, -0.0110211, -0.0956068, 0.720801, 0.720803, 0.279197
5.89286, 0.000235529, -0.0885975, 0.720737, 0.720739, 0.279261
5.90714, 0.0108777, -0.0815882, 0.720667, 0.720668, 0.279332
5.92143, 0.0209761, -0.0745789, 0.720589, 0.720591, 0.279409
5.93571, 0.0305893, -0.0675696, 0.720504, 0.720506, 0.279494
5.95, 0.039766, -0.0605603, 0.720412, 0.720414, 0.279586
5.96429, 0.0485476, -0.053551, 0.720313, 0.720315, 0.279685
5.97857, 0.0569693, -0.0465417, 0.720206, 0.720208, 0.279792
5.99286, 0.0650615, -0.0395324, 0.720092, 0.720094, 0.279906
6.00714, 0.0728506, -0.0325231, 0.719971, 0.719973, 0.280027
6.02143, 0.0803597, -0.0255138, 0.719842, 0.719844, 0.280156
6.03571, 0.0876092, -0.0185045, 0.719706, 0.719708, 0.280292
6.05, 0.0946172, -0.0114952, 0.719562, 0.719565, 0.280435
6.06429, 0.1014, -0.00448595, 0.719411, 0.719414, 0.280586
6.07857, 0.107971, 0.00252335, 0.719253, 0.719257, 0.280743
6.09286, 0.114344, 0.00953264, 0.719088, 0.719092, 0.280908
6.10714, 0.120531, 0.0165419, 0.718916, 0.71892, 0.28108
6.12143, 0.126542, 0.0235512, 0.718737, 0.71874, 0.28126
6.13571, 0.132386, 0.0305605, 0.718551, 0.718554, 0.281446
6.15, 0.138074, 0.0375698, 0.718358, 0.718362, 0.281638
6.16429, 0.143612, 0.0445791, 0.718158, 0.718162, 0.281838
6.17857, 0.149007, 0.0515884, 0.717951, 0.717956, 0.282044
6.19286, 0.154268, 0.0585977, 0.717739, 0.717743, 0.282257
6.20714, 0.1594, 0.065607, 0.717519, 0.717524, 0.282476
6.22143, 0.164409, 0.0726163, 0.717293, 0.717298, 0.282702
6.23571, 0.1693, 0.0796256, 0.717062, 0.717066, 0.282934
6.25, 0.156797, 0.0796256, 0.716948, 0.716948, 0.283052
6.26429, 0.130978, 0.0726163, 0.716939, 0.716939, 0.283061
6.27857, 0.109113, 0.065607, 0.716925, 0.716925, 0.283075
6.29286, 0.0899694, 0.0585977, 0.716906, 0.716906, 0.283094
6.30714, 0.0728429, 0.0515884, 0.716883, 0.716883, 0.283117
6.32143, 0.0572857, 0.0445791, 0.716855, 0.716855, 0.283145
6.33571, 0.0429929, 0.0375698, 0.716821, 0.716822, 0.283178
6.35, 0.0297461, 0.0305605, 0.716782, 0.716783, 0.283217
6.36429, 0.0173824, 0.0235512, 0.716736, 0.716737, 0.283263
6.37857, 0.00577646, 0.0165419, 0.716684, 0.716685, 0.283315
6.39286, -0.00517016, 0.00953264, 0.716625, 0.716626, 0.283374
6.40714, -0.0155367, 0.00252335, 0.716559, 0.71656, 0.28344
6.42143, -0.0253881, -0.00448595, 0.716485, 0.716487, 0.283513
6.43571, -0.0347779, -0.0114952, 0.716404, 0.716406, 0.283594
6.45, -0.0437515, -0.0185045, 0.716316, 0.716318, 0.283682
6.46429, -0.0523471, -0.0255138, 0.716221, 0.716223, 0.283777
6.47857, -0.0605978, -0.0325231, 0.716117, 0.71612, 0.28388
6.49286, -0.0685319, -0.0395324, 0.716007, 0.716009, 0.283991
6.50714, -0.0761742, -0.0465417, 0.715888, 0.715891, 0.284109
6.52143, -0.0835467, -0.053551, 0.715763, 0.715765, 0.284235
6.53571, -0.0906685, -0.0605603, 0.715629, 0.715632, 0.284368
6.55, -0.0975567, -0.0675696, 0.715489, 0.715492, 0.284508
6.56429, -0.104227, -0.0745789, 0.715341, 0.715344, 0.284656
6.57857, -0.110692, -0.0815882, 0.715185, 0.715188, 0.284812
6.59286, -0.116965, -0.0885975, 0.715023, 0.715026, 0.284974
6.60714, -0.123056, -0.0956068, 0.714853, 0.714856, 0.285144
6.62143, -0.128977, -0.102616, 0.714676, 0.71468, 0.28532
6.63571, -0.134736, -0.109625, 0.714492, 0.714496, 0.285504
6.65, -0.140342, -0.116635, 0.714301, 0.714305, 0.285695
6.66429, -0.145802, -0.123644, 0.714104, 0.714108, 0.285892
6.67857, -0.151123, -0.130653, 0.713899, 0.713903, 0.286097
6.69286, -0.156313, -0.137663, 0.713688, 0.713693, 0.286307
6.70714, -0.161377, -0.144672, 0.713471, 0.713475, 0.286525
6.72143, -0.16632, -0.151681, 0.713247, 0.713252, 0.286748
6.73571, -0.171148, -0.15869, 0.713017, 0.713022, 0.286978
6.75, -0.146407, -0.153363, 0.712992, 0.712992, 0.287008
6.76471, -0.122284, -0.146354, 0.712985, 0.712985, 0.287015
6.77941, -0.101577, -0.139345, 0.712974, 0.712974, 0.287026
6.79412, -0.0832919, -0.132336, 0.712959, 0.712959, 0.287041
6.80882, -0.066837, -0.125326, 0.712939, 0.71294, 0.28706
6.82353, -0.0518253, -0.118317, 0.712915, 0.712915, 0.287085
6.83824, -0.0379883, -0.111308, 0.712885, 0.712885, 0.287115
6.85294, -0.0251303, -0.104298, 0.712848, 0.712849, 0.287151
6.86765, -0.0131041, -0.097289, 0.712805, 0.712806, 0.287194
6.88235, -0.00179541, -0.0902797, 0.712756, 0.712757, 0.287243
6.89706, 0.00888657, -0.0832704, 0.712699, 0.7127, 0.2873
6.91176, 0.0190152, -0.0762611, 0.712635, 0.712637, 0.287363
6.92647, 0.0286507, -0.0692518, 0.712564, 0.712565, 0.287435
6.94118, 0.0378435, -0.0622425, 0.712485, 0.712487, 0.287513
6.95588, 0.046636, -0.0552333, 0.712399, 0.712401, 0.287599
6.97059, 0.0550643, -0.048224, 0.712305, 0.712307, 0.287693
6.98529, 0.0631595, -0.0412147, 0.712204, 0.712206, 0.287794
7, 0.0709486, -0.0342054, 0.712095, 0.712097, 0.287903
7.01471, 0.0784553, -0.0271961, 0.711978, 0.711981, 0.288019
7.02941, 0.0857002, -0.0201868, 0.711854, 0.711857, 0.288143
7.04412, 0.0927018, -0.0131775, 0.711722, 0.711725, 0.288275
7.05882, 0.0994763, -0.00616818, 0.711583, 0.711586, 0.288414
7.07353, 0.106038, 0.000841115, 0.711437, 0.71144, 0.28856
7.08824, 0.112401, 0.00785041, 0.711283, 0.711286, 0.288714
7.10294, 0.118577, 0.0148597, 0.711122, 0.711125, 0.288875
7.11765, 0.124575, 0.021869, 0.710954, 0.710957, 0.289043
7.13235, 0.130407, 0.0288783, 0.710778, 0.710782, 0.289218
7.14706, 0.136081, 0.0358876, 0.710596, 0.7106, 0.2894
7.16176, 0.141605, 0.0428969, 0.710407, 0.710411, 0.289589
7.17647, 0.146986, 0.0499062, 0.710211, 0.710215, 0.289785
7.19118, 0.152232, 0.0569155, 0.710008, 0.710012, 0.289988
7.20588, 0.157349, 0.0639248, 0.709799, 0.709803, 0.290197
7.22059, 0.162342, 0.0709341, 0.709583, 0.709588, 0.290412
7.23529, 0.167218, 0.0779434, 0.709361, 0.709366, 0.290634
7.25, 0.169883, 0.0841115, 0.709152, 0.709152, 0.290848
7.26429, 0.1418, 0.0771023, 0.70915, 0.70915, 0.29085
7.27857, 0.118456, 0.070093, 0.709144, 0.709145, 0.290855
7.29286, 0.0982966, 0.0630837, 0.709136, 0.709136, 0.290864
7.30714, 0.0804259, 0.0560744, 0.709123, 0.709124, 0.290876
7.32143, 0.0642994, 0.0490651, 0.709107, 0.709107, 0.290893
7.33571, 0.0495572, 0.0420558, 0.709085, 0.709085, 0.290915
7.35, 0.0359471, 0.0350465, 0.709057, 0.709057, 0.290943
7.36429, 0.023284, 0.0280372, 0.709022, 0.709023, 0.290977
7.37857, 0.0114278, 0.0210279, 0.708982, 0.708983, 0.291017
7.39286, 0.000269282, 0.0140186, 0.708934, 0.708935, 0.291065
7.40714, -0.0102785, 0.0070093, 0.708879, 0.70888, 0.29112
7.42143, -0.0202861, -1.03762e-17, 0.708817, 0.708818, 0.291182
7.43571, -0.0298118, -0.0070093, 0.708747, 0.708749, 0.291251
7.45, -0.0389041, -0.0140186, 0.70867, 0.708672, 0.291328
7.46429, -0.0476041, -0.0210279, 0.708585, 0.708587, 0.291413
7.47857, -0.0559469, -0.0280372, 0.708493, 0.708495, 0.291505
7.49286, -0.0639628, -0.0350465, 0.708393, 0.708395, 0.291605
7.50714, -0.0716779, -0.0420558, 0.708285, 0.708287, 0.291713
7.52143, -0.0791153, -0.0490651, 0.70817, 0.708172, 0.291828
7.53571, -0.0862952, -0.0560744, 0.708046, 0.708049, 0.291951
7.55, -0.0932356, -0.0630837, 0.707916, 0.707919, 0.292081
7.56429, -0.0999523, -0.070093, 0.707778, 0.707781, 0.292219
7.57857, -0.10646, -0.0771023, 0.707632, 0.707635, 0.292365
7.59286, -0.112771, -0.0841115, 0.707479, 0.707482, 0.292518
7.60714, -0.118897, -0.0911208, 0.707319, 0.707322, 0.292678
7.62143, -0.124849, -0.0981301, 0.707152, 0.707155, 0.292845
7.63571, -0.130636, -0.105139, 0.706977, 0.706981, 0.293019
7.65, -0.136267, -0.112149, 0.706796, 0.706799, 0.293201
7.66429, -0.141749, -0.119158, 0.706607, 0.706611, 0.293389
7.67857, -0.147092, -0.126167, 0.706412, 0.706416, 0.293584
7.69286, -0.1523, -0.133177, 0.70621, 0.706214, 0.293786
7.70714, -0.157381, -0.140186, 0.706001, 0.706006, 0.293994
7.72143, -0.162339, -0.147195, 0.705786, 0.705791, 0.294209
7.73571, -0.167181, -0.154205, 0.705565, 0.70557, 0.29443
7.75, -0.170518, -0.160653, 0.705352, 0.705352, 0.294648
7.76389, -0.142506, -0.153644, 0.70535, 0.70535, 0.29465
7.77778, -0.119237, -0.146634, 0.705346, 0.705346, 0.294654
7.79167, -0.0991471, -0.139625, 0.70534, 0.70534, 0.29466
7.80556, -0.0813414, -0.132616, 0.70533, 0.70533, 0.29467
7.81944, -0.0652757, -0.125607, 0.705315, 0.705315, 0.294685
7.83333, -0.0505908, -0.118597, 0.705295, 0.705295, 0.294705
7.84722, -0.0370346, -0.111588, 0.705269, 0.70527, 0.29473
7.86111, -0.0244227, -0.104579, 0.705237, 0.705238, 0.294762
7.875, -0.0126151, -0.0975694, 0.705199, 0.705199, 0.294801
7.88889, -0.00150308, -0.0905601, 0.705153, 0.705154, 0.294846
7.90278, 0.00900029, -0.0835508, 0.7051, 0.705101, 0.294899
7.91667, 0.0189653, -0.0765415, 0.70504, 0.705041, 0.294959
7.93056, 0.0284501, -0.0695322, 0.704972, 0.704974, 0.295026
7.94444, 0.037503, -0.0625229, 0.704897, 0.704899, 0.295101
7.95833, 0.046165, -0.0555136, 0.704814, 0.704816, 0.295184
7.97222, 0.0544711, -0.0485043, 0.704724, 0.704725, 0.295275
7.98611, 0.0624514, -0.041495, 0.704625, 0.704627, 0.295373
8, 0.0701321, -0.0344857, 0.704519, 0.704522, 0.295478
8.01389, 0.0775361, -0.0274764, 0.704406, 0.704408, 0.295592
8.02778, 0.0846836, -0.0204671, 0.704285, 0.704287, 0.295713
8.04167, 0.0915924, -0.0134578, 0.704156, 0.704159, 0.295841
8.05556, 0.0982784, -0.00644855, 0.70402, 0.704023, 0.295977
8.06944, 0.104756, 0.000560744, 0.703876, 0.703879, 0.296121
8.08333, 0.111038, 0.00757004, 0.703725, 0.703728, 0.296272
8.09722, 0.117135, 0.0145793, 0.703567, 0.70357, 0.29643
8.11111, 0.123059, 0.0215886, 0.703401, 0.703405, 0.296595
8.125, 0.128819, 0.0285979, 0.703229, 0.703232, 0.296768
8.13889, 0.134424, 0.0356072, 0.703049, 0.703053, 0.296947
8.15278, 0.139881, 0.0426165, 0.702862, 0.702866, 0.297134
8.16667, 0.145198, 0.0496258, 0.702669, 0.702673, 0.297327
8.18056, 0.150381, 0.0566351, 0.702469, 0.702473, 0.297527
8.19444, 0.155437, 0.0636444, 0.702263, 0.702267, 0.297733
8.20833, 0.160372, 0.0706537, 0.702049, 0.702054, 0.297946
8.22222, 0.165191, 0.077663, 0.70183, 0.701835, 0.298165
8.23611, 0.169898, 0.0846723, 0.701605, 0.701609, 0.298391
8.25, 0.154259, 0.0832704, 0.701517, 0.701517, 0.298483
8.26389, 0.129294, 0.0762611, 0.701515, 0.701515, 0.298485
8.27778, 0.108066, 0.0692518, 0.701511, 0.701511, 0.298489
8.29167, 0.0894331, 0.0622425, 0.701504, 0.701504, 0.298496
8.30556, 0.0727345, 0.0552333, 0.701492, 0.701493, 0.298507
8.31944, 0.0575471, 0.048224, 0.701476, 0.701477, 0.298523
8.33333, 0.0435811, 0.0412147, 0.701454, 0.701455, 0.298545
8.34722, 0.0306276, 0.0342054, 0.701426, 0.701427, 0.298573
8.36111, 0.0185304, 0.0271961, 0.701392, 0.701393, 0.298607
8.375, 0.00716932, 0.0201868, 0.70135, 0.701351, 0.298649
8.38889, -0.00355076, 0.0131775, 0.701302, 0.701303, 0.298697
8.40278, -0.0137063, 0.00616818, 0.701246, 0.701247, 0.298753
8.41667, -0.0233599, -0.000841115, 0.701183, 0.701184, 0.298816
8.43056, -0.0325636, -0.00785041, 0.701112, 0.701113, 0.298887
8.44444, -0.0413612, -0.0148597, 0.701033, 0.701035, 0.298965
8.45833, -0.04979, -0.021869, 0.700947, 0.700949, 0.299051
8.47222, -0.0578818, -0.0288783, 0.700853, 0.700855, 0.299145
8.48611, -0.0656644, -0.0358876, 0.700751, 0.700753, 0.299247
8.5, -0.0731619, -0.0428969, 0.700642, 0.700644, 0.299356
8.51389, -0.0803955, -0.0499062, 0.700525, 0.700527, 0.299473
8.52778, -0.0873839, -0.0569155, 0.7004, 0.700403, 0.299597
8.54167, -0.0941438, -0.0639248, 0.700268, 0.700271, 0.299729
8.55556, -0.10069, -0.0709341, 0.700128, 0.700131, 0.299869
8.56944, -0.107036, -0.0779434, 0.699981, 0.699984, 0.300016
8.58333, -0.113194, -0.0849527, 0.699826, 0.69983, 0.30017
8.59722, -0.119174, -0.091962, 0.699665, 0.699668, 0.300332
8.61111, -0.124987, -0.0989713, 0.699496, 0.699499, 0.300501
8.625, -0.130641, -0.105981, 0.69932, 0.699323, 0.300677
8.63889, -0.136145, -0.11299, 0.699137, 0.69914, 0.30086
8.65278, -0.141506, -0.119999, 0.698947, 0.698951, 0.301049
8.66667, -0.146732, -0.127008, 0.69875, 0.698754, 0.301246
8.68056, -0.151828, -0.134018, 0.698547, 0.698551, 0.301449
8.69444, -0.156801, -0.141027, 0.698337, 0.698341, 0.301659
8.70833, -0.161656, -0.148036, 0.698121, 0.698125, 0.301875
8.72222, -0.166398, -0.155046, 0.697898, 0.697903, 0.302097
8.73611, -0.171032, -0.162055, 0.697669, 0.697674, 0.302326
8.75, -0.147229, -0.157008, 0.697641, 0.697641, 0.302359
8.76389, -0.123388, -0.149999, 0.697639, 0.69764, 0.30236
8.77778, -0.102937, -0.14299, 0.697635, 0.697636, 0.302364
8.79167, -0.0848867, -0.13598, 0.697628, 0.697628, 0.302372
8.80556, -0.0686488, -0.128971, 0.697617, 0.697617, 0.302383
8.81944, -0.053839, -0.121962, 0.6976, 0.6976, 0.3024
8.83333, -0.0401909, -0.114952, 0.697577, 0.697578, 0.302422
8.84722, -0.0275108, -0.107943, 0.697549, 0.697549, 0.302451
8.86111, -0.0156526, -0.100934, 0.697514, 0.697514, 0.302486
8.875, -0.00450325, -0.0939246, 0.697471, 0.697472, 0.302528
8.88889, 0.00602706, -0.0869153, 0.697422, 0.697423, 0.302577
8.90278, 0.0160109, -0.079906, 0.697365, 0.697366, 0.302634
8.91667, 0.025508, -0.0728967, 0.697301, 0.697302, 0.302698
8.93056, 0.034568, -0.0658874, 0.697229, 0.69723, 0.30277
8.94444, 0.0432329, -0.0588781, 0.697149, 0.697151, 0.302849
8.95833, 0.0515384, -0.0518688, 0.697062, 0.697064, 0.302936
8.97222, 0.0595153, -0.0448595, 0.696967, 0.696969, 0.303031
8.98611, 0.0671902, -0.0378502, 0.696865, 0.696867, 0.303133
9, 0.0745864, -0.0308409, 0.696754, 0.696757, 0.303243
9.01389, 0.0817244, -0.0238316, 0.696636, 0.696639, 0.303361
9.02778, 0.0886224, -0.0168223, 0.696511, 0.696513, 0.303487
9.04167, 0.0952965, -0.00981301, 0.696378, 0.696381, 0.303619
9.05556, 0.101761, -0.00280372, 0.696237, 0.69624, 0.30376
9.06944, 0.108029, 0.00420558, 0.696089, 0.696092, 0.303908
9.08333, 0.114112, 0.0112149, 0.695934, 0.695937, 0.304063
9.09722, 0.120022, 0.0182242, 0.695772, 0.695775, 0.304225
9.11111, 0.125766, 0.0252335, 0.695602, 0.695606, 0.304394
9.125, 0.131355, 0.0322428, 0.695426, 0.695429, 0.304571
9.13889, 0.136796, 0.0392521, 0.695242, 0.695246, 0.304754
9.15278, 0.142096, 0.0462614, 0.695052, 0.695056, 0.304944
9.16667, 0.147263, 0.0532706, 0.694855, 0.694859, 0.305141
9.18056, 0.152303, 0.0602799, 0.694651, 0.694656, 0.305344
9.19444, 0.157221, 0.0672892, 0.694441, 0.694446, 0.305554
9.20833, 0.162022, 0.0742985, 0.694225, 0.694229, 0.305771
9.22222, 0.166713, 0.0813078, 0.694002, 0.694007, 0.305993
9.23611, 0.171297, 0.0883171, 0.693774, 0.693778, 0.306222
9.25, 0.146258, 0.0827097, 0.693755, 0.693755, 0.306245
9.26389, 0.122569, 0.0757004, 0.693753, 0.693753, 0.306247
9.27778, 0.102236, 0.0686911, 0.69375, 0.69375, 0.30625
9.29167, 0.0842838, 0.0616818, 0.693743, 0.693743, 0.306257
9.30556, 0.0681295, 0.0546725, 0.693732, 0.693732, 0.306268
9.31944, 0.0533932, 0.0476632, 0.693716, 0.693716, 0.306284
9.33333, 0.0398107, 0.0406539, 0.693694, 0.693694, 0.306306
9.34722, 0.0271901, 0.0336446, 0.693665, 0.693666, 0.306334
9.36111, 0.0153864, 0.0266353, 0.69363, 0.693631, 0.306369
9.375, 0.00428731, 0.019626, 0.693588, 0.693589, 0.306411
9.38889, -0.00619623, 0.0126167, 0.693539, 0.69354, 0.30646
9.40278, -0.0161364, 0.00560744, 0.693483, 0.693484, 0.306516
9.41667, -0.0255923, -0.00140186, 0.693419, 0.69342, 0.30658
9.43056, -0.0346136, -0.00841115, 0.693347, 0.693349, 0.306651
9.44444, -0.0432417, -0.0154205, 0.693268, 0.69327, 0.30673
9.45833, -0.0515123, -0.0224297, 0.693181, 0.693183, 0.306817
9.47222, -0.059456, -0.029439, 0.693087, 0.693089, 0.306911
9.48611, -0.0670991, -0.0364483, 0.692984, 0.692986, 0.307014
9.5, -0.074465, -0.0434576, 0.692874, 0.692877, 0.307123
9.51389, -0.0815739, -0.0504669, 0.692757, 0.692759, 0.307241
9.52778, -0.0884439, -0.0574762, 0.692631, 0.692634, 0.307366
9.54167, -0.0950912, -0.0644855, 0.692499, 0.692501, 0.307499
9.55556, -0.10153, -0.0714948, 0.692358, 0.692361, 0.307639
9.56944, -0.107773, -0.0785041, 0.692211, 0.692214, 0.307786
9.58333, -0.113832, -0.0855134, 0.692056, 0.692059, 0.307941
9.59722, -0.119718, -0.0925227, 0.691894, 0.691897, 0.308103
9.61111, -0.12544, -0.099532, 0.691724, 0.691728, 0.308272
9.625, -0.131007, -0.106541, 0.691548, 0.691552, 0.308448
9.63889, -0.136427, -0.113551, 0.691365, 0.691369, 0.308631
9.65278, -0.141707, -0.12056, 0.691175, 0.691179, 0.308821
9.66667, -0.146854, -0.127569, 0.690978, 0.690982, 0.309018
9.68056, -0.151874, -0.134578, 0.690775, 0.690779, 0.309221
9.69444, -0.156773, -0.141588, 0.690565, 0.690569, 0.309431
9.70833, -0.161557, -0.148597, 0.690349, 0.690353, 0.309647
9.72222, -0.16623, -0.155606, 0.690126, 0.690131, 0.309869
9.73611, -0.170796, -0.162616, 0.689897, 0.689902, 0.310098
9.75, -0.148885, -0.15841, 0.689856, 0.689856, 0.310144
9.76389, -0.12486, -0.151401, 0.689855, 0.689855, 0.310145
9.77778, -0.104322, -0.144391, 0.689852, 0.689852, 0.310148
9.79167, -0.0862334, -0.137382, 0.689845, 0.689846, 0.310154
9.80556, -0.0699858, -0.130373, 0.689835, 0.689835, 0.310165
9.81944, -0.0551837, -0.123364, 0.68982, 0.68982, 0.31018
9.83333, -0.0415547, -0.116354, 0.689799, 0.689799, 0.310201
9.84722, -0.028901, -0.109345, 0.689771, 0.689772, 0.310228
9.86111, -0.0170744, -0.102336, 0.689737, 0.689738, 0.310262
9.875, -0.00596, -0.0953264, 0.689697, 0.689697, 0.310303
9.88889, 0.00453308, -0.0883171, 0.689649, 0.68965, 0.31035
9.90278, 0.0144782, -0.0813078, 0.689593, 0.689594, 0.310406
9.91667, 0.0239355, -0.0742985, 0.68953, 0.689532, 0.310468
9.93056, 0.0329552, -0.0672892, 0.68946, 0.689462, 0.310538
9.94444, 0.0415795, -0.0602799, 0.689382, 0.689384, 0.310616
9.95833, 0.0498444, -0.0532706, 0.689296, 0.689298, 0.310702
9.97222, 0.0577807, -0.0462614, 0.689203, 0.689205, 0.310795
9.98611, 0.0654152, -0.0392521, 0.689102, 0.689104, 0.310896
10, 0.0727714, -0.0322428, 0.688993, 0.688996, 0.311004
10.0139, 0.0798698, -0.0252335, 0.688877, 0.688879, 0.311121
10.0278, 0.0867286, -0.0182242, 0.688753, 0.688756, 0.311244
10.0417, 0.0933639, -0.0112149, 0.688622, 0.688625, 0.311375
10.0556, 0.0997902, -0.00420558, 0.688483, 0.688486, 0.311514
10.0694, 0.106021, 0.00280372, 0.688337, 0.68834, 0.31166
10.0833, 0.112067, 0.00981301, 0.688183, 0.688186, 0.311814
10.0972, 0.117939, 0.0168223, 0.688023, 0.688026, 0.311974
10.1111, 0.123647, 0.0238316, 0.687855, 0.687858, 0.312142
10.125, 0.1292, 0.0308409, 0.68768, 0.687684, 0.312316
10.1389, 0.134606, 0.0378502, 0.687498, 0.687502, 0.312498
10.1528, 0.139872, 0.0448595, 0.68731, 0.687314, 0.312686
10.1667, 0.145005, 0.0518688, 0.687115, 0.687119, 0.312881
10.1806, 0.150011, 0.0588781, 0.686913, 0.686917, 0.313083
10.1944, 0.154896, 0.0658874, 0.686705, 0.686709, 0.313291
10.2083, 0.159665, 0.0728967, 0.68649, 0.686495, 0.313505
10.2222, 0.164324, 0.079906, 0.68627, 0.686274, 0.313726
10.2361, 0.168877, 0.0869153, 0.686043, 0.686047, 0.313953
10.25, 0.161102, 0.0888779, 0.685899, 0.685899, 0.314101
10.2635, 0.135179, 0.0818686, 0.685899, 0.685899, 0.314101
10.277, 0.113404, 0.0748593, 0.685897, 0.685897, 0.314103
10.2905, 0.0944365, 0.06785, 0.685892, 0.685893, 0.314107
10.3041, 0.0775252, 0.0608407, 0.685884, 0.685884, 0.314116
10.3176, 0.0622021, 0.0538314, 0.685871, 0.685872, 0.314128
10.3311, 0.0481516, 0.0468221, 0.685853, 0.685853, 0.314147
10.3446, 0.0351493, 0.0398128, 0.685828, 0.685829, 0.314171
10.3581, 0.0230288, 0.0328035, 0.685797, 0.685798, 0.314202
10.3716, 0.011663, 0.0257942, 0.68576, 0.685761, 0.314239
10.3851, 0.000952264, 0.0187849, 0.685715, 0.685716, 0.314284
10.3986, -0.00918329, 0.0117756, 0.685663, 0.685664, 0.314336
10.4122, -0.0188088, 0.00476632, 0.685603, 0.685605, 0.314395
10.4257, -0.0279781, -0.00224297, 0.685536, 0.685538, 0.314462
10.4392, -0.0367365, -0.00925227, 0.685462, 0.685463, 0.314537
10.4527, -0.0451222, -0.0162616, 0.685379, 0.685381, 0.314619
10.4662, -0.0531681, -0.0232709, 0.685289, 0.685291, 0.314709
10.4797, -0.0609024, -0.0302802, 0.685192, 0.685194, 0.314806
10.4932, -0.0683499, -0.0372895, 0.685086, 0.685089, 0.314911
10.5068, -0.0755321, -0.0442987, 0.684973, 0.684976, 0.315024
10.5203, -0.0824682, -0.051308, 0.684853, 0.684855, 0.315145
10.5338, -0.089175, -0.0583173, 0.684725, 0.684727, 0.315273
10.5473, -0.0956678, -0.0653266, 0.684589, 0.684592, 0.315408
10.5608, -0.10196, -0.0723359, 0.684446, 0.684449, 0.315551
10.5743, -0.108064, -0.0793452, 0.684296, 0.684299, 0.315701
10.5878, -0.11399, -0.0863545, 0.684138, 0.684141, 0.315859
10.6014, -0.119749, -0.0933638, 0.683973, 0.683977, 0.316023
10.6149, -0.125349, -0.100373, 0.683801, 0.683805, 0.316195
10.6284, -0.1308, -0.107382, 0.683623, 0.683626, 0.316374
10.6419, -0.136108, -0.114392, 0.683437, 0.683441, 0.316559
10.6554, -0.141281, -0.121401, 0.683244, 0.683248, 0.316752
10.6689, -0.146325, -0.12841, 0.683045, 0.683049, 0.316951
10.6824, -0.151246, -0.13542, 0.68284, 0.682844, 0.317156
10.6959, -0.156049, -0.142429, 0.682628, 0.682632, 0.317368
10.7095, -0.16074, -0.149438, 0.68241, 0.682414, 0.317586
10.723, -0.165324, -0.156447, 0.682185, 0.68219, 0.31781
10.7365, -0.169804, -0.163457, 0.681955, 0.681959, 0.318041
10.75, -0.155545, -0.162616, 0.681856, 0.681856, 0.318144
10.7635, -0.130693, -0.155606, 0.681856, 0.681856, 0.318144
10.777, -0.10964, -0.148597, 0.681853, 0.681853, 0.318147
10.7905, -0.0912049, -0.141588, 0.681848, 0.681849, 0.318151
10.8041, -0.0747109, -0.134578, 0.681839, 0.68184, 0.31816
10.8176, -0.059728, -0.127569, 0.681826, 0.681826, 0.318174
10.8311, -0.045963, -0.12056, 0.681806, 0.681807, 0.318193
10.8446, -0.0332056, -0.113551, 0.681781, 0.681781, 0.318219
10.8581, -0.0212991, -0.106541, 0.681748, 0.681749, 0.318251
10.8716, -0.0101228, -0.099532, 0.68171, 0.68171, 0.31829
10.8851, 0.000418219, -0.0925227, 0.681664, 0.681665, 0.318335
10.8986, 0.0104002, -0.0855134, 0.68161, 0.681611, 0.318389
10.9122, 0.0198856, -0.0785041, 0.681549, 0.681551, 0.318449
10.9257, 0.0289263, -0.0714948, 0.681481, 0.681483, 0.318517
10.9392, 0.0375657, -0.0644855, 0.681405, 0.681407, 0.318593
10.9527, 0.0458409, -0.0574762, 0.681322, 0.681323, 0.318677
10.9662, 0.0537836, -0.0504669, 0.68123, 0.681232, 0.318768
10.9797, 0.0614212, -0.0434576, 0.681132, 0.681134, 0.318866
10.9932, 0.0687777, -0.0364483, 0.681025, 0.681027, 0.318973
11.0068, 0.075874, -0.029439, 0.680911, 0.680913, 0.319087
11.0203, 0.0827287, -0.0224297, 0.680789, 0.680792, 0.319208
11.0338, 0.0893583, -0.0154205, 0.68066, 0.680663, 0.319337
11.0473, 0.0957775, -0.00841115, 0.680523, 0.680526, 0.319474
11.0608, 0.101999, -0.00140186, 0.680379, 0.680382, 0.319618
11.0743, 0.108036, 0.00560744, 0.680228, 0.680231, 0.319769
11.0878, 0.113898, 0.0126167, 0.68007, 0.680073, 0.319927
11.1014, 0.119595, 0.019626, 0.679904, 0.679907, 0.320093
11.1149, 0.125137, 0.0266353, 0.679731, 0.679735, 0.320265
11.1284, 0.13053, 0.0336446, 0.679552, 0.679555, 0.320445
11.1419, 0.135783, 0.0406539, 0.679365, 0.679369, 0.320631
11.1554, 0.140903, 0.0476632, 0.679172, 0.679176, 0.320824
11.1689, 0.145896, 0.0546725, 0.678973, 0.678977, 0.321023
11.1824, 0.150767, 0.0616818, 0.678767, 0.678771, 0.321229
11.1959, 0.155522, 0.0686911, 0.678554, 0.678559, 0.321441
11.2095, 0.160167, 0.0757004, 0.678336, 0.67834, 0.32166
11.223, 0.164705, 0.0827097, 0.678111, 0.678116, 0.321884
11.2365, 0.169142, 0.089719, 0.67788, 0.677885, 0.322115
11.25, 0.159374, 0.0908405, 0.677749, 0.677749, 0.322251
11.2635, 0.133822, 0.0838312, 0.677748, 0.677748, 0.322252
11.277, 0.112332, 0.0768219, 0.677746, 0.677746, 0.322254
11.2905, 0.0935977, 0.0698126, 0.677742, 0.677742, 0.322258
11.3041, 0.076886, 0.0628033, 0.677734, 0.677734, 0.322266
11.3176, 0.0617384, 0.055794, 0.677721, 0.677721, 0.322279
11.3311, 0.0478452, 0.0487847, 0.677702, 0.677703, 0.322297
11.3446, 0.0349857, 0.0417754, 0.677678, 0.677678, 0.322322
11.3581, 0.0229965, 0.0347661, 0.677647, 0.677648, 0.322352
11.3716, 0.0117524, 0.0277568, 0.677609, 0.67761, 0.32239
11.3851, 0.00115521, 0.0207475, 0.677564, 0.677565, 0.322435
11.3986, -0.00887379, 0.0137382, 0.677512, 0.677514, 0.322486
11.4122, -0.0183988, 0.00672892, 0.677453, 0.677454, 0.322546
11.4257, -0.027473, -0.000280372, 0.677386, 0.677387, 0.322613
11.4392, -0.0361409, -0.00728967, 0.677311, 0.677313, 0.322687
11.4527, -0.0444404, -0.014299, 0.677229, 0.677231, 0.322769
11.4662, -0.0524039, -0.0213083, 0.677139, 0.677141, 0.322859
11.4797, -0.0600593, -0.0283176, 0.677042, 0.677044, 0.322956
11.4932, -0.067431, -0.0353269, 0.676936, 0.676939, 0.323061
11.5068, -0.0745403, -0.0423361, 0.676824, 0.676826, 0.323174
11.5203, -0.0814062, -0.0493454, 0.676703, 0.676706, 0.323294
11.5338, -0.0880452, -0.0563547, 0.676575, 0.676578, 0.323422
11.5473, -0.0944724, -0.063364, 0.67644, 0.676443, 0.323557
11.5608, -0.100701, -0.0703733, 0.676297, 0.6763, 0.3237
11.5743, -0.106743, -0.0773826, 0.676147, 0.67615, 0.32385
11.5878, -0.11261, -0.0843919, 0.67599, 0.675993, 0.324007
11.6014, -0.118311, -0.0914012, 0.675826, 0.675829, 0.324171
11.6149, -0.123856, -0.0984105, 0.675654, 0.675658, 0.324342
11.6284, -0.129252, -0.10542, 0.675476, 0.67548, 0.32452
11.6419, -0.134507, -0.112429, 0.675291, 0.675295, 0.324705
11.6554, -0.139628, -0.119438, 0.675099, 0.675103, 0.324897
11.6689, -0.144621, -0.126448, 0.674901, 0.674905, 0.325095
11.6824, -0.149493, -0.133457, 0.674696, 0.6747, 0.3253
11.6959, -0.154248, -0.140466, 0.674485, 0.674489, 0.325511
11.7095, -0.158892, -0.147476, 0.674267, 0.674272, 0.325728
11.723, -0.16343, -0.154485, 0.674044, 0.674048, 0.325952
11.7365, -0.167866, -0.161494, 0.673814, 0.673819, 0.326181
11.75, -0.168149, -0.166821, 0.673612, 0.673612, 0.326388
11.7632, -0.141192, -0.159812, 0.673612, 0.673612, 0.326388
11.7763, -0.118818, -0.152803, 0.67361, 0.67361, 0.32639
11.7895, -0.0994799, -0.145793, 0.673607, 0.673607, 0.326393
11.8026, -0.082329, -0.138784, 0.6736, 0.6736, 0.3264
11.8158, -0.0668472, -0.131775, 0.673588, 0.673589, 0.326411
11.8289, -0.0526915, -0.124765, 0.673571, 0.673572, 0.326428
11.8421, -0.0396207, -0.117756, 0.673549, 0.673549, 0.326451
11.8553, -0.0274583, -0.110747, 0.67352, 0.673521, 0.326479
11.8684, -0.0160701, -0.103738, 0.673484, 0.673485, 0.326515
11.8816, -0.00535156, -0.0967283, 0.673442, 0.673442, 0.326558
11.8947, 0.00478068, -0.089719, 0.673392, 0.673393, 0.326607
11.9079, 0.0143943, -0.0827097, 0.673334, 0.673336, 0.326664
11.9211, 0.0235449, -0.0757004, 0.67327, 0.673271, 0.326729
11.9342, 0.0322794, -0.0686911, 0.673197, 0.673199, 0.326801
11.9474, 0.0406369, -0.0616818, 0.673118, 0.673119, 0.326881
11.9605, 0.0486513, -0.0546725, 0.67303, 0.673032, 0.326968
11.9737, 0.0563515, -0.0476632, 0.672935, 0.672937, 0.327063
11.9868, 0.0637627, -0.0406539, 0.672832, 0.672834, 0.327166
12, 0.070907, -0.0336446, 0.672722, 0.672724, 0.327276
12.0132, 0.0778039, -0.0266353, 0.672604, 0.672606, 0.327394
12.0263, 0.0844705, -0.019626, 0.672478, 0.672481, 0.327519
12.0395, 0.0909221, -0.0126167, 0.672346, 0.672348, 0.327652
12.0526, 0.0971726, -0.00560744, 0.672205, 0.672208, 0.327792
12.0658, 0.103234, 0.00140186, 0.672058, 0.672061, 0.327939
12.0789, 0.109118, 0.00841115, 0.671903, 0.671906, 0.328094
12.0921, 0.114835, 0.0154205, 0.671741, 0.671745, 0.328255
12.1053, 0.120393, 0.0224297, 0.671573, 0.671576, 0.328424
12.1184, 0.1258, 0.029439, 0.671397, 0.6714, 0.3286
12.1316, 0.131066, 0.0364483, 0.671214, 0.671218, 0.328782
12.1447, 0.136196, 0.0434576, 0.671025, 0.671029, 0.328971
12.1579, 0.141198, 0.0504669, 0.670829, 0.670833, 0.329167
12.1711, 0.146077, 0.0574762, 0.670627, 0.670631, 0.329369
12.1842, 0.150839, 0.0644855, 0.670418, 0.670422, 0.329578
12.1974, 0.155488, 0.0714948, 0.670203, 0.670208, 0.329792
12.2105, 0.16003, 0.0785041, 0.669982, 0.669987, 0.330013
12.2237, 0.16447, 0.0855134, 0.669755, 0.66976, 0.33024
12.2368, 0.16881, 0.0925227, 0.669522, 0.669527, 0.330473
12.25, 0.162358, 0.0950461, 0.669365, 0.669365, 0.330635
12.2632, 0.136668, 0.0880368, 0.669365, 0.669365, 0.330635
12.2763, 0.115133, 0.0810275, 0.669363, 0.669363, 0.330637
12.2895, 0.0963976, 0.0740182, 0.669359, 0.669359, 0.330641
12.3026, 0.0797078, 0.0670089, 0.669351, 0.669351, 0.330649
12.3158, 0.0645951, 0.0599996, 0.669339, 0.669339, 0.330661
12.3289, 0.0507442, 0.0529903, 0.669321, 0.669321, 0.330679
12.3421, 0.0379315, 0.045981, 0.669297, 0.669297, 0.330703
12.3553, 0.0259916, 0.0389717, 0.669266, 0.669267, 0.330733
12.3684, 0.0147982, 0.0319624, 0.669229, 0.66923, 0.33077
12.3816, 0.00425226, 0.0249531, 0.669185, 0.669186, 0.330814
12.3947, -0.0057254, 0.0179438, 0.669133, 0.669134, 0.330866
12.4079, -0.0151994, 0.0109345, 0.669074, 0.669076, 0.330924
12.4211, -0.024223, 0.00392521, 0.669008, 0.66901, 0.33099
12.4342, -0.032841, -0.00308409, 0.668934, 0.668936, 0.331064
12.4474, -0.0410914, -0.0100934, 0.668853, 0.668854, 0.331146
12.4605, -0.0490066, -0.0171027, 0.668763, 0.668765, 0.331235
12.4737, -0.0566145, -0.024112, 0.668667, 0.668669, 0.331331
12.4868, -0.0639397, -0.0311213, 0.668562, 0.668564, 0.331436
12.5, -0.0710034, -0.0381306, 0.66845, 0.668452, 0.331548
12.5132, -0.0778245, -0.0451399, 0.668331, 0.668333, 0.331667
12.5263, -0.0844197, -0.0521492, 0.668203, 0.668206, 0.331794
12.5395, -0.0908039, -0.0591585, 0.668069, 0.668072, 0.331928
12.5526, -0.0969906, -0.0661678, 0.667927, 0.66793, 0.33207
12.5658, -0.102992, -0.073177, 0.667778, 0.667781, 0.332219
12.5789, -0.108818, -0.0801863, 0.667622, 0.667625, 0.332375
12.5921, -0.114479, -0.0871956, 0.667458, 0.667462, 0.332538
12.6053, -0.119985, -0.0942049, 0.667288, 0.667291, 0.332709
12.6184, -0.125343, -0.101214, 0.66711, 0.667114, 0.332886
12.6316, -0.130561, -0.108224, 0.666926, 0.66693, 0.33307
12.6447, -0.135645, -0.115233, 0.666735, 0.666739, 0.333261
12.6579, -0.140603, -0.122242, 0.666538, 0.666542, 0.333458
12.6711, -0.145439, -0.129251, 0.666334, 0.666338, 0.333662
12.6842, -0.15016, -0.136261, 0.666124, 0.666128, 0.333872
12.6974, -0.154771, -0.14327, 0.665907, 0.665912, 0.334088
12.7105, -0.159275, -0.150279, 0.665685, 0.665689, 0.334311
12.7237, -0.163678, -0.157289, 0.665456, 0.665461, 0.334539
12.7368, -0.167984, -0.164298, 0.665222, 0.665226, 0.334774
12.75, -0.168179, -0.169625, 0.665016, 0.665016, 0.334984
12.7628, -0.141407, -0.162616, 0.665015, 0.665015, 0.334985
12.7756, -0.119196, -0.155606, 0.665014, 0.665014, 0.334986
12.7885, -0.100007, -0.148597, 0.66501, 0.665011, 0.334989
12.8013, -0.0829922, -0.141588, 0.665003, 0.665004, 0.334996
12.8141, -0.0676364, -0.134578, 0.664992, 0.664992, 0.335008
12.8269, -0.053598, -0.127569, 0.664975, 0.664976, 0.335024
12.8397, -0.0406372, -0.12056, 0.664953, 0.664953, 0.335047
12.8526, -0.0285783, -0.113551, 0.664924, 0.664924, 0.335076
12.8654, -0.017288, -0.106541, 0.664888, 0.664889, 0.335111
12.8782, -0.00666232, -0.099532, 0.664846, 0.664847, 0.335153
12.891, 0.00338151, -0.0925227, 0.664796, 0.664797, 0.335203
12.9038, 0.0129107, -0.0855134, 0.664739, 0.66474, 0.33526
12.9167, 0.0219806, -0.0785041, 0.664674, 0.664676, 0.335324
12.9295, 0.0306375, -0.0714948, 0.664602, 0.664604, 0.335396
12.9423, 0.0389206, -0.0644855, 0.664523, 0.664524, 0.335476
12.9551, 0.0468633, -0.0574762, 0.664435, 0.664437, 0.335563
12.9679, 0.0544944, -0.0504669, 0.66434, 0.664342, 0.335658
12.9808, 0.0618389, -0.0434576, 0.664238, 0.66424, 0.33576
12.9936, 0.0689187, -0.0364483, 0.664128, 0.66413, 0.33587
13.0064, 0.0757531, -0.029439, 0.66401, 0.664013, 0.335987
13.0192, 0.0823592, -0.0224297, 0.663885, 0.663888, 0.336112
13.0321, 0.0887522, -0.0154205, 0.663753, 0.663756, 0.336244
13.0449, 0.0949457, -0.00841115, 0.663613, 0.663616, 0.336384
13.0577, 0.100952, -0.00140186, 0.663466, 0.663469, 0.336531
13.0705, 0.106782, 0.00560744, 0.663312, 0.663315, 0.336685
13.0833, 0.112446, 0.0126167, 0.663151, 0.663154, 0.336846
13.0962, 0.117953, 0.019626, 0.662983, 0.662986, 0.337014
13.109, 0.123311, 0.0266353, 0.662807, 0.662811, 0.337189
13.1218, 0.128528, 0.0336446, 0.662625, 0.662629, 0.337371
13.1346, 0.133611, 0.0406539, 0.662437, 0.662441, 0.337559
13.1474, 0.138567, 0.0476632, 0.662242, 0.662246, 0.337754
13.1603, 0.1434, 0.0546725, 0.66204, 0.662044, 0.337956
13.1731, 0.148118, 0.0616818, 0.661832, 0.661836, 0.338164
13.1859, 0.152724, 0.0686911, 0.661618, 0.661622, 0.338378
13.1987, 0.157224, 0.0757004, 0.661397, 0.661402, 0.338598
13.2115, 0.161623, 0.0827097, 0.661171, 0.661176, 0.338824
13.2244, 0.165923, 0.089719, 0.660939, 0.660944, 0.339056
13.2372, 0.170129, 0.0967283, 0.660701, 0.660706, 0.339294
13.25, 0.154103, 0.0950461, 0.660614, 0.660614, 0.339386
13.2628, 0.129861, 0.0880368, 0.660614, 0.660614, 0.339386
13.2756, 0.109314, 0.0810275, 0.660611, 0.660611, 0.339389
13.2885, 0.0913179, 0.0740182, 0.660606, 0.660607, 0.339393
13.3013, 0.0752141, 0.0670089, 0.660597, 0.660598, 0.339402
13.3141, 0.0605841, 0.0599996, 0.660584, 0.660584, 0.339416
13.3269, 0.0471425, 0.0529903, 0.660564, 0.660565, 0.339435
13.3397, 0.0346843, 0.045981, 0.660539, 0.660539, 0.339461
13.3526, 0.0230566, 0.0389717, 0.660506, 0.660507, 0.339493
13.3654, 0.0121418, 0.0319624, 0.660468, 0.660468, 0.339532
13.3782, 0.00184736, 0.0249531, 0.660422, 0.660423, 0.339577
13.391, -0.00790125, 0.0179438, 0.660368, 0.66037, 0.33963
13.4038, -0.017165, 0.0109345, 0.660308, 0.660309, 0.339691
13.4167, -0.0259944, 0.00392521, 0.66024, 0.660241, 0.339759
13.4295, -0.0344319, -0.00308409, 0.660164, 0.660166, 0.339834
13.4423, -0.0425138, -0.0100934, 0.660081, 0.660083, 0.339917
13.4551, -0.0502709, -0.0171027, 0.65999, 0.659992, 0.340008
13.4679, -0.05773, -0.024112, 0.659891, 0.659894, 0.340106
13.4808, -0.0649145, -0.0311213, 0.659785, 0.659788, 0.340212
13.4936, -0.071845, -0.0381306, 0.659672, 0.659674, 0.340326
13.5064, -0.0785395, -0.0451399, 0.659551, 0.659553, 0.340447
13.5192, -0.0850141, -0.0521492, 0.659422, 0.659425, 0.340575
13.5321, -0.0912832, -0.0591585, 0.659286, 0.659289, 0.340711
13.5449, -0.0973597, -0.0661678, 0.659143, 0.659146, 0.340854
13.5577, -0.103255, -0.073177, 0.658993, 0.658996, 0.341004
13.5705, -0.10898, -0.0801863, 0.658835, 0.658839, 0.341161
13.5833, -0.114544, -0.0871956, 0.658671, 0.658674, 0.341326
13.5962, -0.119956, -0.0942049, 0.658499, 0.658503, 0.341497
13.609, -0.125223, -0.101214, 0.658321, 0.658325, 0.341675
13.6218, -0.130353, -0.108224, 0.658136, 0.65814, 0.34186
13.6346, -0.135353, -0.115233, 0.657944, 0.657948, 0.342052
13.6474, -0.140229, -0.122242, 0.657746, 0.65775, 0.34225
13.6603, -0.144986, -0.129251, 0.657542, 0.657546, 0.342454
13.6731, -0.14963, -0.136261, 0.657331, 0.657335, 0.342665
13.6859, -0.154166, -0.14327, 0.657114, 0.657118, 0.342882
13.6987, -0.158598, -0.150279, 0.65689, 0.656895, 0.343105
13.7115, -0.162931, -0.157289, 0.656661, 0.656666, 0.343334
13.7244, -0.167168, -0.164298, 0.656427, 0.656431, 0.343569
13.7372, -0.171313, -0.171307, 0.656186, 0.656191, 0.343809
13.75, -0.14702, -0.1657, 0.656167, 0.656167, 0.343833
13.7628, -0.124147, -0.15869, 0.656166, 0.656166, 0.343834
13.7756, -0.104541, -0.151681, 0.656163, 0.656163, 0.343837
13.7885, -0.0872465, -0.144672, 0.656157, 0.656157, 0.343843
13.8013, -0.0716945, -0.137663, 0.656146, 0.656147, 0.343853
13.8141, -0.0575152, -0.130653, 0.656131, 0.656131, 0.343869
13.8269, -0.0444518, -0.123644, 0.65611, 0.65611, 0.34389
13.8397, -0.0323178, -0.116635, 0.656082, 0.656083, 0.343917
13.8526, -0.0209727, -0.109625, 0.656048, 0.656049, 0.343951
13.8654, -0.0103077, -0.102616, 0.656007, 0.656008, 0.343992
13.8782, -0.000236539, -0.0956068, 0.655959, 0.65596, 0.34404
13.891, 0.00931062, -0.0885975, 0.655904, 0.655905, 0.344095
13.9038, 0.0183911, -0.0815882, 0.655841, 0.655843, 0.344157
13.9167, 0.0270526, -0.0745789, 0.655771, 0.655773, 0.344227
13.9295, 0.0353354, -0.0675696, 0.655693, 0.655695, 0.344305
13.9423, 0.0432739, -0.0605603, 0.655608, 0.65561, 0.34439
13.9551, 0.0508975, -0.053551, 0.655515, 0.655517, 0.344483
13.9679, 0.0582318, -0.0465417, 0.655415, 0.655417, 0.344583
13.9808, 0.0652992, -0.0395324, 0.655307, 0.655309, 0.344691
13.9936, 0.0721194, -0.0325231, 0.655191, 0.655194, 0.344806
14.0064, 0.0787098, -0.0255138, 0.655068, 0.655071, 0.344929
14.0192, 0.0850858, -0.0185045, 0.654938, 0.654941, 0.345059
14.0321, 0.0912612, -0.0114952, 0.6548, 0.654803, 0.345197
14.0449, 0.0972485, -0.00448595, 0.654655, 0.654658, 0.345342
14.0577, 0.103059, 0.00252335, 0.654503, 0.654506, 0.345494
14.0705, 0.108703, 0.00953264, 0.654344, 0.654347, 0.345653
14.0833, 0.114189, 0.0165419, 0.654178, 0.654181, 0.345819
14.0962, 0.119526, 0.0235512, 0.654005, 0.654009, 0.345991
14.109, 0.124722, 0.0305605, 0.653825, 0.653829, 0.346171
14.1218, 0.129783, 0.0375698, 0.653639, 0.653643, 0.346357
14.1346, 0.134717, 0.0445791, 0.653446, 0.65345, 0.34655
14.1474, 0.139528, 0.0515884, 0.653247, 0.653251, 0.346749
14.1603, 0.144224, 0.0585977, 0.653041, 0.653045, 0.346955
14.1731, 0.148808, 0.065607, 0.652829, 0.652833, 0.347167
14.1859, 0.153286, 0.0726163, 0.652611, 0.652615, 0.347385
14.1987, 0.157662, 0.0796256, 0.652387, 0.652391, 0.347609
14.2115, 0.161941, 0.0866349, 0.652157, 0.652161, 0.347839
14.2244, 0.166125, 0.0936442, 0.651921, 0.651926, 0.348074
14.2372, 0.170219, 0.100653, 0.65168, 0.651685, 0.348315
14.25, 0.153717, 0.0986909, 0.651597, 0.651597, 0.348403
14.2628, 0.129835, 0.0916816, 0.651596, 0.651596, 0.348404
14.2756, 0.109571, 0.0846723, 0.651594, 0.651594, 0.348406
14.2885, 0.0918103, 0.077663, 0.651589, 0.651589, 0.348411
14.3013, 0.0759092, 0.0706537, 0.65158, 0.65158, 0.34842
14.3141, 0.0614586, 0.0636444, 0.651566, 0.651566, 0.348434
14.3269, 0.0481783, 0.0566351, 0.651546, 0.651546, 0.348454
14.3397, 0.0358672, 0.0496258, 0.65152, 0.651521, 0.348479
14.3526, 0.024375, 0.0426165, 0.651488, 0.651489, 0.348511
14.3654, 0.013586, 0.0356072, 0.651449, 0.65145, 0.34855
14.3782, 0.00340908, 0.0285979, 0.651403, 0.651404, 0.348596
14.391, -0.00622912, 0.0215886, 0.651349, 0.65135, 0.34865
14.4038, -0.0153886, 0.0145793, 0.651288, 0.65129, 0.34871
14.4167, -0.0241193, 0.00757004, 0.65122, 0.651222, 0.348778
14.4295, -0.032463, 0.000560744, 0.651144, 0.651146, 0.348854
14.4423, -0.0404554, -0.00644855, 0.651061, 0.651063, 0.348937
14.4551, -0.0481269, -0.0134578, 0.65097, 0.650972, 0.349028
14.4679, -0.0555041, -0.0204671, 0.650872, 0.650874, 0.349126
14.4808, -0.06261, -0.0274764, 0.650766, 0.650768, 0.349232
14.4936, -0.0694649, -0.0344857, 0.650652, 0.650654, 0.349346
14.5064, -0.0760865, -0.041495, 0.650531, 0.650533, 0.349467
14.5192, -0.0824908, -0.0485043, 0.650403, 0.650405, 0.349595
14.5321, -0.088692, -0.0555136, 0.650267, 0.65027, 0.34973
14.5449, -0.0947029, -0.0625229, 0.650124, 0.650127, 0.349873
14.5577, -0.100535, -0.0695322, 0.649974, 0.649977, 0.350023
14.5705, -0.106198, -0.0765415, 0.649816, 0.649819, 0.350181
14.5833, -0.111702, -0.0835508, 0.649652, 0.649655, 0.350345
14.5962, -0.117056, -0.0905601, 0.649481, 0.649484, 0.350516
14.609, -0.122267, -0.0975694, 0.649303, 0.649306, 0.350694
14.6218, -0.127342, -0.104579, 0.649118, 0.649122, 0.350878
14.6346, -0.132289, -0.111588, 0.648926, 0.64893, 0.35107
14.6474, -0.137113, -0.118597, 0.648729, 0.648733, 0.351267
14.6603, -0.141819, -0.125607, 0.648524, 0.648529, 0.351471
14.6731, -0.146414, -0.132616, 0.648314, 0.648318, 0.351682
14.6859, -0.150901, -0.139625, 0.648097, 0.648102, 0.351898
14.6987, -0.155286, -0.146634, 0.647875, 0.647879, 0.352121
14.7115, -0.159573, -0.153644, 0.647646, 0.647651, 0.352349
14.7244, -0.163765, -0.160653, 0.647412, 0.647417, 0.352583
14.7372, -0.167867, -0.167662, 0.647172, 0.647177, 0.352823
14.75, -0.170513, -0.174111, 0.646942, 0.646941, 0.353059
14.7625, -0.143635, -0.167102, 0.646941, 0.646941, 0.353059
14.775, -0.121407, -0.160092, 0.64694, 0.64694, 0.35306
14.7875, -0.102285, -0.153083, 0.646937, 0.646937, 0.353063
14.8, -0.085377, -0.146074, 0.64693, 0.646931, 0.353069
14.8125, -0.0701478, -0.139064, 0.646919, 0.64692, 0.35308
14.825, -0.0562458, -0.132055, 0.646903, 0.646904, 0.353096
14.8375, -0.043426, -0.125046, 0.646881, 0.646882, 0.353118
14.85, -0.0315094, -0.118037, 0.646853, 0.646854, 0.353146
14.8625, -0.0203611, -0.111027, 0.646818, 0.646819, 0.353181
14.875, -0.00987581, -0.104018, 0.646777, 0.646778, 0.353222
14.8875, 2.97688e-05, -0.0970087, 0.646728, 0.646729, 0.353271
14.9, 0.00942325, -0.0899994, 0.646672, 0.646673, 0.353327
14.9125, 0.0183603, -0.0829901, 0.646609, 0.64661, 0.35339
14.925, 0.0268872, -0.0759808, 0.646538, 0.646539, 0.353461
14.9375, 0.0350432, -0.0689715, 0.646459, 0.646461, 0.353539
14.95, 0.0428618, -0.0619622, 0.646373, 0.646375, 0.353625
14.9625, 0.0503716, -0.0549529, 0.64628, 0.646282, 0.353718
14.975, 0.0575976, -0.0479436, 0.646179, 0.646181, 0.353819
14.9875, 0.0645617, -0.0409343, 0.64607, 0.646073, 0.353927
15, 0.071283, -0.033925, 0.645954, 0.645957, 0.354043
15.0125, 0.0777786, -0.0269157, 0.645831, 0.645833, 0.354167
15.025, 0.0840636, -0.0199064, 0.6457, 0.645703, 0.354297
15.0375, 0.0901515, -0.0128971, 0.645562, 0.645565, 0.354435
15.05, 0.0960544, -0.00588781, 0.645417, 0.64542, 0.35458
15.0625, 0.101784, 0.00112149, 0.645265, 0.645268, 0.354732
15.075, 0.107349, 0.00813078, 0.645106, 0.645109, 0.354891
15.0875, 0.112759, 0.0151401, 0.644939, 0.644943, 0.355057
15.1, 0.118022, 0.0221494, 0.644766, 0.64477, 0.35523
15.1125, 0.123146, 0.0291587, 0.644587, 0.64459, 0.35541
15.125, 0.128139, 0.036168, 0.6444, 0.644404, 0.355596
15.1375, 0.133005, 0.0431773, 0.644207, 0.644211, 0.355789
15.15, 0.137751, 0.0501866, 0.644008, 0.644012, 0.355988
15.1625, 0.142383, 0.0571959, 0.643802, 0.643807, 0.356193
15.175, 0.146905, 0.0642051, 0.643591, 0.643595, 0.356405
15.1875, 0.151323, 0.0712144, 0.643373, 0.643377, 0.356623
15.2, 0.15564, 0.0782237, 0.643149, 0.643154, 0.356846
15.2125, 0.159861, 0.085233, 0.64292, 0.642924, 0.357076
15.225, 0.16399, 0.0922423, 0.642685, 0.642689, 0.357311
15.2375, 0.168029, 0.0992516, 0.642444, 0.642449, 0.357551
15.25, 0.169366, 0.105139, 0.642223, 0.642223, 0.357777
15.2622, 0.142869, 0.0981301, 0.642223, 0.642223, 0.357777
15.2744, 0.120949, 0.0911208, 0.642221, 0.642222, 0.357778
15.2866, 0.102055, 0.0841115, 0.642218, 0.642218, 0.357782
15.2988, 0.0853275, 0.0771023, 0.642211, 0.642212, 0.357788
15.311, 0.0702479, 0.070093, 0.6422, 0.6422, 0.3578
15.3232, 0.0564736, 0.0630837, 0.642184, 0.642184, 0.357816
15.3354, 0.043765, 0.0560744, 0.642161, 0.642162, 0.357838
15.3476, 0.0319472, 0.0490651, 0.642133, 0.642133, 0.357867
15.3598, 0.0208874, 0.0420558, 0.642098, 0.642098, 0.357902
15.372, 0.0104826, 0.0350465, 0.642056, 0.642056, 0.357944
15.3841, 0.000650626, 0.0280372, 0.642006, 0.642007, 0.357993
15.3963, -0.00867494, 0.0210279, 0.64195, 0.641951, 0.358049
15.4085, -0.0175489, 0.0140186, 0.641886, 0.641887, 0.358113
15.4207, -0.0260171, 0.0070093, 0.641815, 0.641816, 0.358184
15.4329, -0.034118, -2.12182e-17, 0.641736, 0.641737, 0.358263
15.4451, -0.0418848, -0.0070093, 0.641649, 0.641651, 0.358349
15.4573, -0.0493457, -0.0140186, 0.641555, 0.641557, 0.358443
15.4695, -0.0565254, -0.0210279, 0.641454, 0.641456, 0.358544
15.4817, -0.0634456, -0.0280372, 0.641345, 0.641347, 0.358653
15.4939, -0.0701251, -0.0350465, 0.641228, 0.641231, 0.358769
15.5061, -0.0765809, -0.0420558, 0.641105, 0.641107, 0.358893
15.5183, -0.0828278, -0.0490651, 0.640973, 0.640976, 0.359024
15.5305, -0.0888793, -0.0560744, 0.640835, 0.640838, 0.359162
15.5427, -0.0947474, -0.0630837, 0.640689, 0.640692, 0.359308
15.5549, -0.100443, -0.070093, 0.640537, 0.64054, 0.35946
15.5671, -0.105976, -0.0771023, 0.640377, 0.64038, 0.35962
15.5793, -0.111355, -0.0841115, 0.64021, 0.640214, 0.359786
15.5915, -0.116589, -0.0911208, 0.640037, 0.64004, 0.35996
15.6037, -0.121684, -0.0981301, 0.639856, 0.63986, 0.36014
15.6159, -0.126648, -0.105139, 0.639669, 0.639673, 0.360327
15.628, -0.131488, -0.112149, 0.639476, 0.63948, 0.36052
15.6402, -0.136208, -0.119158, 0.639276, 0.63928, 0.36072
15.6524, -0.140815, -0.126167, 0.63907, 0.639074, 0.360926
15.6646, -0.145313, -0.133177, 0.638858, 0.638862, 0.361138
15.6768, -0.149707, -0.140186, 0.63864, 0.638644, 0.361356
15.689, -0.154001, -0.147195, 0.638415, 0.63842, 0.36158
15.7012, -0.1582, -0.154205, 0.638185, 0.63819, 0.36181
15.7134, -0.162307, -0.161214, 0.63795, 0.637954, 0.362046
15.7256, -0.166326, -0.168223, 0.637708, 0.637713, 0.362287
15.7378, -0.170241, -0.175232, 0.637462, 0.637467, 0.362533
15.75, -0.155064, -0.173831, 0.637366, 0.637366, 0.362634
15.7622, -0.131387, -0.166821, 0.637366, 0.637366, 0.362634
15.7744, -0.111334, -0.159812, 0.637364, 0.637364, 0.362636
15.7866, -0.0937775, -0.152803, 0.637358, 0.637359, 0.362641
15.7988, -0.0780728, -0.145793, 0.637349, 0.63735, 0.36265
15.811, -0.0638091, -0.138784, 0.637335, 0.637336, 0.362664
15.8232, -0.050707, -0.131775, 0.637316, 0.637316, 0.362684
15.8354, -0.0385656, -0.124765, 0.63729, 0.637291, 0.362709
15.8476, -0.0272353, -0.117756, 0.637258, 0.637259, 0.362741
15.8598, -0.0166012, -0.110747, 0.637219, 0.63722, 0.36278
15.872, -0.00657269, -0.103738, 0.637174, 0.637175, 0.362825
15.8841, 0.00292308, -0.0967283, 0.637121, 0.637122, 0.362878
15.8963, 0.0119457, -0.089719, 0.63706, 0.637062, 0.362938
15.9085, 0.0205445, -0.0827097, 0.636993, 0.636994, 0.363006
15.9207, 0.028761, -0.0757004, 0.636917, 0.636919, 0.363081
15.9329, 0.0366306, -0.0686911, 0.636835, 0.636836, 0.363164
15.9451, 0.0441834, -0.0616818, 0.636744, 0.636746, 0.363254
15.9573, 0.0514456, -0.0546725, 0.636647, 0.636649, 0.363351
15.9695, 0.0584401, -0.0476632, 0.636541, 0.636543, 0.363457
15.9817, 0.0651869, -0.0406539, 0.636429, 0.636431, 0.363569
15.9939, 0.0717035, -0.0336446, 0.636309, 0.636311, 0.363689
16.0061, 0.0780059, -0.0266353, 0.636181, 0.636184, 0.363816
16.0183, 0.0841079, -0.019626, 0.636046, 0.636049, 0.363951
16.0305, 0.0900221, -0.0126167, 0.635905, 0.635907, 0.364093
16.0427, 0.0957599, -0.00560744, 0.635755, 0.635759, 0.364241
16.0549, 0.101332, 0.00140186, 0.635599, 0.635603, 0.364397
16.0671, 0.106746, 0.00841115, 0.635436, 0.63544, 0.36456
16.0793, 0.112013, 0.0154205, 0.635267, 0.63527, 0.36473
16.0915, 0.117138, 0.0224297, 0.63509, 0.635094, 0.364906
16.1037, 0.12213, 0.029439, 0.634907, 0.634911, 0.365089
16.1159, 0.126996, 0.0364483, 0.634717, 0.634721, 0.365279
16.128, 0.13174, 0.0434576, 0.634521, 0.634525, 0.365475
16.1402, 0.136368, 0.0504669, 0.634319, 0.634323, 0.365677
16.1524, 0.140887, 0.0574762, 0.63411, 0.634114, 0.365886
16.1646, 0.1453, 0.0644855, 0.633895, 0.6339, 0.3661
16.1768, 0.149611, 0.0714948, 0.633675, 0.633679, 0.366321
16.189, 0.153826, 0.0785041, 0.633448, 0.633453, 0.366547
16.2012, 0.157948, 0.0855134, 0.633216, 0.633221, 0.366779
16.2134, 0.161981, 0.0925227, 0.632978, 0.632983, 0.367017
16.2256, 0.165927, 0.099532, 0.632735, 0.63274, 0.36726
16.2378, 0.169791, 0.106541, 0.632487, 0.632492, 0.367508
16.25, 0.157721, 0.106541, 0.632366, 0.632366, 0.367634
16.2619, 0.133684, 0.099532, 0.632365, 0.632365, 0.367635
16.2738, 0.113417, 0.0925227, 0.632363, 0.632363, 0.367637
16.2857, 0.0957235, 0.0855134, 0.632358, 0.632359, 0.367641
16.2976, 0.0799254, 0.0785041, 0.63235, 0.63235, 0.36765
16.3095, 0.0655967, 0.0714948, 0.632336, 0.632337, 0.367663
16.3214, 0.0524485, 0.0644855, 0.632317, 0.632318, 0.367682
16.3333, 0.0402744, 0.0574762, 0.632292, 0.632293, 0.367707
16.3452, 0.0289212, 0.0504669, 0.632261, 0.632262, 0.367738
16.3571, 0.0182713, 0.0434576, 0.632223, 0.632224, 0.367776
16.369, 0.00823257, 0.0364483, 0.632178, 0.632179, 0.367821
16.381, -0.00126922, 0.029439, 0.632125, 0.632127, 0.367873
16.3929, -0.0102945, 0.0224297, 0.632066, 0.632067, 0.367933
16.4048, -0.0188934, 0.0154205, 0.631999, 0.632, 0.368
16.4167, -0.027108, 0.00841115, 0.631924, 0.631926, 0.368074
16.4286, -0.0349739, 0.00140186, 0.631842, 0.631844, 0.368156
16.4405, -0.0425217, -0.00560744, 0.631753, 0.631755, 0.368245
16.4524, -0.0497779, -0.0126167, 0.631656, 0.631658, 0.368342
16.4643, -0.0567654, -0.019626, 0.631551, 0.631554, 0.368446
16.4762, -0.0635045, -0.0266353, 0.631439, 0.631442, 0.368558
16.4881, -0.0700129, -0.0336446, 0.63132, 0.631323, 0.368677
16.5, -0.0763066, -0.0406539, 0.631193, 0.631196, 0.368804
16.5119, -0.0823995, -0.0476632, 0.631059, 0.631062, 0.368938
16.5238, -0.0883044, -0.0546725, 0.630918, 0.630921, 0.369079
16.5357, -0.0940327, -0.0616818, 0.63077, 0.630773, 0.369227
16.5476, -0.0995946, -0.0686911, 0.630615, 0.630618, 0.369382
16.5595, -0.104999, -0.0757004, 0.630452, 0.630456, 0.369544
16.5714, -0.110256, -0.0827097, 0.630283, 0.630287, 0.369713
16.5833, -0.115372, -0.089719, 0.630107, 0.630111, 0.369889
16.5952, -0.120354, -0.0967283, 0.629925, 0.629929, 0.370071
16.6071, -0.125209, -0.103738, 0.629736, 0.62974, 0.37026
16.619, -0.129943, -0.110747, 0.62954, 0.629544, 0.370456
16.631, -0.134562, -0.117756, 0.629338, 0.629342, 0.370658
16.6429, -0.13907, -0.124765, 0.62913, 0.629134, 0.370866
16.6548, -0.143473, -0.131775, 0.628916, 0.62892, 0.37108
16.6667, -0.147776, -0.138784, 0.628696, 0.6287, 0.3713
16.6786, -0.151981, -0.145793, 0.62847, 0.628475, 0.371525
16.6905, -0.156093, -0.152803, 0.628238, 0.628243, 0.371757
16.7024, -0.160116, -0.159812, 0.628001, 0.628006, 0.371994
16.7143, -0.164054, -0.166821, 0.627758, 0.627763, 0.372237
16.7262, -0.167908, -0.173831, 0.62751, 0.627515, 0.372485
16.7381, -0.171621, -0.18084, 0.627256, 0.627261, 0.372739
16.75, -0.145712, -0.174111, 0.627256, 0.627256, 0.372744
16.7619, -0.123795, -0.167102, 0.627255, 0.627255, 0.372745
16.7738, -0.104971, -0.160092, 0.627252, 0.627252, 0.372748
16.7857, -0.0883453, -0.153083, 0.627246, 0.627246, 0.372754
16.7976, -0.0733819, -0.146074, 0.627235, 0.627235, 0.372765
16.8095, -0.0597308, -0.139064, 0.627219, 0.627219, 0.372781
16.8214, -0.0471481, -0.132055, 0.627197, 0.627197, 0.372803
16.8333, -0.0354565, -0.125046, 0.627169, 0.62717, 0.37283
16.8452, -0.024522, -0.118037, 0.627134, 0.627135, 0.372865
16.8571, -0.0142406, -0.111027, 0.627093, 0.627094, 0.372906
16.869, -0.00452981, -0.104018, 0.627045, 0.627046, 0.372954
16.881, 0.00467716, -0.0970087, 0.626989, 0.62699, 0.37301
16.8929, 0.0134352, -0.0899994, 0.626926, 0.626927, 0.373073
16.9048, 0.0217902, -0.0829901, 0.626856, 0.626857, 0.373143
16.9167, 0.0297806, -0.0759808, 0.626778, 0.626779, 0.373221
16.9286, 0.0374395, -0.0689715, 0.626692, 0.626694, 0.373306
16.9405, 0.0447951, -0.0619622, 0.6266, 0.626602, 0.373398
16.9524, 0.0518722, -0.0549529, 0.626499, 0.626501, 0.373499
16.9643, 0.058692, -0.0479436, 0.626392, 0.626394, 0.373606
16.9762, 0.0652737, -0.0409343, 0.626277, 0.626279, 0.373721
16.9881, 0.0716338, -0.033925, 0.626154, 0.626157, 0.373843
17, 0.0777873, -0.0269157, 0.626024, 0.626027, 0.373973
17.0119, 0.0837474, -0.0199064, 0.625887, 0.62589, 0.37411
17.0238, 0.0895263, -0.0128971, 0.625743, 0.625746, 0.374254
17.0357, 0.0951345, -0.00588781, 0.625592, 0.625595, 0.374405
17.0476, 0.100582, 0.00112149, 0.625434, 0.625438, 0.374562
17.0595, 0.105878, 0.00813078, 0.625269, 0.625273, 0.374727
17.0714, 0.111029, 0.0151401, 0.625098, 0.625101, 0.374899
17.0833, 0.116045, 0.0221494, 0.624919, 0.624923, 0.375077
17.0952, 0.12093, 0.0291587, 0.624735, 0.624738, 0.375262
17.1071, 0.125693, 0.036168, 0.624543, 0.624547, 0.375453
17.119, 0.130338, 0.0431773, 0.624345, 0.624349, 0.375651
17.131, 0.134871, 0.0501866, 0.624142, 0.624146, 0.375854
17.1429, 0.139296, 0.0571959, 0.623932, 0.623936, 0.376064
17.1548, 0.143619, 0.0642051, 0.623716, 0.62372, 0.37628
17.1667, 0.147844, 0.0712144, 0.623494, 0.623498, 0.376502
17.1786, 0.151974, 0.0782237, 0.623266, 0.623271, 0.376729
17.1905, 0.156014, 0.085233, 0.623033, 0.623037, 0.376963
17.2024, 0.159966, 0.0922423, 0.622794, 0.622799, 0.377201
17.2143, 0.163835, 0.0992516, 0.62255, 0.622555, 0.377445
17.2262, 0.167623, 0.106261, 0.622301, 0.622306, 0.377694
17.2381, 0.171334, 0.11327, 0.622046, 0.622051, 0.377949
17.25, 0.14775, 0.107663, 0.622025, 0.622025, 0.377975
17.2619, 0.125628, 0.100653, 0.622024, 0.622025, 0.377975
17.2738, 0.106684, 0.0936442, 0.622022, 0.622022, 0.377978
17.2857, 0.0899851, 0.0866349, 0.622015, 0.622016, 0.377984
17.2976, 0.0749761, 0.0796256, 0.622005, 0.622005, 0.377995
17.3095, 0.0612971, 0.0726163, 0.621989, 0.62199, 0.37801
17.3214, 0.0486985, 0.065607, 0.621968, 0.621969, 0.378031
17.3333, 0.0369993, 0.0585977, 0.621941, 0.621941, 0.378059
17.3452, 0.0260632, 0.0515884, 0.621907, 0.621907, 0.378093
17.3571, 0.0157845, 0.0445791, 0.621866, 0.621867, 0.378133
17.369, 0.00607972, 0.0375698, 0.621818, 0.621819, 0.378181
17.381, -0.0031188, 0.0305605, 0.621763, 0.621764, 0.378236
17.3929, -0.0118666, 0.0235512, 0.621701, 0.621702, 0.378298
17.4048, -0.0202098, 0.0165419, 0.621631, 0.621632, 0.378368
17.4167, -0.0281875, 0.00953264, 0.621553, 0.621555, 0.378445
17.4286, -0.0358329, 0.00252335, 0.621469, 0.621471, 0.378529
17.4405, -0.0431744, -0.00448595, 0.621377, 0.621379, 0.378621
17.4524, -0.0502369, -0.0114952, 0.621277, 0.621279, 0.378721
17.4643, -0.057042, -0.0185045, 0.62117, 0.621172, 0.378828
17.4762, -0.0636085, -0.0255138, 0.621055, 0.621058, 0.378942
17.4881, -0.0699535, -0.0325231, 0.620934, 0.620936, 0.379064
17.5, -0.0760917, -0.0395324, 0.620805, 0.620807, 0.379193
17.5119, -0.0820366, -0.0465417, 0.620668, 0.620671, 0.379329
17.5238, -0.0878002, -0.053551, 0.620525, 0.620528, 0.379472
17.5357, -0.0933934, -0.0605603, 0.620374, 0.620377, 0.379623
17.5476, -0.0988258, -0.0675696, 0.620217, 0.62022, 0.37978
17.5595, -0.104106, -0.0745789, 0.620052, 0.620056, 0.379944
17.5714, -0.109243, -0.0815882, 0.619881, 0.619885, 0.380115
17.5833, -0.114244, -0.0885975, 0.619704, 0.619707, 0.380293
17.5952, -0.119116, -0.0956068, 0.619519, 0.619523, 0.380477
17.6071, -0.123864, -0.102616, 0.619328, 0.619332, 0.380668
17.619, -0.128495, -0.109625, 0.619131, 0.619135, 0.380865
17.631, -0.133014, -0.116635, 0.618928, 0.618932, 0.381068
17.6429, -0.137425, -0.123644, 0.618718, 0.618722, 0.381278
17.6548, -0.141735, -0.130653, 0.618503, 0.618507, 0.381493
17.6667, -0.145946, -0.137663, 0.618281, 0.618286, 0.381714
17.6786, -0.150063, -0.144672, 0.618054, 0.618059, 0.381941
17.6905, -0.15409, -0.151681, 0.617821, 0.617826, 0.382174
17.7024, -0.15803, -0.15869, 0.617583, 0.617588, 0.382412
17.7143, -0.161886, -0.1657, 0.617339, 0.617344, 0.382656
17.7262, -0.165662, -0.172709, 0.61709, 0.617095, 0.382905
17.7381, -0.16936, -0.179718, 0.616836, 0.616841, 0.383159
17.75, -0.162164, -0.181961, 0.61667, 0.61667, 0.38333
17.7616, -0.137683, -0.174952, 0.61667, 0.61667, 0.38333
17.7733, -0.117222, -0.167943, 0.616668, 0.616668, 0.383332
17.7849, -0.0994537, -0.160933, 0.616664, 0.616664, 0.383336
17.7965, -0.0836463, -0.153924, 0.616656, 0.616656, 0.383344
17.8081, -0.0693465, -0.146915, 0.616643, 0.616644, 0.383356
17.8198, -0.056251, -0.139906, 0.616625, 0.616626, 0.383374
17.8314, -0.0441446, -0.132896, 0.616601, 0.616602, 0.383398
17.843, -0.0328689, -0.125887, 0.616571, 0.616572, 0.383428
17.8547, -0.022303, -0.118878, 0.616534, 0.616535, 0.383465
17.8663, -0.0123521, -0.111868, 0.61649, 0.616491, 0.383509
17.8779, -0.00294062, -0.104859, 0.61644, 0.616441, 0.383559
17.8895, 0.00599297, -0.0978498, 0.616381, 0.616383, 0.383617
17.9012, 0.0144996, -0.0908405, 0.616316, 0.616317, 0.383683
17.9128, 0.0226219, -0.0838312, 0.616243, 0.616245, 0.383755
17.9244, 0.0303959, -0.0768219, 0.616163, 0.616164, 0.383836
17.936, 0.0378525, -0.0698126, 0.616075, 0.616077, 0.383923
17.9477, 0.0450183, -0.0628033, 0.61598, 0.615982, 0.384018
17.9593, 0.0519166, -0.055794, 0.615877, 0.615879, 0.384121
17.9709, 0.0585676, -0.0487847, 0.615767, 0.61577, 0.38423
17.9826, 0.0649891, -0.0417754, 0.61565, 0.615652, 0.384348
17.9942, 0.0711971, -0.0347661, 0.615525, 0.615528, 0.384472
18.0058, 0.0772058, -0.0277568, 0.615394, 0.615396, 0.384604
18.0174, 0.0830277, -0.0207475, 0.615255, 0.615258, 0.384742
18.0291, 0.0886743, -0.0137382, 0.615109, 0.615112, 0.384888
18.0407, 0.0941558, -0.00672892, 0.614956, 0.614959, 0.385041
18.0523, 0.0994817, 0.000280372, 0.614796, 0.614799, 0.385201
18.064, 0.10466, 0.00728967, 0.614629, 0.614633, 0.385367
18.0756, 0.1097, 0.014299, 0.614456, 0.614459, 0.385541
18.0872, 0.114607, 0.0213083, 0.614276, 0.61428, 0.38572
18.0988, 0.119388, 0.0283176, 0.61409, 0.614093, 0.385907
18.1105, 0.124049, 0.0353269, 0.613897, 0.613901, 0.386099
18.1221, 0.128596, 0.0423361, 0.613698, 0.613702, 0.386298
18.1337, 0.133035, 0.0493454, 0.613493, 0.613497, 0.386503
18.1453, 0.137369, 0.0563547, 0.613281, 0.613286, 0.386714
18.157, 0.141603, 0.063364, 0.613064, 0.613069, 0.386931
18.1686, 0.145741, 0.0703733, 0.612841, 0.612846, 0.387154
18.1802, 0.149787, 0.0773826, 0.612613, 0.612617, 0.387383
18.1919, 0.153746, 0.0843919, 0.612378, 0.612383, 0.387617
18.2035, 0.157619, 0.0914012, 0.612139, 0.612144, 0.387856
18.2151, 0.161411, 0.0984105, 0.611894, 0.611899, 0.388101
18.2267, 0.165124, 0.10542, 0.611644, 0.611649, 0.388351
18.2384, 0.168761, 0.112429, 0.611389, 0.611394, 0.388606
18.25, 0.16663, 0.116915, 0.611182, 0.611182, 0.388818
18.2614, 0.141423, 0.109906, 0.611181, 0.611181, 0.388819
18.2727, 0.120534, 0.102896, 0.61118, 0.61118, 0.38882
18.2841, 0.102486, 0.0958872, 0.611176, 0.611176, 0.388824
18.2955, 0.0864835, 0.0888779, 0.611169, 0.611169, 0.388831
18.3068, 0.0720422, 0.0818686, 0.611157, 0.611157, 0.388843
18.3182, 0.0588408, 0.0748593, 0.61114, 0.61114, 0.38886
18.3295, 0.0466538, 0.06785, 0.611117, 0.611117, 0.388883
18.3409, 0.0353159, 0.0608407, 0.611088, 0.611088, 0.388912
18.3523, 0.0247014, 0.0538314, 0.611052, 0.611053, 0.388947
18.3636, 0.0147125, 0.0468221, 0.611009, 0.61101, 0.38899
18.375, 0.00527139, 0.0398128, 0.610959, 0.610961, 0.389039
18.3864, -0.00368537, 0.0328035, 0.610903, 0.610904, 0.389096
18.3977, -0.0122099, 0.0257942, 0.610838, 0.61084, 0.38916
18.4091, -0.0203458, 0.0187849, 0.610767, 0.610768, 0.389232
18.4205, -0.0281299, 0.0117756, 0.610688, 0.610689, 0.389311
18.4318, -0.0355937, 0.00476632, 0.610601, 0.610603, 0.389397
18.4432, -0.0427644, -0.00224297, 0.610507, 0.610509, 0.389491
18.4545, -0.0496654, -0.00925227, 0.610406, 0.610408, 0.389592
18.4659, -0.0563175, -0.0162616, 0.610297, 0.610299, 0.389701
18.4773, -0.0627387, -0.0232709, 0.610181, 0.610183, 0.389817
18.4886, -0.0689451, -0.0302802, 0.610058, 0.61006, 0.38994
18.5, -0.0749511, -0.0372895, 0.609927, 0.60993, 0.39007
18.5114, -0.0807695, -0.0442987, 0.609789, 0.609792, 0.390208
18.5227, -0.0864119, -0.051308, 0.609645, 0.609647, 0.390353
18.5341, -0.0918886, -0.0583173, 0.609493, 0.609496, 0.390504
18.5455, -0.097209, -0.0653266, 0.609334, 0.609337, 0.390663
18.5568, -0.102382, -0.0723359, 0.609169, 0.609172, 0.390828
18.5682, -0.107415, -0.0793452, 0.608996, 0.609, 0.391
18.5795, -0.112315, -0.0863545, 0.608818, 0.608821, 0.391179
18.5909, -0.11709, -0.0933638, 0.608632, 0.608636, 0.391364
18.6023, -0.121744, -0.100373, 0.608441, 0.608445, 0.391555
18.6136, -0.126284, -0.107382, 0.608243, 0.608247, 0.391753
18.625, -0.130714, -0.114392, 0.608038, 0.608043, 0.391957
18.6364, -0.135041, -0.121401, 0.607828, 0.607833, 0.392167
18.6477, -0.139267, -0.12841, 0.607612, 0.607616, 0.392384
18.6591, -0.143398, -0.13542, 0.60739, 0.607395, 0.392605
18.6705, -0.147436, -0.142429, 0.607162, 0.607167, 0.392833
18.6818, -0.151386, -0.149438, 0.606929, 0.606934, 0.393066
18.6932, -0.155252, -0.156447, 0.606691, 0.606695, 0.393305
18.7045, -0.159036, -0.163457, 0.606446, 0.606451, 0.393549
18.7159, -0.162741, -0.170466, 0.606197, 0.606202, 0.393798
18.7273, -0.16637, -0.177475, 0.605943, 0.605948, 0.394052
18.7386, -0.169923, -0.184485, 0.605684, 0.605689, 0.394311
18.75, -0.159103, -0.185045, 0.605547, 0.605547, 0.394453
18.7614, -0.135445, -0.178036, 0.605546, 0.605546, 0.394454
18.7727, -0.115574, -0.171027, 0.605544, 0.605544, 0.394456
18.7841, -0.0982656, -0.164018, 0.60554, 0.60554, 0.39446
18.7955, -0.0828373, -0.157008, 0.605531, 0.605531, 0.394469
18.8068, -0.0688608, -0.149999, 0.605518, 0.605518, 0.394482
18.8182, -0.0560476, -0.14299, 0.605499, 0.6055, 0.3945
18.8295, -0.0441925, -0.13598, 0.605475, 0.605475, 0.394525
18.8409, -0.0331436, -0.128971, 0.605444, 0.605444, 0.394556
18.8523, -0.0227844, -0.121962, 0.605406, 0.605407, 0.394593
18.8636, -0.013024, -0.114952, 0.605362, 0.605363, 0.394637
18.875, -0.00378907, -0.107943, 0.60531, 0.605311, 0.394689
18.8864, 0.00497981, -0.100934, 0.605251, 0.605252, 0.394748
18.8977, 0.013332, -0.0939246, 0.605185, 0.605186, 0.394814
18.9091, 0.0213087, -0.0869153, 0.605111, 0.605113, 0.394887
18.9205, 0.0289451, -0.079906, 0.60503, 0.605032, 0.394968
18.9318, 0.0362712, -0.0728967, 0.604942, 0.604944, 0.395056
18.9432, 0.0433128, -0.0658874, 0.604846, 0.604848, 0.395152
18.9545, 0.0500924, -0.0588781, 0.604743, 0.604745, 0.395255
18.9659, 0.05663, -0.0518688, 0.604633, 0.604635, 0.395365
18.9773, 0.0629429, -0.0448595, 0.604515, 0.604518, 0.395482
18.9886, 0.0690466, -0.0378502, 0.60439, 0.604393, 0.395607
19, 0.0749548, -0.0308409, 0.604258, 0.604261, 0.395739
19.0114, 0.08068, -0.0238316, 0.604119, 0.604122, 0.395878
19.0227, 0.0862333, -0.0168223, 0.603973, 0.603976, 0.396024
19.0341, 0.0916248, -0.00981301, 0.60382, 0.603823, 0.396177
19.0455, 0.0968635, -0.00280372, 0.60366, 0.603663, 0.396337
19.0568, 0.101958, 0.00420558, 0.603493, 0.603496, 0.396504
19.0682, 0.106915, 0.0112149, 0.603319, 0.603323, 0.396677
19.0795, 0.111743, 0.0182242, 0.60314, 0.603143, 0.396857
19.0909, 0.116447, 0.0252335, 0.602953, 0.602957, 0.397043
19.1023, 0.121034, 0.0322428, 0.602761, 0.602765, 0.397235
19.1136, 0.125508, 0.0392521, 0.602562, 0.602566, 0.397434
19.125, 0.129875, 0.0462614, 0.602357, 0.602361, 0.397639
19.1364, 0.13414, 0.0532706, 0.602146, 0.60215, 0.39785
19.1477, 0.138307, 0.0602799, 0.601929, 0.601933, 0.398067
19.1591, 0.14238, 0.0672892, 0.601706, 0.601711, 0.398289
19.1705, 0.146362, 0.0742985, 0.601478, 0.601483, 0.398517
19.1818, 0.150258, 0.0813078, 0.601245, 0.601249, 0.398751
19.1932, 0.154071, 0.0883171, 0.601005, 0.60101, 0.39899
19.2045, 0.157803, 0.0953264, 0.600761, 0.600766, 0.399234
19.2159, 0.161457, 0.102336, 0.600512, 0.600517, 0.399483
19.2273, 0.165038, 0.109345, 0.600257, 0.600262, 0.399738
19.2386, 0.168546, 0.116354, 0.599998, 0.600003, 0.399997
19.25, 0.169485, 0.122242, 0.599761, 0.599761, 0.400239
19.2611, 0.144012, 0.115233, 0.59976, 0.59976, 0.40024
19.2722, 0.123003, 0.108224, 0.599759, 0.599759, 0.400241
19.2833, 0.104921, 0.101214, 0.599756, 0.599756, 0.400244
19.2944, 0.08893, 0.0942049, 0.599749, 0.599749, 0.400251
19.3056, 0.0745249, 0.0871956, 0.599737, 0.599738, 0.400262
19.3167, 0.0613745, 0.0801863, 0.599721, 0.599721, 0.400279
19.3278, 0.0492474, 0.073177, 0.599699, 0.599699, 0.400301
19.3389, 0.0379747, 0.0661678, 0.59967, 0.599671, 0.400329
19.35, 0.0274288, 0.0591585, 0.599635, 0.599636, 0.400364
19.3611, 0.0175102, 0.0521492, 0.599593, 0.599594, 0.400406
19.3722, 0.00814019, 0.0451399, 0.599544, 0.599545, 0.400455
19.3833, -0.000745279, 0.0381306, 0.599488, 0.599489, 0.400511
19.3944, -0.00919881, 0.0311213, 0.599425, 0.599426, 0.400574
19.4056, -0.0172643, 0.024112, 0.599354, 0.599356, 0.400644
19.4167, -0.0249788, 0.0171027, 0.599276, 0.599278, 0.400722
19.4278, -0.032374, 0.0100934, 0.599191, 0.599192, 0.400808
19.4389, -0.039477, 0.00308409, 0.599098, 0.5991, 0.4009
19.45, -0.0463115, -0.00392521, 0.598998, 0.599, 0.401
19.4611, -0.0528982, -0.0109345, 0.59889, 0.598892, 0.401108
19.4722, -0.0592551, -0.0179438, 0.598775, 0.598778, 0.401222
19.4833, -0.0653985, -0.0249531, 0.598653, 0.598656, 0.401344
19.4944, -0.0713427, -0.0319624, 0.598524, 0.598527, 0.401473
19.5056, -0.0771004, -0.0389717, 0.598387, 0.59839, 0.40161
19.5167, -0.0826831, -0.045981, 0.598244, 0.598247, 0.401753
19.5278, -0.0881014, -0.0529903, 0.598094, 0.598097, 0.401903
19.5389, -0.0933645, -0.0599996, 0.597936, 0.59794, 0.40206
19.55, -0.098481, -0.0670089, 0.597772, 0.597776, 0.402224
19.5611, -0.103459, -0.0740182, 0.597602, 0.597605, 0.402395
19.5722, -0.108305, -0.0810275, 0.597424, 0.597428, 0.402572
19.5833, -0.113026, -0.0880368, 0.597241, 0.597244, 0.402756
19.5944, -0.117628, -0.0950461, 0.597051, 0.597054, 0.402946
19.6056, -0.122117, -0.102055, 0.596854, 0.596858, 0.403142
19.6167, -0.126497, -0.109065, 0.596652, 0.596656, 0.403344
19.6278, -0.130774, -0.116074, 0.596443, 0.596447, 0.403553
19.6389, -0.134952, -0.123083, 0.596229, 0.596233, 0.403767
19.65, -0.139035, -0.130093, 0.596008, 0.596013, 0.403987
19.6611, -0.143026, -0.137102, 0.595783, 0.595787, 0.404213
19.6722, -0.146931, -0.144111, 0.595551, 0.595556, 0.404444
19.6833, -0.150751, -0.15112, 0.595314, 0.595319, 0.404681
19.6944, -0.15449, -0.15813, 0.595072, 0.595077, 0.404923
19.7056, -0.158151, -0.165139, 0.594825, 0.59483, 0.40517
19.7167, -0.161737, -0.172148, 0.594572, 0.594577, 0.405423
19.7278, -0.165251, -0.179158, 0.594315, 0.59432, 0.40568
19.7389, -0.168695, -0.186167, 0.594052, 0.594058, 0.405942
19.75, -0.169491, -0.192055, 0.593813, 0.593812, 0.406188
19.7609, -0.144152, -0.185045, 0.593812, 0.593812, 0.406188
19.7717, -0.123267, -0.178036, 0.593811, 0.593811, 0.406189
19.7826, -0.105299, -0.171027, 0.593807, 0.593807, 0.406193
19.7935, -0.0894127, -0.164018, 0.5938, 0.593801, 0.406199
19.8043, -0.0751048, -0.157008, 0.593789, 0.593789, 0.406211
19.8152, -0.0620451, -0.149999, 0.593773, 0.593773, 0.406227
19.8261, -0.0500031, -0.14299, 0.59375, 0.593751, 0.406249
19.837, -0.0388108, -0.13598, 0.593722, 0.593723, 0.406277
19.8478, -0.0283408, -0.128971, 0.593687, 0.593688, 0.406312
19.8587, -0.0184945, -0.121962, 0.593645, 0.593646, 0.406354
19.8696, -0.00919332, -0.114952, 0.593596, 0.593597, 0.406403
19.8804, -0.00037364, -0.107943, 0.59354, 0.593542, 0.406458
19.8913, 0.00801685, -0.100934, 0.593477, 0.593479, 0.406521
19.9022, 0.0160218, -0.0939246, 0.593407, 0.593408, 0.406592
19.913, 0.0236781, -0.0869153, 0.593329, 0.59333, 0.40667
19.9239, 0.0310172, -0.079906, 0.593244, 0.593245, 0.406755
19.9348, 0.038066, -0.0728967, 0.593151, 0.593153, 0.406847
19.9457, 0.0448482, -0.0658874, 0.593051, 0.593053, 0.406947
19.9565, 0.0513842, -0.0588781, 0.592944, 0.592946, 0.407054
19.9674, 0.0576921, -0.0518688, 0.592829, 0.592832, 0.407168
19.9783, 0.0637879, -0.0448595, 0.592708, 0.59271, 0.40729
19.9891, 0.0696858, -0.0378502, 0.592579, 0.592582, 0.407418
20, 0.0753985, -0.0308409, 0.592443, 0.592446, 0.407554
20.0109, 0.0809376, -0.0238316, 0.5923, 0.592303, 0.407697
20.0217, 0.0863132, -0.0168223, 0.59215, 0.592153, 0.407847
20.0326, 0.0915349, -0.00981301, 0.591994, 0.591997, 0.408003
20.0435, 0.096611, -0.00280372, 0.59183, 0.591834, 0.408166
20.0543, 0.101549, 0.00420558, 0.59166, 0.591664, 0.408336
20.0652, 0.106357, 0.0112149, 0.591484, 0.591487, 0.408513
20.0761, 0.11104, 0.0182242, 0.591301, 0.591304, 0.408696
20.087, 0.115606, 0.0252335, 0.591111, 0.591115, 0.408885
20.0978, 0.120059, 0.0322428, 0.590916, 0.59092, 0.40908
20.1087, 0.124404, 0.0392521, 0.590714, 0.590718, 0.409282
20.1196, 0.128646, 0.0462614, 0.590506, 0.590511, 0.409489
20.1304, 0.13279, 0.0532706, 0.590293, 0.590297, 0.409703
20.1413, 0.13684, 0.0602799, 0.590074, 0.590078, 0.409922
20.1522, 0.1408, 0.0672892, 0.589849, 0.589853, 0.410147
20.163, 0.144672, 0.0742985, 0.589618, 0.589623, 0.410377
20.1739, 0.148461, 0.0813078, 0.589382, 0.589387, 0.410613
20.1848, 0.15217, 0.0883171, 0.589141, 0.589146, 0.410854
20.1957, 0.155801, 0.0953264, 0.588895, 0.5889, 0.4111
20.2065, 0.159358, 0.102336, 0.588644, 0.588649, 0.411351
20.2174, 0.162843, 0.109345, 0.588388, 0.588393, 0.411607
20.2283, 0.166258, 0.116354, 0.588127, 0.588132, 0.411868
20.2391, 0.169606, 0.123364, 0.587861, 0.587867, 0.412133
20.25, 0.161913, 0.125326, 0.587694, 0.587694, 0.412306
20.2606, 0.138251, 0.118317, 0.587694, 0.587694, 0.412306
20.2713, 0.118476, 0.111308, 0.587692, 0.587692, 0.412308
20.2819, 0.101305, 0.104298, 0.587688, 0.587688, 0.412312
20.2926, 0.0860304, 0.097289, 0.58768, 0.58768, 0.41232
20.3032, 0.0722138, 0.0902797, 0.587667, 0.587667, 0.412333
20.3138, 0.0595617, 0.0832704, 0.587649, 0.587649, 0.412351
20.3245, 0.0478663, 0.0762611, 0.587625, 0.587625, 0.412375
20.3351, 0.036974, 0.0692518, 0.587594, 0.587595, 0.412405
20.3457, 0.026768, 0.0622425, 0.587557, 0.587558, 0.412442
20.3564, 0.0171566, 0.0552333, 0.587513, 0.587514, 0.412486
20.367, 0.00806676, 0.048224, 0.587463, 0.587464, 0.412536
20.3777, -0.000561195, 0.0412147, 0.587405, 0.587406, 0.412594
20.3883, -0.00877646, 0.0342054, 0.587339, 0.587341, 0.412659
20.3989, -0.0166202, 0.0271961, 0.587267, 0.587268, 0.412732
20.4096, -0.0241274, 0.0201868, 0.587187, 0.587188, 0.412812
20.4202, -0.0313279, 0.0131775, 0.587099, 0.587101, 0.412899
20.4309, -0.0382474, 0.00616818, 0.587005, 0.587007, 0.412993
20.4415, -0.0449083, -0.000841115, 0.586903, 0.586905, 0.413095
20.4521, -0.0513304, -0.00785041, 0.586793, 0.586796, 0.413204
20.4628, -0.0575307, -0.0148597, 0.586677, 0.586679, 0.413321
20.4734, -0.0635248, -0.021869, 0.586553, 0.586556, 0.413444
20.484, -0.0693262, -0.0288783, 0.586422, 0.586425, 0.413575
20.4947, -0.0749473, -0.0358876, 0.586284, 0.586287, 0.413713
20.5053, -0.0803991, -0.0428969, 0.58614, 0.586143, 0.413857
20.516, -0.0856914, -0.0499062, 0.585988, 0.585991, 0.414009
20.5266, -0.0908333, -0.0569155, 0.585829, 0.585833, 0.414167
20.5372, -0.0958332, -0.0639248, 0.585664, 0.585668, 0.414332
20.5479, -0.100698, -0.0709341, 0.585493, 0.585496, 0.414504
20.5585, -0.105436, -0.0779434, 0.585314, 0.585318, 0.414682
20.5691, -0.110052, -0.0849527, 0.58513, 0.585133, 0.414867
20.5798, -0.114552, -0.091962, 0.584939, 0.584942, 0.415058
20.5904, -0.118942, -0.0989713, 0.584741, 0.584745, 0.415255
20.6011, -0.123226, -0.105981, 0.584538, 0.584542, 0.415458
20.6117, -0.12741, -0.11299, 0.584329, 0.584333, 0.415667
20.6223, -0.131498, -0.119999, 0.584114, 0.584118, 0.415882
20.633, -0.135493, -0.127008, 0.583893, 0.583898, 0.416102
20.6436, -0.1394, -0.134018, 0.583667, 0.583672, 0.416328
20.6543, -0.143221, -0.141027, 0.583435, 0.58344, 0.41656
20.6649, -0.14696, -0.148036, 0.583198, 0.583203, 0.416797
20.6755, -0.15062, -0.155046, 0.582956, 0.58296, 0.41704
20.6862, -0.154205, -0.162055, 0.582708, 0.582713, 0.417287
20.6968, -0.157716, -0.169064, 0.582456, 0.582461, 0.417539
20.7074, -0.161156, -0.176074, 0.582198, 0.582203, 0.417797
20.7181, -0.164528, -0.183083, 0.581936, 0.581941, 0.418059
20.7287, -0.167835, -0.190092, 0.581669, 0.581675, 0.418325
20.7394, -0.170978, -0.197101, 0.581398, 0.581403, 0.418597
20.75, -0.151961, -0.193457, 0.581337, 0.581337, 0.418663
20.7606, -0.130204, -0.186447, 0.581337, 0.581337, 0.418663
20.7713, -0.111703, -0.179438, 0.581334, 0.581334, 0.418666
20.7819, -0.0954674, -0.172429, 0.581328, 0.581329, 0.418671
20.7926, -0.0809211, -0.165419, 0.581318, 0.581319, 0.418681
20.8032, -0.0676949, -0.15841, 0.581304, 0.581304, 0.418696
20.8138, -0.0555357, -0.151401, 0.581283, 0.581284, 0.418716
20.8245, -0.044261, -0.144391, 0.581257, 0.581257, 0.418743
20.8351, -0.0337344, -0.137382, 0.581224, 0.581224, 0.418776
20.8457, -0.0238507, -0.130373, 0.581184, 0.581185, 0.418815
20.8564, -0.0145269, -0.123364, 0.581137, 0.581138, 0.418862
20.867, -0.00569592, -0.116354, 0.581084, 0.581085, 0.418915
20.8777, 0.00269685, -0.109345, 0.581023, 0.581024, 0.418976
20.8883, 0.010697, -0.102336, 0.580955, 0.580956, 0.419044
20.8989, 0.0183427, -0.0953264, 0.580879, 0.580881, 0.419119
20.9096, 0.0256666, -0.0883171, 0.580797, 0.580798, 0.419202
20.9202, 0.0326966, -0.0813078, 0.580707, 0.580708, 0.419292
20.9309, 0.0394569, -0.0742985, 0.580609, 0.580611, 0.419389
20.9415, 0.0459685, -0.0672892, 0.580505, 0.580507, 0.419493
20.9521, 0.0522501, -0.0602799, 0.580393, 0.580395, 0.419605
20.9628, 0.058318, -0.0532706, 0.580274, 0.580276, 0.419724
20.9734, 0.0641866, -0.0462614, 0.580147, 0.58015, 0.41985
20.984, 0.0698691, -0.0392521, 0.580014, 0.580017, 0.419983
20.9947, 0.0753771, -0.0322428, 0.579874, 0.579877, 0.420123
21.0053, 0.080721, -0.0252335, 0.579727, 0.57973, 0.42027
21.016, 0.0859104, -0.0182242, 0.579573, 0.579576, 0.420424
21.0266, 0.0909539, -0.0112149, 0.579412, 0.579415, 0.420585
21.0372, 0.0958593, -0.00420558, 0.579245, 0.579248, 0.420752
21.0479, 0.100634, 0.00280372, 0.579071, 0.579074, 0.420926
21.0585, 0.105284, 0.00981301, 0.57889, 0.578894, 0.421106
21.0691, 0.109816, 0.0168223, 0.578704, 0.578708, 0.421292
21.0798, 0.114236, 0.0238316, 0.578511, 0.578515, 0.421485
21.0904, 0.118548, 0.0308409, 0.578312, 0.578316, 0.421684
21.1011, 0.122758, 0.0378502, 0.578107, 0.578111, 0.421889
21.1117, 0.126869, 0.0448595, 0.577896, 0.5779, 0.4221
21.1223, 0.130886, 0.0518688, 0.57768, 0.577684, 0.422316
21.133, 0.134813, 0.0588781, 0.577457, 0.577462, 0.422538
21.1436, 0.138654, 0.0658874, 0.57723, 0.577234, 0.422766
21.1543, 0.142411, 0.0728967, 0.576996, 0.577001, 0.422999
21.1649, 0.146088, 0.079906, 0.576758, 0.576763, 0.423237
21.1755, 0.149688, 0.0869153, 0.576514, 0.576519, 0.423481
21.1862, 0.153214, 0.0939246, 0.576266, 0.576271, 0.423729
21.1968, 0.156668, 0.100934, 0.576012, 0.576017, 0.423983
21.2074, 0.160053, 0.107943, 0.575754, 0.575759, 0.424241
21.2181, 0.163371, 0.114952, 0.575491, 0.575496, 0.424504
21.2287, 0.166624, 0.121962, 0.575223, 0.575228, 0.424772
21.2394, 0.169815, 0.128971, 0.574951, 0.574957, 0.425043
21.25, 0.16097, 0.130373, 0.574791, 0.574791, 0.425209
21.2604, 0.137782, 0.123364, 0.574791, 0.574791, 0.425209
21.2708, 0.118385, 0.116354, 0.574789, 0.574789, 0.425211
21.2812, 0.101533, 0.109345, 0.574785, 0.574785, 0.425215
21.2917, 0.086536, 0.102336, 0.574776, 0.574777, 0.425223
21.3021, 0.0729676, 0.0953264, 0.574763, 0.574764, 0.425236
21.3125, 0.0605406, 0.0883171, 0.574745, 0.574745, 0.425255
21.3229, 0.0490517, 0.0813078, 0.574721, 0.574721, 0.425279
21.3333, 0.0383506, 0.0742985, 0.57469, 0.574691, 0.425309
21.3438, 0.028323, 0.0672892, 0.574653, 0.574654, 0.425346
21.3542, 0.018879, 0.0602799, 0.574609, 0.57461, 0.42539
21.3646, 0.00994701, 0.0532706, 0.574558, 0.574559, 0.425441
21.375, 0.00146852, 0.0462614, 0.5745, 0.574501, 0.425499
21.3854, -0.00660472, 0.0392521, 0.574434, 0.574436, 0.425564
21.3958, -0.0143131, 0.0322428, 0.574362, 0.574363, 0.425637
21.4062, -0.0216909, 0.0252335, 0.574282, 0.574283, 0.425717
21.4167, -0.0287675, 0.0182242, 0.574194, 0.574196, 0.425804
21.4271, -0.035568, 0.0112149, 0.5741, 0.574102, 0.425898
21.4375, -0.0421145, 0.00420558, 0.573998, 0.574, 0.426
21.4479, -0.0484263, -0.00280372, 0.573889, 0.573891, 0.426109
21.4583, -0.0545203, -0.00981301, 0.573773, 0.573775, 0.426225
21.4688, -0.0604116, -0.0168223, 0.573649, 0.573652, 0.426348
21.4792, -0.0661137, -0.0238316, 0.573519, 0.573522, 0.426478
21.4896, -0.0716385, -0.0308409, 0.573382, 0.573384, 0.426616
21.5, -0.0769969, -0.0378502, 0.573237, 0.57324, 0.42676
21.5104, -0.0821987, -0.0448595, 0.573086, 0.573089, 0.426911
21.5208, -0.0872526, -0.0518688, 0.572928, 0.572931, 0.427069
21.5312, -0.0921669, -0.0588781, 0.572764, 0.572767, 0.427233
21.5417, -0.0969489, -0.0658874, 0.572593, 0.572596, 0.427404
21.5521, -0.101605, -0.0728967, 0.572415, 0.572419, 0.427581
21.5625, -0.106142, -0.079906, 0.572231, 0.572235, 0.427765
21.5729, -0.110566, -0.0869153, 0.572041, 0.572045, 0.427955
21.5833, -0.114881, -0.0939246, 0.571845, 0.571849, 0.428151
21.5938, -0.119092, -0.100934, 0.571643, 0.571647, 0.428353
21.6042, -0.123204, -0.107943, 0.571434, 0.571439, 0.428561
21.6146, -0.127222, -0.114952, 0.571221, 0.571225, 0.428775
21.625, -0.131149, -0.121962, 0.571001, 0.571005, 0.428995
21.6354, -0.134989, -0.128971, 0.570776, 0.57078, 0.42922
21.6458, -0.138745, -0.13598, 0.570545, 0.57055, 0.42945
21.6562, -0.14242, -0.14299, 0.570309, 0.570314, 0.429686
21.6667, -0.146018, -0.149999, 0.570068, 0.570073, 0.429927
21.6771, -0.149541, -0.157008, 0.569822, 0.569827, 0.430173
21.6875, -0.152992, -0.164018, 0.569571, 0.569576, 0.430424
21.6979, -0.156374, -0.171027, 0.569315, 0.56932, 0.43068
21.7083, -0.159688, -0.178036, 0.569054, 0.569059, 0.430941
21.7188, -0.162938, -0.185045, 0.568789, 0.568794, 0.431206
21.7292, -0.166124, -0.192055, 0.568519, 0.568525, 0.431475
21.7396, -0.169244, -0.199064, 0.568245, 0.568251, 0.431749
21.75, -0.167359, -0.20383, 0.568017, 0.568017, 0.431983
21.7602, -0.143107, -0.196821, 0.568017, 0.568017, 0.431983
21.7704, -0.123083, -0.189812, 0.568016, 0.568016, 0.431984
21.7806, -0.105821, -0.182802, 0.568012, 0.568012, 0.431988
21.7908, -0.0905393, -0.175793, 0.568004, 0.568005, 0.431995
21.801, -0.0767635, -0.168784, 0.567993, 0.567993, 0.432007
21.8112, -0.0641813, -0.161775, 0.567976, 0.567976, 0.432024
21.8214, -0.052574, -0.154765, 0.567953, 0.567953, 0.432047
21.8316, -0.0417815, -0.147756, 0.567924, 0.567924, 0.432076
21.8418, -0.0316824, -0.140747, 0.567888, 0.567889, 0.432111
21.852, -0.0221825, -0.133737, 0.567846, 0.567847, 0.432153
21.8622, -0.0132067, -0.126728, 0.567797, 0.567798, 0.432202
21.8724, -0.00469401, -0.119719, 0.56774, 0.567742, 0.432258
21.8827, 0.00340567, -0.112709, 0.567677, 0.567678, 0.432322
21.8929, 0.0111342, -0.1057, 0.567606, 0.567608, 0.432392
21.9031, 0.018527, -0.0986909, 0.567528, 0.56753, 0.43247
21.9133, 0.0256141, -0.0916816, 0.567443, 0.567445, 0.432555
21.9235, 0.0324217, -0.0846723, 0.56735, 0.567352, 0.432648
21.9337, 0.0389722, -0.077663, 0.56725, 0.567252, 0.432748
21.9439, 0.0452854, -0.0706537, 0.567143, 0.567145, 0.432855
21.9541, 0.0513787, -0.0636444, 0.567029, 0.567031, 0.432969
21.9643, 0.0572675, -0.0566351, 0.566908, 0.56691, 0.43309
21.9745, 0.0629654, -0.0496258, 0.566779, 0.566782, 0.433218
21.9847, 0.0684848, -0.0426165, 0.566644, 0.566647, 0.433353
21.9949, 0.0738366, -0.0356072, 0.566502, 0.566504, 0.433496
22.0051, 0.0790307, -0.0285979, 0.566352, 0.566355, 0.433645
22.0153, 0.0840762, -0.0215886, 0.566197, 0.5662, 0.4338
22.0255, 0.0889813, -0.0145793, 0.566034, 0.566037, 0.433963
22.0357, 0.0937535, -0.00757004, 0.565865, 0.565868, 0.434132
22.0459, 0.0983995, -0.000560744, 0.56569, 0.565693, 0.434307
22.0561, 0.102926, 0.00644855, 0.565508, 0.565511, 0.434489
22.0663, 0.107338, 0.0134578, 0.56532, 0.565323, 0.434677
22.0765, 0.111641, 0.0204671, 0.565125, 0.565129, 0.434871
22.0867, 0.115841, 0.0274764, 0.564925, 0.564929, 0.435071
22.0969, 0.119941, 0.0344857, 0.564719, 0.564723, 0.435277
22.1071, 0.123947, 0.041495, 0.564507, 0.564511, 0.435489
22.1173, 0.127861, 0.0485043, 0.564289, 0.564294, 0.435706
22.1276, 0.131688, 0.0555136, 0.564066, 0.564071, 0.435929
22.1378, 0.135431, 0.0625229, 0.563838, 0.563842, 0.436158
22.148, 0.139094, 0.0695322, 0.563604, 0.563608, 0.436392
22.1582, 0.142679, 0.0765415, 0.563365, 0.563369, 0.436631
22.1684, 0.146189, 0.0835508, 0.56312, 0.563125, 0.436875
22.1786, 0.149627, 0.0905601, 0.562871, 0.562876, 0.437124
22.1888, 0.152996, 0.0975694, 0.562617, 0.562622, 0.437378
22.199, 0.156298, 0.104579, 0.562358, 0.562363, 0.437637
22.2092, 0.159534, 0.111588, 0.562095, 0.5621, 0.4379
22.2194, 0.162708, 0.118597, 0.561827, 0.561833, 0.438167
22.2296, 0.165821, 0.125607, 0.561555, 0.561561, 0.438439
22.2398, 0.168876, 0.132616, 0.561279, 0.561284, 0.438716
22.25, 0.171169, 0.139345, 0.56101, 0.56101, 0.43899
22.2598, 0.146377, 0.132336, 0.561009, 0.561009, 0.438991
22.2696, 0.126019, 0.125326, 0.561008, 0.561008, 0.438992
22.2794, 0.108559, 0.118317, 0.561005, 0.561005, 0.438995
22.2892, 0.093153, 0.111308, 0.560998, 0.560998, 0.439002
22.299, 0.0792987, 0.104298, 0.560987, 0.560987, 0.439013
22.3088, 0.0666671, 0.097289, 0.560971, 0.560971, 0.439029
22.3186, 0.0550303, 0.0902797, 0.560949, 0.560949, 0.439051
22.3284, 0.0442221, 0.0832704, 0.560921, 0.560921, 0.439079
22.3382, 0.0341176, 0.0762611, 0.560886, 0.560887, 0.439113
22.348, 0.0246196, 0.0692518, 0.560845, 0.560846, 0.439154
22.3578, 0.0156513, 0.0622425, 0.560796, 0.560798, 0.439202
22.3676, 0.00715034, 0.0552333, 0.560741, 0.560742, 0.439258
22.3775, -0.000934323, 0.048224, 0.560679, 0.56068, 0.43932
22.3873, -0.00864533, 0.0412147, 0.560609, 0.560611, 0.439389
22.3971, -0.0160186, 0.0342054, 0.560532, 0.560534, 0.439466
22.4069, -0.0230848, 0.0271961, 0.560448, 0.56045, 0.43955
22.4167, -0.0298703, 0.0201868, 0.560357, 0.560359, 0.439641
22.4265, -0.0363978, 0.0131775, 0.560258, 0.56026, 0.43974
22.4363, -0.0426874, 0.00616818, 0.560153, 0.560155, 0.439845
22.4461, -0.0487565, -0.000841115, 0.56004, 0.560042, 0.439958
22.4559, -0.0546208, -0.00785041, 0.55992, 0.559922, 0.440078
22.4657, -0.060294, -0.0148597, 0.559793, 0.559795, 0.440205
22.4755, -0.0657885, -0.021869, 0.559658, 0.559661, 0.440339
22.4853, -0.0711153, -0.0288783, 0.559518, 0.55952, 0.44048
22.4951, -0.0762846, -0.0358876, 0.55937, 0.559373, 0.440627
22.5049, -0.0813052, -0.0428969, 0.559215, 0.559218, 0.440782
22.5147, -0.0861855, -0.0499062, 0.559054, 0.559058, 0.440942
22.5245, -0.090933, -0.0569155, 0.558887, 0.55889, 0.44111
22.5343, -0.0955546, -0.0639248, 0.558713, 0.558716, 0.441284
22.5441, -0.100056, -0.0709341, 0.558532, 0.558536, 0.441464
22.5539, -0.104444, -0.0779434, 0.558345, 0.558349, 0.441651
22.5637, -0.108724, -0.0849527, 0.558153, 0.558157, 0.441843
22.5735, -0.1129, -0.091962, 0.557954, 0.557958, 0.442042
22.5833, -0.116977, -0.0989713, 0.557749, 0.557753, 0.442247
22.5931, -0.120959, -0.105981, 0.557539, 0.557543, 0.442457
22.6029, -0.124851, -0.11299, 0.557323, 0.557327, 0.442673
22.6127, -0.128655, -0.119999, 0.557101, 0.557106, 0.442894
22.6225, -0.132376, -0.127008, 0.556874, 0.556878, 0.443122
22.6324, -0.136016, -0.134018, 0.556641, 0.556646, 0.443354
22.6422, -0.13958, -0.141027, 0.556404, 0.556409, 0.443591
22.652, -0.143068, -0.148036, 0.556161, 0.556166, 0.443834
22.6618, -0.146485, -0.155046, 0.555913, 0.555918, 0.444082
22.6716, -0.149833, -0.162055, 0.555661, 0.555666, 0.444334
22.6814, -0.153114, -0.169064, 0.555404, 0.555409, 0.444591
22.6912, -0.15633, -0.176074, 0.555142, 0.555147, 0.444853
22.701, -0.159483, -0.183083, 0.554875, 0.554881, 0.445119
22.7108, -0.162577, -0.190092, 0.554605, 0.55461, 0.44539
22.7206, -0.165611, -0.197101, 0.55433, 0.554336, 0.445664
22.7304, -0.168501, -0.204111, 0.554051, 0.554057, 0.445943
22.7402, -0.17127, -0.21112, 0.553768, 0.553773, 0.446227
22.75, -0.150596, -0.206354, 0.553728, 0.553728, 0.446272
22.7598, -0.129732, -0.199344, 0.553727, 0.553727, 0.446273
22.7696, -0.111965, -0.192335, 0.553724, 0.553724, 0.446276
22.7794, -0.0963594, -0.185326, 0.553718, 0.553718, 0.446282
22.7892, -0.0823696, -0.178316, 0.553707, 0.553708, 0.446292
22.799, -0.0696444, -0.171307, 0.553692, 0.553692, 0.446308
22.8088, -0.0579424, -0.164298, 0.553671, 0.553672, 0.446328
22.8186, -0.0470893, -0.157289, 0.553644, 0.553645, 0.446355
22.8284, -0.0369545, -0.150279, 0.553611, 0.553612, 0.446388
22.8382, -0.0274374, -0.14327, 0.553571, 0.553572, 0.446428
22.848, -0.0184583, -0.136261, 0.553524, 0.553525, 0.446475
22.8578, -0.00995319, -0.129251, 0.55347, 0.553471, 0.446529
22.8676, -0.00186946, -0.122242, 0.553409, 0.55341, 0.44659
22.8775, 0.00583656, -0.115233, 0.553341, 0.553342, 0.446658
22.8873, 0.0132016, -0.108224, 0.553266, 0.553267, 0.446733
22.8971, 0.020257, -0.101214, 0.553183, 0.553185, 0.446815
22.9069, 0.0270296, -0.0942049, 0.553093, 0.553095, 0.446905
22.9167, 0.0335425, -0.0871956, 0.552996, 0.552998, 0.447002
22.9265, 0.0398161, -0.0801863, 0.552892, 0.552894, 0.447106
22.9363, 0.0458682, -0.073177, 0.55278, 0.552783, 0.447217
22.9461, 0.0517146, -0.0661678, 0.552662, 0.552664, 0.447336
22.9559, 0.0573691, -0.0591585, 0.552536, 0.552539, 0.447461
22.9657, 0.0628444, -0.0521492, 0.552404, 0.552407, 0.447593
22.9755, 0.0681516, -0.0451399, 0.552265, 0.552267, 0.447733
22.9853, 0.0733009, -0.0381306, 0.552118, 0.552121, 0.447879
22.9951, 0.0783013, -0.0311213, 0.551966, 0.551969, 0.448031
23.0049, 0.0831612, -0.024112, 0.551806, 0.551809, 0.448191
23.0147, 0.0878882, -0.0171027, 0.55164, 0.551644, 0.448356
23.0245, 0.0924891, -0.0100934, 0.551468, 0.551471, 0.448529
23.0343, 0.0969704, -0.00308409, 0.551289, 0.551293, 0.448707
23.0441, 0.101338, 0.00392521, 0.551104, 0.551108, 0.448892
23.0539, 0.105597, 0.0109345, 0.550913, 0.550917, 0.449083
23.0637, 0.109752, 0.0179438, 0.550716, 0.55072, 0.44928
23.0735, 0.113809, 0.0249531, 0.550513, 0.550517, 0.449483
23.0833, 0.117771, 0.0319624, 0.550304, 0.550308, 0.449692
23.0931, 0.121642, 0.0389717, 0.550089, 0.550094, 0.449906
23.1029, 0.125427, 0.045981, 0.549869, 0.549874, 0.450126
23.1127, 0.129128, 0.0529903, 0.549644, 0.549648, 0.450352
23.1225, 0.132748, 0.0599996, 0.549413, 0.549418, 0.450582
23.1324, 0.136292, 0.0670089, 0.549177, 0.549182, 0.450818
23.1422, 0.139761, 0.0740182, 0.548936, 0.548941, 0.451059
23.152, 0.143159, 0.0810275, 0.54869, 0.548695, 0.451305
23.1618, 0.146488, 0.0880368, 0.548439, 0.548444, 0.451556
23.1716, 0.14975, 0.0950461, 0.548183, 0.548188, 0.451812
23.1814, 0.152947, 0.102055, 0.547923, 0.547928, 0.452072
23.1912, 0.156083, 0.109065, 0.547658, 0.547663, 0.452337
23.201, 0.159158, 0.116074, 0.547389, 0.547394, 0.452606
23.2108, 0.162174, 0.123083, 0.547116, 0.547121, 0.452879
23.2206, 0.165074, 0.130093, 0.546838, 0.546844, 0.453156
23.2304, 0.167825, 0.137102, 0.546556, 0.546562, 0.453438
23.2402, 0.170523, 0.144111, 0.546271, 0.546276, 0.453724
23.25, 0.157292, 0.14327, 0.54615, 0.54615, 0.45385
23.2596, 0.135458, 0.136261, 0.546149, 0.546149, 0.453851
23.2692, 0.117094, 0.129251, 0.546147, 0.546147, 0.453853
23.2788, 0.101086, 0.122242, 0.546142, 0.546142, 0.453858
23.2885, 0.0868114, 0.115233, 0.546133, 0.546133, 0.453867
23.2981, 0.0738762, 0.108224, 0.546119, 0.546119, 0.453881
23.3077, 0.0620157, 0.101214, 0.5461, 0.5461, 0.4539
23.3173, 0.051041, 0.0942049, 0.546074, 0.546075, 0.453925
23.3269, 0.0408118, 0.0871956, 0.546043, 0.546044, 0.453956
23.3365, 0.0312208, 0.0801863, 0.546005, 0.546006, 0.453994
23.3462, 0.0221839, 0.073177, 0.54596, 0.545961, 0.454039
23.3558, 0.0136335, 0.0661678, 0.545908, 0.545909, 0.454091
23.3654, 0.00551444, 0.0591585, 0.545849, 0.545851, 0.454149
23.375, -0.00221874, 0.0521492, 0.545783, 0.545785, 0.454215
23.3846, -0.00960433, 0.0451399, 0.54571, 0.545712, 0.454288
23.3942, -0.0166748, 0.0381306, 0.54563, 0.545631, 0.454369
23.4038, -0.0234578, 0.0311213, 0.545542, 0.545544, 0.454456
23.4135, -0.0299774, 0.024112, 0.545447, 0.545449, 0.454551
23.4231, -0.0362545, 0.0171027, 0.545345, 0.545347, 0.454653
23.4327, -0.0423073, 0.0100934, 0.545236, 0.545238, 0.454762
23.4423, -0.0481521, 0.00308409, 0.54512, 0.545122, 0.454878
23.4519, -0.0538032, -0.00392521, 0.544997, 0.544999, 0.455001
23.4615, -0.0592733, -0.0109345, 0.544867, 0.544869, 0.455131
23.4712, -0.0645738, -0.0179438, 0.54473, 0.544733, 0.455267
23.4808, -0.0697152, -0.0249531, 0.544586, 0.544589, 0.455411
23.4904, -0.0747067, -0.0319624, 0.544435, 0.544438, 0.455562
23.5, -0.0795567, -0.0389717, 0.544278, 0.544281, 0.455719
23.5096, -0.0842731, -0.045981, 0.544115, 0.544118, 0.455882
23.5192, -0.0888627, -0.0529903, 0.543945, 0.543948, 0.456052
23.5288, -0.0933321, -0.0599996, 0.543768, 0.543772, 0.456228
23.5385, -0.0976871, -0.0670089, 0.543585, 0.543589, 0.456411
23.5481, -0.101933, -0.0740182, 0.543397, 0.543401, 0.456599
23.5577, -0.106076, -0.0810275, 0.543202, 0.543206, 0.456794
23.5673, -0.110119, -0.0880368, 0.543001, 0.543005, 0.456995
23.5769, -0.114067, -0.0950461, 0.542795, 0.542799, 0.457201
23.5865, -0.117925, -0.102055, 0.542583, 0.542587, 0.457413
23.5962, -0.121695, -0.109065, 0.542365, 0.542369, 0.457631
23.6058, -0.125382, -0.116074, 0.542142, 0.542146, 0.457854
23.6154, -0.128988, -0.123083, 0.541913, 0.541918, 0.458082
23.625, -0.132517, -0.130093, 0.541679, 0.541684, 0.458316
23.6346, -0.135972, -0.137102, 0.54144, 0.541445, 0.458555
23.6442, -0.139356, -0.144111, 0.541197, 0.541201, 0.458799
23.6538, -0.14267, -0.15112, 0.540948, 0.540953, 0.459047
23.6635, -0.145917, -0.15813, 0.540694, 0.540699, 0.459301
23.6731, -0.1491, -0.165139, 0.540436, 0.540442, 0.459558
23.6827, -0.152221, -0.172148, 0.540174, 0.540179, 0.459821
23.6923, -0.155282, -0.179158, 0.539907, 0.539912, 0.460088
23.7019, -0.158284, -0.186167, 0.539636, 0.539641, 0.460359
23.7115, -0.161213, -0.193176, 0.53936, 0.539366, 0.460634
23.7212, -0.16395, -0.200185, 0.539081, 0.539086, 0.460914
23.7308, -0.166633, -0.207195, 0.538797, 0.538803, 0.461197
23.7404, -0.169265, -0.214204, 0.53851, 0.538516, 0.461484
23.75, -0.17011, -0.220372, 0.538243, 0.538243, 0.461757
23.7593, -0.146034, -0.213363, 0.538242, 0.538242, 0.461758
23.7685, -0.126288, -0.206354, 0.538241, 0.538241, 0.461759
23.7778, -0.10935, -0.199344, 0.538238, 0.538238, 0.461762
23.787, -0.0944044, -0.192335, 0.538231, 0.538231, 0.461769
23.7963, -0.0809635, -0.185326, 0.53822, 0.53822, 0.46178
23.8056, -0.068709, -0.178316, 0.538203, 0.538203, 0.461797
23.8148, -0.0574196, -0.171307, 0.538181, 0.538181, 0.461819
23.8241, -0.0469343, -0.164298, 0.538153, 0.538153, 0.461847
23.8333, -0.0371318, -0.157289, 0.538118, 0.538119, 0.461881
23.8426, -0.0279179, -0.150279, 0.538077, 0.538077, 0.461923
23.8519, -0.019218, -0.14327, 0.538028, 0.538029, 0.461971
23.8611, -0.0109717, -0.136261, 0.537973, 0.537974, 0.462026
23.8704, -0.00312934, -0.129251, 0.537911, 0.537912, 0.462088
23.8796, 0.00435044, -0.122242, 0.537841, 0.537843, 0.462157
23.8889, 0.0115025, -0.115233, 0.537765, 0.537766, 0.462234
23.8981, 0.0183566, -0.108224, 0.537681, 0.537683, 0.462317
23.9074, 0.0249383, -0.101214, 0.53759, 0.537592, 0.462408
23.9167, 0.0312697, -0.0942049, 0.537492, 0.537494, 0.462506
23.9259, 0.0373702, -0.0871956, 0.537386, 0.537389, 0.462611
23.9352, 0.0432569, -0.0801863, 0.537274, 0.537276, 0.462724
23.9444, 0.0489448, -0.073177, 0.537155, 0.537157, 0.462843
23.9537, 0.0544474, -0.0661678, 0.537028, 0.537031, 0.462969
23.963, 0.0597765, -0.0591585, 0.536895, 0.536898, 0.463102
23.9722, 0.064943, -0.0521492, 0.536755, 0.536758, 0.463242
23.9815, 0.0699566, -0.0451399, 0.536608, 0.536611, 0.463389
23.9907, 0.0748261, -0.0381306, 0.536455, 0.536458, 0.463542
24, 0.0795594, -0.0311213, 0.536295, 0.536298, 0.463702
24.0093, 0.0841639, -0.024112, 0.536129, 0.536132, 0.463868
24.0185, 0.0886461, -0.0171027, 0.535956, 0.535959, 0.464041
24.0278, 0.0930124, -0.0100934, 0.535777, 0.535781, 0.464219
24.037, 0.0972681, -0.00308409, 0.535592, 0.535596, 0.464404
24.0463, 0.101419, 0.00392521, 0.535401, 0.535404, 0.464596
24.0556, 0.105469, 0.0109345, 0.535203, 0.535207, 0.464793
24.0648, 0.109423, 0.0179438, 0.535, 0.535005, 0.464995
24.0741, 0.113285, 0.0249531, 0.534792, 0.534796, 0.465204
24.0833, 0.117059, 0.0319624, 0.534577, 0.534582, 0.465418
24.0926, 0.120749, 0.0389717, 0.534358, 0.534362, 0.465638
24.1019, 0.124357, 0.045981, 0.534132, 0.534137, 0.465863
24.1111, 0.127888, 0.0529903, 0.533902, 0.533907, 0.466093
24.1204, 0.131344, 0.0599996, 0.533666, 0.533671, 0.466329
24.1296, 0.134727, 0.0670089, 0.533426, 0.533431, 0.466569
24.1389, 0.138041, 0.0740182, 0.53318, 0.533185, 0.466815
24.1481, 0.141288, 0.0810275, 0.53293, 0.532935, 0.467065
24.1574, 0.144469, 0.0880368, 0.532675, 0.53268, 0.46732
24.1667, 0.147588, 0.0950461, 0.532415, 0.532421, 0.467579
24.1759, 0.150647, 0.102055, 0.532152, 0.532157, 0.467843
24.1852, 0.153647, 0.109065, 0.531883, 0.531889, 0.468111
24.1944, 0.15659, 0.116074, 0.531611, 0.531616, 0.468384
24.2037, 0.159384, 0.123083, 0.531334, 0.53134, 0.46866
24.213, 0.162064, 0.130093, 0.531054, 0.531059, 0.468941
24.2222, 0.164692, 0.137102, 0.530769, 0.530775, 0.469225
24.2315, 0.16727, 0.144111, 0.530481, 0.530487, 0.469513
24.2407, 0.169799, 0.15112, 0.530189, 0.530195, 0.469805
24.25, 0.165422, 0.154765, 0.529972, 0.529972, 0.470028
24.2589, 0.142452, 0.147756, 0.529971, 0.529971, 0.470029
24.2679, 0.123467, 0.140747, 0.52997, 0.52997, 0.47003
24.2768, 0.107091, 0.133737, 0.529966, 0.529966, 0.470034
24.2857, 0.0925875, 0.126728, 0.529958, 0.529958, 0.470042
24.2946, 0.079511, 0.119719, 0.529946, 0.529946, 0.470054
24.3036, 0.0675659, 0.112709, 0.529928, 0.529929, 0.470071
24.3125, 0.0565455, 0.1057, 0.529905, 0.529906, 0.470094
24.3214, 0.046298, 0.0986909, 0.529876, 0.529876, 0.470124
24.3304, 0.0367087, 0.0916816, 0.52984, 0.529841, 0.470159
24.3393, 0.027688, 0.0846723, 0.529797, 0.529798, 0.470202
24.3482, 0.0191649, 0.077663, 0.529748, 0.529749, 0.470251
24.3571, 0.0110815, 0.0706537, 0.529692, 0.529693, 0.470307
24.3661, 0.00339024, 0.0636444, 0.529628, 0.529629, 0.470371
24.375, -0.0039486, 0.0566351, 0.529558, 0.529559, 0.470441
24.3839, -0.0109686, 0.0496258, 0.52948, 0.529481, 0.470519
24.3929, -0.0176984, 0.0426165, 0.529395, 0.529397, 0.470603
24.4018, -0.0241626, 0.0356072, 0.529303, 0.529305, 0.470695
24.4107, -0.0303828, 0.0285979, 0.529204, 0.529206, 0.470794
24.4196, -0.0363776, 0.0215886, 0.529097, 0.5291, 0.4709
24.4286, -0.0421636, 0.0145793, 0.528984, 0.528987, 0.471013
24.4375, -0.0477553, 0.00757004, 0.528864, 0.528866, 0.471134
24.4464, -0.0531658, 0.000560744, 0.528737, 0.528739, 0.471261
24.4554, -0.0584067, -0.00644855, 0.528603, 0.528606, 0.471394
24.4643, -0.0634885, -0.0134578, 0.528462, 0.528465, 0.471535
24.4732, -0.0684206, -0.0204671, 0.528315, 0.528318, 0.471682
24.4821, -0.0732115, -0.0274764, 0.528161, 0.528164, 0.471836
24.4911, -0.0778691, -0.0344857, 0.528, 0.528003, 0.471997
24.5, -0.0824004, -0.041495, 0.527833, 0.527836, 0.472164
24.5089, -0.086812, -0.0485043, 0.52766, 0.527663, 0.472337
24.5179, -0.0911098, -0.0555136, 0.52748, 0.527484, 0.472516
24.5268, -0.0952992, -0.0625229, 0.527295, 0.527299, 0.472701
24.5357, -0.0993854, -0.0695322, 0.527103, 0.527107, 0.472893
24.5446, -0.103373, -0.0765415, 0.526906, 0.52691, 0.47309
24.5536, -0.107266, -0.0835508, 0.526702, 0.526707, 0.473293
24.5625, -0.11107, -0.0905601, 0.526494, 0.526498, 0.473502
24.5714, -0.114786, -0.0975694, 0.526279, 0.526283, 0.473717
24.5804, -0.11842, -0.104579, 0.526059, 0.526064, 0.473936
24.5893, -0.121975, -0.111588, 0.525834, 0.525838, 0.474162
24.5982, -0.125452, -0.118597, 0.525603, 0.525608, 0.474392
24.6071, -0.128856, -0.125607, 0.525368, 0.525372, 0.474628
24.6161, -0.132189, -0.132616, 0.525127, 0.525132, 0.474868
24.625, -0.135454, -0.139625, 0.524882, 0.524887, 0.475113
24.6339, -0.138653, -0.146634, 0.524631, 0.524637, 0.475363
24.6429, -0.141787, -0.153644, 0.524377, 0.524382, 0.475618
24.6518, -0.144861, -0.160653, 0.524117, 0.524123, 0.475877
24.6607, -0.147874, -0.167662, 0.523854, 0.523859, 0.476141
24.6696, -0.15083, -0.174672, 0.523586, 0.523591, 0.476409
24.6786, -0.15373, -0.181681, 0.523314, 0.523319, 0.476681
24.6875, -0.156454, -0.18869, 0.523037, 0.523043, 0.476957
24.6964, -0.159093, -0.1957, 0.522757, 0.522763, 0.477237
24.7054, -0.161681, -0.202709, 0.522473, 0.522479, 0.477521
24.7143, -0.164219, -0.209718, 0.522185, 0.522191, 0.477809
24.7232, -0.16671, -0.216727, 0.521894, 0.5219, 0.4781
24.7321, -0.169154, -0.223737, 0.5216, 0.521606, 0.478394
24.7411, -0.171552, -0.230746, 0.521303, 0.521308, 0.478692
24.75, -0.149032, -0.224578, 0.52129, 0.52129, 0.47871
24.7589, -0.129229, -0.217569, 0.521289, 0.521289, 0.478711
24.7679, -0.112333, -0.210559, 0.521286, 0.521286, 0.478714
24.7768, -0.0974758, -0.20355, 0.52128, 0.52128, 0.47872
24.7857, -0.0841473, -0.196541, 0.521269, 0.521269, 0.478731
24.7946, -0.0720172, -0.189531, 0.521253, 0.521254, 0.478746
24.8036, -0.0608581, -0.182522, 0.521232, 0.521232, 0.478768
24.8125, -0.0505056, -0.175513, 0.521204, 0.521205, 0.478795
24.8214, -0.040836, -0.168503, 0.52117, 0.521171, 0.478829
24.8304, -0.0317541, -0.161494, 0.52113, 0.521131, 0.478869
24.8393, -0.0231843, -0.154485, 0.521083, 0.521084, 0.478916
24.8482, -0.0150658, -0.147476, 0.521029, 0.52103, 0.47897
24.8571, -0.00734882, -0.140466, 0.520967, 0.520969, 0.479031
24.8661, 8.31262e-06, -0.133457, 0.520899, 0.5209, 0.4791
24.875, 0.00704048, -0.126448, 0.520824, 0.520825, 0.479175
24.8839, 0.0137774, -0.119438, 0.520741, 0.520743, 0.479257
24.8929, 0.0202447, -0.112429, 0.520651, 0.520653, 0.479347
24.9018, 0.0264644, -0.10542, 0.520555, 0.520557, 0.479443
24.9107, 0.0324558, -0.0984105, 0.520451, 0.520453, 0.479547
24.9196, 0.038236, -0.0914012, 0.52034, 0.520342, 0.479658
24.9286, 0.0438199, -0.0843919, 0.520222, 0.520225, 0.479775
24.9375, 0.0492207, -0.0773826, 0.520097, 0.5201, 0.4799
24.9464, 0.0544506, -0.0703733, 0.519966, 0.519969, 0.480031
24.9554, 0.05952, -0.063364, 0.519828, 0.51983, 0.48017
24.9643, 0.0644387, -0.0563547, 0.519683, 0.519686, 0.480314
24.9732, 0.0692154, -0.0493454, 0.519531, 0.519534, 0.480466
24.9821, 0.073858, -0.0423361, 0.519373, 0.519376, 0.480624
24.9911, 0.0783737, -0.0353269, 0.519208, 0.519212, 0.480788
25, 0.082769, -0.0283176, 0.519038, 0.519041, 0.480959
25.0089, 0.0870502, -0.0213083, 0.518861, 0.518864, 0.481136
25.0179, 0.0912226, -0.014299, 0.518678, 0.518681, 0.481319
25.0268, 0.0952916, -0.00728967, 0.518488, 0.518492, 0.481508
25.0357, 0.0992617, -0.000280372, 0.518293, 0.518297, 0.481703
25.0446, 0.103137, 0.00672892, 0.518092, 0.518097, 0.481903
25.0536, 0.106923, 0.0137382, 0.517886, 0.51789, 0.48211
25.0625, 0.110622, 0.0207475, 0.517674, 0.517678, 0.482322
25.0714, 0.114237, 0.0277568, 0.517456, 0.517461, 0.482539
25.0804, 0.117774, 0.0347661, 0.517233, 0.517238, 0.482762
25.0893, 0.121233, 0.0417754, 0.517005, 0.51701, 0.48299
25.0982, 0.124619, 0.0487847, 0.516772, 0.516777, 0.483223
25.1071, 0.127934, 0.055794, 0.516534, 0.516538, 0.483462
25.1161, 0.131181, 0.0628033, 0.51629, 0.516295, 0.483705
25.125, 0.134361, 0.0698126, 0.516043, 0.516048, 0.483952
25.1339, 0.137478, 0.0768219, 0.51579, 0.515795, 0.484205
25.1429, 0.140534, 0.0838312, 0.515533, 0.515538, 0.484462
25.1518, 0.14353, 0.0908405, 0.515271, 0.515277, 0.484723
25.1607, 0.146468, 0.0978498, 0.515006, 0.515011, 0.484989
25.1696, 0.14935, 0.104859, 0.514736, 0.514741, 0.485259
25.1786, 0.152104, 0.111868, 0.514461, 0.514467, 0.485533
25.1875, 0.154725, 0.118878, 0.514183, 0.514189, 0.485811
25.1964, 0.157296, 0.125887, 0.513901, 0.513907, 0.486093
25.2054, 0.159817, 0.132896, 0.513616, 0.513622, 0.486378
25.2143, 0.162291, 0.139906, 0.513327, 0.513333, 0.486667
25.2232, 0.164718, 0.146915, 0.513034, 0.51304, 0.48696
25.2321, 0.1671, 0.153924, 0.512739, 0.512745, 0.487255
25.2411, 0.169438, 0.160933, 0.51244, 0.512446, 0.487554
25.25, 0.171173, 0.167662, 0.512151, 0.512151, 0.487849
25.2585, 0.147525, 0.160653, 0.51215, 0.51215, 0.48785
25.2669, 0.128197, 0.153644, 0.512149, 0.512149, 0.487851
25.2754, 0.111667, 0.146634, 0.512146, 0.512146, 0.487854
25.2839, 0.097109, 0.139625, 0.512139, 0.512139, 0.487861
25.2924, 0.0840353, 0.132616, 0.512128, 0.512128, 0.487872
25.3008, 0.0721279, 0.125607, 0.512112, 0.512112, 0.487888
25.3093, 0.0611674, 0.118597, 0.51209, 0.51209, 0.48791
25.3178, 0.0509942, 0.111588, 0.512062, 0.512062, 0.487938
25.3263, 0.0414887, 0.104579, 0.512027, 0.512028, 0.487972
25.3347, 0.0325581, 0.0975694, 0.511987, 0.511987, 0.488013
25.3432, 0.0241289, 0.0905601, 0.511939, 0.51194, 0.48806
25.3517, 0.0161419, 0.0835508, 0.511884, 0.511885, 0.488115
25.3602, 0.00854836, 0.0765415, 0.511823, 0.511824, 0.488176
25.3686, 0.00130777, 0.0695322, 0.511754, 0.511755, 0.488245
25.3771, -0.00561402, 0.0625229, 0.511678, 0.51168, 0.48832
25.3856, -0.0122461, 0.0555136, 0.511595, 0.511597, 0.488403
25.3941, -0.0186134, 0.0485043, 0.511505, 0.511507, 0.488493
25.4025, -0.0247376, 0.041495, 0.511408, 0.51141, 0.48859
25.411, -0.0306376, 0.0344857, 0.511304, 0.511306, 0.488694
25.4195, -0.03633, 0.0274764, 0.511193, 0.511195, 0.488805
25.428, -0.0418296, 0.0204671, 0.511075, 0.511078, 0.488922
25.4364, -0.0471493, 0.0134578, 0.51095, 0.510953, 0.489047
25.4449, -0.0523008, 0.00644855, 0.510819, 0.510821, 0.489179
25.4534, -0.0572947, -0.000560744, 0.51068, 0.510683, 0.489317
25.4619, -0.0621403, -0.00757004, 0.510535, 0.510538, 0.489462
25.4703, -0.0668463, -0.0145793, 0.510384, 0.510387, 0.489613
25.4788, -0.0714203, -0.0215886, 0.510226, 0.510229, 0.489771
25.4873, -0.0758696, -0.0285979, 0.510062, 0.510065, 0.489935
25.4958, -0.0802005, -0.0356072, 0.509891, 0.509894, 0.490106
25.5042, -0.084419, -0.0426165, 0.509714, 0.509718, 0.490282
25.5127, -0.0885305, -0.0496258, 0.509531, 0.509535, 0.490465
25.5212, -0.0925402, -0.0566351, 0.509342, 0.509346, 0.490654
25.5297, -0.0964526, -0.0636444, 0.509148, 0.509152, 0.490848
25.5381, -0.100272, -0.0706537, 0.508947, 0.508951, 0.491049
25.5466, -0.104003, -0.077663, 0.508741, 0.508745, 0.491255
25.5551, -0.107648, -0.0846723, 0.508529, 0.508534, 0.491466
25.5636, -0.111212, -0.0916816, 0.508312, 0.508317, 0.491683
25.572, -0.114697, -0.0986909, 0.50809, 0.508094, 0.491906
25.5805, -0.118107, -0.1057, 0.507862, 0.507867, 0.492133
25.589, -0.121444, -0.112709, 0.50763, 0.507634, 0.492366
25.5975, -0.124712, -0.119719, 0.507392, 0.507397, 0.492603
25.6059, -0.127912, -0.126728, 0.507149, 0.507154, 0.492846
25.6144, -0.131047, -0.133737, 0.506902, 0.506907, 0.493093
25.6229, -0.134119, -0.140747, 0.50665, 0.506655, 0.493345
25.6314, -0.137131, -0.147756, 0.506394, 0.506399, 0.493601
25.6398, -0.140084, -0.154765, 0.506133, 0.506138, 0.493862
25.6483, -0.142981, -0.161775, 0.505868, 0.505873, 0.494127
25.6568, -0.145823, -0.168784, 0.505599, 0.505604, 0.494396
25.6653, -0.148523, -0.175793, 0.505325, 0.505331, 0.494669
25.6737, -0.151105, -0.182802, 0.505048, 0.505054, 0.494946
25.6822, -0.153637, -0.189812, 0.504767, 0.504773, 0.495227
25.6907, -0.156121, -0.196821, 0.504483, 0.504488, 0.495512
25.6992, -0.158557, -0.20383, 0.504195, 0.5042, 0.4958
25.7076, -0.160948, -0.21084, 0.503903, 0.503909, 0.496091
25.7161, -0.163294, -0.217849, 0.503608, 0.503614, 0.496386
25.7246, -0.165597, -0.224858, 0.503311, 0.503317, 0.496683
25.7331, -0.167858, -0.231868, 0.50301, 0.503016, 0.496984
25.7415, -0.170077, -0.238877, 0.502706, 0.502713, 0.497287
25.75, -0.165091, -0.242241, 0.502486, 0.502486, 0.497514
25.7582, -0.142861, -0.235232, 0.502486, 0.502486, 0.497514
25.7664, -0.124511, -0.228223, 0.502484, 0.502484, 0.497516
25.7746, -0.108696, -0.221213, 0.50248, 0.50248, 0.49752
25.7828, -0.0946975, -0.214204, 0.502473, 0.502473, 0.497527
25.791, -0.0820816, -0.207195, 0.50246, 0.50246, 0.49754
25.7992, -0.0705613, -0.200185, 0.502443, 0.502443, 0.497557
25.8074, -0.0599356, -0.193176, 0.502419, 0.50242, 0.49758
25.8156, -0.0500575, -0.186167, 0.50239, 0.502391, 0.497609
25.8238, -0.0408156, -0.179158, 0.502354, 0.502355, 0.497645
25.832, -0.0321232, -0.172148, 0.502312, 0.502313, 0.497687
25.8402, -0.0239114, -0.165139, 0.502262, 0.502263, 0.497737
25.8484, -0.0161242, -0.15813, 0.502206, 0.502207, 0.497793
25.8566, -0.00871557, -0.15112, 0.502143, 0.502144, 0.497856
25.8648, -0.00164711, -0.144111, 0.502073, 0.502074, 0.497926
25.873, 0.00511366, -0.137102, 0.501996, 0.501997, 0.498003
25.8811, 0.0115945, -0.130093, 0.501911, 0.501913, 0.498087
25.8893, 0.0178191, -0.123083, 0.50182, 0.501822, 0.498178
25.8975, 0.0238084, -0.116074, 0.501721, 0.501723, 0.498277
25.9057, 0.0295804, -0.109065, 0.501616, 0.501618, 0.498382
25.9139, 0.035151, -0.102055, 0.501504, 0.501506, 0.498494
25.9221, 0.0405344, -0.0950461, 0.501384, 0.501387, 0.498613
25.9303, 0.045743, -0.0880368, 0.501258, 0.501261, 0.498739
25.9385, 0.0507882, -0.0810275, 0.501126, 0.501128, 0.498872
25.9467, 0.0556801, -0.0740182, 0.500986, 0.500989, 0.499011
25.9549, 0.0604278, -0.0670089, 0.50084, 0.500843, 0.499157
25.9631, 0.0650394, -0.0599996, 0.500688, 0.500691, 0.499309
25.9713, 0.0695226, -0.0529903, 0.500529, 0.500532, 0.499468
25.9795, 0.0738841, -0.045981, 0.500363, 0.500367, 0.499633
25.9877, 0.0781303, -0.0389717, 0.500192, 0.500195, 0.499805
25.9959, 0.0822669, -0.0319624, 0.500014, 0.500018, 0.499982
26.0041, 0.0862991, -0.0249531, 0.499831, 0.499834, 0.500166
26.0123, 0.0902319, -0.0179438, 0.499641, 0.499645, 0.500355
26.0205, 0.0940698, -0.0109345, 0.499446, 0.49945, 0.50055
26.0287, 0.0978169, -0.00392521, 0.499245, 0.499249, 0.500751
26.0369, 0.101477, 0.00308409, 0.499038, 0.499042, 0.500958
26.0451, 0.105054, 0.0100934, 0.498826, 0.49883, 0.50117
26.0533, 0.108552, 0.0171027, 0.498608, 0.498613, 0.501387
26.0615, 0.111972, 0.024112, 0.498385, 0.49839, 0.50161
26.0697, 0.115319, 0.0311213, 0.498157, 0.498162, 0.501838
26.0779, 0.118595, 0.0381306, 0.497924, 0.497929, 0.502071
26.0861, 0.121803, 0.0451399, 0.497686, 0.497691, 0.502309
26.0943, 0.124944, 0.0521492, 0.497444, 0.497449, 0.502551
26.1025, 0.128023, 0.0591585, 0.497196, 0.497201, 0.502799
26.1107, 0.131039, 0.0661678, 0.496944, 0.496949, 0.503051
26.1189, 0.133997, 0.073177, 0.496688, 0.496693, 0.503307
26.127, 0.136897, 0.0801863, 0.496427, 0.496432, 0.503568
26.1352, 0.139741, 0.0871956, 0.496162, 0.496167, 0.503833
26.1434, 0.142532, 0.0942049, 0.495893, 0.495898, 0.504102
26.1516, 0.145146, 0.101214, 0.495619, 0.495625, 0.504375
26.1598, 0.147679, 0.108224, 0.495342, 0.495348, 0.504652
26.168, 0.150164, 0.115233, 0.495062, 0.495067, 0.504933
26.1762, 0.152601, 0.122242, 0.494777, 0.494783, 0.505217
26.1844, 0.154991, 0.129251, 0.494489, 0.494495, 0.505505
26.1926, 0.157337, 0.136261, 0.494198, 0.494204, 0.505796
26.2008, 0.159639, 0.14327, 0.493904, 0.49391, 0.50609
26.209, 0.161899, 0.150279, 0.493606, 0.493612, 0.506388
26.2172, 0.164118, 0.157289, 0.493306, 0.493312, 0.506688
26.2254, 0.166296, 0.164298, 0.493003, 0.493009, 0.506991
26.2336, 0.168435, 0.171307, 0.492697, 0.492703, 0.507297
26.2418, 0.170536, 0.178316, 0.492389, 0.492395, 0.507605
26.25, 0.16082, 0.179158, 0.492221, 0.492221, 0.507779
26.2579, 0.139679, 0.172148, 0.492221, 0.492221, 0.507779
26.2659, 0.122073, 0.165139, 0.492219, 0.492219, 0.507781
26.2738, 0.10682, 0.15813, 0.492214, 0.492214, 0.507786
26.2817, 0.0932738, 0.15112, 0.492206, 0.492206, 0.507794
26.2897, 0.0810364, 0.144111, 0.492192, 0.492193, 0.507807
26.2976, 0.0698418, 0.137102, 0.492174, 0.492174, 0.507826
26.3056, 0.0595023, 0.130093, 0.492149, 0.49215, 0.50785
26.3135, 0.0498795, 0.123083, 0.492119, 0.49212, 0.50788
26.3214, 0.0408683, 0.116074, 0.492082, 0.492083, 0.507917
26.3294, 0.0323866, 0.109065, 0.492038, 0.492039, 0.507961
26.3373, 0.0243686, 0.102055, 0.491988, 0.491989, 0.508011
26.3452, 0.0167611, 0.0950461, 0.491931, 0.491932, 0.508068
26.3532, 0.00951998, 0.0880368, 0.491867, 0.491868, 0.508132
26.3611, 0.00260846, 0.0810275, 0.491795, 0.491797, 0.508203
26.369, -0.00400463, 0.0740182, 0.491717, 0.491719, 0.508281
26.377, -0.0103459, 0.0670089, 0.491632, 0.491633, 0.508367
26.3849, -0.0164384, 0.0599996, 0.491539, 0.491541, 0.508459
26.3929, -0.022302, 0.0529903, 0.49144, 0.491442, 0.508558
26.4008, -0.0279542, 0.045981, 0.491334, 0.491336, 0.508664
26.4087, -0.0334105, 0.0389717, 0.491221, 0.491223, 0.508777
26.4167, -0.0386843, 0.0319624, 0.491101, 0.491103, 0.508897
26.4246, -0.043788, 0.0249531, 0.490974, 0.490976, 0.509024
26.4325, -0.0487323, 0.0179438, 0.49084, 0.490843, 0.509157
26.4405, -0.0535271, 0.0109345, 0.4907, 0.490703, 0.509297
26.4484, -0.0581811, 0.00392521, 0.490554, 0.490557, 0.509443
26.4563, -0.0627025, -0.00308409, 0.490401, 0.490404, 0.509596
26.4643, -0.0670985, -0.0100934, 0.490241, 0.490244, 0.509756
26.4722, -0.0713756, -0.0171027, 0.490075, 0.490079, 0.509921
26.4802, -0.0755401, -0.024112, 0.489904, 0.489907, 0.510093
26.4881, -0.0795975, -0.0311213, 0.489726, 0.489729, 0.510271
26.496, -0.083553, -0.0381306, 0.489542, 0.489546, 0.510454
26.504, -0.0874112, -0.0451399, 0.489352, 0.489356, 0.510644
26.5119, -0.0911767, -0.0521492, 0.489157, 0.48916, 0.51084
26.5198, -0.0948534, -0.0591585, 0.488955, 0.488959, 0.511041
26.5278, -0.0984452, -0.0661678, 0.488749, 0.488753, 0.511247
26.5357, -0.101956, -0.073177, 0.488536, 0.488541, 0.511459
26.5437, -0.105388, -0.0801863, 0.488319, 0.488323, 0.511677
26.5516, -0.108745, -0.0871956, 0.488096, 0.488101, 0.511899
26.5595, -0.11203, -0.0942049, 0.487868, 0.487873, 0.512127
26.5675, -0.115246, -0.101214, 0.487635, 0.48764, 0.51236
26.5754, -0.118394, -0.108224, 0.487398, 0.487403, 0.512597
26.5833, -0.121479, -0.115233, 0.487155, 0.48716, 0.51284
26.5913, -0.124501, -0.122242, 0.486908, 0.486913, 0.513087
26.5992, -0.127463, -0.129251, 0.486656, 0.486661, 0.513339
26.6071, -0.130366, -0.136261, 0.4864, 0.486405, 0.513595
26.6151, -0.133214, -0.14327, 0.48614, 0.486145, 0.513855
26.623, -0.136007, -0.150279, 0.485875, 0.485881, 0.514119
26.631, -0.138747, -0.157289, 0.485607, 0.485612, 0.514388
26.6389, -0.141284, -0.164298, 0.485334, 0.485339, 0.514661
26.6468, -0.143769, -0.171307, 0.485057, 0.485063, 0.514937
26.6548, -0.146206, -0.178316, 0.484777, 0.484783, 0.515217
26.6627, -0.148597, -0.185326, 0.484493, 0.484499, 0.515501
26.6706, -0.150942, -0.192335, 0.484206, 0.484212, 0.515788
26.6786, -0.153243, -0.199344, 0.483916, 0.483922, 0.516078
26.6865, -0.155501, -0.206354, 0.483622, 0.483628, 0.516372
26.6944, -0.157718, -0.213363, 0.483325, 0.483331, 0.516669
26.7024, -0.159895, -0.220372, 0.483026, 0.483032, 0.516968
26.7103, -0.162032, -0.227382, 0.482723, 0.482729, 0.517271
26.7183, -0.16413, -0.234391, 0.482418, 0.482424, 0.517576
26.7262, -0.166192, -0.2414, 0.482111, 0.482117, 0.517883
26.7341, -0.168214, -0.248409, 0.481801, 0.481807, 0.518193
26.7421, -0.170198, -0.255419, 0.48149, 0.481496, 0.518504
26.75, -0.165724, -0.259064, 0.481259, 0.481259, 0.518741
26.7576, -0.143899, -0.252054, 0.481258, 0.481258, 0.518742
26.7652, -0.125941, -0.245045, 0.481257, 0.481257, 0.518743
26.7727, -0.110492, -0.238036, 0.481253, 0.481253, 0.518747
26.7803, -0.096834, -0.231026, 0.481245, 0.481245, 0.518755
26.7879, -0.0845364, -0.224017, 0.481233, 0.481233, 0.518767
26.7955, -0.0733143, -0.217008, 0.481215, 0.481216, 0.518784
26.803, -0.0629693, -0.209999, 0.481192, 0.481193, 0.518807
26.8106, -0.0533563, -0.202989, 0.481163, 0.481164, 0.518836
26.8182, -0.0443657, -0.19598, 0.481127, 0.481128, 0.518872
26.8258, -0.0359123, -0.188971, 0.481085, 0.481086, 0.518914
26.8333, -0.0279282, -0.181961, 0.481036, 0.481037, 0.518963
26.8409, -0.0203588, -0.174952, 0.480981, 0.480982, 0.519018
26.8485, -0.0131587, -0.167943, 0.480918, 0.480919, 0.519081
26.8561, -0.00629035, -0.160933, 0.480848, 0.48085, 0.51915
26.8636, 0.000278011, -0.153924, 0.480772, 0.480773, 0.519227
26.8712, 0.00657353, -0.146915, 0.480688, 0.48069, 0.51931
26.8788, 0.0126195, -0.139906, 0.480597, 0.480599, 0.519401
26.8864, 0.0184363, -0.132896, 0.4805, 0.480502, 0.519498
26.8939, 0.0240414, -0.125887, 0.480395, 0.480397, 0.519603
26.9015, 0.0294505, -0.118878, 0.480284, 0.480286, 0.519714
26.9091, 0.0346775, -0.111868, 0.480166, 0.480168, 0.519832
26.9167, 0.0397344, -0.104859, 0.480041, 0.480043, 0.519957
26.9242, 0.0446323, -0.0978498, 0.479909, 0.479912, 0.520088
26.9318, 0.0493811, -0.0908405, 0.479771, 0.479774, 0.520226
26.9394, 0.0539896, -0.0838312, 0.479626, 0.479629, 0.520371
26.947, 0.058466, -0.0768219, 0.479475, 0.479478, 0.520522
26.9545, 0.0628174, -0.0698126, 0.479317, 0.479321, 0.520679
26.9621, 0.0670505, -0.0628033, 0.479154, 0.479157, 0.520843
26.9697, 0.0711716, -0.055794, 0.478984, 0.478987, 0.521013
26.9773, 0.0751861, -0.0487847, 0.478808, 0.478811, 0.521189
26.9848, 0.0790993, -0.0417754, 0.478626, 0.47863, 0.52137
26.9924, 0.0829158, -0.0347661, 0.478438, 0.478442, 0.521558
27, 0.0866401, -0.0277568, 0.478245, 0.478249, 0.521751
27.0076, 0.0902763, -0.0207475, 0.478045, 0.478049, 0.521951
27.0152, 0.0938282, -0.0137382, 0.477841, 0.477845, 0.522155
27.0227, 0.0972992, -0.00672892, 0.477631, 0.477635, 0.522365
27.0303, 0.100693, 0.000280372, 0.477415, 0.477419, 0.522581
27.0379, 0.104012, 0.00728967, 0.477194, 0.477199, 0.522801
27.0455, 0.107259, 0.014299, 0.476968, 0.476973, 0.523027
27.053, 0.110438, 0.0213083, 0.476738, 0.476742, 0.523258
27.0606, 0.11355, 0.0283176, 0.476502, 0.476507, 0.523493
27.0682, 0.116598, 0.0353269, 0.476261, 0.476266, 0.523734
27.0758, 0.119585, 0.0423361, 0.476016, 0.476021, 0.523979
27.0833, 0.122512, 0.0493454, 0.475767, 0.475772, 0.524228
27.0909, 0.125381, 0.0563547, 0.475512, 0.475518, 0.524482
27.0985, 0.128195, 0.063364, 0.475254, 0.475259, 0.524741
27.1061, 0.130954, 0.0703733, 0.474991, 0.474997, 0.525003
27.1136, 0.133662, 0.0773826, 0.474725, 0.47473, 0.52527
27.1212, 0.136197, 0.0843919, 0.474454, 0.474459, 0.525541
27.1288, 0.13865, 0.0914012, 0.474179, 0.474185, 0.525815
27.1364, 0.141056, 0.0984105, 0.473901, 0.473906, 0.526094
27.1439, 0.143415, 0.10542, 0.473619, 0.473625, 0.526375
27.1515, 0.14573, 0.112429, 0.473334, 0.473339, 0.526661
27.1591, 0.148001, 0.119438, 0.473045, 0.473051, 0.526949
27.1667, 0.15023, 0.126448, 0.472753, 0.472759, 0.527241
27.1742, 0.152417, 0.133457, 0.472458, 0.472464, 0.527536
27.1818, 0.154565, 0.140466, 0.47216, 0.472166, 0.527834
27.1894, 0.156673, 0.147476, 0.471859, 0.471865, 0.528135
27.197, 0.158744, 0.154485, 0.471556, 0.471562, 0.528438
27.2045, 0.160777, 0.161494, 0.47125, 0.471256, 0.528744
27.2121, 0.162775, 0.168503, 0.470941, 0.470947, 0.529053
27.2197, 0.164735, 0.175513, 0.470631, 0.470637, 0.529363
27.2273, 0.166657, 0.182522, 0.470319, 0.470325, 0.529675
27.2348, 0.168543, 0.189531, 0.470006, 0.470012, 0.529988
27.2424, 0.170392, 0.196541, 0.469691, 0.469698, 0.530302
27.25, 0.164881, 0.199625, 0.469471, 0.469471, 0.530529
27.2572, 0.14354, 0.192615, 0.46947, 0.46947, 0.53053
27.2645, 0.125954, 0.185606, 0.469469, 0.469469, 0.530531
27.2717, 0.110815, 0.178597, 0.469464, 0.469464, 0.530536
27.279, 0.0974269, 0.171588, 0.469456, 0.469457, 0.530543
27.2862, 0.0853686, 0.164578, 0.469444, 0.469444, 0.530556
27.2935, 0.0743628, 0.157569, 0.469426, 0.469427, 0.530573
27.3007, 0.0642156, 0.15056, 0.469403, 0.469403, 0.530597
27.308, 0.0547854, 0.14355, 0.469374, 0.469374, 0.530626
27.3152, 0.0459649, 0.136541, 0.469338, 0.469339, 0.530661
27.3225, 0.0376708, 0.129532, 0.469295, 0.469296, 0.530704
27.3297, 0.0298368, 0.122522, 0.469246, 0.469247, 0.530753
27.337, 0.0224092, 0.115513, 0.469191, 0.469192, 0.530808
27.3442, 0.0153438, 0.108504, 0.469128, 0.469129, 0.530871
27.3514, 0.00860362, 0.101495, 0.469058, 0.469059, 0.530941
27.3587, 0.00215759, 0.0944853, 0.468981, 0.468983, 0.531017
27.3659, -0.00402086, 0.087476, 0.468898, 0.468899, 0.531101
27.3732, -0.00995461, 0.0804667, 0.468807, 0.468809, 0.531191
27.3804, -0.0156635, 0.0734574, 0.46871, 0.468712, 0.531288
27.3877, -0.0211649, 0.0664481, 0.468605, 0.468607, 0.531393
27.3949, -0.0264739, 0.0594388, 0.468494, 0.468496, 0.531504
27.4022, -0.0316043, 0.0524295, 0.468376, 0.468379, 0.531621
27.4094, -0.0365679, 0.0454202, 0.468251, 0.468254, 0.531746
27.4167, -0.0413755, 0.0384109, 0.46812, 0.468123, 0.531877
27.4239, -0.0460369, 0.0314016, 0.467982, 0.467985, 0.532015
27.4312, -0.0505606, 0.0243923, 0.467838, 0.467841, 0.532159
27.4384, -0.0549546, 0.0173831, 0.467687, 0.46769, 0.53231
27.4457, -0.059226, 0.0103738, 0.46753, 0.467534, 0.532466
27.4529, -0.0633815, 0.00336446, 0.467367, 0.46737, 0.53263
27.4601, -0.0674269, -0.00364483, 0.467198, 0.467201, 0.532799
27.4674, -0.0713679, -0.0106541, 0.467023, 0.467026, 0.532974
27.4746, -0.0752093, -0.0176634, 0.466841, 0.466845, 0.533155
27.4819, -0.078956, -0.0246727, 0.466654, 0.466658, 0.533342
27.4891, -0.0826122, -0.031682, 0.466461, 0.466465, 0.533535
27.4964, -0.086182, -0.0386913, 0.466263, 0.466267, 0.533733
27.5036, -0.0896689, -0.0457006, 0.466059, 0.466063, 0.533937
27.5109, -0.0930766, -0.0527099, 0.46585, 0.465854, 0.534146
27.5181, -0.0964081, -0.0597192, 0.465635, 0.465639, 0.534361
27.5254, -0.0996666, -0.0667285, 0.465415, 0.46542, 0.53458
27.5326, -0.102855, -0.0737378, 0.46519, 0.465195, 0.534805
27.5399, -0.105976, -0.0807471, 0.464961, 0.464965, 0.535035
27.5471, -0.109031, -0.0877564, 0.464726, 0.464731, 0.535269
27.5543, -0.112024, -0.0947657, 0.464486, 0.464491, 0.535509
27.5616, -0.114956, -0.101775, 0.464242, 0.464247, 0.535753
27.5688, -0.11783, -0.108784, 0.463994, 0.463999, 0.536001
27.5761, -0.120647, -0.115794, 0.463741, 0.463746, 0.536254
27.5833, -0.123409, -0.122803, 0.463483, 0.463488, 0.536512
27.5906, -0.126119, -0.129812, 0.463222, 0.463227, 0.536773
27.5978, -0.128778, -0.136821, 0.462956, 0.462962, 0.537038
27.6051, -0.131258, -0.143831, 0.462687, 0.462692, 0.537308
27.6123, -0.133664, -0.15084, 0.462413, 0.462419, 0.537581
27.6196, -0.136023, -0.157849, 0.462136, 0.462142, 0.537858
27.6268, -0.138337, -0.164859, 0.461855, 0.461861, 0.538139
27.6341, -0.140607, -0.171868, 0.461571, 0.461577, 0.538423
27.6413, -0.142834, -0.178877, 0.461284, 0.46129, 0.53871
27.6486, -0.14502, -0.185887, 0.460993, 0.460999, 0.539001
27.6558, -0.147165, -0.192896, 0.460699, 0.460705, 0.539295
27.663, -0.149271, -0.199905, 0.460403, 0.460409, 0.539591
27.6703, -0.151338, -0.206914, 0.460103, 0.460109, 0.539891
27.6775, -0.153368, -0.213924, 0.459801, 0.459807, 0.540193
27.6848, -0.155362, -0.220933, 0.459496, 0.459502, 0.540498
27.692, -0.157321, -0.227942, 0.459189, 0.459195, 0.540805
27.6993, -0.159245, -0.234952, 0.458879, 0.458885, 0.541115
27.7065, -0.161132, -0.241961, 0.458568, 0.458574, 0.541426
27.7138, -0.162984, -0.24897, 0.458255, 0.458261, 0.541739
27.721, -0.1648, -0.255979, 0.457941, 0.457947, 0.542053
27.7283, -0.166582, -0.262989, 0.457626, 0.457632, 0.542368
27.7355, -0.16833, -0.269998, 0.45731, 0.457316, 0.542684
27.7428, -0.170046, -0.277007, 0.456993, 0.457, 0.543
27.75, -0.171217, -0.283736, 0.456689, 0.456689, 0.543311
27.7568, -0.149022, -0.276727, 0.456688, 0.456688, 0.543312
27.7635, -0.130905, -0.269718, 0.456687, 0.456687, 0.543313
27.7703, -0.115466, -0.262708, 0.456684, 0.456684, 0.543316
27.777, -0.101901, -0.255699, 0.456677, 0.456677, 0.543323
27.7838, -0.0897401, -0.24869, 0.456666, 0.456666, 0.543334
27.7905, -0.0786779, -0.241681, 0.456649, 0.45665, 0.54335
27.7973, -0.0685057, -0.234671, 0.456628, 0.456628, 0.543372
27.8041, -0.059072, -0.227662, 0.4566, 0.4566, 0.5434
27.8108, -0.0502635, -0.220653, 0.456566, 0.456567, 0.543433
27.8176, -0.0419924, -0.213643, 0.456525, 0.456526, 0.543474
27.8243, -0.0341895, -0.206634, 0.456478, 0.456479, 0.543521
27.8311, -0.0267991, -0.199625, 0.456424, 0.456425, 0.543575
27.8378, -0.0197753, -0.192615, 0.456363, 0.456365, 0.543635
27.8446, -0.0130801, -0.185606, 0.456296, 0.456297, 0.543703
27.8514, -0.00668152, -0.178597, 0.456221, 0.456223, 0.543777
27.8581, -0.00055226, -0.171588, 0.45614, 0.456141, 0.543859
27.8649, 0.00533102, -0.164578, 0.456051, 0.456053, 0.543947
27.8716, 0.0109886, -0.157569, 0.455956, 0.455958, 0.544042
27.8784, 0.0164381, -0.15056, 0.455854, 0.455856, 0.544144
27.8851, 0.021695, -0.14355, 0.455745, 0.455747, 0.544253
27.8919, 0.0267731, -0.136541, 0.455629, 0.455631, 0.544369
27.8986, 0.0316846, -0.129532, 0.455507, 0.455509, 0.544491
27.9054, 0.0364402, -0.122522, 0.455378, 0.45538, 0.54462
27.9122, 0.0410498, -0.115513, 0.455242, 0.455245, 0.544755
27.9189, 0.0455222, -0.108504, 0.4551, 0.455103, 0.544897
27.9257, 0.0498653, -0.101495, 0.454952, 0.454955, 0.545045
27.9324, 0.0540864, -0.0944853, 0.454797, 0.4548, 0.5452
27.9392, 0.058192, -0.087476, 0.454636, 0.45464, 0.54536
27.9459, 0.0621882, -0.0804667, 0.45447, 0.454473, 0.545527
27.9527, 0.0660804, -0.0734574, 0.454297, 0.4543, 0.5457
27.9595, 0.0698738, -0.0664481, 0.454118, 0.454121, 0.545879
27.9662, 0.073573, -0.0594388, 0.453933, 0.453937, 0.546063
27.973, 0.0771823, -0.0524295, 0.453743, 0.453747, 0.546253
27.9797, 0.0807058, -0.0454202, 0.453547, 0.453551, 0.546449
27.9865, 0.0841472, -0.0384109, 0.453345, 0.45335, 0.54665
27.9932, 0.0875099, -0.0314016, 0.453139, 0.453143, 0.546857
28, 0.0907971, -0.0243923, 0.452926, 0.452931, 0.547069
28.0068, 0.0940119, -0.0173831, 0.452709, 0.452713, 0.547287
28.0135, 0.0971571, -0.0103738, 0.452487, 0.452491, 0.547509
28.0203, 0.100235, -0.00336446, 0.452259, 0.452264, 0.547736
28.027, 0.103249, 0.00364483, 0.452027, 0.452032, 0.547968
28.0338, 0.106201, 0.0106541, 0.45179, 0.451795, 0.548205
28.0405, 0.109092, 0.0176634, 0.451548, 0.451553, 0.548447
28.0473, 0.111926, 0.0246727, 0.451302, 0.451307, 0.548693
28.0541, 0.114704, 0.031682, 0.451051, 0.451056, 0.548944
28.0608, 0.117427, 0.0386913, 0.450796, 0.450801, 0.549199
28.0676, 0.120099, 0.0457006, 0.450537, 0.450542, 0.549458
28.0743, 0.122719, 0.0527099, 0.450274, 0.450279, 0.549721
28.0811, 0.125203, 0.0597192, 0.450007, 0.450012, 0.549988
28.0878, 0.127572, 0.0667285, 0.449735, 0.449741, 0.550259
28.0946, 0.129895, 0.0737378, 0.449461, 0.449466, 0.550534
28.1014, 0.132174, 0.0807471, 0.449182, 0.449188, 0.550812
28.1081, 0.134408, 0.0877564, 0.4489, 0.448906, 0.551094
28.1149, 0.136601, 0.0947657, 0.448615, 0.44862, 0.55138
28.1216, 0.138752, 0.101775, 0.448326, 0.448332, 0.551668
28.1284, 0.140864, 0.108784, 0.448034, 0.44804, 0.55196
28.1351, 0.142936, 0.115794, 0.44774, 0.447745, 0.552255
28.1419, 0.144971, 0.122803, 0.447442, 0.447448, 0.552552
28.1486, 0.146969, 0.129812, 0.447141, 0.447148, 0.552852
28.1554, 0.148931, 0.136821, 0.446838, 0.446845, 0.553155
28.1622, 0.150859, 0.143831, 0.446533, 0.446539, 0.553461
28.1689, 0.152752, 0.15084, 0.446225, 0.446231, 0.553769
28.1757, 0.154612, 0.157849, 0.445915, 0.445921, 0.554079
28.1824, 0.156437, 0.164859, 0.445603, 0.445609, 0.554391
28.1892, 0.158227, 0.171868, 0.44529, 0.445296, 0.554704
28.1959, 0.159984, 0.178877, 0.444975, 0.444981, 0.555019
28.2027, 0.161707, 0.185887, 0.44466, 0.444666, 0.555334
28.2095, 0.163398, 0.192896, 0.444343, 0.444349, 0.555651
28.2162, 0.165058, 0.199905, 0.444026, 0.444032, 0.555968
28.223, 0.166687, 0.206914, 0.443708, 0.443714, 0.556286
28.2297, 0.168286, 0.213924, 0.44339, 0.443396, 0.556604
28.2365, 0.169856, 0.220933, 0.443071, 0.443077, 0.556923
28.2432, 0.171397, 0.227942, 0.442752, 0.442759, 0.557241
28.25, 0.153437, 0.223456, 0.442701, 0.442701, 0.557299
28.2564, 0.134949, 0.216447, 0.4427, 0.4427, 0.5573
28.2628, 0.119339, 0.209438, 0.442698, 0.442698, 0.557302
28.2692, 0.105703, 0.202428, 0.442691, 0.442692, 0.557308
28.2756, 0.0935265, 0.195419, 0.442681, 0.442681, 0.557319
28.2821, 0.0824833, 0.18841, 0.442666, 0.442666, 0.557334
28.2885, 0.0723515, 0.181401, 0.442645, 0.442646, 0.557354
28.2949, 0.0629722, 0.174391, 0.442619, 0.442619, 0.557381
28.3013, 0.0542271, 0.167382, 0.442586, 0.442587, 0.557413
28.3077, 0.0460255, 0.160373, 0.442547, 0.442548, 0.557452
28.3141, 0.0382961, 0.153363, 0.442501, 0.442502, 0.557498
28.3205, 0.0309816, 0.146354, 0.442449, 0.44245, 0.55755
28.3269, 0.0240352, 0.139345, 0.44239, 0.442391, 0.557609
28.3333, 0.0174181, 0.132336, 0.442324, 0.442325, 0.557675
28.3397, 0.0110978, 0.125326, 0.442251, 0.442252, 0.557748
28.3462, 0.00504661, 0.118317, 0.442171, 0.442173, 0.557827
28.3526, -0.000759103, 0.111308, 0.442084, 0.442086, 0.557914
28.359, -0.0063398, 0.104298, 0.441991, 0.441993, 0.558007
28.3654, -0.0117133, 0.097289, 0.441891, 0.441893, 0.558107
28.3718, -0.0168952, 0.0902797, 0.441784, 0.441786, 0.558214
28.3782, -0.0218993, 0.0832704, 0.44167, 0.441672, 0.558328
28.3846, -0.0267379, 0.0762611, 0.441549, 0.441552, 0.558448
28.391, -0.0314218, 0.0692518, 0.441422, 0.441425, 0.558575
28.3974, -0.0359608, 0.0622425, 0.441289, 0.441292, 0.558708
28.4038, -0.0403638, 0.0552333, 0.441149, 0.441152, 0.558848
28.4103, -0.0446387, 0.048224, 0.441003, 0.441006, 0.558994
28.4167, -0.0487927, 0.0412147, 0.44085, 0.440853, 0.559147
28.4231, -0.0528324, 0.0342054, 0.440692, 0.440695, 0.559305
28.4295, -0.0567638, 0.0271961, 0.440527, 0.44053, 0.55947
28.4359, -0.0605925, 0.0201868, 0.440356, 0.44036, 0.55964
28.4423, -0.0643234, 0.0131775, 0.44018, 0.440183, 0.559817
28.4487, -0.0679612, 0.00616818, 0.439997, 0.440001, 0.559999
28.4551, -0.0715102, -0.000841115, 0.439809, 0.439813, 0.560187
28.4615, -0.0749744, -0.00785041, 0.439616, 0.439619, 0.560381
28.4679, -0.0783576, -0.0148597, 0.439416, 0.43942, 0.56058
28.4744, -0.0816631, -0.021869, 0.439212, 0.439216, 0.560784
28.4808, -0.0848941, -0.0288783, 0.439002, 0.439006, 0.560994
28.4872, -0.0880537, -0.0358876, 0.438787, 0.438791, 0.561209
28.4936, -0.0911446, -0.0428969, 0.438567, 0.438571, 0.561429
28.5, -0.0941694, -0.0499062, 0.438342, 0.438346, 0.561654
28.5064, -0.0971307, -0.0569155, 0.438112, 0.438117, 0.561883
28.5128, -0.100031, -0.0639248, 0.437877, 0.437882, 0.562118
28.5192, -0.102872, -0.0709341, 0.437638, 0.437643, 0.562357
28.5256, -0.105655, -0.0779434, 0.437394, 0.437399, 0.562601
28.5321, -0.108384, -0.0849527, 0.437146, 0.437151, 0.562849
28.5385, -0.11106, -0.091962, 0.436893, 0.436898, 0.563102
28.5449, -0.113684, -0.0989713, 0.436636, 0.436641, 0.563359
28.5513, -0.116258, -0.105981, 0.436375, 0.436381, 0.563619
28.5577, -0.118726, -0.11299, 0.43611, 0.436116, 0.563884
28.5641, -0.12105, -0.119999, 0.435842, 0.435847, 0.564153
28.5705, -0.123329, -0.127008, 0.435569, 0.435574, 0.564426
28.5769, -0.125563, -0.134018, 0.435293, 0.435298, 0.564702
28.5833, -0.127755, -0.141027, 0.435013, 0.435019, 0.564981
28.5897, -0.129905, -0.148036, 0.43473, 0.434736, 0.565264
28.5962, -0.132015, -0.155046, 0.434443, 0.434449, 0.565551
28.6026, -0.134085, -0.162055, 0.434154, 0.43416, 0.56584
28.609, -0.136118, -0.169064, 0.433861, 0.433867, 0.566133
28.6154, -0.138112, -0.176074, 0.433565, 0.433571, 0.566429
28.6218, -0.140071, -0.183083, 0.433267, 0.433273, 0.566727
28.6282, -0.141995, -0.190092, 0.432966, 0.432972, 0.567028
28.6346, -0.143884, -0.197101, 0.432662, 0.432668, 0.567332
28.641, -0.14574, -0.204111, 0.432356, 0.432362, 0.567638
28.6474, -0.147563, -0.21112, 0.432048, 0.432054, 0.567946
28.6538, -0.149354, -0.218129, 0.431737, 0.431743, 0.568257
28.6603, -0.151112, -0.225139, 0.431425, 0.431431, 0.568569
28.6667, -0.152838, -0.232148, 0.431111, 0.431118, 0.568882
28.6731, -0.15453, -0.239157, 0.430796, 0.430803, 0.569197
28.6795, -0.156191, -0.246166, 0.43048, 0.430487, 0.569513
28.6859, -0.157821, -0.253176, 0.430164, 0.43017, 0.56983
28.6923, -0.159421, -0.260185, 0.429846, 0.429852, 0.570148
28.6987, -0.160991, -0.267194, 0.429528, 0.429534, 0.570466
28.7051, -0.162533, -0.274204, 0.42921, 0.429216, 0.570784
28.7115, -0.164046, -0.281213, 0.428891, 0.428897, 0.571103
28.7179, -0.165532, -0.288222, 0.428572, 0.428578, 0.571422
28.7244, -0.166991, -0.295232, 0.428253, 0.42826, 0.57174
28.7308, -0.168424, -0.302241, 0.427935, 0.427941, 0.572059
28.7372, -0.169832, -0.30925, 0.427616, 0.427623, 0.572377
28.7436, -0.171214, -0.316259, 0.427299, 0.427305, 0.572695
28.75, -0.157134, -0.314016, 0.427197, 0.427197, 0.572803
28.756, -0.138453, -0.307007, 0.427197, 0.427197, 0.572803
28.7619, -0.122776, -0.299998, 0.427194, 0.427194, 0.572806
28.7679, -0.109154, -0.292989, 0.427189, 0.427189, 0.572811
28.7738, -0.0970353, -0.285979, 0.427179, 0.427179, 0.572821
28.7798, -0.0860734, -0.27897, 0.427165, 0.427165, 0.572835
28.7857, -0.0760365, -0.271961, 0.427145, 0.427145, 0.572855
28.7917, -0.0667597, -0.264951, 0.427119, 0.42712, 0.57288
28.7976, -0.0581214, -0.257942, 0.427088, 0.427089, 0.572911
28.8036, -0.0500287, -0.250933, 0.42705, 0.427051, 0.572949
28.8095, -0.0424087, -0.243923, 0.427005, 0.427006, 0.572994
28.8155, -0.0352032, -0.236914, 0.426954, 0.426955, 0.573045
28.8214, -0.0283648, -0.229905, 0.426896, 0.426898, 0.573102
28.8274, -0.0218543, -0.222896, 0.426832, 0.426833, 0.573167
28.8333, -0.0156388, -0.215886, 0.42676, 0.426762, 0.573238
28.8393, -0.0096907, -0.208877, 0.426682, 0.426684, 0.573316
28.8452, -0.00398609, -0.201868, 0.426597, 0.426599, 0.573401
28.8512, 0.00149551, -0.194858, 0.426505, 0.426507, 0.573493
28.8571, 0.00677192, -0.187849, 0.426406, 0.426408, 0.573592
28.8631, 0.0118588, -0.18084, 0.426301, 0.426303, 0.573697
28.869, 0.0167699, -0.173831, 0.426189, 0.426191, 0.573809
28.875, 0.0215173, -0.166821, 0.42607, 0.426072, 0.573928
28.881, 0.0261121, -0.159812, 0.425945, 0.425947, 0.574053
28.8869, 0.0305639, -0.152803, 0.425813, 0.425816, 0.574184
28.8929, 0.0348815, -0.145793, 0.425675, 0.425678, 0.574322
28.8988, 0.0390729, -0.138784, 0.425531, 0.425534, 0.574466
28.9048, 0.0431451, -0.131775, 0.42538, 0.425383, 0.574617
28.9107, 0.0471047, -0.124765, 0.425223, 0.425227, 0.574773
28.9167, 0.0509576, -0.117756, 0.425061, 0.425064, 0.574936
28.9226, 0.0547094, -0.110747, 0.424892, 0.424895, 0.575105
28.9286, 0.0583651, -0.103738, 0.424717, 0.424721, 0.575279
28.9345, 0.0619291, -0.0967283, 0.424537, 0.424541, 0.575459
28.9405, 0.0654059, -0.089719, 0.424351, 0.424355, 0.575645
28.9464, 0.0687993, -0.0827097, 0.424159, 0.424163, 0.575837
28.9524, 0.072113, -0.0757004, 0.423962, 0.423966, 0.576034
28.9583, 0.0753504, -0.0686911, 0.42376, 0.423764, 0.576236
28.9643, 0.0785147, -0.0616818, 0.423552, 0.423556, 0.576444
28.9702, 0.0816087, -0.0546725, 0.423339, 0.423344, 0.576656
28.9762, 0.0846354, -0.0476632, 0.423121, 0.423126, 0.576874
28.9821, 0.0875972, -0.0406539, 0.422898, 0.422903, 0.577097
28.9881, 0.0904965, -0.0336446, 0.422671, 0.422675, 0.577325
28.994, 0.0933358, -0.0266353, 0.422438, 0.422443, 0.577557
29, 0.096117, -0.019626, 0.422201, 0.422206, 0.577794
29.006, 0.0988422, -0.0126167, 0.421959, 0.421964, 0.578036
29.0119, 0.101513, -0.00560744, 0.421713, 0.421718, 0.578282
29.0179, 0.104132, 0.00140186, 0.421463, 0.421468, 0.578532
29.0238, 0.106701, 0.00841115, 0.421208, 0.421213, 0.578787
29.0298, 0.10922, 0.0154205, 0.420949, 0.420954, 0.579046
29.0357, 0.11166, 0.0224297, 0.420686, 0.420692, 0.579308
29.0417, 0.113931, 0.029439, 0.42042, 0.420425, 0.579575
29.0476, 0.116158, 0.0364483, 0.420149, 0.420155, 0.579845
29.0536, 0.118342, 0.0434576, 0.419875, 0.419881, 0.580119
29.0595, 0.120483, 0.0504669, 0.419597, 0.419603, 0.580397
29.0655, 0.122584, 0.0574762, 0.419316, 0.419322, 0.580678
29.0714, 0.124645, 0.0644855, 0.419032, 0.419037, 0.580963
29.0774, 0.126668, 0.0714948, 0.418744, 0.41875, 0.58125
29.0833, 0.128653, 0.0785041, 0.418453, 0.418459, 0.581541
29.0893, 0.130602, 0.0855134, 0.418159, 0.418165, 0.581835
29.0952, 0.132515, 0.0925227, 0.417863, 0.417869, 0.582131
29.1012, 0.134394, 0.099532, 0.417563, 0.417569, 0.582431
29.1071, 0.136239, 0.106541, 0.417261, 0.417267, 0.582733
29.1131, 0.138051, 0.113551, 0.416957, 0.416963, 0.583037
29.119, 0.139832, 0.12056, 0.41665, 0.416656, 0.583344
29.125, 0.141581, 0.127569, 0.416341, 0.416347, 0.583653
29.131, 0.143299, 0.134578, 0.41603, 0.416036, 0.583964
29.1369, 0.144988, 0.141588, 0.415716, 0.415723, 0.584277
29.1429, 0.146645, 0.148597, 0.415402, 0.415408, 0.584592
29.1488, 0.148271, 0.155606, 0.415086, 0.415092, 0.584908
29.1548, 0.149866, 0.162616, 0.414769, 0.414776, 0.585224
29.1607, 0.151432, 0.169625, 0.414452, 0.414458, 0.585542
29.1667, 0.152969, 0.176634, 0.414133, 0.41414, 0.58586
29.1726, 0.154478, 0.183644, 0.413814, 0.413821, 0.586179
29.1786, 0.155959, 0.190653, 0.413495, 0.413502, 0.586498
29.1845, 0.157413, 0.197662, 0.413176, 0.413182, 0.586818
29.1905, 0.158841, 0.204671, 0.412856, 0.412862, 0.587138
29.1964, 0.160243, 0.211681, 0.412536, 0.412543, 0.587457
29.2024, 0.16162, 0.21869, 0.412217, 0.412223, 0.587777
29.2083, 0.162973, 0.225699, 0.411898, 0.411904, 0.588096
29.2143, 0.164302, 0.232709, 0.411579, 0.411586, 0.588414
29.2202, 0.165607, 0.239718, 0.411262, 0.411268, 0.588732
29.2262, 0.16689, 0.246727, 0.410945, 0.410951, 0.589049
29.2321, 0.16815, 0.253737, 0.410629, 0.410635, 0.589365
29.2381, 0.169388, 0.260746, 0.410314, 0.41032, 0.58968
29.244, 0.170606, 0.267755, 0.41, 0.410006, 0.589994
29.25, 0.16947, 0.273363, 0.409725, 0.409725, 0.590275
29.2553, 0.149168, 0.266353, 0.409725, 0.409725, 0.590275
29.2606, 0.132357, 0.259344, 0.409724, 0.409724, 0.590276
29.266, 0.118014, 0.252335, 0.40972, 0.40972, 0.59028
29.2713, 0.105421, 0.245325, 0.409713, 0.409713, 0.590287
29.2766, 0.0941348, 0.238316, 0.409701, 0.409702, 0.590298
29.2819, 0.083873, 0.231307, 0.409685, 0.409685, 0.590315
29.2872, 0.0744395, 0.224297, 0.409663, 0.409663, 0.590337
29.2926, 0.0656931, 0.217288, 0.409635, 0.409635, 0.590365
29.2979, 0.0575281, 0.210279, 0.4096, 0.409601, 0.590399
29.3032, 0.0498626, 0.20327, 0.40956, 0.409561, 0.590439
29.3085, 0.0426323, 0.19626, 0.409513, 0.409514, 0.590486
29.3138, 0.035785, 0.189251, 0.409459, 0.40946, 0.59054
29.3191, 0.0292781, 0.182242, 0.409398, 0.409399, 0.590601
29.3245, 0.0230762, 0.175232, 0.409331, 0.409332, 0.590668
29.3298, 0.0171495, 0.168223, 0.409257, 0.409258, 0.590742
29.3351, 0.0114727, 0.161214, 0.409176, 0.409178, 0.590822
29.3404, 0.00602396, 0.154205, 0.409088, 0.40909, 0.59091
29.3457, 0.000784542, 0.147195, 0.408994, 0.408996, 0.591004
29.3511, -0.00426201, 0.140186, 0.408893, 0.408895, 0.591105
29.3564, -0.0091301, 0.133177, 0.408785, 0.408788, 0.591212
29.3617, -0.0138325, 0.126167, 0.408671, 0.408673, 0.591327
29.367, -0.0183805, 0.119158, 0.40855, 0.408553, 0.591447
29.3723, -0.0227841, 0.112149, 0.408423, 0.408426, 0.591574
29.3777, -0.0270526, 0.105139, 0.40829, 0.408292, 0.591708
29.383, -0.0311939, 0.0981301, 0.40815, 0.408153, 0.591847
29.3883, -0.0352156, 0.0911208, 0.408004, 0.408007, 0.591993
29.3936, -0.0391243, 0.0841115, 0.407851, 0.407855, 0.592145
29.3989, -0.0429261, 0.0771023, 0.407693, 0.407696, 0.592304
29.4043, -0.0466266, 0.070093, 0.407529, 0.407532, 0.592468
29.4096, -0.0502309, 0.0630837, 0.407359, 0.407362, 0.592638
29.4149, -0.0537437, 0.0560744, 0.407183, 0.407187, 0.592813
29.4202, -0.0571694, 0.0490651, 0.407002, 0.407005, 0.592995
29.4255, -0.060512, 0.0420558, 0.406814, 0.406818, 0.593182
29.4309, -0.0637752, 0.0350465, 0.406622, 0.406626, 0.593374
29.4362, -0.0669623, 0.0280372, 0.406424, 0.406428, 0.593572
29.4415, -0.0700767, 0.0210279, 0.406221, 0.406225, 0.593775
29.4468, -0.0731213, 0.0140186, 0.406012, 0.406016, 0.593984
29.4521, -0.0760989, 0.0070093, 0.405799, 0.405803, 0.594197
29.4574, -0.079012, -4.29022e-17, 0.40558, 0.405585, 0.594415
29.4628, -0.0818633, -0.0070093, 0.405357, 0.405361, 0.594639
29.4681, -0.0846548, -0.0140186, 0.405129, 0.405133, 0.594867
29.4734, -0.0873889, -0.0210279, 0.404896, 0.4049, 0.5951
29.4787, -0.0900675, -0.0280372, 0.404658, 0.404663, 0.595337
29.484, -0.0926925, -0.0350465, 0.404416, 0.404421, 0.595579
29.4894, -0.0952658, -0.0420558, 0.40417, 0.404175, 0.595825
29.4947, -0.0977891, -0.0490651, 0.40392, 0.403925, 0.596075
29.5, -0.100264, -0.0560744, 0.403665, 0.40367, 0.59633
29.5053, -0.102692, -0.0630837, 0.403406, 0.403411, 0.596589
29.5106, -0.104974, -0.070093, 0.403143, 0.403149, 0.596851
29.516, -0.107158, -0.0771023, 0.402877, 0.402882, 0.597118
29.5213, -0.109299, -0.0841115, 0.402606, 0.402612, 0.597388
29.5266, -0.111399, -0.0911208, 0.402332, 0.402338, 0.597662
29.5319, -0.113458, -0.0981301, 0.402055, 0.40206, 0.59794
29.5372, -0.115478, -0.105139, 0.401774, 0.40178, 0.59822
29.5426, -0.11746, -0.112149, 0.40149, 0.401496, 0.598504
29.5479, -0.119406, -0.119158, 0.401202, 0.401208, 0.598792
29.5532, -0.121315, -0.126167, 0.400912, 0.400918, 0.599082
29.5585, -0.123189, -0.133177, 0.400619, 0.400625, 0.599375
29.5638, -0.125029, -0.140186, 0.400322, 0.400328, 0.599672
29.5691, -0.126836, -0.147195, 0.400023, 0.400029, 0.599971
29.5745, -0.128611, -0.154205, 0.399722, 0.399728, 0.600272
29.5798, -0.130354, -0.161214, 0.399418, 0.399424, 0.600576
29.5851, -0.132066, -0.168223, 0.399111, 0.399118, 0.600882
29.5904, -0.133749, -0.175232, 0.398803, 0.398809, 0.601191
29.5957, -0.135402, -0.182242, 0.398492, 0.398498, 0.601502
29.6011, -0.137026, -0.189251, 0.398179, 0.398185, 0.601815
29.6064, -0.138623, -0.19626, 0.397864, 0.397871, 0.602129
29.6117, -0.14019, -0.20327, 0.397548, 0.397554, 0.602446
29.617, -0.141729, -0.210279, 0.397231, 0.397237, 0.602763
29.6223, -0.143238, -0.217288, 0.396913, 0.396919, 0.603081
29.6277, -0.14472, -0.224297, 0.396594, 0.3966, 0.6034
29.633, -0.146174, -0.231307, 0.396274, 0.396281, 0.603719
29.6383, -0.147602, -0.238316, 0.395955, 0.395961, 0.604039
29.6436, -0.149004, -0.245325, 0.395634, 0.395641, 0.604359
29.6489, -0.150381, -0.252335, 0.395314, 0.39532, 0.60468
29.6543, -0.151733, -0.259344, 0.394993, 0.395, 0.605
29.6596, -0.15306, -0.266353, 0.394673, 0.394679, 0.605321
29.6649, -0.154364, -0.273363, 0.394353, 0.394359, 0.605641
29.6702, -0.155645, -0.280372, 0.394033, 0.394039, 0.605961
29.6755, -0.156904, -0.287381, 0.393714, 0.39372, 0.60628
29.6809, -0.15814, -0.29439, 0.393395, 0.393401, 0.606599
29.6862, -0.159355, -0.3014, 0.393077, 0.393084, 0.606916
29.6915, -0.160549, -0.308409, 0.392761, 0.392767, 0.607233
29.6968, -0.161723, -0.315418, 0.392445, 0.392451, 0.607549
29.7021, -0.162877, -0.322428, 0.392131, 0.392137, 0.607863
29.7074, -0.164011, -0.329437, 0.391818, 0.391824, 0.608176
29.7128, -0.165125, -0.336446, 0.391507, 0.391513, 0.608487
29.7181, -0.166222, -0.343455, 0.391198, 0.391204, 0.608796
29.7234, -0.1673, -0.350465, 0.39089, 0.390896, 0.609104
29.7287, -0.16836, -0.357474, 0.390585, 0.390591, 0.609409
29.734, -0.169403, -0.364483, 0.390282, 0.390288, 0.609712
29.7394, -0.17043, -0.371493, 0.389981, 0.389987, 0.610013
29.7447, -0.171439, -0.378502, 0.389683, 0.389689, 0.610311
29.75, -0.156287, -0.374857, 0.389617, 0.389617, 0.610383
29.7547, -0.139115, -0.367848, 0.389617, 0.389617, 0.610383
29.7594, -0.124481, -0.360839, 0.389614, 0.389614, 0.610386
29.7642, -0.11175, -0.353829, 0.389608, 0.389608, 0.610392
29.7689, -0.100418, -0.34682, 0.389598, 0.389598, 0.610402
29.7736, -0.0901665, -0.339811, 0.389583, 0.389584, 0.610416
29.7783, -0.0807782, -0.332801, 0.389563, 0.389563, 0.610437
29.783, -0.0721, -0.325792, 0.389537, 0.389538, 0.610462
29.7877, -0.0640184, -0.318783, 0.389505, 0.389506, 0.610494
29.7925, -0.0564466, -0.311773, 0.389467, 0.389467, 0.610533
29.7972, -0.0493167, -0.304764, 0.389422, 0.389423, 0.610577
29.8019, -0.0425743, -0.297755, 0.38937, 0.389372, 0.610628
29.8066, -0.0361751, -0.290746, 0.389312, 0.389314, 0.610686
29.8113, -0.0300824, -0.283736, 0.389248, 0.389249, 0.610751
29.816, -0.0242657, -0.276727, 0.389176, 0.389178, 0.610822
29.8208, -0.0186988, -0.269718, 0.389098, 0.3891, 0.6109
29.8255, -0.0133596, -0.262708, 0.389013, 0.389015, 0.610985
29.8302, -0.00822887, -0.255699, 0.388922, 0.388924, 0.611076
29.8349, -0.00328998, -0.24869, 0.388824, 0.388826, 0.611174
29.8396, 0.00147172, -0.241681, 0.388719, 0.388721, 0.611279
29.8443, 0.00606908, -0.234671, 0.388608, 0.38861, 0.61139
29.8491, 0.0105135, -0.227662, 0.38849, 0.388492, 0.611508
29.8538, 0.0148152, -0.220653, 0.388366, 0.388368, 0.611632
29.8585, 0.0189833, -0.213643, 0.388235, 0.388238, 0.611762
29.8632, 0.023026, -0.206634, 0.388099, 0.388101, 0.611899
29.8679, 0.0269506, -0.199625, 0.387956, 0.387959, 0.612041
29.8726, 0.0307638, -0.192615, 0.387807, 0.38781, 0.61219
29.8774, 0.0344719, -0.185606, 0.387652, 0.387655, 0.612345
29.8821, 0.0380802, -0.178597, 0.387491, 0.387494, 0.612506
29.8868, 0.0415941, -0.171588, 0.387324, 0.387327, 0.612673
29.8915, 0.045018, -0.164578, 0.387151, 0.387155, 0.612845
29.8962, 0.0483564, -0.157569, 0.386973, 0.386977, 0.613023
29.9009, 0.0516132, -0.15056, 0.386789, 0.386793, 0.613207
29.9057, 0.0547921, -0.14355, 0.3866, 0.386604, 0.613396
29.9104, 0.0578964, -0.136541, 0.386405, 0.386409, 0.613591
29.9151, 0.0609295, -0.129532, 0.386205, 0.386209, 0.613791
29.9198, 0.0638943, -0.122522, 0.386, 0.386004, 0.613996
29.9245, 0.0667934, -0.115513, 0.38579, 0.385794, 0.614206
29.9292, 0.0696295, -0.108504, 0.385575, 0.385579, 0.614421
29.934, 0.072405, -0.101495, 0.385355, 0.385359, 0.614641
29.9387, 0.0751221, -0.0944853, 0.38513, 0.385135, 0.614865
29.9434, 0.077783, -0.087476, 0.3849, 0.384905, 0.615095
29.9481, 0.0803898, -0.0804667, 0.384666, 0.384671, 0.615329
29.9528, 0.0829442, -0.0734574, 0.384428, 0.384432, 0.615568
29.9575, 0.085448, -0.0664481, 0.384185, 0.38419, 0.61581
29.9623, 0.087903, -0.0594388, 0.383937, 0.383942, 0.616058
29.967, 0.0903107, -0.0524295, 0.383686, 0.383691, 0.616309
29.9717, 0.0926727, -0.0454202, 0.38343, 0.383435, 0.616565
29.9764, 0.0949428, -0.0384109, 0.383171, 0.383176, 0.616824
29.9811, 0.0970627, -0.0314016, 0.382907, 0.382912, 0.617088
29.9858, 0.0991409, -0.0243923, 0.38264, 0.382645, 0.617355
29.9906, 0.101179, -0.0173831, 0.382369, 0.382374, 0.617626
29.9953, 0.103177, -0.0103738, 0.382094, 0.3821, 0.6179
30, 0.105138, -0.00336446, 0.381816, 0.381822, 0.618178
30.0047, 0.107061, 0.00364483, 0.381535, 0.381541, 0.618459
30.0094, 0.108948, 0.0106541, 0.38125, 0.381256, 0.618744
30.0142, 0.110801, 0.0176634, 0.380963, 0.380968, 0.619032
30.0189, 0.112619, 0.0246727, 0.380672, 0.380678, 0.619322
30.0236, 0.114404, 0.031682, 0.380378, 0.380384, 0.619616
30.0283, 0.116156, 0.0386913, 0.380082, 0.380088, 0.619912
30.033, 0.117877, 0.0457006, 0.379782, 0.379788, 0.620212
30.0377, 0.119567, 0.0527099, 0.379481, 0.379487, 0.620513
30.0425, 0.121228, 0.0597192, 0.379176, 0.379182, 0.620818
30.0472, 0.122859, 0.0667285, 0.37887, 0.378876, 0.621124
30.0519, 0.124461, 0.0737378, 0.378561, 0.378567, 0.621433
30.0566, 0.126036, 0.0807471, 0.378249, 0.378256, 0.621744
30.0613, 0.127584, 0.0877564, 0.377936, 0.377943, 0.622057
30.066, 0.129105, 0.0947657, 0.377621, 0.377628, 0.622372
30.0708, 0.1306, 0.101775, 0.377304, 0.377311, 0.622689
30.0755, 0.132069, 0.108784, 0.376986, 0.376992, 0.623008
30.0802, 0.133512, 0.115794, 0.376666, 0.376673, 0.623327
30.0849, 0.134928, 0.122803, 0.376346, 0.376352, 0.623648
30.0896, 0.136318, 0.129812, 0.376025, 0.376031, 0.623969
30.0943, 0.137683, 0.136821, 0.375703, 0.37571, 0.62429
30.0991, 0.139023, 0.143831, 0.375381, 0.375388, 0.624612
30.1038, 0.140339, 0.15084, 0.375059, 0.375065, 0.624935
30.1085, 0.141631, 0.157849, 0.374736, 0.374743, 0.625257
30.1132, 0.1429, 0.164859, 0.374414, 0.37442, 0.62558
30.1179, 0.144147, 0.171868, 0.374091, 0.374098, 0.625902
30.1226, 0.145372, 0.178877, 0.373769, 0.373775, 0.626225
30.1274, 0.146575, 0.185887, 0.373447, 0.373454, 0.626546
30.1321, 0.147757, 0.192896, 0.373126, 0.373132, 0.626868
30.1368, 0.148918, 0.199905, 0.372806, 0.372812, 0.627188
30.1415, 0.150059, 0.206914, 0.372486, 0.372492, 0.627508
30.1462, 0.151181, 0.213924, 0.372167, 0.372174, 0.627826
30.1509, 0.152284, 0.220933, 0.37185, 0.371856, 0.628144
30.1557, 0.153368, 0.227942, 0.371533, 0.37154, 0.62846
30.1604, 0.154433, 0.234952, 0.371219, 0.371225, 0.628775
30.1651, 0.155481, 0.241961, 0.370905, 0.370912, 0.629088
30.1698, 0.156511, 0.24897, 0.370594, 0.3706, 0.6294
30.1745, 0.157524, 0.255979, 0.370284, 0.37029, 0.62971
30.1792, 0.158521, 0.262989, 0.369977, 0.369983, 0.630017
30.184, 0.159502, 0.269998, 0.369671, 0.369677, 0.630323
30.1887, 0.160466, 0.277007, 0.369368, 0.369374, 0.630626
30.1934, 0.161415, 0.284017, 0.369067, 0.369073, 0.630927
30.1981, 0.16235, 0.291026, 0.368769, 0.368775, 0.631225
30.2028, 0.163269, 0.298035, 0.368474, 0.36848, 0.63152
30.2075, 0.164174, 0.305045, 0.368182, 0.368188, 0.631812
30.2123, 0.165065, 0.312054, 0.367893, 0.367899, 0.632101
30.217, 0.165943, 0.319063, 0.367607, 0.367613, 0.632387
30.2217, 0.166807, 0.326072, 0.367325, 0.36733, 0.63267
30.2264, 0.167659, 0.333082, 0.367046, 0.367051, 0.632949
30.2311, 0.168498, 0.340091, 0.366771, 0.366776, 0.633224
30.2358, 0.169708, 0.3471, 0.366505, 0.36651, 0.63349
30.2406, 0.170522, 0.35411, 0.366238, 0.366243, 0.633757
30.2453, 0.171324, 0.361119, 0.365975, 0.365981, 0.634019
30.25, 0.160698, 0.360278, 0.365866, 0.365866, 0.634134
30.2539, 0.143675, 0.353269, 0.365866, 0.365866, 0.634134
30.2579, 0.129158, 0.346259, 0.365864, 0.365864, 0.634136
30.2618, 0.116491, 0.33925, 0.365859, 0.365859, 0.634141
30.2657, 0.105284, 0.332241, 0.36585, 0.36585, 0.63415
30.2697, 0.0951887, 0.325231, 0.365836, 0.365837, 0.634163
30.2736, 0.0859748, 0.318222, 0.365818, 0.365818, 0.634182
30.2776, 0.0774801, 0.311213, 0.365793, 0.365794, 0.634206
30.2815, 0.069586, 0.304203, 0.365763, 0.365763, 0.634237
30.2854, 0.0622027, 0.297194, 0.365726, 0.365727, 0.634273
30.2894, 0.0552603, 0.290185, 0.365683, 0.365684, 0.634316
30.2933, 0.0487033, 0.283176, 0.365634, 0.365635, 0.634365
30.2972, 0.0424866, 0.276166, 0.365578, 0.365579, 0.634421
30.3012, 0.036573, 0.269157, 0.365515, 0.365516, 0.634484
30.3051, 0.0309317, 0.262148, 0.365446, 0.365447, 0.634553
30.3091, 0.0255365, 0.255138, 0.36537, 0.365371, 0.634629
30.313, 0.0203652, 0.248129, 0.365287, 0.365289, 0.634711
30.3169, 0.0153985, 0.24112, 0.365198, 0.3652, 0.6348
30.3209, 0.0106198, 0.23411, 0.365102, 0.365104, 0.634896
30.3248, 0.00601463, 0.227101, 0.365, 0.365002, 0.634998
30.3287, 0.00157011, 0.220092, 0.364891, 0.364893, 0.635107
30.3327, -0.00272505, 0.213083, 0.364776, 0.364778, 0.635222
30.3366, -0.00688093, 0.206073, 0.364654, 0.364657, 0.635343
30.3406, -0.0109065, 0.199064, 0.364527, 0.364529, 0.635471
30.3445, -0.01481, 0.192055, 0.364393, 0.364395, 0.635605
30.3484, -0.0185985, 0.185045, 0.364252, 0.364255, 0.635745
30.3524, -0.0222787, 0.178036, 0.364106, 0.364109, 0.635891
30.3563, -0.0258567, 0.171027, 0.363954, 0.363957, 0.636043
30.3602, -0.0293378, 0.164018, 0.363796, 0.363799, 0.636201
30.3642, -0.0327272, 0.157008, 0.363632, 0.363636, 0.636364
30.3681, -0.0360294, 0.149999, 0.363463, 0.363466, 0.636534
30.372, -0.0392485, 0.14299, 0.363288, 0.363291, 0.636709
30.376, -0.0423886, 0.13598, 0.363107, 0.36311, 0.63689
30.3799, -0.0454533, 0.128971, 0.362921, 0.362924, 0.637076
30.3839, -0.0484457, 0.121962, 0.362729, 0.362733, 0.637267
30.3878, -0.0513692, 0.114952, 0.362532, 0.362536, 0.637464
30.3917, -0.0542264, 0.107943, 0.362331, 0.362335, 0.637665
30.3957, -0.0570203, 0.100934, 0.362124, 0.362128, 0.637872
30.3996, -0.0597531, 0.0939246, 0.361912, 0.361916, 0.638084
30.4035, -0.0624274, 0.0869153, 0.361695, 0.361699, 0.638301
30.4075, -0.0650453, 0.079906, 0.361473, 0.361478, 0.638522
30.4114, -0.0676088, 0.0728967, 0.361247, 0.361252, 0.638748
30.4154, -0.07012, 0.0658874, 0.361016, 0.361021, 0.638979
30.4193, -0.0725806, 0.0588781, 0.360781, 0.360786, 0.639214
30.4232, -0.0749924, 0.0518688, 0.360541, 0.360546, 0.639454
30.4272, -0.0773571, 0.0448595, 0.360297, 0.360302, 0.639698
30.4311, -0.0796761, 0.0378502, 0.360049, 0.360054, 0.639946
30.435, -0.081951, 0.0308409, 0.359796, 0.359801, 0.640199
30.439, -0.0841664, 0.0238316, 0.35954, 0.359545, 0.640455
30.4429, -0.0862023, 0.0168223, 0.35928, 0.359285, 0.640715
30.4469, -0.0881979, 0.00981301, 0.359015, 0.359021, 0.640979
30.4508, -0.0901546, 0.00280372, 0.358748, 0.358753, 0.641247
30.4547, -0.0920733, -0.00420558, 0.358476, 0.358482, 0.641518
30.4587, -0.0939553, -0.0112149, 0.358201, 0.358207, 0.641793
30.4626, -0.0958015, -0.0182242, 0.357923, 0.357928, 0.642072
30.4665, -0.097613, -0.0252335, 0.357641, 0.357647, 0.642353
30.4705, -0.0993907, -0.0322428, 0.357356, 0.357362, 0.642638
30.4744, -0.101135, -0.0392521, 0.357068, 0.357074, 0.642926
30.4783, -0.102848, -0.0462614, 0.356777, 0.356783, 0.643217
30.4823, -0.10453, -0.0532706, 0.356483, 0.356489, 0.643511
30.4862, -0.106181, -0.0602799, 0.356186, 0.356192, 0.643808
30.4902, -0.107802, -0.0672892, 0.355887, 0.355893, 0.644107
30.4941, -0.109395, -0.0742985, 0.355585, 0.355591, 0.644409
30.498, -0.110959, -0.0813078, 0.35528, 0.355286, 0.644714
30.502, -0.112496, -0.0883171, 0.354973, 0.354979, 0.645021
30.5059, -0.114006, -0.0953264, 0.354664, 0.35467, 0.64533
30.5098, -0.11549, -0.102336, 0.354353, 0.354359, 0.645641
30.5138, -0.116948, -0.109345, 0.354039, 0.354045, 0.645955
30.5177, -0.118382, -0.116354, 0.353724, 0.35373, 0.64627
30.5217, -0.11979, -0.123364, 0.353407, 0.353413, 0.646587
30.5256, -0.121176, -0.130373, 0.353088, 0.353094, 0.646906
30.5295, -0.122537, -0.137382, 0.352767, 0.352773, 0.647227
30.5335, -0.123876, -0.144391, 0.352445, 0.352451, 0.647549
30.5374, -0.12519, -0.151401, 0.352122, 0.352129, 0.647871
30.5413, -0.126481, -0.15841, 0.351799, 0.351805, 0.648195
30.5453, -0.127748, -0.165419, 0.351474, 0.351481, 0.648519
30.5492, -0.128992, -0.172429, 0.35115, 0.351156, 0.648844
30.5531, -0.130214, -0.179438, 0.350825, 0.350831, 0.649169
30.5571, -0.131414, -0.186447, 0.3505, 0.350506, 0.649494
30.561, -0.132593, -0.193457, 0.350175, 0.350181, 0.649819
30.565, -0.13375, -0.200466, 0.34985, 0.349856, 0.650144
30.5689, -0.134888, -0.207475, 0.349525, 0.349532, 0.650468
30.5728, -0.136005, -0.214484, 0.349201, 0.349207, 0.650793
30.5768, -0.137103, -0.221494, 0.348877, 0.348883, 0.651117
30.5807, -0.138182, -0.228503, 0.348554, 0.34856, 0.65144
30.5846, -0.139242, -0.235512, 0.348231, 0.348238, 0.651762
30.5886, -0.140285, -0.242522, 0.34791, 0.347916, 0.652084
30.5925, -0.141309, -0.249531, 0.347589, 0.347596, 0.652404
30.5965, -0.142316, -0.25654, 0.34727, 0.347276, 0.652724
30.6004, -0.143306, -0.26355, 0.346952, 0.346959, 0.653041
30.6043, -0.144279, -0.270559, 0.346636, 0.346642, 0.653358
30.6083, -0.145237, -0.277568, 0.346321, 0.346327, 0.653673
30.6122, -0.146178, -0.284577, 0.346008, 0.346014, 0.653986
30.6161, -0.147104, -0.291587, 0.345697, 0.345703, 0.654297
30.6201, -0.148015, -0.298596, 0.345387, 0.345394, 0.654606
30.624, -0.148911, -0.305605, 0.345081, 0.345087, 0.654913
30.628, -0.149793, -0.312615, 0.344776, 0.344782, 0.655218
30.6319, -0.150661, -0.319624, 0.344474, 0.34448, 0.65552
30.6358, -0.151515, -0.326633, 0.344174, 0.34418, 0.65582
30.6398, -0.152355, -0.333642, 0.343877, 0.343883, 0.656117
30.6437, -0.153183, -0.340652, 0.343583, 0.343589, 0.656411
30.6476, -0.153998, -0.347661, 0.343293, 0.343298, 0.656702
30.6516, -0.154801, -0.35467, 0.343005, 0.343011, 0.656989
30.6555, -0.155592, -0.36168, 0.342721, 0.342726, 0.657274
30.6594, -0.156371, -0.368689, 0.34244, 0.342446, 0.657554
30.6634, -0.157138, -0.375698, 0.342163, 0.342168, 0.657832
30.6673, -0.157895, -0.382708, 0.34189, 0.341895, 0.658105
30.6713, -0.158641, -0.389717, 0.341621, 0.341626, 0.658374
30.6752, -0.159376, -0.396726, 0.341355, 0.341361, 0.658639
30.6791, -0.160101, -0.403735, 0.341095, 0.3411, 0.6589
30.6831, -0.160816, -0.410745, 0.340839, 0.340844, 0.659156
30.687, -0.161522, -0.417754, 0.340587, 0.340592, 0.659408
30.6909, -0.162218, -0.424763, 0.34034, 0.340345, 0.659655
30.6949, -0.162906, -0.431773, 0.340099, 0.340103, 0.659897
30.6988, -0.163585, -0.438782, 0.339862, 0.339867, 0.660133
30.7028, -0.164255, -0.445791, 0.339631, 0.339636, 0.660364
30.7067, -0.164918, -0.452801, 0.339405, 0.33941, 0.66059
30.7106, -0.165572, -0.45981, 0.339186, 0.33919, 0.66081
30.7146, -0.166219, -0.466819, 0.338972, 0.338976, 0.661024
30.7185, -0.166859, -0.473828, 0.338764, 0.338768, 0.661232
30.7224, -0.167492, -0.480838, 0.338563, 0.338567, 0.661433
30.7264, -0.168118, -0.487847, 0.338369, 0.338372, 0.661628
30.7303, -0.168738, -0.494856, 0.338181, 0.338185, 0.661815
30.7343, -0.169352, -0.501866, 0.338, 0.338004, 0.661996
30.7382, -0.169961, -0.508875, 0.337827, 0.33783, 0.66217
30.7421, -0.170563, -0.515884, 0.337661, 0.337664, 0.662336
30.7461, -0.171161, -0.522893, 0.337503, 0.337506, 0.662494
30.75, -0.169102, -0.52794, 0.337376, 0.337376, 0.662624
30.7531, -0.152065, -0.520931, 0.337376, 0.337376, 0.662624
30.7563, -0.137558, -0.513922, 0.337375, 0.337375, 0.662625
30.7594, -0.124882, -0.506912, 0.337371, 0.337371, 0.662629
30.7626, -0.113607, -0.499903, 0.337364, 0.337365, 0.662635
30.7657, -0.103511, -0.492894, 0.337353, 0.337354, 0.662646
30.7689, -0.0943595, -0.485884, 0.337337, 0.337337, 0.662663
30.772, -0.0859674, -0.478875, 0.337316, 0.337316, 0.662684
30.7752, -0.0782017, -0.471866, 0.337288, 0.337289, 0.662711
30.7783, -0.0709635, -0.464856, 0.337255, 0.337256, 0.662744
30.7814, -0.064177, -0.457847, 0.337215, 0.337216, 0.662784
30.7846, -0.0577827, -0.450838, 0.337169, 0.33717, 0.66283
30.7877, -0.0517326, -0.443829, 0.337117, 0.337118, 0.662882
30.7909, -0.0459879, -0.436819, 0.337058, 0.337059, 0.662941
30.794, -0.040516, -0.42981, 0.336992, 0.336994, 0.663006
30.7972, -0.03529, -0.422801, 0.33692, 0.336922, 0.663078
30.8003, -0.0302867, -0.415791, 0.336841, 0.336843, 0.663157
30.8035, -0.0254865, -0.408782, 0.336756, 0.336758, 0.663242
30.8066, -0.0208724, -0.401773, 0.336664, 0.336666, 0.663334
30.8097, -0.0164295, -0.394764, 0.336566, 0.336568, 0.663432
30.8129, -0.0121448, -0.387754, 0.336462, 0.336464, 0.663536
30.816, -0.00800701, -0.380745, 0.336351, 0.336353, 0.663647
30.8192, -0.00400583, -0.373736, 0.336233, 0.336236, 0.663764
30.8223, -0.000132252, -0.366726, 0.33611, 0.336112, 0.663888
30.8255, 0.00362185, -0.359717, 0.33598, 0.335983, 0.664017
30.8286, 0.00726377, -0.352708, 0.335844, 0.335847, 0.664153
30.8318, 0.0108001, -0.345698, 0.335703, 0.335706, 0.664294
30.8349, 0.0142368, -0.338689, 0.335555, 0.335558, 0.664442
30.8381, 0.0175794, -0.33168, 0.335401, 0.335405, 0.664595
30.8412, 0.0208328, -0.324671, 0.335242, 0.335245, 0.664755
30.8443, 0.0240015, -0.317661, 0.335077, 0.335081, 0.664919
30.8475, 0.0270898, -0.310652, 0.334907, 0.33491, 0.66509
30.8506, 0.0301014, -0.303643, 0.33473, 0.334734, 0.665266
30.8538, 0.03304, -0.296633, 0.334549, 0.334553, 0.665447
30.8569, 0.0359088, -0.289624, 0.334362, 0.334366, 0.665634
30.8601, 0.0387108, -0.282615, 0.33417, 0.334174, 0.665826
30.8632, 0.041449, -0.275606, 0.333973, 0.333977, 0.666023
30.8664, 0.0441259, -0.268596, 0.33377, 0.333775, 0.666225
30.8695, 0.0467439, -0.261587, 0.333563, 0.333567, 0.666433
30.8726, 0.0493055, -0.254578, 0.333351, 0.333355, 0.666645
30.8758, 0.0518128, -0.247568, 0.333134, 0.333138, 0.666862
30.8789, 0.0542677, -0.240559, 0.332912, 0.332917, 0.667083
30.8821, 0.0566722, -0.23355, 0.332686, 0.332691, 0.667309
30.8852, 0.0590281, -0.22654, 0.332455, 0.33246, 0.66754
30.8884, 0.061337, -0.219531, 0.33222, 0.332225, 0.667775
30.8915, 0.0636006, -0.212522, 0.33198, 0.331985, 0.668015
30.8947, 0.0658203, -0.205513, 0.331737, 0.331742, 0.668258
30.8978, 0.0679976, -0.198503, 0.331489, 0.331494, 0.668506
30.9009, 0.0701337, -0.191494, 0.331237, 0.331242, 0.668758
30.9041, 0.0721237, -0.184485, 0.330981, 0.330986, 0.669014
30.9072, 0.0740267, -0.177475, 0.330721, 0.330726, 0.669274
30.9104, 0.0758922, -0.170466, 0.330457, 0.330462, 0.669538
30.9135, 0.0777214, -0.163457, 0.33019, 0.330195, 0.669805
30.9167, 0.0795153, -0.156447, 0.329919, 0.329924, 0.670076
30.9198, 0.081275, -0.149438, 0.329644, 0.32965, 0.67035
30.923, 0.0830012, -0.142429, 0.329366, 0.329372, 0.670628
30.9261, 0.0846951, -0.13542, 0.329085, 0.329091, 0.670909
30.9292, 0.0863574, -0.12841, 0.328801, 0.328806, 0.671194
30.9324, 0.0879889, -0.121401, 0.328513, 0.328519, 0.671481
30.9355, 0.0895906, -0.114392, 0.328222, 0.328228, 0.671772
30.9387, 0.0911631, -0.107382, 0.327929, 0.327935, 0.672065
30.9418, 0.0927071, -0.100373, 0.327632, 0.327638, 0.672362
30.945, 0.0942235, -0.0933638, 0.327333, 0.327339, 0.672661
30.9481, 0.0957129, -0.0863545, 0.327031, 0.327038, 0.672962
30.9513, 0.0971758, -0.0793452, 0.326727, 0.326733, 0.673267
30.9544, 0.0986131, -0.0723359, 0.32642, 0.326426, 0.673574
30.9575, 0.100025, -0.0653266, 0.326111, 0.326117, 0.673883
30.9607, 0.101413, -0.0583173, 0.3258, 0.325806, 0.674194
30.9638, 0.102777, -0.051308, 0.325486, 0.325492, 0.674508
30.967, 0.104117, -0.0442987, 0.32517, 0.325177, 0.674823
30.9701, 0.105434, -0.0372895, 0.324853, 0.324859, 0.675141
30.9733, 0.106729, -0.0302802, 0.324533, 0.32454, 0.67546
30.9764, 0.108002, -0.0232709, 0.324212, 0.324219, 0.675781
30.9796, 0.109254, -0.0162616, 0.323889, 0.323896, 0.676104
30.9827, 0.110485, -0.00925227, 0.323565, 0.323571, 0.676429
30.9858, 0.111695, -0.00224297, 0.323239, 0.323245, 0.676755
30.989, 0.112886, 0.00476632, 0.322912, 0.322918, 0.677082
30.9921, 0.114056, 0.0117756, 0.322583, 0.32259, 0.67741
30.9953, 0.115205, 0.0187849, 0.322254, 0.322261, 0.677739
30.9984, 0.116334, 0.0257942, 0.321925, 0.321932, 0.678068
31.0016, 0.117443, 0.0328035, 0.321595, 0.321602, 0.678398
31.0047, 0.118532, 0.0398128, 0.321265, 0.321272, 0.678728
31.0079, 0.119602, 0.0468221, 0.320935, 0.320942, 0.679058
31.011, 0.120653, 0.0538314, 0.320606, 0.320612, 0.679388
31.0142, 0.121685, 0.0608407, 0.320276, 0.320282, 0.679718
31.0173, 0.1227, 0.06785, 0.319946, 0.319953, 0.680047
31.0204, 0.123697, 0.0748593, 0.319617, 0.319624, 0.680376
31.0236, 0.124676, 0.0818686, 0.319289, 0.319295, 0.680705
31.0267, 0.125639, 0.0888779, 0.318961, 0.318968, 0.681032
31.0299, 0.126585, 0.0958872, 0.318634, 0.318641, 0.681359
31.033, 0.127516, 0.102896, 0.318308, 0.318314, 0.681686
31.0362, 0.12843, 0.109906, 0.317983, 0.317989, 0.682011
31.0393, 0.129329, 0.116915, 0.317659, 0.317666, 0.682334
31.0425, 0.130213, 0.123924, 0.317337, 0.317343, 0.682657
31.0456, 0.131082, 0.130934, 0.317016, 0.317022, 0.682978
31.0487, 0.131937, 0.137943, 0.316696, 0.316702, 0.683298
31.0519, 0.132778, 0.144952, 0.316378, 0.316385, 0.683615
31.055, 0.133605, 0.151962, 0.316062, 0.316069, 0.683931
31.0582, 0.134419, 0.158971, 0.315748, 0.315755, 0.684245
31.0613, 0.13522, 0.16598, 0.315436, 0.315443, 0.684557
31.0645, 0.136007, 0.172989, 0.315127, 0.315133, 0.684867
31.0676, 0.136783, 0.179999, 0.31482, 0.314826, 0.685174
31.0708, 0.137546, 0.187008, 0.314515, 0.314521, 0.685479
31.0739, 0.138297, 0.194017, 0.314213, 0.314219, 0.685781
31.077, 0.139037, 0.201027, 0.313913, 0.313919, 0.686081
31.0802, 0.139765, 0.208036, 0.313617, 0.313623, 0.686377
31.0833, 0.140483, 0.215045, 0.313323, 0.313329, 0.686671
31.0865, 0.141189, 0.222054, 0.313033, 0.313039, 0.686961
31.0896, 0.141886, 0.229064, 0.312746, 0.312752, 0.687248
31.0928, 0.142572, 0.236073, 0.312463, 0.312468, 0.687532
31.0959, 0.143248, 0.243082, 0.312183, 0.312188, 0.687812
31.0991, 0.143915, 0.250092, 0.311907, 0.311912, 0.688088
31.1022, 0.144572, 0.257101, 0.311635, 0.31164, 0.68836
31.1053, 0.14522, 0.26411, 0.311367, 0.311372, 0.688628
31.1085, 0.145859, 0.27112, 0.311103, 0.311108, 0.688892
31.1116, 0.14649, 0.278129, 0.310843, 0.310849, 0.689151
31.1148, 0.147113, 0.285138, 0.310589, 0.310594, 0.689406
31.1179, 0.147727, 0.292147, 0.310338, 0.310343, 0.689657
31.1211, 0.148334, 0.299157, 0.310093, 0.310098, 0.689902
31.1242, 0.148933, 0.306166, 0.309853, 0.309857, 0.690143
31.1274, 0.149525, 0.313175, 0.309618, 0.309622, 0.690378
31.1305, 0.150111, 0.320185, 0.309388, 0.309393, 0.690607
31.1336, 0.150689, 0.327194, 0.309164, 0.309168, 0.690832
31.1368, 0.151261, 0.334203, 0.308946, 0.30895, 0.69105
31.1399, 0.151827, 0.341213, 0.308733, 0.308737, 0.691263
31.1431, 0.152387, 0.348222, 0.308527, 0.308531, 0.691469
31.1462, 0.152941, 0.355231, 0.308327, 0.308331, 0.691669
31.1494, 0.153489, 0.36224, 0.308133, 0.308137, 0.691863
31.1525, 0.154033, 0.36925, 0.307947, 0.30795, 0.69205
31.1557, 0.154572, 0.376259, 0.307767, 0.307771, 0.692229
31.1588, 0.155106, 0.383268, 0.307595, 0.307598, 0.692402
31.1619, 0.155635, 0.390278, 0.307429, 0.307433, 0.692567
31.1651, 0.156161, 0.397287, 0.307272, 0.307275, 0.692725
31.1682, 0.156683, 0.404296, 0.307122, 0.307125, 0.692875
31.1714, 0.157201, 0.411305, 0.306981, 0.306983, 0.693017
31.1745, 0.157716, 0.418315, 0.306848, 0.30685, 0.69315
31.1777, 0.158228, 0.425324, 0.306723, 0.306726, 0.693274
31.1808, 0.158737, 0.432333, 0.306608, 0.30661, 0.69339
31.184, 0.159244, 0.439343, 0.306501, 0.306503, 0.693497
31.1871, 0.159749, 0.446352, 0.306405, 0.306406, 0.693594
31.1903, 0.160252, 0.453361, 0.306318, 0.306319, 0.693681
31.1934, 0.160753, 0.460371, 0.306241, 0.306242, 0.693758
31.1965, 0.161253, 0.46738, 0.306174, 0.306176, 0.693824
31.1997, 0.161753, 0.474389, 0.306119, 0.30612, 0.69388
31.2028, 0.162251, 0.481398, 0.306075, 0.306075, 0.693925
31.206, 0.16275, 0.488408, 0.306042, 0.306042, 0.693958
31.2091, 0.163248, 0.495417, 0.306021, 0.306021, 0.693979
31.2123, 0.163747, 0.502426, 0.306013, 0.306013, 0.693987
31.2154, 0.164261, 0.509436, 0.306039, 0.306038, 0.693962
31.2186, 0.164819, 0.516445, 0.306139, 0.306136, 0.693864
31.2217, 0.165419, 0.523454, 0.306311, 0.306307, 0.693693
31.2248, 0.16606, 0.530464, 0.306554, 0.306548, 0.693452
31.228, 0.166739, 0.537473, 0.306867, 0.30686, 0.69314
31.2311, 0.167457, 0.544482, 0.307249, 0.307241, 0.692759
31.2343, 0.168211, 0.551491, 0.307698, 0.307688, 0.692312
31.2374, 0.169, 0.558501, 0.308212, 0.308201, 0.691799
31.2406, 0.169822, 0.56551, 0.308791, 0.308778, 0.691222
31.2437, 0.170677, 0.572519, 0.309431, 0.309418, 0.690582
31.2469, 0.171564, 0.579529, 0.310133, 0.310118, 0.689882
31.25, 0.157826, 0.574202, 0.310206, 0.310206, 0.689794
31.2533, 0.141843, 0.567192, 0.310205, 0.310205, 0.689795
31.2565, 0.126167, 0.560183, 0.3102, 0.3102, 0.6898
31.2598, 0.111281, 0.553174, 0.310187, 0.310188, 0.689812
31.2631, 0.0975575, 0.546164, 0.310164, 0.310164, 0.689836
31.2663, 0.0851758, 0.539155, 0.310125, 0.310126, 0.689874
31.2696, 0.0740161, 0.532146, 0.31007, 0.310071, 0.689929
31.2729, 0.0639282, 0.525136, 0.309995, 0.309996, 0.690004
31.2761, 0.0547645, 0.518127, 0.3099, 0.309902, 0.690098
31.2794, 0.0463929, 0.511118, 0.309784, 0.309787, 0.690213
31.2827, 0.0387003, 0.504109, 0.309648, 0.309651, 0.690349
31.2859, 0.031592, 0.497099, 0.309492, 0.309495, 0.690505
31.2892, 0.0249896, 0.49009, 0.309316, 0.309319, 0.690681
31.2925, 0.018828, 0.483081, 0.30912, 0.309124, 0.690876
31.2958, 0.0130535, 0.476071, 0.308905, 0.30891, 0.69109
31.299, 0.00762093, 0.469062, 0.308673, 0.308678, 0.691322
31.3023, 0.00249268, 0.462053, 0.308422, 0.308428, 0.691572
31.3056, -0.00236312, 0.455043, 0.308155, 0.308161, 0.691839
31.3088, -0.00697358, 0.448034, 0.307871, 0.307877, 0.692123
31.3121, -0.0113619, 0.441025, 0.307572, 0.307578, 0.692422
31.3154, -0.015548, 0.434016, 0.307256, 0.307263, 0.692737
31.3186, -0.0195492, 0.427006, 0.306926, 0.306933, 0.693067
31.3219, -0.0233806, 0.419997, 0.306582, 0.306589, 0.693411
31.3252, -0.0270556, 0.412988, 0.306224, 0.306231, 0.693769
31.3284, -0.0305856, 0.405978, 0.305853, 0.30586, 0.69414
31.3317, -0.0339812, 0.398969, 0.305468, 0.305476, 0.694524
31.335, -0.0372514, 0.39196, 0.305071, 0.305079, 0.694921
31.3382, -0.0404045, 0.384951, 0.304663, 0.304671, 0.695329
31.3415, -0.043448, 0.377941, 0.304242, 0.304251, 0.695749
31.3448, -0.0463884, 0.370932, 0.303811, 0.303819, 0.696181
31.348, -0.0492318, 0.363923, 0.303368, 0.303377, 0.696623
31.3513, -0.0519836, 0.356913, 0.302916, 0.302925, 0.697075
31.3546, -0.0546489, 0.349904, 0.302453, 0.302462, 0.697538
31.3578, -0.0572322, 0.342895, 0.301981, 0.30199, 0.69801
31.3611, -0.0597376, 0.335885, 0.301499, 0.301509, 0.698491
31.3644, -0.0621691, 0.328876, 0.301009, 0.301019, 0.698981
31.3676, -0.0645301, 0.321867, 0.30051, 0.30052, 0.69948
31.3709, -0.0668239, 0.314858, 0.300003, 0.300013, 0.699987
31.3742, -0.0690535, 0.307848, 0.299488, 0.299498, 0.700502
31.3775, -0.0712217, 0.300839, 0.298966, 0.298976, 0.701024
31.3807, -0.0733313, 0.29383, 0.298436, 0.298447, 0.701553
31.384, -0.0753845, 0.28682, 0.297899, 0.29791, 0.70209
31.3873, -0.0773837, 0.279811, 0.297356, 0.297367, 0.702633
31.3905, -0.079331, 0.272802, 0.296807, 0.296818, 0.703182
31.3938, -0.0812285, 0.265792, 0.296252, 0.296263, 0.703737
31.3971, -0.083078, 0.258783, 0.295691, 0.295702, 0.704298
31.4003, -0.0848813, 0.251774, 0.295125, 0.295136, 0.704864
31.4036, -0.0866401, 0.244765, 0.294553, 0.294565, 0.705435
31.4069, -0.0882897, 0.237755, 0.293977, 0.293989, 0.706011
31.4101, -0.0898094, 0.230746, 0.293397, 0.293409, 0.706591
31.4134, -0.091289, 0.223737, 0.292813, 0.292824, 0.707176
31.4167, -0.09273, 0.216727, 0.292224, 0.292236, 0.707764
31.4199, -0.0941336, 0.209718, 0.291633, 0.291644, 0.708356
31.4232, -0.0955011, 0.202709, 0.291038, 0.291049, 0.708951
31.4265, -0.0968337, 0.1957, 0.29044, 0.290452, 0.709548
31.4297, -0.0981325, 0.18869, 0.289839, 0.289851, 0.710149
31.433, -0.0993985, 0.181681, 0.289236, 0.289248, 0.710752
31.4363, -0.100633, 0.174672, 0.288631, 0.288643, 0.711357
31.4395, -0.101836, 0.167662, 0.288025, 0.288037, 0.711963
31.4428, -0.103009, 0.160653, 0.287417, 0.287429, 0.712571
31.4461, -0.10415, 0.153644, 0.28681, 0.286822, 0.713178
31.4493, -0.105261, 0.146634, 0.286203, 0.286215, 0.713785
31.4526, -0.106343, 0.139625, 0.285597, 0.285609, 0.714391
31.4559, -0.107397, 0.132616, 0.284992, 0.285004, 0.714996
31.4592, -0.108424, 0.125607, 0.284388, 0.284401, 0.715599
31.4624, -0.109424, 0.118597, 0.283787, 0.283799, 0.716201
31.4657, -0.110399, 0.111588, 0.283187, 0.283199, 0.716801
31.469, -0.111349, 0.104579, 0.282589, 0.282601, 0.717399
31.4722, -0.112275, 0.0975694, 0.281995, 0.282007, 0.717993
31.4755, -0.113178, 0.0905601, 0.281403, 0.281415, 0.718585
31.4788, -0.114059, 0.0835508, 0.280814, 0.280826, 0.719174
31.482, -0.114918, 0.0765415, 0.28023, 0.280241, 0.719759
31.4853, -0.115756, 0.0695322, 0.279649, 0.27966, 0.72034
31.4886, -0.116573, 0.0625229, 0.279072, 0.279084, 0.720916
31.4918, -0.117372, 0.0555136, 0.2785, 0.278512, 0.721488
31.4951, -0.118151, 0.0485043, 0.277933, 0.277945, 0.722055
31.4984, -0.118913, 0.041495, 0.277371, 0.277383, 0.722617
31.5016, -0.119656, 0.0344857, 0.276815, 0.276826, 0.723174
31.5049, -0.120383, 0.0274764, 0.276265, 0.276276, 0.723724
31.5082, -0.121094, 0.0204671, 0.27572, 0.275731, 0.724269
31.5114, -0.121789, 0.0134578, 0.275183, 0.275193, 0.724807
31.5147, -0.122468, 0.00644855, 0.274652, 0.274662, 0.725338
31.518, -0.123134, -0.000560744, 0.274128, 0.274138, 0.725862
31.5212, -0.123785, -0.00757004, 0.273611, 0.273622, 0.726378
31.5245, -0.124423, -0.0145793, 0.273103, 0.273113, 0.726887
31.5278, -0.125049, -0.0215886, 0.272602, 0.272612, 0.727388
31.531, -0.125662, -0.0285979, 0.27211, 0.27212, 0.72788
31.5343, -0.126263, -0.0356072, 0.271627, 0.271637, 0.728363
31.5376, -0.126854, -0.0426165, 0.271153, 0.271163, 0.728837
31.5408, -0.127434, -0.0496258, 0.270689, 0.270698, 0.729302
31.5441, -0.128004, -0.0566351, 0.270234, 0.270243, 0.729757
31.5474, -0.128564, -0.0636444, 0.26979, 0.269799, 0.730201
31.5507, -0.129116, -0.0706537, 0.269357, 0.269365, 0.730635
31.5539, -0.129659, -0.077663, 0.268934, 0.268942, 0.731058
31.5572, -0.130194, -0.0846723, 0.268523, 0.268531, 0.731469
31.5605, -0.130721, -0.0916816, 0.268123, 0.268131, 0.731869
31.5637, -0.131242, -0.0986909, 0.267736, 0.267744, 0.732256
31.567, -0.131757, -0.1057, 0.267362, 0.267369, 0.732631
31.5703, -0.132266, -0.112709, 0.267, 0.267007, 0.732993
31.5735, -0.132769, -0.119719, 0.266652, 0.266659, 0.733341
31.5768, -0.133268, -0.126728, 0.266318, 0.266325, 0.733675
31.5801, -0.133762, -0.133737, 0.265999, 0.266005, 0.733995
31.5833, -0.134253, -0.140747, 0.265694, 0.2657, 0.7343
31.5866, -0.134741, -0.147756, 0.265405, 0.265411, 0.734589
31.5899, -0.135226, -0.154765, 0.265132, 0.265138, 0.734862
31.5931, -0.135709, -0.161775, 0.264876, 0.264881, 0.735119
31.5964, -0.136191, -0.168784, 0.264636, 0.264641, 0.735359
31.5997, -0.136672, -0.175793, 0.264415, 0.264419, 0.735581
31.6029, -0.137153, -0.182802, 0.264211, 0.264215, 0.735785
31.6062, -0.137633, -0.189812, 0.264027, 0.26403, 0.73597
31.6095, -0.138115, -0.196821, 0.263862, 0.263865, 0.736135
31.6127, -0.138598, -0.20383, 0.263718, 0.26372, 0.73628
31.616, -0.139083, -0.21084, 0.263594, 0.263596, 0.736404
31.6193, -0.139572, -0.217849, 0.263493, 0.263494, 0.736506
31.6225, -0.140063, -0.224858, 0.263414, 0.263415, 0.736585
31.6258, -0.140559, -0.231868, 0.263358, 0.263359, 0.736641
31.6291, -0.141059, -0.238877, 0.263327, 0.263328, 0.736672
31.6324, -0.141566, -0.245886, 0.263324, 0.263323, 0.736677
31.6356, -0.142093, -0.252895, 0.263383, 0.263381, 0.736619
31.6389, -0.142645, -0.259905, 0.263514, 0.26351, 0.73649
31.6422, -0.14322, -0.266914, 0.263713, 0.263709, 0.736291
31.6454, -0.143819, -0.273923, 0.263978, 0.263973, 0.736027
31.6487, -0.14444, -0.280933, 0.264306, 0.264299, 0.735701
31.652, -0.145082, -0.287942, 0.264692, 0.264684, 0.735316
31.6552, -0.145746, -0.294951, 0.265136, 0.265126, 0.734874
31.6585, -0.14643, -0.30196, 0.265633, 0.265622, 0.734378
31.6618, -0.147134, -0.30897, 0.266182, 0.26617, 0.73383
31.665, -0.147857, -0.315979, 0.26678, 0.266768, 0.733232
31.6683, -0.148599, -0.322988, 0.267426, 0.267412, 0.732588
31.6716, -0.149358, -0.329998, 0.268117, 0.268103, 0.731897
31.6748, -0.150135, -0.337007, 0.268852, 0.268837, 0.731163
31.6781, -0.150929, -0.344016, 0.269629, 0.269613, 0.730387
31.6814, -0.151739, -0.351026, 0.270446, 0.270429, 0.729571
31.6846, -0.152565, -0.358035, 0.271302, 0.271284, 0.728716
31.6879, -0.153407, -0.365044, 0.272195, 0.272176, 0.727824
31.6912, -0.154263, -0.372053, 0.273123, 0.273104, 0.726896
31.6944, -0.155134, -0.379063, 0.274086, 0.274066, 0.725934
31.6977, -0.156019, -0.386072, 0.275081, 0.275061, 0.724939
31.701, -0.156917, -0.393081, 0.276109, 0.276088, 0.723912
31.7042, -0.157832, -0.400091, 0.277167, 0.277146, 0.722854
31.7075, -0.158763, -0.4071, 0.278257, 0.278234, 0.721766
31.7108, -0.159711, -0.414109, 0.279376, 0.279353, 0.720647
31.7141, -0.160675, -0.421118, 0.280525, 0.280502, 0.719498
31.7173, -0.161655, -0.428128, 0.281703, 0.281679, 0.718321
31.7206, -0.16265, -0.435137, 0.282909, 0.282885, 0.717115
31.7239, -0.16366, -0.442146, 0.284143, 0.284118, 0.715882
31.7271, -0.164684, -0.449156, 0.285404, 0.285378, 0.714622
31.7304, -0.165724, -0.456165, 0.286692, 0.286666, 0.713334
31.7337, -0.166777, -0.463174, 0.288005, 0.287979, 0.712021
31.7369, -0.167844, -0.470184, 0.289345, 0.289318, 0.710682
31.7402, -0.168925, -0.477193, 0.290709, 0.290682, 0.709318
31.7435, -0.170019, -0.484202, 0.292098, 0.29207, 0.70793
31.7467, -0.171127, -0.491211, 0.293511, 0.293482, 0.706518
31.75, -0.165439, -0.491211, 0.294197, 0.294197, 0.705803
31.7524, -0.152537, -0.484202, 0.294195, 0.294195, 0.705805
31.7547, -0.139452, -0.477193, 0.294186, 0.294186, 0.705814
31.7571, -0.126572, -0.470184, 0.294164, 0.294165, 0.705835
31.7595, -0.114224, -0.463174, 0.294125, 0.294126, 0.705874
31.7618, -0.10263, -0.456165, 0.294059, 0.294061, 0.705939
31.7642, -0.0919591, -0.449156, 0.293963, 0.293965, 0.706035
31.7666, -0.082236, -0.442146, 0.293833, 0.293836, 0.706164
31.769, -0.073359, -0.435137, 0.293666, 0.29367, 0.70633
31.7713, -0.0652251, -0.428128, 0.293463, 0.293467, 0.706533
31.7737, -0.0577394, -0.421118, 0.293221, 0.293227, 0.706773
31.7761, -0.0508182, -0.414109, 0.292944, 0.292949, 0.707051
31.7784, -0.0443894, -0.4071, 0.29263, 0.292636, 0.707364
31.7808, -0.038392, -0.400091, 0.292281, 0.292288, 0.707712
31.7832, -0.0327747, -0.393081, 0.291898, 0.291906, 0.708094
31.7855, -0.0274939, -0.386072, 0.291482, 0.291491, 0.708509
31.7879, -0.0225132, -0.379063, 0.291035, 0.291044, 0.708956
31.7903, -0.0178013, -0.372053, 0.290557, 0.290567, 0.709433
31.7927, -0.0133318, -0.365044, 0.290051, 0.290061, 0.709939
31.795, -0.00908199, -0.358035, 0.289516, 0.289527, 0.710473
31.7974, -0.00503218, -0.351026, 0.288954, 0.288965, 0.711035
31.7998, -0.00116543, -0.344016, 0.288366, 0.288378, 0.711622
31.8021, 0.00253304, -0.337007, 0.287753, 0.287765, 0.712235
31.8045, 0.00607621, -0.329998, 0.287115, 0.287128, 0.712872
31.8069, 0.00947548, -0.322988, 0.286455, 0.286468, 0.713532
31.8092, 0.012741, -0.315979, 0.285772, 0.285786, 0.714214
31.8116, 0.0158816, -0.30897, 0.285068, 0.285082, 0.714918
31.814, 0.0189055, -0.30196, 0.284342, 0.284357, 0.715643
31.8164, 0.0218197, -0.294951, 0.283597, 0.283612, 0.716388
31.8187, 0.0246308, -0.287942, 0.282833, 0.282848, 0.717152
31.8211, 0.0273446, -0.280933, 0.28205, 0.282066, 0.717934
31.8235, 0.0299664, -0.273923, 0.281249, 0.281265, 0.718735
31.8258, 0.032501, -0.266914, 0.280431, 0.280448, 0.719552
31.8282, 0.0349529, -0.259905, 0.279597, 0.279614, 0.720386
31.8306, 0.037326, -0.252895, 0.278746, 0.278764, 0.721236
31.8329, 0.0396241, -0.245886, 0.277881, 0.277898, 0.722102
31.8353, 0.0418506, -0.238877, 0.277001, 0.277018, 0.722982
31.8377, 0.0440087, -0.231868, 0.276106, 0.276124, 0.723876
31.84, 0.0461013, -0.224858, 0.275199, 0.275217, 0.724783
31.8424, 0.048131, -0.217849, 0.274278, 0.274297, 0.725703
31.8448, 0.0501005, -0.21084, 0.273345, 0.273364, 0.726636
31.8472, 0.0520121, -0.20383, 0.2724, 0.272419, 0.727581
31.8495, 0.053868, -0.196821, 0.271444, 0.271463, 0.728537
31.8519, 0.0556702, -0.189812, 0.270477, 0.270496, 0.729504
31.8543, 0.0574208, -0.182802, 0.2695, 0.269519, 0.730481
31.8566, 0.0591215, -0.175793, 0.268512, 0.268532, 0.731468
31.859, 0.0607741, -0.168784, 0.267516, 0.267536, 0.732464
31.8614, 0.0623802, -0.161775, 0.266511, 0.266531, 0.733469
31.8637, 0.063934, -0.154765, 0.265497, 0.265517, 0.734483
31.8661, 0.0652969, -0.147756, 0.264475, 0.264496, 0.735504
31.8685, 0.0666178, -0.140747, 0.263446, 0.263467, 0.736533
31.8709, 0.0678978, -0.133737, 0.26241, 0.262431, 0.737569
31.8732, 0.0691384, -0.126728, 0.261368, 0.261389, 0.738611
31.8756, 0.0703407, -0.119719, 0.260319, 0.26034, 0.73966
31.878, 0.0715059, -0.112709, 0.259265, 0.259286, 0.740714
31.8803, 0.0726351, -0.1057, 0.258206, 0.258227, 0.741773
31.8827, 0.0737293, -0.0986909, 0.257141, 0.257163, 0.742837
31.8851, 0.0747897, -0.0916816, 0.256073, 0.256094, 0.743906
31.8874, 0.075817, -0.0846723, 0.255, 0.255022, 0.744978
31.8898, 0.0768124, -0.077663, 0.253924, 0.253946, 0.746054
31.8922, 0.0777767, -0.0706537, 0.252845, 0.252867, 0.747133
31.8945, 0.0787108, -0.0636444, 0.251763, 0.251785, 0.748215
31.8969, 0.0796155, -0.0566351, 0.250679, 0.250701, 0.749299
31.8993, 0.0804918, -0.0496258, 0.249593, 0.249615, 0.750385
31.9017, 0.0813403, -0.0426165, 0.248506, 0.248528, 0.751472
31.904, 0.0821619, -0.0356072, 0.247418, 0.247439, 0.752561
31.9064, 0.0829573, -0.0285979, 0.246328, 0.24635, 0.75365
31.9088, 0.0837273, -0.0215886, 0.245239, 0.245261, 0.754739
31.9111, 0.0844726, -0.0145793, 0.24415, 0.244172, 0.755828
31.9135, 0.0851939, -0.00757004, 0.243062, 0.243083, 0.756917
31.9159, 0.0858919, -0.000560744, 0.241974, 0.241996, 0.758004
31.9182, 0.086567, 0.00644855, 0.240888, 0.24091, 0.75909
31.9206, 0.087219, 0.0134578, 0.239806, 0.239828, 0.760172
31.923, 0.0878486, 0.0204671, 0.238729, 0.23875, 0.76125
31.9254, 0.0884565, 0.0274764, 0.237655, 0.237677, 0.762323
31.9277, 0.0890435, 0.0344857, 0.236587, 0.236609, 0.763391
31.9301, 0.0896102, 0.041495, 0.235525, 0.235546, 0.764454
31.9325, 0.0901573, 0.0485043, 0.234468, 0.234489, 0.765511
31.9348, 0.0906854, 0.0555136, 0.233417, 0.233438, 0.766562
31.9372, 0.0911953, 0.0625229, 0.232373, 0.232394, 0.767606
31.9396, 0.0916875, 0.0695322, 0.231337, 0.231357, 0.768643
31.9419, 0.0921627, 0.0765415, 0.230307, 0.230328, 0.769672
31.9443, 0.0926215, 0.0835508, 0.229286, 0.229306, 0.770694
31.9467, 0.0930646, 0.0905601, 0.228273, 0.228293, 0.771707
31.9491, 0.0934925, 0.0975694, 0.227269, 0.227289, 0.772711
31.9514, 0.0939059, 0.104579, 0.226274, 0.226294, 0.773706
31.9538, 0.0943052, 0.111588, 0.225289, 0.225308, 0.774692
31.9562, 0.0946912, 0.118597, 0.224313, 0.224332, 0.775668
31.9585, 0.0950644, 0.125607, 0.223348, 0.223367, 0.776633
31.9609, 0.0954254, 0.132616, 0.222393, 0.222412, 0.777588
31.9633, 0.0957747, 0.139625, 0.22145, 0.221469, 0.778531
31.9656, 0.0961128, 0.146634, 0.220518, 0.220537, 0.779463
31.968, 0.0964405, 0.153644, 0.219599, 0.219617, 0.780383
31.9704, 0.0967581, 0.160653, 0.218691, 0.218709, 0.781291
31.9727, 0.0970662, 0.167662, 0.217796, 0.217814, 0.782186
31.9751, 0.0973654, 0.174672, 0.216915, 0.216932, 0.783068
31.9775, 0.0976563, 0.181681, 0.216047, 0.216064, 0.783936
31.9799, 0.0979392, 0.18869, 0.215193, 0.21521, 0.78479
31.9822, 0.0982149, 0.1957, 0.214353, 0.21437, 0.78563
31.9846, 0.0984838, 0.202709, 0.213528, 0.213545, 0.786455
31.987, 0.0987464, 0.209718, 0.212719, 0.212735, 0.787265
31.9893, 0.0990033, 0.216727, 0.211925, 0.21194, 0.78806
31.9917, 0.099255, 0.223737, 0.211147, 0.211162, 0.788838
31.9941, 0.099502, 0.230746, 0.210385, 0.2104, 0.7896
31.9964, 0.0997449, 0.237755, 0.209641, 0.209656, 0.790344
31.9988, 0.0999841, 0.244765, 0.208914, 0.208928, 0.791072
32.0012, 0.10022, 0.251774, 0.208205, 0.208219, 0.791781
32.0036, 0.100454, 0.258783, 0.207514, 0.207528, 0.792472
32.0059, 0.100686, 0.265792, 0.206843, 0.206856, 0.793144
32.0083, 0.100916, 0.272802, 0.20619, 0.206203, 0.793797
32.0107, 0.101145, 0.279811, 0.205558, 0.20557, 0.79443
32.013, 0.101374, 0.28682, 0.204946, 0.204958, 0.795042
32.0154, 0.101603, 0.29383, 0.204355, 0.204366, 0.795634
32.0178, 0.101832, 0.300839, 0.203785, 0.203796, 0.796204
32.0201, 0.102063, 0.307848, 0.203238, 0.203249, 0.796751
32.0225, 0.102296, 0.314858, 0.202713, 0.202723, 0.797277
32.0249, 0.102531, 0.321867, 0.202212, 0.202222, 0.797778
32.0273, 0.10277, 0.328876, 0.201735, 0.201744, 0.798256
32.0296, 0.103012, 0.335885, 0.201282, 0.201291, 0.798709
32.032, 0.103258, 0.342895, 0.200855, 0.200863, 0.799137
32.0344, 0.103509, 0.349904, 0.200453, 0.200461, 0.799539
32.0367, 0.103766, 0.356913, 0.200079, 0.200086, 0.799914
32.0391, 0.104028, 0.363923, 0.199732, 0.199739, 0.800261
32.0415, 0.104298, 0.370932, 0.199414, 0.19942, 0.80058
32.0438, 0.104575, 0.377941, 0.199125, 0.19913, 0.80087
32.0462, 0.104861, 0.384951, 0.198866, 0.198871, 0.801129
32.0486, 0.105156, 0.39196, 0.198638, 0.198642, 0.801358
32.0509, 0.10546, 0.398969, 0.198442, 0.198446, 0.801554
32.0533, 0.105775, 0.405978, 0.19828, 0.198283, 0.801717
32.0557, 0.106101, 0.412988, 0.198152, 0.198154, 0.801846
32.0581, 0.10644, 0.419997, 0.198059, 0.19806, 0.80194
32.0604, 0.106791, 0.427006, 0.198002, 0.198003, 0.801997
32.0628, 0.107157, 0.434016, 0.197983, 0.197983, 0.802017
32.0652, 0.10754, 0.441025, 0.198013, 0.198012, 0.801988
32.0675, 0.107944, 0.448034, 0.198097, 0.198095, 0.801905
32.0699, 0.108368, 0.455043, 0.198233, 0.19823, 0.80177
32.0723, 0.108811, 0.462053, 0.19842, 0.198415, 0.801585
32.0746, 0.109272, 0.469062, 0.198653, 0.198648, 0.801352
32.077, 0.109751, 0.476071, 0.198932, 0.198926, 0.801074
32.0794, 0.110247, 0.483081, 0.199254, 0.199247, 0.800753
32.0818, 0.110759, 0.49009, 0.199617, 0.199609, 0.800391
32.0841, 0.111287, 0.497099, 0.200019, 0.20001, 0.79999
32.0865, 0.11183, 0.504109, 0.200458, 0.200449, 0.799551
32.0889, 0.112387, 0.511118, 0.200933, 0.200924, 0.799076
32.0912, 0.112958, 0.518127, 0.201443, 0.201432, 0.798568
32.0936, 0.113542, 0.525136, 0.201984, 0.201973, 0.798027
32.096, 0.11414, 0.532146, 0.202557, 0.202545, 0.797455
32.0983, 0.114749, 0.539155, 0.203159, 0.203147, 0.796853
32.1007, 0.115371, 0.546164, 0.20379, 0.203777, 0.796223
32.1031, 0.116004, 0.553174, 0.204448, 0.204434, 0.795566
32.1055, 0.116647, 0.560183, 0.205131, 0.205117, 0.794883
32.1078, 0.117302, 0.567192, 0.205839, 0.205824, 0.794176
32.1102, 0.117966, 0.574202, 0.20657, 0.206555, 0.793445
32.1126, 0.11864, 0.581211, 0.207324, 0.207309, 0.792691
32.1149, 0.119324, 0.58822, 0.208101, 0.208085, 0.791915
32.1173, 0.120019, 0.595229, 0.208903, 0.208887, 0.791113
32.1197, 0.120726, 0.602239, 0.20973, 0.209713, 0.790287
32.122, 0.121443, 0.609248, 0.21058, 0.210563, 0.789437
32.1244, 0.122171, 0.616257, 0.211453, 0.211436, 0.788564
32.1268, 0.122909, 0.623267, 0.212349, 0.212331, 0.787669
32.1291, 0.123658, 0.630276, 0.213267, 0.213248, 0.786752
32.1315, 0.124417, 0.637285, 0.214205, 0.214186, 0.785814
32.1339, 0.125186, 0.644294, 0.215165, 0.215145, 0.784855
32.1363, 0.125964, 0.651304, 0.216144, 0.216125, 0.783875
32.1386, 0.126751, 0.658313, 0.217143, 0.217123, 0.782877
32.141, 0.127548, 0.665322, 0.218161, 0.21814, 0.78186
32.1434, 0.128354, 0.672332, 0.219197, 0.219176, 0.780824
32.1457, 0.129168, 0.679341, 0.22025, 0.220229, 0.779771
32.1481, 0.12999, 0.68635, 0.221321, 0.221299, 0.778701
32.1505, 0.130821, 0.69336, 0.222407, 0.222386, 0.777614
32.1528, 0.131659, 0.700369, 0.22351, 0.223488, 0.776512
32.1552, 0.132505, 0.707378, 0.224628, 0.224605, 0.775395
32.1576, 0.133358, 0.714387, 0.22576, 0.225737, 0.774263
32.16, 0.134218, 0.721397, 0.226906, 0.226883, 0.773117
32.1623, 0.135086, 0.728406, 0.228066, 0.228043, 0.771957
32.1647, 0.135959, 0.735415, 0.22924, 0.229216, 0.770784
32.1671, 0.136839, 0.742425, 0.230425, 0.230402, 0.769598
32.1694, 0.137726, 0.749434, 0.231623, 0.231599, 0.768401
32.1718, 0.138618, 0.756443, 0.232833, 0.232809, 0.767191
32.1742, 0.139516, 0.763452, 0.234055, 0.23403, 0.76597
32.1765, 0.140422, 0.770462, 0.235289, 0.235264, 0.764736
32.1789, 0.141334, 0.777471, 0.236535, 0.23651, 0.76349
32.1813, 0.142254, 0.78448, 0.237794, 0.237769, 0.762231
32.1836, 0.143181, 0.79149, 0.239065, 0.23904, 0.76096
32.186, 0.144115, 0.798499, 0.240348, 0.240323, 0.759677
32.1884, 0.145057, 0.805508, 0.241644, 0.241618, 0.758382
32.1908, 0.146005, 0.812518, 0.242951, 0.242924, 0.757076
32.1931, 0.14696, 0.819527, 0.244269, 0.244243, 0.755757
32.1955, 0.147921, 0.826536, 0.245599, 0.245572, 0.754428
32.1979, 0.14889, 0.833545, 0.24694, 0.246913, 0.753087
32.2002, 0.149865, 0.840555, 0.248293, 0.248266, 0.751734
32.2026, 0.150847, 0.847564, 0.249657, 0.249629, 0.750371
32.205, 0.151835, 0.854573, 0.251031, 0.251004, 0.748996
32.2073, 0.152829, 0.861583, 0.252416, 0.252389, 0.747611
32.2097, 0.15383, 0.868592, 0.253812, 0.253784, 0.746216
32.2121, 0.154837, 0.875601, 0.255219, 0.255191, 0.744809
32.2145, 0.155851, 0.882611, 0.256636, 0.256607, 0.743393
32.2168, 0.156871, 0.88962, 0.258063, 0.258034, 0.741966
32.2192, 0.157896, 0.896629, 0.259501, 0.259472, 0.740528
32.2216, 0.158928, 0.903638, 0.260948, 0.260919, 0.739081
32.2239, 0.159966, 0.910648, 0.262406, 0.262376, 0.737624
32.2263, 0.16101, 0.917657, 0.263873, 0.263843, 0.736157
32.2287, 0.16206, 0.924666, 0.26535, 0.26532, 0.73468
32.231, 0.163115, 0.931676, 0.266837, 0.266807, 0.733193
32.2334, 0.164177, 0.938685, 0.268333, 0.268303, 0.731697
32.2358, 0.165244, 0.945694, 0.269839, 0.269809, 0.730191
32.2382, 0.166317, 0.952703, 0.271354, 0.271324, 0.728676
32.2405, 0.167395, 0.959713, 0.272879, 0.272848, 0.727152
32.2429, 0.168479, 0.966722, 0.274412, 0.274381, 0.725619
32.2453, 0.169569, 0.973731, 0.275955, 0.275924, 0.724076
32.2476, 0.170664, 0.980741, 0.277507, 0.277476, 0.722524
32.25, 0.170921, 0.986628, 0.27891, 0.27891, 0.72109
32.2515, 0.161115, 0.979619, 0.278905, 0.278905, 0.721095
32.2531, 0.150954, 0.97261, 0.278876, 0.278877, 0.721123
32.2546, 0.140689, 0.965601, 0.278812, 0.278813, 0.721187
32.2562, 0.13056, 0.958591, 0.278697, 0.2787, 0.7213
32.2577, 0.120767, 0.951582, 0.278517, 0.278522, 0.721478
32.2592, 0.111451, 0.944573, 0.278258, 0.278264, 0.721736
32.2608, 0.102687, 0.937563, 0.277908, 0.277916, 0.722084
32.2623, 0.0945014, 0.930554, 0.277463, 0.277473, 0.722527
32.2638, 0.0869285, 0.923545, 0.276922, 0.276934, 0.723066
32.2654, 0.0799234, 0.916536, 0.276288, 0.276302, 0.723698
32.2669, 0.0734201, 0.909526, 0.275563, 0.275579, 0.724421
32.2685, 0.0673598, 0.902517, 0.274751, 0.274768, 0.725232
32.27, 0.0616916, 0.895508, 0.273854, 0.273873, 0.726127
32.2715, 0.0563718, 0.888498, 0.272877, 0.272897, 0.727103
32.2731, 0.051363, 0.881489, 0.271823, 0.271845, 0.728155
32.2746, 0.0466334, 0.87448, 0.270697, 0.27072, 0.72928
32.2762, 0.0421558, 0.86747, 0.269501, 0.269525, 0.730475
32.2777, 0.037907, 0.860461, 0.268239, 0.268265, 0.731735
32.2792, 0.0338668, 0.853452, 0.266915, 0.266942, 0.733058
32.2808, 0.0300181, 0.846443, 0.26553, 0.265559, 0.734441
32.2823, 0.0263458, 0.839433, 0.26409, 0.264119, 0.735881
32.2838, 0.0228369, 0.832424, 0.262595, 0.262626, 0.737374
32.2854, 0.0194798, 0.825415, 0.261049, 0.261081, 0.738919
32.2869, 0.0162645, 0.818405, 0.259455, 0.259487, 0.740513
32.2885, 0.0131819, 0.811396, 0.257814, 0.257848, 0.742152
32.29, 0.0102242, 0.804387, 0.25613, 0.256164, 0.743836
32.2915, 0.0073841, 0.797377, 0.254403, 0.254438, 0.745562
32.2931, 0.00465528, 0.790368, 0.252637, 0.252673, 0.747327
32.2946, 0.00203195, 0.783359, 0.250833, 0.25087, 0.74913
32.2962, -0.000491121, 0.77635, 0.248994, 0.249031, 0.750969
32.2977, -0.00291868, 0.76934, 0.24712, 0.247158, 0.752842
32.2992, -0.00525508, 0.762331, 0.245215, 0.245253, 0.754747
32.3008, -0.00750429, 0.755322, 0.243279, 0.243318, 0.756682
32.3023, -0.00966997, 0.748312, 0.241315, 0.241354, 0.758646
32.3038, -0.0117555, 0.741303, 0.239323, 0.239363, 0.760637
32.3054, -0.013764, 0.734294, 0.237306, 0.237347, 0.762653
32.3069, -0.0156984, 0.727285, 0.235266, 0.235307, 0.764693
32.3085, -0.0175614, 0.720275, 0.233203, 0.233244, 0.766756
32.31, -0.0193555, 0.713266, 0.231118, 0.23116, 0.76884
32.3115, -0.0210831, 0.706257, 0.229015, 0.229057, 0.770943
32.3131, -0.0227464, 0.699247, 0.226893, 0.226936, 0.773064
32.3146, -0.0243475, 0.692238, 0.224754, 0.224797, 0.775203
32.3162, -0.0258884, 0.685229, 0.2226, 0.222643, 0.777357
32.3177, -0.0273711, 0.678219, 0.220432, 0.220475, 0.779525
32.3192, -0.0287972, 0.67121, 0.21825, 0.218294, 0.781706
32.3208, -0.0301685, 0.664201, 0.216057, 0.216101, 0.783899
32.3223, -0.0314866, 0.657192, 0.213853, 0.213897, 0.786103
32.3238, -0.0327531, 0.650182, 0.211639, 0.211684, 0.788316
32.3254, -0.0338723, 0.643173, 0.209418, 0.209462, 0.790538
32.3269, -0.0348852, 0.636164, 0.207188, 0.207233, 0.792767
32.3285, -0.0358507, 0.629154, 0.204953, 0.204998, 0.795002
32.33, -0.0367702, 0.622145, 0.202713, 0.202758, 0.797242
32.3315, -0.037645, 0.615136, 0.200468, 0.200513, 0.799487
32.3331, -0.0384764, 0.608126, 0.198221, 0.198266, 0.801734
32.3346, -0.0392654, 0.601117, 0.195971, 0.196016, 0.803984
32.3362, -0.0400133, 0.594108, 0.19372, 0.193765, 0.806235
32.3377, -0.0407213, 0.587099, 0.191469, 0.191514, 0.808486
32.3392, -0.0413903, 0.580089, 0.189219, 0.189264, 0.810736
32.3408, -0.0420216, 0.57308, 0.186971, 0.187016, 0.812984
32.3423, -0.0426161, 0.566071, 0.184725, 0.18477, 0.81523
32.3438, -0.0431748, 0.559061, 0.182483, 0.182528, 0.817472
32.3454, -0.0436988, 0.552052, 0.180245, 0.180289, 0.819711
32.3469, -0.0441891, 0.545043, 0.178012, 0.178057, 0.821943
32.3485, -0.0446465, 0.538034, 0.175785, 0.17583, 0.82417
32.35, -0.0450721, 0.531024, 0.173565, 0.17361, 0.82639
32.3515, -0.0454668, 0.524015, 0.171353, 0.171397, 0.828603
32.3531, -0.0458314, 0.517006, 0.169149, 0.169193, 0.830807
32.3546, -0.0461668, 0.509996, 0.166954, 0.166998, 0.833002
32.3562, -0.046474, 0.502987, 0.16477, 0.164813, 0.835187
32.3577, -0.0467538, 0.495978, 0.162595, 0.162639, 0.837361
32.3592, -0.047007, 0.488968, 0.160433, 0.160476, 0.839524
32.3608, -0.0472344, 0.481959, 0.158282, 0.158325, 0.841675
32.3623, -0.047437, 0.47495, 0.156144, 0.156187, 0.843813
32.3638, -0.0476155, 0.467941, 0.15402, 0.154062, 0.845938
32.3654, -0.0477707, 0.460931, 0.151909, 0.151952, 0.848048
32.3669, -0.0479034, 0.453922, 0.149814, 0.149856, 0.850144
32.3685, -0.0480145, 0.446913, 0.147734, 0.147776, 0.852224
32.37, -0.0481046, 0.439903, 0.14567, 0.145711, 0.854289
32.3715, -0.0481745, 0.432894, 0.143623, 0.143664, 0.856336
32.3731, -0.0482251, 0.425885, 0.141593, 0.141634, 0.858366
32.3746, -0.0482571, 0.418876, 0.139581, 0.139622, 0.860378
32.3762, -0.0482711, 0.411866, 0.137588, 0.137628, 0.862372
32.3777, -0.0482681, 0.404857, 0.135614, 0.135653, 0.864347
32.3792, -0.0482486, 0.397848, 0.13366, 0.133699, 0.866301
32.3808, -0.0482135, 0.390838, 0.131726, 0.131764, 0.868236
32.3823, -0.0481634, 0.383829, 0.129812, 0.12985, 0.87015
32.3838, -0.0480991, 0.37682, 0.127921, 0.127959, 0.872041
32.3854, -0.0480215, 0.36981, 0.126055, 0.126092, 0.873908
32.3869, -0.0479314, 0.362801, 0.124215, 0.124252, 0.875748
32.3885, -0.0478295, 0.355792, 0.122402, 0.122438, 0.877562
32.39, -0.0477166, 0.348783, 0.120615, 0.120651, 0.879349
32.3915, -0.0475935, 0.341773, 0.118856, 0.118891, 0.881109
32.3931, -0.047461, 0.334764, 0.117125, 0.117159, 0.882841
32.3946, -0.0473197, 0.327755, 0.115422, 0.115456, 0.884544
32.3962, -0.0471705, 0.320745, 0.113748, 0.113781, 0.886219
32.3977, -0.047014, 0.313736, 0.112103, 0.112136, 0.887864
32.3992, -0.0468511, 0.306727, 0.110488, 0.11052, 0.88948
32.4008, -0.0466846, 0.299717, 0.10891, 0.108941, 0.891059
32.4023, -0.0465222, 0.292708, 0.107386, 0.107416, 0.892584
32.4038, -0.0463646, 0.285699, 0.105916, 0.105945, 0.894055
32.4054, -0.0462119, 0.27869, 0.104499, 0.104527, 0.895473
32.4069, -0.0460642, 0.27168, 0.103133, 0.10316, 0.89684
32.4085, -0.0459217, 0.264671, 0.101816, 0.101842, 0.898158
32.41, -0.0457844, 0.257662, 0.100547, 0.100572, 0.899428
32.4115, -0.0456525, 0.250652, 0.0993241, 0.0993481, 0.900652
32.4131, -0.0455262, 0.243643, 0.0981464, 0.0981696, 0.90183
32.4146, -0.0454056, 0.236634, 0.0970126, 0.0970349, 0.902965
32.4162, -0.0452907, 0.229625, 0.0959215, 0.095943, 0.904057
32.4177, -0.0451818, 0.222615, 0.0948721, 0.0948927, 0.905107
32.4192, -0.0450791, 0.215606, 0.0938634, 0.0938832, 0.906117
32.4208, -0.0449826, 0.208597, 0.0928945, 0.0929135, 0.907087
32.4223, -0.0448926, 0.201587, 0.0919645, 0.0919827, 0.908017
32.4238, -0.0448093, 0.194578, 0.0910726, 0.0910901, 0.90891
32.4254, -0.0447328, 0.187569, 0.0902182, 0.0902349, 0.909765
32.4269, -0.0446633, 0.180559, 0.0894006, 0.0894166, 0.910583
32.4285, -0.0446011, 0.17355, 0.0886193, 0.0886345, 0.911365
32.43, -0.0445464, 0.166541, 0.0878736, 0.0878882, 0.912112
32.4315, -0.0444995, 0.159532, 0.0871634, 0.0871772, 0.912823
32.4331, -0.0444606, 0.152522, 0.086488, 0.0865012, 0.913499
32.4346, -0.04443, 0.145513, 0.0858473, 0.0858598, 0.91414
32.4362, -0.044408, 0.138504, 0.085241, 0.0852528, 0.914747
32.4377, -0.0443949, 0.131494, 0.084669, 0.0846801, 0.91532
32.4392, -0.0443912, 0.124485, 0.0841312, 0.0841416, 0.915858
32.4408, -0.0443971, 0.117476, 0.0836276, 0.0836374, 0.916363
32.4423, -0.0444132, 0.110467, 0.0831583, 0.0831673, 0.916833
32.4438, -0.0444397, 0.103457, 0.0827234, 0.0827317, 0.917268
32.4454, -0.0444773, 0.0964479, 0.0823232, 0.0823308, 0.917669
32.4469, -0.0445264, 0.0894386, 0.081958, 0.0819649, 0.918035
32.4485, -0.0445877, 0.0824293, 0.0816283, 0.0816345, 0.918365
32.45, -0.0446616, 0.07542, 0.0813346, 0.0813401, 0.91866
32.4515, -0.0447489, 0.0684107, 0.0810776, 0.0810824, 0.918918
32.4531, -0.0448503, 0.0614014, 0.0808581, 0.0808621, 0.919138
32.4546, -0.0449666, 0.0543921, 0.080677, 0.0806803, 0.91932
32.4562, -0.0450987, 0.0473828, 0.0805353, 0.0805378, 0.919462
32.4577, -0.0452474, 0.0403735, 0.0804343, 0.0804359, 0.919564
32.4592, -0.0454138, 0.0333642, 0.0803753, 0.0803761, 0.919624
32.4608, -0.0455989, 0.026355, 0.0803598, 0.0803597, 0.91964
32.4623, -0.0458017, 0.0193457, 0.0803858, 0.0803849, 0.919615
32.4638, -0.0460202, 0.0123364, 0.0804494, 0.0804478, 0.919552
32.4654, -0.0462534, 0.00532706, 0.0805482, 0.0805459, 0.919454
32.4669, -0.0465003, -0.00168223, 0.0806797, 0.0806768, 0.919323
32.4685, -0.0467602, -0.00869153, 0.0808417, 0.0808382, 0.919162
32.47, -0.0470323, -0.0157008, 0.0810323, 0.0810282, 0.918972
32.4715, -0.0473157, -0.0227101, 0.0812494, 0.0812448, 0.918755
32.4731, -0.0476098, -0.0297194, 0.0814913, 0.0814862, 0.918514
32.4746, -0.0479139, -0.0367287, 0.0817563, 0.0817508, 0.918249
32.4762, -0.0482274, -0.043738, 0.082043, 0.0820371, 0.917963
32.4777, -0.0485497, -0.0507473, 0.0823498, 0.0823435, 0.917657
32.4792, -0.0488802, -0.0577566, 0.0826754, 0.0826687, 0.917331
32.4808, -0.0492184, -0.0647659, 0.0830186, 0.0830116, 0.916988
32.4823, -0.0495638, -0.0717752, 0.0833782, 0.0833709, 0.916629
32.4838, -0.049916, -0.0787845, 0.0837531, 0.0837455, 0.916255
32.4854, -0.0502745, -0.0857938, 0.0841423, 0.0841344, 0.915866
32.4869, -0.0506388, -0.0928031, 0.0845448, 0.0845366, 0.915463
32.4885, -0.0510087, -0.0998124, 0.0849597, 0.0849513, 0.915049
32.49, -0.0513838, -0.106822, 0.0853862, 0.0853775, 0.914622
32.4915, -0.0517636, -0.113831, 0.0858235, 0.0858146, 0.914185
32.4931, -0.0521479, -0.12084, 0.0862708, 0.0862618, 0.913738
32.4946, -0.0525363, -0.12785, 0.0867276, 0.0867184, 0.913282
32.4962, -0.0529286, -0.134859, 0.087193, 0.0871837, 0.912816
32.4977, -0.0533245, -0.141868, 0.0876666, 0.0876571, 0.912343
32.4992, -0.0537238, -0.148877, 0.0881477, 0.0881381, 0.911862
32.5008, -0.0541261, -0.155887, 0.0886359, 0.0886261, 0.911374
32.5023, -0.0545312, -0.162896, 0.0891305, 0.0891206, 0.910879
32.5038, -0.054939, -0.169905, 0.0896312, 0.0896212, 0.910379
32.5054, -0.0553492, -0.176915, 0.0901375, 0.0901274, 0.909873
32.5069, -0.0557617, -0.183924, 0.090649, 0.0906387, 0.909361
32.5085, -0.0561761, -0.190933, 0.0911653, 0.0911549, 0.908845
32.51, -0.0565925, -0.197943, 0.091686, 0.0916755, 0.908324
32.5115, -0.0570105, -0.204952, 0.0922107, 0.0922002, 0.9078
32.5131, -0.0574301, -0.211961, 0.0927392, 0.0927286, 0.907271
32.5146, -0.0578511, -0.21897, 0.0932712, 0.0932605, 0.906739
32.5162, -0.0582734, -0.22598, 0.0938063, 0.0937956, 0.906204
32.5177, -0.0586967, -0.232989, 0.0943444, 0.0943336, 0.905666
32.5192, -0.0591211, -0.239998, 0.094885, 0.0948742, 0.905126
32.5208, -0.0595485, -0.247008, 0.0954319, 0.0954209, 0.904579
32.5223, -0.0599822, -0.254017, 0.0959906, 0.0959793, 0.904021
32.5238, -0.0604222, -0.261026, 0.0965613, 0.0965497, 0.90345
32.5254, -0.0608688, -0.268035, 0.0971439, 0.0971321, 0.902868
32.5269, -0.061322, -0.275045, 0.0977385, 0.0977265, 0.902273
32.5285, -0.0617818, -0.282054, 0.0983453, 0.0983331, 0.901667
32.53, -0.0622483, -0.289063, 0.0989642, 0.0989517, 0.901048
32.5315, -0.0627216, -0.296073, 0.0995953, 0.0995826, 0.900417
32.5331, -0.0632018, -0.303082, 0.100239, 0.100226, 0.899774
32.5346, -0.0636887, -0.310091, 0.100894, 0.100881, 0.899119
32.5362, -0.0641826, -0.317101, 0.101562, 0.101548, 0.898452
32.5377, -0.0646834, -0.32411, 0.102242, 0.102228, 0.897772
32.5392, -0.0651911, -0.331119, 0.102934, 0.10292, 0.89708
32.5408, -0.0657058, -0.338128, 0.103638, 0.103624, 0.896376
32.5423, -0.0662274, -0.345138, 0.104354, 0.104339, 0.895661
32.5438, -0.0667559, -0.352147, 0.105082, 0.105067, 0.894933
32.5454, -0.0672913, -0.359156, 0.105822, 0.105807, 0.894193
32.5469, -0.0678335, -0.366166, 0.106573, 0.106558, 0.893442
32.5485, -0.0683826, -0.373175, 0.107337, 0.107321, 0.892679
32.55, -0.0689384, -0.380184, 0.108111, 0.108096, 0.891904
32.5515, -0.0695009, -0.387193, 0.108898, 0.108882, 0.891118
32.5531, -0.07007, -0.394203, 0.109695, 0.109679, 0.890321
32.5546, -0.0706456, -0.401212, 0.110503, 0.110487, 0.889513
32.5562, -0.0712277, -0.408221, 0.111322, 0.111306, 0.888694
32.5577, -0.0718161, -0.415231, 0.112152, 0.112135, 0.887865
32.5592, -0.0724107, -0.42224, 0.112992, 0.112975, 0.887025
32.5608, -0.0730115, -0.429249, 0.113842, 0.113825, 0.886175
32.5623, -0.0736182, -0.436259, 0.114702, 0.114685, 0.885315
32.5638, -0.0742308, -0.443268, 0.115572, 0.115554, 0.884446
32.5654, -0.0748492, -0.450277, 0.116451, 0.116433, 0.883567
32.5669, -0.0754731, -0.457286, 0.117339, 0.117321, 0.882679
32.5685, -0.0761025, -0.464296, 0.118236, 0.118218, 0.881782
32.57, -0.0767371, -0.471305, 0.119142, 0.119124, 0.880876
32.5715, -0.077377, -0.478314, 0.120056, 0.120038, 0.879962
32.5731, -0.0780218, -0.485324, 0.120979, 0.12096, 0.87904
32.5746, -0.0786715, -0.492333, 0.121909, 0.12189, 0.87811
32.5762, -0.0793259, -0.499342, 0.122847, 0.122828, 0.877172
32.5777, -0.0799848, -0.506352, 0.123792, 0.123773, 0.876227
32.5792, -0.0806481, -0.513361, 0.124744, 0.124725, 0.875275
32.5808, -0.0813157, -0.52037, 0.125703, 0.125683, 0.874317
32.5823, -0.0819873, -0.527379, 0.126668, 0.126649, 0.873351
32.5838, -0.082663, -0.534389, 0.12764, 0.12762, 0.87238
32.5854, -0.0833424, -0.541398, 0.128618, 0.128598, 0.871402
32.5869, -0.0840256, -0.548407, 0.129601, 0.129581, 0.870419
32.5885, -0.0847122, -0.555417, 0.13059, 0.13057, 0.86943
32.59, -0.0854024, -0.562426, 0.131585, 0.131565, 0.868435
32.5915, -0.0860958, -0.569435, 0.132585, 0.132565, 0.867435
32.5931, -0.0867925, -0.576444, 0.133589, 0.133569, 0.866431
32.5946, -0.0874922, -0.583454, 0.134599, 0.134579, 0.865421
32.5962, -0.088195, -0.590463, 0.135613, 0.135593, 0.864407
32.5977, -0.0889007, -0.597472, 0.136632, 0.136612, 0.863388
32.5992, -0.0896092, -0.604482, 0.137655, 0.137635, 0.862365
32.6008, -0.0903205, -0.611491, 0.138683, 0.138662, 0.861338
32.6023, -0.0910344, -0.6185, 0.139714, 0.139694, 0.860306
32.6038, -0.091751, -0.62551, 0.14075, 0.140729, 0.859271
32.6054, -0.0924702, -0.632519, 0.14179, 0.141769, 0.858231
32.6069, -0.0931919, -0.639528, 0.142833, 0.142812, 0.857188
32.6085, -0.0939162, -0.646537, 0.143881, 0.14386, 0.85614
32.61, -0.0946432, -0.653547, 0.144932, 0.144911, 0.855089
32.6115, -0.0953732, -0.660556, 0.145988, 0.145967, 0.854033
32.6131, -0.0961064, -0.667565, 0.147049, 0.147028, 0.852972
32.6146, -0.0968425, -0.674575, 0.148114, 0.148093, 0.851907
32.6162, -0.0975817, -0.681584, 0.149184, 0.149163, 0.850837
32.6177, -0.0983238, -0.688593, 0.150258, 0.150237, 0.849763
32.6192, -0.099069, -0.695603, 0.151337, 0.151315, 0.848685
32.6208, -0.0998171, -0.702612, 0.15242, 0.152398, 0.847602
32.6223, -0.100568, -0.709621, 0.153508, 0.153486, 0.846514
32.6238, -0.101322, -0.71663, 0.154599, 0.154578, 0.845422
32.6254, -0.102079, -0.72364, 0.155696, 0.155674, 0.844326
32.6269, -0.102839, -0.730649, 0.156796, 0.156774, 0.843226
32.6285, -0.103602, -0.737658, 0.157901, 0.157879, 0.842121
32.63, -0.104367, -0.744668, 0.15901, 0.158988, 0.841012
32.6315, -0.105135, -0.751677, 0.160124, 0.160101, 0.839899
32.6331, -0.105907, -0.758686, 0.161241, 0.161219, 0.838781
32.6346, -0.106681, -0.765695, 0.162363, 0.162341, 0.837659
32.6362, -0.107458, -0.772705, 0.163489, 0.163467, 0.836533
32.6377, -0.108237, -0.779714, 0.16462, 0.164597, 0.835403
32.6392, -0.10902, -0.786723, 0.165754, 0.165731, 0.834269
32.6408, -0.109805, -0.793733, 0.166893, 0.16687, 0.83313
32.6423, -0.110593, -0.800742, 0.168035, 0.168012, 0.831988
32.6438, -0.111384, -0.807751, 0.169182, 0.169159, 0.830841
32.6454, -0.112177, -0.814761, 0.170333, 0.17031, 0.82969
32.6469, -0.112974, -0.82177, 0.171488, 0.171465, 0.828535
32.6485, -0.113773, -0.828779, 0.172647, 0.172623, 0.827377
32.65, -0.114574, -0.835788, 0.17381, 0.173786, 0.826214
32.6515, -0.115378, -0.842798, 0.174977, 0.174953, 0.825047
32.6531, -0.116185, -0.849807, 0.176147, 0.176124, 0.823876
32.6546, -0.116995, -0.856816, 0.177322, 0.177299, 0.822701
32.6562, -0.117807, -0.863826, 0.178501, 0.178478, 0.821522
32.6577, -0.118622, -0.870835, 0.179684, 0.17966, 0.82034
32.6592, -0.11944, -0.877844, 0.180871, 0.180847, 0.819153
32.6608, -0.12026, -0.884853, 0.182061, 0.182037, 0.817963
32.6623, -0.121082, -0.891863, 0.183256, 0.183232, 0.816768
32.6638, -0.121908, -0.898872, 0.184454, 0.18443, 0.81557
32.6654, -0.122735, -0.905881, 0.185656, 0.185632, 0.814368
32.6669, -0.123566, -0.912891, 0.186862, 0.186838, 0.813162
32.6685, -0.124399, -0.9199, 0.188072, 0.188047, 0.811953
32.67, -0.125234, -0.926909, 0.189285, 0.189261, 0.810739
32.6715, -0.126072, -0.933919, 0.190502, 0.190478, 0.809522
32.6731, -0.126913, -0.940928, 0.191724, 0.191699, 0.808301
32.6746, -0.127756, -0.947937, 0.192948, 0.192924, 0.807076
32.6762, -0.128601, -0.954946, 0.194177, 0.194152, 0.805848
32.6777, -0.129449, -0.961956, 0.195409, 0.195385, 0.804615
32.6792, -0.130299, -0.968965, 0.196645, 0.19662, 0.80338
32.6808, -0.131152, -0.975974, 0.197885, 0.19786, 0.80214
32.6823, -0.132008, -0.982984, 0.199128, 0.199103, 0.800897
32.6838, -0.132865, -0.989993, 0.200375, 0.20035, 0.79965
32.6854, -0.133725, -0.997002, 0.201626, 0.201601, 0.798399
32.6869, -0.134588, -1.00401, 0.20288, 0.202855, 0.797145
32.6885, -0.135453, -1.01102, 0.204138, 0.204113, 0.795887
32.69, -0.13632, -1.01803, 0.2054, 0.205374, 0.794626
32.6915, -0.13719, -1.02504, 0.206665, 0.206639, 0.793361
32.6931, -0.138062, -1.03205, 0.207933, 0.207908, 0.792092
32.6946, -0.138937, -1.03906, 0.209206, 0.20918, 0.79082
32.6962, -0.139814, -1.04607, 0.210481, 0.210456, 0.789544
32.6977, -0.140693, -1.05308, 0.211761, 0.211735, 0.788265
32.6992, -0.141574, -1.06009, 0.213044, 0.213018, 0.786982
32.7008, -0.142458, -1.0671, 0.21433, 0.214304, 0.785696
32.7023, -0.143344, -1.0741, 0.21562, 0.215594, 0.784406
32.7038, -0.144233, -1.08111, 0.216913, 0.216887, 0.783113
32.7054, -0.145124, -1.08812, 0.21821, 0.218184, 0.781816
32.7069, -0.146017, -1.09513, 0.21951, 0.219484, 0.780516
32.7085, -0.146912, -1.10214, 0.220814, 0.220788, 0.779212
32.71, -0.14781, -1.10915, 0.222121, 0.222095, 0.777905
32.7115, -0.14871, -1.11616, 0.223432, 0.223406, 0.776594
32.7131, -0.149612, -1.12317, 0.224746, 0.22472, 0.77528
32.7146, -0.150516, -1.13018, 0.226064, 0.226037, 0.773963
32.7162, -0.151423, -1.13719, 0.227385, 0.227358, 0.772642
32.7177, -0.152331, -1.1442, 0.228709, 0.228682, 0.771318
32.7192, -0.153242, -1.15121, 0.230037, 0.23001, 0.76999
32.7208, -0.154156, -1.15822, 0.231368, 0.231341, 0.768659
32.7223, -0.155071, -1.16523, 0.232702, 0.232675, 0.767325
32.7238, -0.155989, -1.17223, 0.23404, 0.234013, 0.765987
32.7254, -0.156909, -1.17924, 0.235381, 0.235354, 0.764646
32.7269, -0.157831, -1.18625, 0.236725, 0.236699, 0.763301
32.7285, -0.158755, -1.19326, 0.238073, 0.238046, 0.761954
32.73, -0.159681, -1.20027, 0.239424, 0.239397, 0.760603
32.7315, -0.160609, -1.20728, 0.240779, 0.240752, 0.759248
32.7331, -0.16154, -1.21429, 0.242136, 0.242109, 0.757891
32.7346, -0.162473, -1.2213, 0.243497, 0.24347, 0.75653
32.7362, -0.163408, -1.22831, 0.244862, 0.244834, 0.755166
32.7377, -0.164345, -1.23532, 0.246229, 0.246202, 0.753798
32.7392, -0.165284, -1.24233, 0.2476, 0.247572, 0.752428
32.7408, -0.166225, -1.24934, 0.248974, 0.248946, 0.751054
32.7423, -0.167168, -1.25635, 0.250351, 0.250324, 0.749676
32.7438, -0.168114, -1.26336, 0.251732, 0.251704, 0.748296
32.7454, -0.169061, -1.27036, 0.253115, 0.253088, 0.746912
32.7469, -0.17001, -1.27737, 0.254502, 0.254474, 0.745526
32.7485, -0.170962, -1.28438, 0.255892, 0.255865, 0.744135
32.75, -0.169951, -1.28775, 0.256895, 0.256895, 0.743105
32.751, -0.162995, -1.28074, 0.256837, 0.256839, 0.743161
32.7521, -0.155692, -1.27373, 0.256615, 0.256622, 0.743378
32.7531, -0.148184, -1.26672, 0.256185, 0.256196, 0.743804
32.7542, -0.140606, -1.25971, 0.2555, 0.255516, 0.744484
32.7552, -0.133079, -1.2527, 0.254519, 0.254542, 0.745458
32.7563, -0.125698, -1.24569, 0.253214, 0.253243, 0.746757
32.7573, -0.11853, -1.23868, 0.251564, 0.251601, 0.748399
32.7584, -0.111616, -1.23167, 0.249566, 0.249609, 0.750391
32.7594, -0.104977, -1.22466, 0.247222, 0.247272, 0.752728
32.7605, -0.09862, -1.21765, 0.244547, 0.244603, 0.755397
32.7615, -0.0925414, -1.21065, 0.241557, 0.24162, 0.75838
32.7626, -0.0867336, -1.20364, 0.238275, 0.238343, 0.761657
32.7636, -0.0811863, -1.19663, 0.234721, 0.234795, 0.765205
32.7646, -0.0759079, -1.18962, 0.230936, 0.231014, 0.768986
32.7657, -0.0708918, -1.18261, 0.22695, 0.227032, 0.772968
32.7667, -0.0661184, -1.1756, 0.222782, 0.222867, 0.777133
32.7678, -0.0615712, -1.16859, 0.218452, 0.21854, 0.78146
32.7688, -0.0572361, -1.16158, 0.213977, 0.214068, 0.785932
32.7699, -0.053101, -1.15457, 0.209373, 0.209466, 0.790534
32.7709, -0.0491554, -1.14756, 0.204655, 0.20475, 0.79525
32.772, -0.04539, -1.14055, 0.199838, 0.199935, 0.800065
32.773, -0.0417968, -1.13354, 0.194934, 0.195033, 0.804967
32.7741, -0.0383686, -1.12653, 0.189957, 0.190057, 0.809943
32.7751, -0.0350988, -1.11952, 0.184919, 0.18502, 0.81498
32.7762, -0.0319818, -1.11252, 0.17983, 0.179933, 0.820067
32.7772, -0.0290121, -1.10551, 0.174702, 0.174805, 0.825195
32.7782, -0.0261849, -1.0985, 0.169545, 0.169648, 0.830352
32.7793, -0.0234955, -1.09149, 0.164368, 0.164471, 0.835529
32.7803, -0.0209398, -1.08448, 0.15918, 0.159284, 0.840716
32.7814, -0.0185137, -1.07747, 0.15399, 0.154094, 0.845906
32.7824, -0.0162134, -1.07046, 0.148807, 0.148911, 0.851089
32.7835, -0.0140352, -1.06345, 0.143639, 0.143742, 0.856258
32.7845, -0.0119756, -1.05644, 0.138493, 0.138596, 0.861404
32.7856, -0.0100313, -1.04943, 0.133377, 0.133479, 0.866521
32.7866, -0.00819878, -1.04242, 0.128298, 0.128399, 0.871601
32.7877, -0.00647494, -1.03541, 0.123262, 0.123362, 0.876638
32.7887, -0.00485656, -1.0284, 0.118275, 0.118375, 0.881625
32.7897, -0.00334048, -1.02139, 0.113345, 0.113443, 0.886557
32.7908, -0.0019239, -1.01439, 0.108486, 0.108581, 0.891419
32.7918, -0.000607689, -1.00738, 0.103858, 0.103948, 0.896052
32.7929, 0.000613757, -1.00037, 0.0995009, 0.0995855, 0.900415
32.7939, 0.00174801, -0.993357, 0.0953971, 0.0954768, 0.904523
32.795, 0.00280207, -0.986348, 0.09153, 0.0916051, 0.908395
32.796, 0.00378242, -0.979339, 0.0878842, 0.087955, 0.912045
32.7971, 0.00469501, -0.97233, 0.0844452, 0.0845121, 0.915488
32.7981, 0.00554535, -0.96532, 0.0811997, 0.0812628, 0.918737
32.7992, 0.00633851, -0.958311, 0.078135, 0.0781946, 0.921805
32.8002, 0.00707914, -0.951302, 0.0752396, 0.0752959, 0.924704
32.8013, 0.00764654, -0.944292, 0.0725023, 0.0725556, 0.927444
32.8023, 0.00813985, -0.937283, 0.0699133, 0.0699637, 0.930036
32.8033, 0.00859249, -0.930274, 0.0674631, 0.0675108, 0.932489
32.8044, 0.00900777, -0.923264, 0.065143, 0.0651882, 0.934812
32.8054, 0.00938875, -0.916255, 0.0629448, 0.0629877, 0.937012
32.8065, 0.00973823, -0.909246, 0.0608611, 0.0609017, 0.939098
32.8075, 0.0100588, -0.902237, 0.0588846, 0.0589231, 0.941077
32.8086, 0.0103528, -0.895227, 0.0570089, 0.0570455, 0.942955
32.8096, 0.0106223, -0.888218, 0.0552279, 0.0552626, 0.944737
32.8107, 0.0108695, -0.881209, 0.0535358, 0.0535688, 0.946431
32.8117, 0.0110961, -0.874199, 0.0519273, 0.0519587, 0.948041
32.8128, 0.0113037, -0.86719, 0.0503975, 0.0504274, 0.949573
32.8138, 0.011494, -0.860181, 0.0489418, 0.0489703, 0.95103
32.8149, 0.0116683, -0.853171, 0.047556, 0.047583, 0.952417
32.8159, 0.011828, -0.846162, 0.0462359, 0.0462617, 0.953738
32.8169, 0.0119742, -0.839153, 0.0449779, 0.0450025, 0.954998
32.818, 0.0121081, -0.832144, 0.0437785, 0.0438019, 0.956198
32.819, 0.0122305, -0.825134, 0.0426344, 0.0426568, 0.957343
32.8201, 0.0123426, -0.818125, 0.0415426, 0.0415639, 0.958436
32.8211, 0.0124451, -0.811116, 0.0405002, 0.0405206, 0.959479
32.8222, 0.0125388, -0.804106, 0.0395046, 0.0395241, 0.960476
32.8232, 0.0126245, -0.797097, 0.0385533, 0.0385719, 0.961428
32.8243, 0.0127028, -0.790088, 0.0376439, 0.0376617, 0.962338
32.8253, 0.0127743, -0.783079, 0.0367744, 0.0367914, 0.963209
32.8264, 0.0128397, -0.776069, 0.0359425, 0.0359588, 0.964041
32.8274, 0.0128994, -0.76906, 0.0351465, 0.0351621, 0.964838
32.8285, 0.0129539, -0.762051, 0.0343846, 0.0343995, 0.965601
32.8295, 0.0130038, -0.755041, 0.0336549, 0.0336692, 0.966331
32.8305, 0.0130493, -0.748032, 0.0329561, 0.0329698, 0.96703
32.8316, 0.0130909, -0.741023, 0.0322866, 0.0322997, 0.9677
32.8326, 0.013129, -0.734013, 0.0316449, 0.0316575, 0.968342
32.8337, 0.0131639, -0.727004, 0.0310299, 0.031042, 0.968958
32.8347, 0.0131959, -0.719995, 0.0304403, 0.0304519, 0.969548
32.8358, 0.0132253, -0.712986, 0.0298749, 0.029886, 0.970114
32.8368, 0.0132523, -0.705976, 0.0293327, 0.0293433, 0.970657
32.8379, 0.0132773, -0.698967, 0.0288126, 0.0288228, 0.971177
32.8389, 0.0133004, -0.691958, 0.0283137, 0.0283235, 0.971677
32.84, 0.0133219, -0.684948, 0.0278351, 0.0278445, 0.972156
32.841, 0.0133421, -0.677939, 0.027376, 0.027385, 0.972615
32.8421, 0.013361, -0.67093, 0.0269362, 0.0269448, 0.973055
32.8431, 0.0133788, -0.66392, 0.0265154, 0.0265236, 0.973476
32.8441, 0.0133957, -0.656911, 0.0261128, 0.0261207, 0.973879
32.8452, 0.013412, -0.649902, 0.0257278, 0.0257353, 0.974265
32.8462, 0.0134277, -0.642893, 0.0253595, 0.0253667, 0.974633
32.8473, 0.013443, -0.635883, 0.0250074, 0.0250143, 0.974986
32.8483, 0.0134581, -0.628874, 0.0246709, 0.0246775, 0.975322
32.8494, 0.0134731, -0.621865, 0.0243494, 0.0243557, 0.975644
32.8504, 0.0134881, -0.614855, 0.0240424, 0.0240484, 0.975952
32.8515, 0.0135033, -0.607846, 0.0237495, 0.0237552, 0.976245
32.8525, 0.0135188, -0.600837, 0.02347, 0.0234755, 0.976525
32.8536, 0.0135348, -0.593828, 0.0232038, 0.023209, 0.976791
32.8546, 0.0135513, -0.586818, 0.0229502, 0.0229552, 0.977045
32.8556, 0.0135685, -0.579809, 0.0227092, 0.0227139, 0.977286
32.8567, 0.0135865, -0.5728, 0.0224802, 0.0224847, 0.977515
32.8577, 0.0136055, -0.56579, 0.022263, 0.0222673, 0.977733
32.8588, 0.0136255, -0.558781, 0.0220575, 0.0220615, 0.977939
32.8598, 0.0136468, -0.551772, 0.0218633, 0.0218671, 0.978133
32.8609, 0.0136694, -0.544762, 0.0216803, 0.0216839, 0.978316
32.8619, 0.0136936, -0.537753, 0.0215084, 0.0215117, 0.978488
32.863, 0.0137194, -0.530744, 0.0213474, 0.0213505, 0.978649
32.864, 0.0137471, -0.523735, 0.0211973, 0.0212002, 0.9788
32.8651, 0.0137768, -0.516725, 0.0210581, 0.0210608, 0.978939
32.8661, 0.0138087, -0.509716, 0.0209298, 0.0209322, 0.979068
32.8672, 0.0138431, -0.502707, 0.0208124, 0.0208147, 0.979185
32.8682, 0.0138802, -0.495697, 0.0207062, 0.0207082, 0.979292
32.8692, 0.0139203, -0.488688, 0.0206112, 0.020613, 0.979387
32.8703, 0.0139636, -0.481679, 0.0205277, 0.0205293, 0.979471
32.8713, 0.0140105, -0.47467, 0.0204561, 0.0204574, 0.979543
32.8724, 0.0140613, -0.46766, 0.0203968, 0.0203979, 0.979602
32.8734, 0.0141165, -0.460651, 0.0203503, 0.0203511, 0.979649
32.8745, 0.0141766, -0.453642, 0.0203171, 0.0203176, 0.979682
32.8755, 0.0142421, -0.446632, 0.0202981, 0.0202984, 0.979702
32.8766, 0.0143137, -0.439623, 0.0202946, 0.0202944, 0.979706
32.8776, 0.0143957, -0.432614, 0.0203145, 0.0203139, 0.979686
32.8787, 0.0144888, -0.425604, 0.0203589, 0.0203578, 0.979642
32.8797, 0.0145921, -0.418595, 0.0204255, 0.0204239, 0.979576
32.8808, 0.0147046, -0.411586, 0.020512, 0.0205101, 0.97949
32.8818, 0.0148257, -0.404577, 0.0206168, 0.0206145, 0.979385
32.8828, 0.0149546, -0.397567, 0.0207382, 0.0207356, 0.979264
32.8839, 0.0150909, -0.390558, 0.0208747, 0.0208718, 0.979128
32.8849, 0.0152338, -0.383549, 0.0210251, 0.0210219, 0.978978
32.886, 0.0153829, -0.376539, 0.0211881, 0.0211847, 0.978815
32.887, 0.0155378, -0.36953, 0.0213628, 0.0213592, 0.978641
32.8881, 0.015698, -0.362521, 0.0215481, 0.0215443, 0.978456
32.8891, 0.0158631, -0.355511, 0.0217433, 0.0217393, 0.978261
32.8902, 0.0160327, -0.348502, 0.0219474, 0.0219432, 0.978057
32.8912, 0.0162066, -0.341493, 0.0221597, 0.0221554, 0.977845
32.8923, 0.0163844, -0.334484, 0.0223796, 0.0223751, 0.977625
32.8933, 0.0165658, -0.327474, 0.0226064, 0.0226018, 0.977398
32.8944, 0.0167505, -0.320465, 0.0228395, 0.0228348, 0.977165
32.8954, 0.0169383, -0.313456, 0.0230785, 0.0230736, 0.976926
32.8964, 0.0171289, -0.306446, 0.0233227, 0.0233177, 0.976682
32.8975, 0.0173221, -0.299437, 0.0235717, 0.0235667, 0.976433
32.8985, 0.0175176, -0.292428, 0.0238251, 0.02382, 0.97618
32.8996, 0.0177153, -0.285419, 0.0240825, 0.0240773, 0.975923
32.9006, 0.017915, -0.278409, 0.0243434, 0.0243382, 0.975662
32.9017, 0.0181164, -0.2714, 0.0246076, 0.0246023, 0.975398
32.9027, 0.0183194, -0.264391, 0.0248746, 0.0248693, 0.975131
32.9038, 0.0185238, -0.257381, 0.0251443, 0.0251389, 0.974861
32.9048, 0.0187295, -0.250372, 0.0254162, 0.0254107, 0.974589
32.9059, 0.0189363, -0.243363, 0.0256901, 0.0256846, 0.974315
32.9069, 0.0191441, -0.236353, 0.0259658, 0.0259603, 0.97404
32.9079, 0.0193527, -0.229344, 0.026243, 0.0262374, 0.973763
32.909, 0.0195621, -0.222335, 0.0265215, 0.0265159, 0.973484
32.91, 0.019772, -0.215326, 0.026801, 0.0267954, 0.973205
32.9111, 0.0199825, -0.208316, 0.0270815, 0.0270758, 0.972924
32.9121, 0.0201933, -0.201307, 0.0273626, 0.027357, 0.972643
32.9132, 0.0204044, -0.194298, 0.0276443, 0.0276386, 0.972361
32.9142, 0.0206157, -0.187288, 0.0279263, 0.0279207, 0.972079
32.9153, 0.020827, -0.180279, 0.0282086, 0.0282029, 0.971797
32.9163, 0.0210384, -0.17327, 0.0284909, 0.0284853, 0.971515
32.9174, 0.0212498, -0.16626, 0.0287732, 0.0287676, 0.971232
32.9184, 0.021461, -0.159251, 0.0290554, 0.0290498, 0.97095
32.9195, 0.021672, -0.152242, 0.0293373, 0.0293316, 0.970668
32.9205, 0.0218828, -0.145233, 0.0296188, 0.0296132, 0.970387
32.9215, 0.0220932, -0.138223, 0.0298998, 0.0298942, 0.970106
32.9226, 0.0223032, -0.131214, 0.0301803, 0.0301747, 0.969825
32.9236, 0.0225128, -0.124205, 0.0304602, 0.0304546, 0.969545
32.9247, 0.022722, -0.117195, 0.0307393, 0.0307337, 0.969266
32.9257, 0.0229306, -0.110186, 0.0310177, 0.0310121, 0.968988
32.9268, 0.0231386, -0.103177, 0.0312952, 0.0312897, 0.96871
32.9278, 0.023346, -0.0961675, 0.0315719, 0.0315663, 0.968434
32.9289, 0.0235528, -0.0891582, 0.0318475, 0.031842, 0.968158
32.9299, 0.023759, -0.0821489, 0.0321222, 0.0321167, 0.967883
32.931, 0.0239644, -0.0751397, 0.0323959, 0.0323904, 0.96761
32.932, 0.0241691, -0.0681304, 0.0326685, 0.032663, 0.967337
32.9331, 0.024373, -0.0611211, 0.0329399, 0.0329345, 0.967066
32.9341, 0.0245761, -0.0541118, 0.0332102, 0.0332048, 0.966795
32.9351, 0.0247785, -0.0471025, 0.0334794, 0.033474, 0.966526
32.9362, 0.02498, -0.0400932, 0.0337473, 0.033742, 0.966258
32.9372, 0.0251807, -0.0330839, 0.034014, 0.0340087, 0.965991
32.9383, 0.0253805, -0.0260746, 0.0342795, 0.0342742, 0.965726
32.9393, 0.0255795, -0.0190653, 0.0345437, 0.0345384, 0.965462
32.9404, 0.0257776, -0.012056, 0.0348066, 0.0348014, 0.965199
32.9414, 0.0259748, -0.00504669, 0.0350683, 0.0350631, 0.964937
32.9425, 0.0261716, 0.0019626, 0.0353295, 0.0353243, 0.964676
32.9435, 0.02637, 0.0089719, 0.0355934, 0.0355881, 0.964412
32.9446, 0.0265702, 0.0159812, 0.0358604, 0.0358551, 0.964145
32.9456, 0.0267723, 0.0229905, 0.0361305, 0.0361251, 0.963875
32.9467, 0.0269763, 0.0299998, 0.0364037, 0.0363982, 0.963602
32.9477, 0.0271822, 0.0370091, 0.0366801, 0.0366746, 0.963325
32.9487, 0.02739, 0.0440184, 0.0369597, 0.0369541, 0.963046
32.9498, 0.0275999, 0.0510277, 0.0372425, 0.0372368, 0.962763
32.9508, 0.0278117, 0.058037, 0.0375285, 0.0375227, 0.962477
32.9519, 0.0280255, 0.0650463, 0.0378178, 0.037812, 0.962188
32.9529, 0.0282414, 0.0720556, 0.0381104, 0.0381045, 0.961895
32.954, 0.0284593, 0.0790649, 0.0384064, 0.0384004, 0.9616
32.955, 0.0286794, 0.0860742, 0.0387057, 0.0386997, 0.9613
32.9561, 0.0289015, 0.0930834, 0.0390085, 0.0390024, 0.960998
32.9571, 0.0291258, 0.100093, 0.0393146, 0.0393085, 0.960692
32.9582, 0.0293523, 0.107102, 0.0396243, 0.039618, 0.960382
32.9592, 0.029581, 0.114111, 0.0399374, 0.0399311, 0.960069
32.9603, 0.0298118, 0.121121, 0.040254, 0.0402477, 0.959752
32.9613, 0.030045, 0.12813, 0.0405742, 0.0405678, 0.959432
32.9623, 0.0302803, 0.135139, 0.040898, 0.0408915, 0.959108
32.9634, 0.030518, 0.142149, 0.0412254, 0.0412188, 0.958781
32.9644, 0.030758, 0.149158, 0.0415564, 0.0415498, 0.95845
32.9655, 0.0310003, 0.156167, 0.0418911, 0.0418844, 0.958116
32.9665, 0.0312449, 0.163176, 0.0422295, 0.0422227, 0.957777
32.9676, 0.0314919, 0.170186, 0.0425716, 0.0425647, 0.957435
32.9686, 0.0317413, 0.177195, 0.0429175, 0.0429105, 0.957089
32.9697, 0.0319932, 0.184204, 0.0432671, 0.0432601, 0.95674
32.9707, 0.0322474, 0.191214, 0.0436205, 0.0436134, 0.956387
32.9718, 0.0325042, 0.198223, 0.0439778, 0.0439706, 0.956029
32.9728, 0.0327634, 0.205232, 0.0443389, 0.0443316, 0.955668
32.9738, 0.033025, 0.212241, 0.0447038, 0.0446965, 0.955304
32.9749, 0.0332893, 0.219251, 0.0450727, 0.0450653, 0.954935
32.9759, 0.033556, 0.22626, 0.0454455, 0.045438, 0.954562
32.977, 0.0338253, 0.233269, 0.0458222, 0.0458147, 0.954185
32.978, 0.0340971, 0.240279, 0.0462029, 0.0461953, 0.953805
32.9791, 0.0343716, 0.247288, 0.0465876, 0.0465799, 0.95342
32.9801, 0.0346486, 0.254297, 0.0469763, 0.0469685, 0.953031
32.9812, 0.0349283, 0.261307, 0.0473691, 0.0473612, 0.952639
32.9822, 0.0352106, 0.268316, 0.0477659, 0.0477579, 0.952242
32.9833, 0.0354955, 0.275325, 0.0481668, 0.0481587, 0.951841
32.9843, 0.0357831, 0.282334, 0.0485717, 0.0485636, 0.951436
32.9854, 0.0360734, 0.289344, 0.0489808, 0.0489726, 0.951027
32.9864, 0.0363664, 0.296353, 0.049394, 0.0493857, 0.950614
32.9874, 0.0366621, 0.303362, 0.0498113, 0.0498029, 0.950197
32.9885, 0.0369604, 0.310372, 0.0502328, 0.0502243, 0.949776
32.9895, 0.0372616, 0.317381, 0.0506584, 0.0506499, 0.94935
32.9906, 0.0375654, 0.32439, 0.0510883, 0.0510796, 0.94892
32.9916, 0.037872, 0.3314, 0.0515223, 0.0515136, 0.948486
32.9927, 0.0381814, 0.338409, 0.0519606, 0.0519518, 0.948048
32.9937, 0.0384935, 0.345418, 0.052403, 0.0523942, 0.947606
32.9948, 0.0388084, 0.352427, 0.0528497, 0.0528408, 0.947159
32.9958, 0.0391261, 0.359437, 0.0533007, 0.0532916, 0.946708
32.9969, 0.0394466, 0.366446, 0.0537559, 0.0537467, 0.946253
32.9979, 0.0397699, 0.373455, 0.0542153, 0.0542061, 0.945794
32.999, 0.0400959, 0.380465, 0.054679, 0.0546697, 0.94533
33, 0.0404248, 0.387474, 0.055147, 0.0551376, 0.944862
33.001, 0.0407565, 0.394483, 0.0556192, 0.0556097, 0.94439
33.0021, 0.041091, 0.401492, 0.0560957, 0.0560861, 0.943914
33.0031, 0.0414283, 0.408502, 0.0565765, 0.0565668, 0.943433
33.0042, 0.0417684, 0.415511, 0.0570615, 0.0570518, 0.942948
33.0052, 0.0421113, 0.42252, 0.0575508, 0.057541, 0.942459
33.0063, 0.0424571, 0.42953, 0.0580444, 0.0580345, 0.941965
33.0073, 0.0428056, 0.436539, 0.0585423, 0.0585323, 0.941468
33.0084, 0.0431568, 0.443548, 0.0590445, 0.0590344, 0.940966
33.0094, 0.0435105, 0.450558, 0.0595509, 0.0595408, 0.940459
33.0105, 0.0438667, 0.457567, 0.0600617, 0.0600515, 0.939949
33.0115, 0.0442253, 0.464576, 0.0605768, 0.0605665, 0.939433
33.0126, 0.0445865, 0.471585, 0.0610962, 0.0610858, 0.938914
33.0136, 0.0449502, 0.478595, 0.0616199, 0.0616094, 0.938391
33.0146, 0.0453164, 0.485604, 0.0621478, 0.0621372, 0.937863
33.0157, 0.0456852, 0.492613, 0.06268, 0.0626693, 0.937331
33.0167, 0.0460565, 0.499623, 0.0632164, 0.0632057, 0.936794
33.0178, 0.0464304, 0.506632, 0.0637571, 0.0637462, 0.936254
33.0188, 0.0468068, 0.513641, 0.0643019, 0.064291, 0.935709
33.0199, 0.0471858, 0.52065, 0.0648509, 0.0648399, 0.93516
33.0209, 0.0475673, 0.52766, 0.0654041, 0.065393, 0.934607
33.022, 0.0479513, 0.534669, 0.0659614, 0.0659502, 0.93405
33.023, 0.0483379, 0.541678, 0.0665229, 0.0665116, 0.933488
33.0241, 0.048727, 0.548688, 0.0670885, 0.0670771, 0.932923
33.0251, 0.0491187, 0.555697, 0.0676581, 0.0676467, 0.932353
33.0262, 0.0495129, 0.562706, 0.0682319, 0.0682203, 0.93178
33.0272, 0.0499096, 0.569716, 0.0688096, 0.068798, 0.931202
33.0282, 0.0503088, 0.576725, 0.0693914, 0.0693797, 0.93062
33.0293, 0.0507105, 0.583734, 0.0699772, 0.0699654, 0.930035
33.0303, 0.0511148, 0.590743, 0.0705669, 0.0705551, 0.929445
33.0314, 0.0515214, 0.597753, 0.0711606, 0.0711487, 0.928851
33.0324, 0.0519306, 0.604762, 0.0717583, 0.0717463, 0.928254
33.0335, 0.0523422, 0.611771, 0.0723598, 0.0723477, 0.927652
33.0345, 0.0527563, 0.618781, 0.0729652, 0.072953, 0.927047
33.0356, 0.0531728, 0.62579, 0.0735744, 0.0735622, 0.926438
33.0366, 0.0535917, 0.632799, 0.0741874, 0.0741751, 0.925825
33.0377, 0.0540131, 0.639809, 0.0748042, 0.0747919, 0.925208
33.0387, 0.0544368, 0.646818, 0.0754248, 0.0754124, 0.924588
33.0397, 0.0548629, 0.653827, 0.0760491, 0.0760366, 0.923963
33.0408, 0.0552913, 0.660836, 0.0766771, 0.0766645, 0.923336
33.0418, 0.0557221, 0.667846, 0.0773087, 0.0772961, 0.922704
33.0429, 0.0561552, 0.674855, 0.077944, 0.0779313, 0.922069
33.0439, 0.0565906, 0.681864, 0.0785829, 0.0785701, 0.92143
33.045, 0.0570283, 0.688874, 0.0792254, 0.0792125, 0.920788
33.046, 0.0574683, 0.695883, 0.0798714, 0.0798584, 0.920142
33.0471, 0.0579105, 0.702892, 0.0805209, 0.0805079, 0.919492
33.0481, 0.058355, 0.709901, 0.0811739, 0.0811608, 0.918839
33.0492, 0.0588016, 0.716911, 0.0818303, 0.0818171, 0.918183
33.0502, 0.0592505, 0.72392, 0.0824901, 0.0824769, 0.917523
33.0513, 0.0597016, 0.730929, 0.0831534, 0.0831401, 0.91686
33.0523, 0.0601548, 0.737939, 0.0838199, 0.0838066, 0.916193
33.0533, 0.0606101, 0.744948, 0.0844898, 0.0844764, 0.915524
33.0544, 0.0610676, 0.751957, 0.085163, 0.0851495, 0.914851
33.0554, 0.0615271, 0.758967, 0.0858394, 0.0858258, 0.914174
33.0565, 0.0619888, 0.765976, 0.086519, 0.0865054, 0.913495
33.0575, 0.0624525, 0.772985, 0.0872019, 0.0871882, 0.912812
33.0586, 0.0629182, 0.779994, 0.0878878, 0.0878741, 0.912126
33.0596, 0.063386, 0.787004, 0.0885769, 0.0885631, 0.911437
33.0607, 0.0638557, 0.794013, 0.0892691, 0.0892553, 0.910745
33.0617, 0.0643275, 0.801022, 0.0899644, 0.0899505, 0.91005
33.0628, 0.0648012, 0.808032, 0.0906627, 0.0906487, 0.909351
33.0638, 0.0652769, 0.815041, 0.091364, 0.0913499, 0.90865
33.0649, 0.0657544, 0.82205, 0.0920682, 0.0920541, 0.907946
33.0659, 0.0662339, 0.82906, 0.0927754, 0.0927613, 0.907239
33.0669, 0.0667153, 0.836069, 0.0934855, 0.0934713, 0.906529
33.068, 0.0671986, 0.843078, 0.0941985, 0.0941842, 0.905816
33.069, 0.0676837, 0.850087, 0.0949144, 0.0949, 0.9051
33.0701, 0.0681706, 0.857097, 0.095633, 0.0956186, 0.904381
33.0711, 0.0686594, 0.864106, 0.0963545, 0.09634, 0.90366
33.0722, 0.0691499, 0.871115, 0.0970787, 0.0970642, 0.902936
33.0732, 0.0696422, 0.878125, 0.0978057, 0.0977911, 0.902209
33.0743, 0.0701363, 0.885134, 0.0985353, 0.0985207, 0.901479
33.0753, 0.0706322, 0.892143, 0.0992677, 0.099253, 0.900747
33.0764, 0.0711298, 0.899152, 0.100003, 0.099988, 0.900012
33.0774, 0.0716291, 0.906162, 0.10074, 0.100726, 0.899274
33.0785, 0.0721301, 0.913171, 0.101481, 0.101466, 0.898534
33.0795, 0.0726327, 0.92018, 0.102223, 0.102209, 0.897791
33.0805, 0.0731371, 0.92719, 0.102969, 0.102954, 0.897046
33.0816, 0.0736431, 0.934199, 0.103717, 0.103702, 0.896298
33.0826, 0.0741507, 0.941208, 0.104467, 0.104452, 0.895548
33.0837, 0.07466, 0.948218, 0.10522, 0.105205, 0.894795
33.0847, 0.0751709, 0.955227, 0.105976, 0.105961, 0.894039
33.0858, 0.0756834, 0.962236, 0.106734, 0.106718, 0.893282
33.0868, 0.0761975, 0.969245, 0.107494, 0.107479, 0.892521
33.0879, 0.0767131, 0.976255, 0.108257, 0.108241, 0.891759
33.0889, 0.0772303, 0.983264, 0.109022, 0.109006, 0.890994
33.09, 0.0777491, 0.990273, 0.109789, 0.109774, 0.890226
33.091, 0.0782694, 0.997283, 0.110559, 0.110544, 0.889456
33.0921, 0.0787912, 1.00429, 0.111331, 0.111316, 0.888684
33.0931, 0.0793146, 1.0113, 0.112106, 0.11209, 0.88791
33.0941, 0.0798394, 1.01831, 0.112883, 0.112867, 0.887133
33.0952, 0.0803658, 1.02532, 0.113662, 0.113646, 0.886354
33.0962, 0.0808936, 1.03233, 0.114443, 0.114427, 0.885573
33.0973, 0.081423, 1.03934, 0.115227, 0.115211, 0.884789
33.0983, 0.0819538, 1.04635, 0.116013, 0.115997, 0.884003
33.0994, 0.082486, 1.05336, 0.116801, 0.116785, 0.883215
33.1004, 0.0830197, 1.06037, 0.117591, 0.117575, 0.882425
33.1015, 0.0835549, 1.06738, 0.118384, 0.118368, 0.881632
33.1025, 0.0840915, 1.07438, 0.119178, 0.119162, 0.880838
33.1036, 0.0846295, 1.08139, 0.119975, 0.119959, 0.880041
33.1046, 0.0851689, 1.0884, 0.120774, 0.120758, 0.879242
33.1056, 0.0857098, 1.09541, 0.121575, 0.121559, 0.878441
33.1067, 0.0862521, 1.10242, 0.122379, 0.122363, 0.877637
33.1077, 0.0867958, 1.10943, 0.123184, 0.123168, 0.876832
33.1088, 0.0873409, 1.11644, 0.123992, 0.123976, 0.876024
33.1098, 0.0878873, 1.12345, 0.124802, 0.124785, 0.875215
33.1109, 0.0884352, 1.13046, 0.125613, 0.125597, 0.874403
33.1119, 0.0889845, 1.13747, 0.126427, 0.126411, 0.873589
33.113, 0.0895351, 1.14448, 0.127243, 0.127227, 0.872773
33.114, 0.0900872, 1.15149, 0.128062, 0.128045, 0.871955
33.1151, 0.0906406, 1.1585, 0.128882, 0.128865, 0.871135
33.1161, 0.0911953, 1.16551, 0.129704, 0.129688, 0.870312
33.1172, 0.0917515, 1.17251, 0.130528, 0.130512, 0.869488
33.1182, 0.092309, 1.17952, 0.131355, 0.131338, 0.868662
33.1192, 0.0928679, 1.18653, 0.132183, 0.132167, 0.867833
33.1203, 0.0934282, 1.19354, 0.133014, 0.132997, 0.867003
33.1213, 0.0939898, 1.20055, 0.133846, 0.13383, 0.86617
33.1224, 0.0945528, 1.20756, 0.134681, 0.134664, 0.865336
33.1234, 0.0951172, 1.21457, 0.135518, 0.135501, 0.864499
33.1245, 0.0956829, 1.22158, 0.136356, 0.13634, 0.86366
33.1255, 0.0962479, 1.22859, 0.137197, 0.13718, 0.86282
33.1266, 0.0968085, 1.2356, 0.13804, 0.138023, 0.861977
33.1276, 0.0973705, 1.24261, 0.138885, 0.138868, 0.861132
33.1287, 0.0979338, 1.24962, 0.139732, 0.139715, 0.860285
33.1297, 0.0984986, 1.25663, 0.140581, 0.140564, 0.859436
33.1308, 0.0990648, 1.26364, 0.141433, 0.141416, 0.858584
33.1318, 0.0996323, 1.27065, 0.142287, 0.14227, 0.85773
33.1328, 0.100201, 1.27765, 0.143143, 0.143125, 0.856875
33.1339, 0.100772, 1.28466, 0.144001, 0.143983, 0.856017
33.1349, 0.101343, 1.29167, 0.144861, 0.144844, 0.855156
33.136, 0.101916, 1.29868, 0.145723, 0.145706, 0.854294
33.137, 0.102491, 1.30569, 0.146588, 0.14657, 0.85343
33.1381, 0.103066, 1.3127, 0.147455, 0.147437, 0.852563
33.1391, 0.103644, 1.31971, 0.148323, 0.148306, 0.851694
33.1402, 0.104222, 1.32672, 0.149194, 0.149177, 0.850823
33.1412, 0.104802, 1.33373, 0.150068, 0.15005, 0.84995
33.1423, 0.105383, 1.34074, 0.150943, 0.150925, 0.849075
33.1433, 0.105966, 1.34775, 0.15182, 0.151803, 0.848197
33.1444, 0.10655, 1.35476, 0.1527, 0.152683, 0.847317
33.1454, 0.107135, 1.36177, 0.153582, 0.153564, 0.846436
33.1464, 0.107722, 1.36878, 0.154466, 0.154448, 0.845552
33.1475, 0.10831, 1.37578, 0.155352, 0.155334, 0.844666
33.1485, 0.1089, 1.38279, 0.15624, 0.156222, 0.843778
33.1496, 0.109491, 1.3898, 0.157131, 0.157113, 0.842887
33.1506, 0.110083, 1.39681, 0.158023, 0.158005, 0.841995
33.1517, 0.110676, 1.40382, 0.158918, 0.1589, 0.8411
33.1527, 0.111271, 1.41083, 0.159814, 0.159797, 0.840203
33.1538, 0.111867, 1.41784, 0.160713, 0.160695, 0.839305
33.1548, 0.112465, 1.42485, 0.161614, 0.161596, 0.838404
33.1559, 0.113064, 1.43186, 0.162518, 0.1625, 0.8375
33.1569, 0.113664, 1.43887, 0.163423, 0.163405, 0.836595
33.1579, 0.114266, 1.44588, 0.16433, 0.164312, 0.835688
33.159, 0.114869, 1.45289, 0.16524, 0.165222, 0.834778
33.16, 0.115473, 1.4599, 0.166152, 0.166133, 0.833867
33.1611, 0.116079, 1.46691, 0.167065, 0.167047, 0.832953
33.1621, 0.116686, 1.47391, 0.167981, 0.167963, 0.832037
33.1632, 0.117294, 1.48092, 0.168899, 0.168881, 0.831119
33.1642, 0.117904, 1.48793, 0.169819, 0.169801, 0.830199
33.1653, 0.118515, 1.49494, 0.170742, 0.170723, 0.829277
33.1663, 0.119127, 1.50195, 0.171666, 0.171647, 0.828353
33.1674, 0.119741, 1.50896, 0.172592, 0.172574, 0.827426
33.1684, 0.120356, 1.51597, 0.173521, 0.173502, 0.826498
33.1695, 0.120972, 1.52298, 0.174451, 0.174433, 0.825567
33.1705, 0.121589, 1.52999, 0.175384, 0.175365, 0.824635
33.1715, 0.122208, 1.537, 0.176319, 0.1763, 0.8237
33.1726, 0.122829, 1.54401, 0.177256, 0.177237, 0.822763
33.1736, 0.12345, 1.55102, 0.178195, 0.178176, 0.821824
33.1747, 0.124073, 1.55803, 0.179136, 0.179117, 0.820883
33.1757, 0.124697, 1.56504, 0.180079, 0.18006, 0.81994
33.1768, 0.125323, 1.57204, 0.181024, 0.181005, 0.818995
33.1778, 0.12595, 1.57905, 0.181972, 0.181953, 0.818047
33.1789, 0.126578, 1.58606, 0.182921, 0.182902, 0.817098
33.1799, 0.127207, 1.59307, 0.183873, 0.183854, 0.816146
33.181, 0.127838, 1.60008, 0.184826, 0.184807, 0.815193
33.182, 0.12847, 1.60709, 0.185782, 0.185763, 0.814237
33.1831, 0.129104, 1.6141, 0.18674, 0.18672, 0.81328
33.1841, 0.129738, 1.62111, 0.187699, 0.18768, 0.81232
33.1851, 0.130374, 1.62812, 0.188661, 0.188642, 0.811358
33.1862, 0.131012, 1.63513, 0.189625, 0.189606, 0.810394
33.1872, 0.13165, 1.64214, 0.190591, 0.190572, 0.809428
33.1883, 0.13229, 1.64915, 0.191559, 0.19154, 0.80846
33.1893, 0.132932, 1.65616, 0.192529, 0.19251, 0.80749
33.1904, 0.133574, 1.66317, 0.193502, 0.193482, 0.806518
33.1914, 0.134218, 1.67017, 0.194476, 0.194456, 0.805544
33.1925, 0.134863, 1.67718, 0.195452, 0.195433, 0.804567
33.1935, 0.135509, 1.68419, 0.196431, 0.196411, 0.803589
33.1946, 0.136157, 1.6912, 0.197411, 0.197391, 0.802609
33.1956, 0.136806, 1.69821, 0.198393, 0.198374, 0.801626
33.1967, 0.137456, 1.70522, 0.199378, 0.199358, 0.800642
33.1977, 0.138108, 1.71223, 0.200364, 0.200345, 0.799655
33.1987, 0.138761, 1.71924, 0.201353, 0.201333, 0.798667
33.1998, 0.139415, 1.72625, 0.202344, 0.202324, 0.797676
33.2008, 0.14007, 1.73326, 0.203336, 0.203317, 0.796683
33.2019, 0.140727, 1.74027, 0.204331, 0.204311, 0.795689
33.2029, 0.141385, 1.74728, 0.205328, 0.205308, 0.794692
33.204, 0.142044, 1.75429, 0.206327, 0.206307, 0.793693
33.205, 0.142705, 1.7613, 0.207327, 0.207307, 0.792693
33.2061, 0.143367, 1.76831, 0.20833, 0.20831, 0.79169
33.2071, 0.14403, 1.77531, 0.209335, 0.209315, 0.790685
33.2082, 0.144694, 1.78232, 0.210342, 0.210322, 0.789678
33.2092, 0.14536, 1.78933, 0.211351, 0.211331, 0.788669
33.2103, 0.146027, 1.79634, 0.212362, 0.212342, 0.787658
33.2113, 0.146695, 1.80335, 0.213375, 0.213355, 0.786645
33.2123, 0.147364, 1.81036, 0.21439, 0.21437, 0.78563
33.2134, 0.148035, 1.81737, 0.215407, 0.215386, 0.784614
33.2144, 0.148707, 1.82438, 0.216426, 0.216405, 0.783595
33.2155, 0.14938, 1.83139, 0.217447, 0.217426, 0.782574
33.2165, 0.150055, 1.8384, 0.21847, 0.218449, 0.781551
33.2176, 0.15073, 1.84541, 0.219495, 0.219474, 0.780526
33.2186, 0.151407, 1.85242, 0.220522, 0.220501, 0.779499
33.2197, 0.152086, 1.85943, 0.221551, 0.22153, 0.77847
33.2207, 0.152765, 1.86644, 0.222582, 0.222561, 0.777439
33.2218, 0.153446, 1.87344, 0.223615, 0.223594, 0.776406
33.2228, 0.154128, 1.88045, 0.22465, 0.22463, 0.77537
33.2238, 0.154811, 1.88746, 0.225687, 0.225667, 0.774333
33.2249, 0.155496, 1.89447, 0.226726, 0.226706, 0.773294
33.2259, 0.156182, 1.90148, 0.227767, 0.227747, 0.772253
33.227, 0.156869, 1.90849, 0.22881, 0.22879, 0.77121
33.228, 0.157557, 1.9155, 0.229855, 0.229835, 0.770165
33.2291, 0.158246, 1.92251, 0.230902, 0.230882, 0.769118
33.2301, 0.158937, 1.92952, 0.231951, 0.23193, 0.76807
33.2312, 0.159629, 1.93653, 0.233002, 0.232981, 0.767019
33.2322, 0.160322, 1.94354, 0.234055, 0.234034, 0.765966
33.2333, 0.161017, 1.95055, 0.23511, 0.235089, 0.764911
33.2343, 0.161713, 1.95756, 0.236167, 0.236146, 0.763854
33.2354, 0.16241, 1.96457, 0.237226, 0.237205, 0.762795
33.2364, 0.163108, 1.97157, 0.238287, 0.238266, 0.761734
33.2374, 0.163807, 1.97858, 0.23935, 0.239329, 0.760671
33.2385, 0.164508, 1.98559, 0.240415, 0.240393, 0.759607
33.2395, 0.16521, 1.9926, 0.241482, 0.24146, 0.75854
33.2406, 0.165913, 1.99961, 0.24255, 0.242529, 0.757471
33.2416, 0.166617, 2.00662, 0.243621, 0.2436, 0.7564
33.2427, 0.167323, 2.01363, 0.244694, 0.244672, 0.755328
33.2437, 0.16803, 2.02064, 0.245768, 0.245747, 0.754253
33.2448, 0.168738, 2.02765, 0.246845, 0.246823, 0.753177
33.2458, 0.169447, 2.03466, 0.247924, 0.247902, 0.752098
33.2469, 0.170157, 2.04167, 0.249004, 0.248982, 0.751018
33.2479, 0.170869, 2.04868, 0.250087, 0.250065, 0.749935
33.249, 0.171582, 2.05569, 0.251171, 0.251149, 0.748851
33.25, 0.166585, 2.05036, 0.251246, 0.251248, 0.748752
33.2508, 0.160543, 2.04335, 0.250956, 0.250965, 0.749035
33.2515, 0.15434, 2.03634, 0.250338, 0.250354, 0.749646
33.2523, 0.148054, 2.02933, 0.249358, 0.249382, 0.750618
33.253, 0.141755, 2.02232, 0.247995, 0.248026, 0.751974
33.2538, 0.135497, 2.01531, 0.246237, 0.246276, 0.753724
33.2546, 0.129321, 2.0083, 0.244083, 0.24413, 0.75587
33.2553, 0.123258, 2.00129, 0.24154, 0.241595, 0.758405
33.2561, 0.117328, 1.99428, 0.238625, 0.238687, 0.761313
33.2568, 0.111544, 1.98728, 0.235358, 0.235427, 0.764573
33.2576, 0.105914, 1.98027, 0.231762, 0.231837, 0.768163
33.2583, 0.100444, 1.97326, 0.227862, 0.227943, 0.772057
33.2591, 0.0951339, 1.96625, 0.223685, 0.223771, 0.776229
33.2599, 0.0899857, 1.95924, 0.219257, 0.219348, 0.780652
33.2606, 0.0849986, 1.95223, 0.214603, 0.214698, 0.785302
33.2614, 0.0801714, 1.94522, 0.209747, 0.209846, 0.790154
33.2621, 0.0755027, 1.93821, 0.204714, 0.204816, 0.795184
33.2629, 0.0709909, 1.9312, 0.199524, 0.199629, 0.800371
33.2637, 0.0666348, 1.92419, 0.1942, 0.194308, 0.805692
33.2644, 0.0624451, 1.91718, 0.18878, 0.18889, 0.81111
33.2652, 0.0584214, 1.91017, 0.183288, 0.183398, 0.816602
33.2659, 0.054558, 1.90316, 0.177737, 0.177848, 0.822152
33.2667, 0.0508497, 1.89615, 0.172143, 0.172255, 0.827745
33.2675, 0.0472921, 1.88915, 0.166518, 0.166631, 0.833369
33.2682, 0.0438808, 1.88214, 0.160876, 0.160988, 0.839012
33.269, 0.0406122, 1.87513, 0.155227, 0.15534, 0.84466
33.2697, 0.0374827, 1.86812, 0.149583, 0.149696, 0.850304
33.2705, 0.0344889, 1.86111, 0.143954, 0.144067, 0.855933
33.2712, 0.0316277, 1.8541, 0.138351, 0.138463, 0.861537
33.272, 0.0288962, 1.84709, 0.132781, 0.132892, 0.867108
33.2728, 0.0262913, 1.84008, 0.127255, 0.127365, 0.872635
33.2735, 0.0238104, 1.83307, 0.12178, 0.121889, 0.878111
33.2743, 0.0214506, 1.82606, 0.116364, 0.116471, 0.883529
33.275, 0.0192093, 1.81905, 0.111014, 0.11112, 0.88888
33.2758, 0.017094, 1.81204, 0.105811, 0.105912, 0.894088
33.2766, 0.0151219, 1.80503, 0.100905, 0.101, 0.899
33.2773, 0.0132841, 1.79802, 0.0962845, 0.0963742, 0.903626
33.2781, 0.0115714, 1.79102, 0.0919339, 0.0920184, 0.907982
33.2788, 0.00997484, 1.78401, 0.087837, 0.0879166, 0.912083
33.2796, 0.00848617, 1.777, 0.083979, 0.0840539, 0.915946
33.2803, 0.00709751, 1.76999, 0.0803454, 0.080416, 0.919584
33.2811, 0.00580146, 1.76298, 0.0769227, 0.0769892, 0.923011
33.2819, 0.00459112, 1.75597, 0.073698, 0.0737606, 0.926239
33.2826, 0.00346003, 1.74896, 0.070659, 0.070718, 0.929282
33.2834, 0.00240218, 1.74195, 0.0677942, 0.0678498, 0.93215
33.2841, 0.00141196, 1.73494, 0.0650927, 0.0651452, 0.934855
33.2849, 0.00048419, 1.72793, 0.0625444, 0.0625939, 0.937406
33.2857, -0.000385965, 1.72092, 0.0601395, 0.0601863, 0.939814
33.2864, -0.00113678, 1.71391, 0.057869, 0.0579132, 0.942087
33.2872, -0.00174996, 1.7069, 0.0557244, 0.0557661, 0.944234
33.2879, -0.00231793, 1.69989, 0.0536979, 0.0537373, 0.946263
33.2887, -0.0028442, 1.69289, 0.051782, 0.0518193, 0.948181
33.2895, -0.00333202, 1.68588, 0.04997, 0.0500052, 0.949995
33.2902, -0.0037844, 1.67887, 0.0482552, 0.0482886, 0.951711
33.291, -0.00420408, 1.67186, 0.0466317, 0.0466633, 0.953337
33.2917, -0.00459362, 1.66485, 0.0450939, 0.0451238, 0.954876
33.2925, -0.00495534, 1.65784, 0.0436363, 0.0436647, 0.956335
33.2932, -0.00529141, 1.65083, 0.0422543, 0.0422812, 0.957719
33.294, -0.00560381, 1.64382, 0.0409431, 0.0409686, 0.959031
33.2948, -0.00589436, 1.63681, 0.0396984, 0.0397227, 0.960277
33.2955, -0.00616474, 1.6298, 0.0385164, 0.0385394, 0.961461
33.2963, -0.0064165, 1.62279, 0.0373932, 0.0374151, 0.962585
33.297, -0.00665107, 1.61578, 0.0363255, 0.0363463, 0.963654
33.2978, -0.00686975, 1.60877, 0.0353098, 0.0353297, 0.96467
33.2986, -0.00707376, 1.60176, 0.0343433, 0.0343622, 0.965638
33.2993, -0.0072642, 1.59475, 0.0334232, 0.0334411, 0.966559
33.3001, -0.0074421, 1.58775, 0.0325466, 0.0325638, 0.967436
33.3008, -0.00760841, 1.58074, 0.0317113, 0.0317276, 0.968272
33.3016, -0.00776399, 1.57373, 0.0309149, 0.0309304, 0.96907
33.3024, -0.00790966, 1.56672, 0.0301552, 0.03017, 0.96983
33.3031, -0.00804615, 1.55971, 0.0294302, 0.0294443, 0.970556
33.3039, -0.00817414, 1.5527, 0.028738, 0.0287515, 0.971248
33.3046, -0.00829428, 1.54569, 0.0280769, 0.0280898, 0.97191
33.3054, -0.00840713, 1.53868, 0.0274452, 0.0274575, 0.972542
33.3061, -0.00851325, 1.53167, 0.0268413, 0.0268531, 0.973147
33.3069, -0.00861314, 1.52466, 0.0262639, 0.0262752, 0.973725
33.3077, -0.00870724, 1.51765, 0.0257114, 0.0257223, 0.974278
33.3084, -0.008796, 1.51064, 0.0251828, 0.0251931, 0.974807
33.3092, -0.0088798, 1.50363, 0.0246767, 0.0246866, 0.975313
33.3099, -0.00895902, 1.49662, 0.024192, 0.0242014, 0.975799
33.3107, -0.009034, 1.48962, 0.0237276, 0.0237367, 0.976263
33.3115, -0.00910504, 1.48261, 0.0232826, 0.0232914, 0.976709
33.3122, -0.00917244, 1.4756, 0.0228561, 0.0228644, 0.977136
33.313, -0.00923647, 1.46859, 0.0224471, 0.0224551, 0.977545
33.3137, -0.00929739, 1.46158, 0.0220548, 0.0220625, 0.977938
33.3145, -0.00935543, 1.45457, 0.0216784, 0.0216858, 0.978314
33.3153, -0.00941081, 1.44756, 0.0213173, 0.0213243, 0.978676
33.316, -0.00946373, 1.44055, 0.0209706, 0.0209774, 0.979023
33.3168, -0.00951437, 1.43354, 0.0206378, 0.0206443, 0.979356
33.3175, -0.00956292, 1.42653, 0.0203182, 0.0203244, 0.979676
33.3183, -0.00960954, 1.41952, 0.0200112, 0.0200172, 0.979983
33.319, -0.00965439, 1.41251, 0.0197163, 0.0197221, 0.980278
33.3198, -0.00969759, 1.4055, 0.0194331, 0.0194386, 0.980561
33.3206, -0.0097393, 1.39849, 0.0191609, 0.0191662, 0.980834
33.3213, -0.00977963, 1.39149, 0.0188993, 0.0189044, 0.981096
33.3221, -0.00981871, 1.38448, 0.0186479, 0.0186528, 0.981347
33.3228, -0.00985664, 1.37747, 0.0184063, 0.0184111, 0.981589
33.3236, -0.00989353, 1.37046, 0.0181741, 0.0181787, 0.981821
33.3244, -0.00992947, 1.36345, 0.0179509, 0.0179553, 0.982045
33.3251, -0.00996456, 1.35644, 0.0177364, 0.0177406, 0.982259
33.3259, -0.00999886, 1.34943, 0.0175304, 0.0175345, 0.982466
33.3266, -0.0100324, 1.34242, 0.017333, 0.0173368, 0.982663
33.3274, -0.0100653, 1.33541, 0.0171437, 0.0171474, 0.982853
33.3281, -0.0100975, 1.3284, 0.0169623, 0.0169659, 0.983034
33.3289, -0.0101292, 1.32139, 0.0167885, 0.0167919, 0.983208
33.3297, -0.0101605, 1.31438, 0.016622, 0.0166253, 0.983375
33.3304, -0.0101913, 1.30737, 0.0164626, 0.0164657, 0.983534
33.3312, -0.0102218, 1.30036, 0.01631, 0.016313, 0.983687
33.3319, -0.010252, 1.29336, 0.0161639, 0.0161668, 0.983833
33.3327, -0.010282, 1.28635, 0.0160243, 0.016027, 0.983973
33.3335, -0.0103118, 1.27934, 0.0158908, 0.0158934, 0.984107
33.3342, -0.0103415, 1.27233, 0.0157633, 0.0157658, 0.984234
33.335, -0.0103712, 1.26532, 0.0156416, 0.015644, 0.984356
33.3357, -0.0104008, 1.25831, 0.0155256, 0.0155278, 0.984472
33.3365, -0.0104305, 1.2513, 0.015415, 0.0154172, 0.984583
33.3373, -0.0104603, 1.24429, 0.0153099, 0.0153119, 0.984688
33.338, -0.0104903, 1.23728, 0.01521, 0.0152119, 0.984788
33.3388, -0.0105205, 1.23027, 0.0151152, 0.0151171, 0.984883
33.3395, -0.0105509, 1.22326, 0.0150256, 0.0150273, 0.984973
33.3403, -0.0105817, 1.21625, 0.0149409, 0.0149425, 0.985058
33.341, -0.0106129, 1.20924, 0.0148611, 0.0148626, 0.985137
33.3418, -0.0106446, 1.20223, 0.0147862, 0.0147876, 0.985212
33.3426, -0.0106768, 1.19523, 0.0147161, 0.0147174, 0.985283
33.3433, -0.0107096, 1.18822, 0.0146508, 0.0146521, 0.985348
33.3441, -0.0107431, 1.18121, 0.0145904, 0.0145916, 0.985408
33.3448, -0.0107774, 1.1742, 0.0145348, 0.0145359, 0.985464
33.3456, -0.0108126, 1.16719, 0.0144842, 0.0144851, 0.985515
33.3464, -0.0108489, 1.16018, 0.0144385, 0.0144394, 0.985561
33.3471, -0.0108862, 1.15317, 0.0143979, 0.0143986, 0.985601
33.3479, -0.0109248, 1.14616, 0.0143625, 0.0143631, 0.985637
33.3486, -0.0109649, 1.13915, 0.0143324, 0.014333, 0.985667
33.3494, -0.0110065, 1.13214, 0.0143079, 0.0143084, 0.985692
33.3502, -0.01105, 1.12513, 0.0142893, 0.0142896, 0.98571
33.3509, -0.0110955, 1.11812, 0.0142768, 0.014277, 0.985723
33.3517, -0.0111433, 1.11111, 0.0142708, 0.0142709, 0.985729
33.3524, -0.011195, 1.1041, 0.0142745, 0.0142742, 0.985726
33.3532, -0.0112552, 1.09709, 0.0142968, 0.0142962, 0.985704
33.3539, -0.0113236, 1.09009, 0.0143363, 0.0143353, 0.985665
33.3547, -0.0113992, 1.08308, 0.014391, 0.0143898, 0.98561
33.3555, -0.0114814, 1.07607, 0.0144594, 0.0144579, 0.985542
33.3562, -0.0115695, 1.06906, 0.01454, 0.0145383, 0.985462
33.357, -0.0116629, 1.06205, 0.0146316, 0.0146297, 0.98537
33.3577, -0.0117613, 1.05504, 0.0147332, 0.0147311, 0.985269
33.3585, -0.0118642, 1.04803, 0.0148439, 0.0148416, 0.985158
33.3593, -0.0119713, 1.04102, 0.0149628, 0.0149603, 0.98504
33.36, -0.0120822, 1.03401, 0.0150892, 0.0150866, 0.984913
33.3608, -0.0121966, 1.027, 0.0152224, 0.0152197, 0.98478
33.3615, -0.0123142, 1.01999, 0.0153619, 0.015359, 0.984641
33.3623, -0.0124348, 1.01298, 0.0155071, 0.0155041, 0.984496
33.3631, -0.0125581, 1.00597, 0.0156575, 0.0156544, 0.984346
33.3638, -0.012684, 0.998965, 0.0158126, 0.0158095, 0.984191
33.3646, -0.0128122, 0.991956, 0.0159721, 0.0159689, 0.984031
33.3653, -0.0129425, 0.984946, 0.0161356, 0.0161323, 0.983868
33.3661, -0.0130748, 0.977937, 0.0163026, 0.0162992, 0.983701
33.3668, -0.0132088, 0.970928, 0.0164729, 0.0164695, 0.983531
33.3676, -0.0133445, 0.963918, 0.0166462, 0.0166427, 0.983357
33.3684, -0.0134817, 0.956909, 0.0168221, 0.0168186, 0.983181
33.3691, -0.0136202, 0.9499, 0.0170004, 0.0169968, 0.983003
33.3699, -0.01376, 0.94289, 0.0171809, 0.0171773, 0.982823
33.3706, -0.0139008, 0.935881, 0.0173633, 0.0173596, 0.98264
33.3714, -0.0140425, 0.928872, 0.0175474, 0.0175437, 0.982456
33.3722, -0.0141852, 0.921863, 0.0177329, 0.0177292, 0.982271
33.3729, -0.0143285, 0.914853, 0.0179198, 0.0179161, 0.982084
33.3737, -0.0144726, 0.907844, 0.0181078, 0.018104, 0.981896
33.3744, -0.0146171, 0.900835, 0.0182968, 0.018293, 0.981707
33.3752, -0.0147622, 0.893825, 0.0184865, 0.0184827, 0.981517
33.3759, -0.0149076, 0.886816, 0.0186769, 0.0186731, 0.981327
33.3767, -0.0150533, 0.879807, 0.0188679, 0.018864, 0.981136
33.3775, -0.0151992, 0.872798, 0.0190592, 0.0190554, 0.980945
33.3782, -0.0153453, 0.865788, 0.0192508, 0.019247, 0.980753
33.379, -0.0154915, 0.858779, 0.0194426, 0.0194387, 0.980561
33.3797, -0.0156377, 0.85177, 0.0196344, 0.0196305, 0.980369
33.3805, -0.0157838, 0.84476, 0.0198262, 0.0198223, 0.980178
33.3813, -0.0159299, 0.837751, 0.0200178, 0.020014, 0.979986
33.382, -0.0160758, 0.830742, 0.0202093, 0.0202055, 0.979795
33.3828, -0.0162215, 0.823732, 0.0204005, 0.0203967, 0.979603
33.3835, -0.016367, 0.816723, 0.0205913, 0.0205875, 0.979412
33.3843, -0.0165123, 0.809714, 0.0207817, 0.0207779, 0.979222
33.3851, -0.0166572, 0.802705, 0.0209717, 0.0209679, 0.979032
33.3858, -0.0168017, 0.795695, 0.0211611, 0.0211573, 0.978843
33.3866, -0.0169458, 0.788686, 0.0213499, 0.0213461, 0.978654
33.3873, -0.0170896, 0.781677, 0.0215381, 0.0215344, 0.978466
33.3881, -0.0172328, 0.774667, 0.0217256, 0.0217219, 0.978278
33.3888, -0.0173756, 0.767658, 0.0219125, 0.0219087, 0.978091
33.3896, -0.0175179, 0.760649, 0.0220985, 0.0220948, 0.977905
33.3904, -0.0176597, 0.753639, 0.0222838, 0.0222801, 0.97772
33.3911, -0.0178009, 0.74663, 0.0224683, 0.0224646, 0.977535
33.3919, -0.0179415, 0.739621, 0.0226519, 0.0226483, 0.977352
33.3926, -0.0180816, 0.732612, 0.0228347, 0.0228311, 0.977169
33.3934, -0.018221, 0.725602, 0.0230166, 0.023013, 0.976987
33.3942, -0.0183599, 0.718593, 0.0231976, 0.023194, 0.976806
33.3949, -0.0184981, 0.711584, 0.0233777, 0.0233741, 0.976626
33.3957, -0.0186356, 0.704574, 0.0235569, 0.0235533, 0.976447
33.3964, -0.0187725, 0.697565, 0.0237351, 0.0237315, 0.976268
33.3972, -0.0189087, 0.690556, 0.0239123, 0.0239088, 0.976091
33.398, -0.0190443, 0.683547, 0.0240886, 0.0240851, 0.975915
33.3987, -0.0191791, 0.676537, 0.024264, 0.0242605, 0.97574
33.3995, -0.0193133, 0.669528, 0.0244383, 0.0244348, 0.975565
33.4002, -0.0194467, 0.662519, 0.0246116, 0.0246082, 0.975392
33.401, -0.0195795, 0.655509, 0.024784, 0.0247806, 0.975219
33.4017, -0.0197115, 0.6485, 0.0249554, 0.0249519, 0.975048
33.4025, -0.0198429, 0.641491, 0.0251257, 0.0251223, 0.974878
33.4033, -0.0199735, 0.634481, 0.0252951, 0.0252917, 0.974708
33.404, -0.0201034, 0.627472, 0.0254635, 0.0254601, 0.97454
33.4048, -0.0202325, 0.620463, 0.0256309, 0.0256275, 0.974372
33.4055, -0.020361, 0.613454, 0.0257972, 0.0257939, 0.974206
33.4063, -0.0204887, 0.606444, 0.0259626, 0.0259593, 0.974041
33.4071, -0.0206157, 0.599435, 0.026127, 0.0261238, 0.973876
33.4078, -0.020742, 0.592426, 0.0262905, 0.0262872, 0.973713
33.4086, -0.0208675, 0.585416, 0.0264529, 0.0264497, 0.97355
33.4093, -0.0209924, 0.578407, 0.0266144, 0.0266111, 0.973389
33.4101, -0.0211165, 0.571398, 0.0267748, 0.0267716, 0.973228
33.4108, -0.0212398, 0.564388, 0.0269344, 0.0269312, 0.973069
33.4116, -0.0213625, 0.557379, 0.0270929, 0.0270897, 0.97291
33.4124, -0.0214845, 0.55037, 0.0272505, 0.0272474, 0.972753
33.4131, -0.0216057, 0.543361, 0.0274072, 0.027404, 0.972596
33.4139, -0.0217262, 0.536351, 0.0275629, 0.0275598, 0.97244
33.4146, -0.021846, 0.529342, 0.0277176, 0.0277145, 0.972285
33.4154, -0.0219651, 0.522333, 0.0278715, 0.0278684, 0.972132
33.4162, -0.0220835, 0.515323, 0.0280244, 0.0280213, 0.971979
33.4169, -0.0222012, 0.508314, 0.0281764, 0.0281734, 0.971827
33.4177, -0.0223182, 0.501305, 0.0283275, 0.0283245, 0.971676
33.4184, -0.0224345, 0.494296, 0.0284777, 0.0284747, 0.971525
33.4192, -0.0225501, 0.487286, 0.028627, 0.028624, 0.971376
33.42, -0.0226651, 0.480277, 0.0287754, 0.0287725, 0.971228
33.4207, -0.0227793, 0.473268, 0.028923, 0.02892, 0.97108
33.4215, -0.0228929, 0.466258, 0.0290697, 0.0290667, 0.970933
33.4222, -0.0230058, 0.459249, 0.0292155, 0.0292126, 0.970787
33.423, -0.023118, 0.45224, 0.0293605, 0.0293576, 0.970642
33.4237, -0.0232296, 0.44523, 0.0295046, 0.0295017, 0.970498
33.4245, -0.0233405, 0.438221, 0.0296479, 0.029645, 0.970355
33.4253, -0.0234507, 0.431212, 0.0297904, 0.0297875, 0.970212
33.426, -0.0235603, 0.424203, 0.029932, 0.0299292, 0.970071
33.4268, -0.0236693, 0.417193, 0.0300729, 0.0300701, 0.96993
33.4275, -0.0237776, 0.410184, 0.030213, 0.0302102, 0.96979
33.4283, -0.0238853, 0.403175, 0.0303522, 0.0303494, 0.969651
33.4291, -0.0239923, 0.396165, 0.0304907, 0.0304879, 0.969512
33.4298, -0.0240987, 0.389156, 0.0306284, 0.0306257, 0.969374
33.4306, -0.0242045, 0.382147, 0.0307654, 0.0307626, 0.969237
33.4313, -0.0243097, 0.375138, 0.0309015, 0.0308988, 0.969101
33.4321, -0.0244143, 0.368128, 0.031037, 0.0310343, 0.968966
33.4329, -0.0245182, 0.361119, 0.0311717, 0.031169, 0.968831
33.4336, -0.0246216, 0.35411, 0.0313057, 0.0313031, 0.968697
33.4344, -0.0247253, 0.3471, 0.0314404, 0.0314377, 0.968562
33.4351, -0.0248294, 0.340091, 0.0315759, 0.0315732, 0.968427
33.4359, -0.024934, 0.333082, 0.0317124, 0.0317097, 0.96829
33.4366, -0.0250392, 0.326072, 0.0318499, 0.0318471, 0.968153
33.4374, -0.0251448, 0.319063, 0.0319882, 0.0319855, 0.968015
33.4382, -0.025251, 0.312054, 0.0321276, 0.0321248, 0.967875
33.4389, -0.0253577, 0.305045, 0.0322679, 0.032265, 0.967735
33.4397, -0.0254649, 0.298035, 0.0324091, 0.0324063, 0.967594
33.4404, -0.0255727, 0.291026, 0.0325514, 0.0325485, 0.967451
33.4412, -0.025681, 0.284017, 0.0326946, 0.0326917, 0.967308
33.442, -0.0257899, 0.277007, 0.0328388, 0.032836, 0.967164
33.4427, -0.0258992, 0.269998, 0.0329841, 0.0329812, 0.967019
33.4435, -0.0260088, 0.262989, 0.0331304, 0.0331274, 0.966873
33.4442, -0.0261187, 0.255979, 0.0332777, 0.0332747, 0.966725
33.445, -0.026229, 0.24897, 0.033426, 0.033423, 0.966577
33.4458, -0.0263395, 0.241961, 0.0335754, 0.0335724, 0.966428
33.4465, -0.0264505, 0.234952, 0.0337259, 0.0337229, 0.966277
33.4473, -0.0265618, 0.227942, 0.0338774, 0.0338744, 0.966126
33.448, -0.0266735, 0.220933, 0.03403, 0.0340269, 0.965973
33.4488, -0.0267857, 0.213924, 0.0341837, 0.0341806, 0.965819
33.4495, -0.0268984, 0.206914, 0.0343384, 0.0343353, 0.965665
33.4503, -0.0270115, 0.199905, 0.0344943, 0.0344911, 0.965509
33.4511, -0.0271251, 0.192896, 0.0346512, 0.034648, 0.965352
33.4518, -0.0272392, 0.185887, 0.0348092, 0.0348061, 0.965194
33.4526, -0.0273539, 0.178877, 0.0349684, 0.0349652, 0.965035
33.4533, -0.0274691, 0.171868, 0.0351287, 0.0351255, 0.964875
33.4541, -0.0275849, 0.164859, 0.0352901, 0.0352869, 0.964713
33.4549, -0.0277012, 0.157849, 0.0354527, 0.0354494, 0.964551
33.4556, -0.0278181, 0.15084, 0.0356164, 0.0356131, 0.964387
33.4564, -0.0279357, 0.143831, 0.0357813, 0.0357779, 0.964222
33.4571, -0.0280538, 0.136821, 0.0359473, 0.035944, 0.964056
33.4579, -0.0281726, 0.129812, 0.0361145, 0.0361111, 0.963889
33.4586, -0.028292, 0.122803, 0.0362829, 0.0362795, 0.96372
33.4594, -0.0284121, 0.115794, 0.0364525, 0.0364491, 0.963551
33.4602, -0.0285329, 0.108784, 0.0366233, 0.0366199, 0.96338
33.4609, -0.0286544, 0.101775, 0.0367953, 0.0367919, 0.963208
33.4617, -0.0287765, 0.0947657, 0.0369685, 0.0369651, 0.963035
33.4624, -0.0288994, 0.0877564, 0.037143, 0.0371395, 0.96286
33.4632, -0.029023, 0.0807471, 0.0373187, 0.0373152, 0.962685
33.464, -0.0291473, 0.0737378, 0.0374957, 0.0374921, 0.962508
33.4647, -0.0292724, 0.0667285, 0.0376739, 0.0376703, 0.96233
33.4655, -0.0293982, 0.0597192, 0.0378534, 0.0378498, 0.96215
33.4662, -0.0295248, 0.0527099, 0.0380342, 0.0380306, 0.961969
33.467, -0.0296521, 0.0457006, 0.0382163, 0.0382126, 0.961787
33.4678, -0.0297803, 0.0386913, 0.0383997, 0.038396, 0.961604
33.4685, -0.0299092, 0.031682, 0.0385844, 0.0385807, 0.961419
33.4693, -0.030039, 0.0246727, 0.0387704, 0.0387667, 0.961233
33.47, -0.0301696, 0.0176634, 0.0389578, 0.038954, 0.961046
33.4708, -0.030301, 0.0106541, 0.0391465, 0.0391427, 0.960857
33.4715, -0.0304332, 0.00364483, 0.0393365, 0.0393327, 0.960667
33.4723, -0.0305663, -0.00336446, 0.0395279, 0.0395241, 0.960476
33.4731, -0.0307003, -0.0103738, 0.0397207, 0.0397169, 0.960283
33.4738, -0.0308351, -0.0173831, 0.0399149, 0.039911, 0.960089
33.4746, -0.0309708, -0.0243923, 0.0401105, 0.0401066, 0.959893
33.4753, -0.0311074, -0.0314016, 0.0403075, 0.0403036, 0.959696
33.4761, -0.0312449, -0.0384109, 0.0405059, 0.0405019, 0.959498
33.4769, -0.0313833, -0.0454202, 0.0407058, 0.0407018, 0.959298
33.4776, -0.0315226, -0.0524295, 0.0409071, 0.040903, 0.959097
33.4784, -0.0316628, -0.0594388, 0.0411098, 0.0411057, 0.958894
33.4791, -0.031804, -0.0664481, 0.041314, 0.0413099, 0.95869
33.4799, -0.0319461, -0.0734574, 0.0415197, 0.0415156, 0.958484
33.4807, -0.0320892, -0.0804667, 0.0417269, 0.0417227, 0.958277
33.4814, -0.0322332, -0.087476, 0.0419355, 0.0419314, 0.958069
33.4822, -0.0323782, -0.0944853, 0.0421457, 0.0421415, 0.957858
33.4829, -0.0325242, -0.101495, 0.0423574, 0.0423532, 0.957647
33.4837, -0.0326712, -0.108504, 0.0425706, 0.0425664, 0.957434
33.4844, -0.0328192, -0.115513, 0.0427854, 0.0427811, 0.957219
33.4852, -0.0329682, -0.122522, 0.0430017, 0.0429974, 0.957003
33.486, -0.0331182, -0.129532, 0.0432196, 0.0432153, 0.956785
33.4867, -0.0332692, -0.136541, 0.0434391, 0.0434347, 0.956565
33.4875, -0.0334213, -0.14355, 0.0436602, 0.0436557, 0.956344
33.4882, -0.0335744, -0.15056, 0.0438828, 0.0438784, 0.956122
33.489, -0.0337286, -0.157569, 0.0441071, 0.0441026, 0.955897
33.4898, -0.0338838, -0.164578, 0.044333, 0.0443285, 0.955672
33.4905, -0.0340402, -0.171588, 0.0445605, 0.0445559, 0.955444
33.4913, -0.0341976, -0.178597, 0.0447897, 0.0447851, 0.955215
33.492, -0.034356, -0.185606, 0.0450205, 0.0450159, 0.954984
33.4928, -0.0345156, -0.192615, 0.045253, 0.0452484, 0.954752
33.4936, -0.0346763, -0.199625, 0.0454872, 0.0454825, 0.954517
33.4943, -0.0348381, -0.206634, 0.0457231, 0.0457184, 0.954282
33.4951, -0.0350011, -0.213643, 0.0459607, 0.0459559, 0.954044
33.4958, -0.0351651, -0.220653, 0.0462, 0.0461952, 0.953805
33.4966, -0.0353303, -0.227662, 0.046441, 0.0464362, 0.953564
33.4973, -0.0354967, -0.234671, 0.0466838, 0.0466789, 0.953321
33.4981, -0.0356642, -0.241681, 0.0469283, 0.0469234, 0.953077
33.4989, -0.0358329, -0.24869, 0.0471746, 0.0471697, 0.95283
33.4996, -0.0360028, -0.255699, 0.0474227, 0.0474177, 0.952582
33.5004, -0.0361738, -0.262708, 0.0476725, 0.0476675, 0.952332
33.5011, -0.0363461, -0.269718, 0.0479242, 0.0479192, 0.952081
33.5019, -0.0365196, -0.276727, 0.0481777, 0.0481726, 0.951827
33.5027, -0.0366942, -0.283736, 0.048433, 0.0484279, 0.951572
33.5034, -0.0368701, -0.290746, 0.0486901, 0.0486849, 0.951315
33.5042, -0.0370473, -0.297755, 0.0489491, 0.0489439, 0.951056
33.5049, -0.0372256, -0.304764, 0.0492099, 0.0492047, 0.950795
33.5057, -0.0374052, -0.311773, 0.0494726, 0.0494674, 0.950533
33.5064, -0.0375861, -0.318783, 0.0497372, 0.0497319, 0.950268
33.5072, -0.0377682, -0.325792, 0.0500037, 0.0499984, 0.950002
33.508, -0.0379517, -0.332801, 0.0502721, 0.0502668, 0.949733
33.5087, -0.0381363, -0.339811, 0.0505425, 0.050537, 0.949463
33.5095, -0.0383223, -0.34682, 0.0508147, 0.0508093, 0.949191
33.5102, -0.0385096, -0.353829, 0.0510889, 0.0510834, 0.948917
33.511, -0.0386982, -0.360839, 0.0513651, 0.0513595, 0.94864
33.5118, -0.0388881, -0.367848, 0.0516432, 0.0516376, 0.948362
33.5125, -0.0390793, -0.374857, 0.0519233, 0.0519177, 0.948082
33.5133, -0.0392719, -0.381866, 0.0522054, 0.0521997, 0.9478
33.514, -0.0394658, -0.388876, 0.0524895, 0.0524838, 0.947516
33.5148, -0.0396611, -0.395885, 0.0527756, 0.0527699, 0.94723
33.5156, -0.0398577, -0.402894, 0.0530637, 0.053058, 0.946942
33.5163, -0.0400557, -0.409904, 0.0533539, 0.0533481, 0.946652
33.5171, -0.040255, -0.416913, 0.0536461, 0.0536403, 0.94636
33.5178, -0.0404558, -0.423922, 0.0539404, 0.0539345, 0.946065
33.5186, -0.0406579, -0.430932, 0.0542368, 0.0542308, 0.945769
33.5193, -0.0408614, -0.437941, 0.0545352, 0.0545292, 0.945471
33.5201, -0.0410664, -0.44495, 0.0548358, 0.0548297, 0.94517
33.5209, -0.0412728, -0.451959, 0.0551384, 0.0551323, 0.944868
33.5216, -0.0414805, -0.458969, 0.0554432, 0.0554371, 0.944563
33.5224, -0.0416898, -0.465978, 0.0557501, 0.0557439, 0.944256
33.5231, -0.0419004, -0.472987, 0.0560591, 0.0560529, 0.943947
33.5239, -0.0421125, -0.479997, 0.0563703, 0.0563641, 0.943636
33.5247, -0.0423261, -0.487006, 0.0566837, 0.0566774, 0.943323
33.5254, -0.0425411, -0.494015, 0.0569992, 0.0569929, 0.943007
33.5262, -0.0427576, -0.501024, 0.0573169, 0.0573105, 0.942689
33.5269, -0.0429756, -0.508034, 0.0576368, 0.0576304, 0.94237
33.5277, -0.043195, -0.515043, 0.0579589, 0.0579525, 0.942048
33.5285, -0.043416, -0.522052, 0.0582833, 0.0582768, 0.941723
33.5292, -0.0436385, -0.529062, 0.0586098, 0.0586033, 0.941397
33.53, -0.0438624, -0.536071, 0.0589386, 0.0589321, 0.941068
33.5307, -0.0440879, -0.54308, 0.0592697, 0.0592631, 0.940737
33.5315, -0.044315, -0.55009, 0.059603, 0.0595963, 0.940404
33.5322, -0.0445435, -0.557099, 0.0599386, 0.0599319, 0.940068
33.533, -0.0447736, -0.564108, 0.0602765, 0.0602697, 0.93973
33.5338, -0.0450053, -0.571117, 0.0606166, 0.0606098, 0.93939
33.5345, -0.0452384, -0.578127, 0.0609591, 0.0609522, 0.939048
33.5353, -0.0454732, -0.585136, 0.0613039, 0.0612969, 0.938703
33.536, -0.0457095, -0.592145, 0.0616509, 0.061644, 0.938356
33.5368, -0.0459474, -0.599155, 0.0620004, 0.0619934, 0.938007
33.5376, -0.0461869, -0.606164, 0.0623521, 0.0623451, 0.937655
33.5383, -0.046428, -0.613173, 0.0627062, 0.0626991, 0.937301
33.5391, -0.0466707, -0.620182, 0.0630627, 0.0630555, 0.936944
33.5398, -0.046915, -0.627192, 0.0634215, 0.0634143, 0.936586
33.5406, -0.0471609, -0.634201, 0.0637827, 0.0637755, 0.936225
33.5414, -0.0474077, -0.64121, 0.0641463, 0.064139, 0.935861
33.5421, -0.047654, -0.64822, 0.0645122, 0.0645048, 0.935495
33.5429, -0.0479019, -0.655229, 0.0648805, 0.0648731, 0.935127
33.5436, -0.0481513, -0.662238, 0.0652512, 0.0652438, 0.934756
33.5444, -0.0484024, -0.669248, 0.0656243, 0.0656169, 0.934383
33.5451, -0.0486551, -0.676257, 0.0659999, 0.0659924, 0.934008
33.5459, -0.0489094, -0.683266, 0.0663779, 0.0663704, 0.93363
33.5467, -0.0491654, -0.690275, 0.0667584, 0.0667508, 0.933249
33.5474, -0.0494229, -0.697285, 0.0671413, 0.0671337, 0.932866
33.5482, -0.0496822, -0.704294, 0.0675267, 0.067519, 0.932481
33.5489, -0.049943, -0.711303, 0.0679146, 0.0679068, 0.932093
33.5497, -0.0502055, -0.718313, 0.068305, 0.0682971, 0.931703
33.5505, -0.0504697, -0.725322, 0.0686978, 0.0686899, 0.93131
33.5512, -0.0507355, -0.732331, 0.0690932, 0.0690852, 0.930915
33.552, -0.0510029, -0.739341, 0.069491, 0.069483, 0.930517
33.5527, -0.0512721, -0.74635, 0.0698913, 0.0698833, 0.930117
33.5535, -0.0515429, -0.753359, 0.0702942, 0.0702861, 0.929714
33.5542, -0.0518153, -0.760368, 0.0706996, 0.0706915, 0.929309
33.555, -0.0520895, -0.767378, 0.0711075, 0.0710993, 0.928901
33.5558, -0.0523653, -0.774387, 0.071518, 0.0715097, 0.92849
33.5565, -0.0526428, -0.781396, 0.071931, 0.0719227, 0.928077
33.5573, -0.052922, -0.788406, 0.0723465, 0.0723382, 0.927662
33.558, -0.0532029, -0.795415, 0.0727646, 0.0727562, 0.927244
33.5588, -0.0534855, -0.802424, 0.0731853, 0.0731768, 0.926823
33.5596, -0.0537698, -0.809433, 0.0736085, 0.0736, 0.9264
33.5603, -0.0540557, -0.816443, 0.0740343, 0.0740258, 0.925974
33.5611, -0.0543434, -0.823452, 0.0744626, 0.0744541, 0.925546
33.5618, -0.0546328, -0.830461, 0.0748936, 0.0748849, 0.925115
33.5626, -0.0549239, -0.837471, 0.0753271, 0.0753184, 0.924682
33.5634, -0.0552167, -0.84448, 0.0757632, 0.0757545, 0.924246
33.5641, -0.0555113, -0.851489, 0.0762019, 0.0761931, 0.923807
33.5649, -0.0558075, -0.858499, 0.0766432, 0.0766344, 0.923366
33.5656, -0.0561055, -0.865508, 0.0770871, 0.0770782, 0.922922
33.5664, -0.0564051, -0.872517, 0.0775336, 0.0775246, 0.922475
33.5671, -0.0567065, -0.879526, 0.0779827, 0.0779737, 0.922026
33.5679, -0.0570097, -0.886536, 0.0784344, 0.0784253, 0.921575
33.5687, -0.0573145, -0.893545, 0.0788887, 0.0788796, 0.92112
33.5694, -0.0576211, -0.900554, 0.0793456, 0.0793365, 0.920664
33.5702, -0.0579294, -0.907564, 0.0798052, 0.079796, 0.920204
33.5709, -0.0582394, -0.914573, 0.0802673, 0.0802581, 0.919742
33.5717, -0.0585512, -0.921582, 0.0807321, 0.0807228, 0.919277
33.5725, -0.0588647, -0.928592, 0.0811995, 0.0811902, 0.91881
33.5732, -0.0591799, -0.935601, 0.0816696, 0.0816601, 0.91834
33.574, -0.0594969, -0.94261, 0.0821422, 0.0821327, 0.917867
33.5747, -0.0598156, -0.949619, 0.0826175, 0.0826079, 0.917392
33.5755, -0.060136, -0.956629, 0.0830954, 0.0830858, 0.916914
33.5763, -0.0604582, -0.963638, 0.0835759, 0.0835663, 0.916434
33.577, -0.0607821, -0.970647, 0.0840591, 0.0840494, 0.915951
33.5778, -0.0611077, -0.977657, 0.0845449, 0.0845351, 0.915465
33.5785, -0.061435, -0.984666, 0.0850333, 0.0850235, 0.914977
33.5793, -0.0617641, -0.991675, 0.0855243, 0.0855145, 0.914486
33.58, -0.062095, -0.998684, 0.086018, 0.0860081, 0.913992
33.5808, -0.0624275, -1.00569, 0.0865143, 0.0865044, 0.913496
33.5816, -0.0627618, -1.0127, 0.0870132, 0.0870032, 0.912997
33.5823, -0.0630978, -1.01971, 0.0875148, 0.0875047, 0.912495
33.5831, -0.0634356, -1.02672, 0.088019, 0.0880089, 0.911991
33.5838, -0.0637751, -1.03373, 0.0885258, 0.0885156, 0.911484
33.5846, -0.0641163, -1.04074, 0.0890352, 0.089025, 0.910975
33.5854, -0.0644592, -1.04775, 0.0895473, 0.089537, 0.910463
33.5861, -0.0648039, -1.05476, 0.090062, 0.0900516, 0.909948
33.5869, -0.0651503, -1.06177, 0.0905793, 0.0905689, 0.909431
33.5876, -0.0654984, -1.06878, 0.0910992, 0.0910887, 0.908911
33.5884, -0.0658482, -1.07579, 0.0916217, 0.0916112, 0.908389
33.5892, -0.0661997, -1.0828, 0.0921468, 0.0921363, 0.907864
33.5899, -0.066553, -1.08981, 0.0926746, 0.092664, 0.907336
33.5907, -0.0669079, -1.09681, 0.0932049, 0.0931943, 0.906806
33.5914, -0.0672646, -1.10382, 0.0937379, 0.0937272, 0.906273
33.5922, -0.067623, -1.11083, 0.0942735, 0.0942627, 0.905737
33.5929, -0.0679831, -1.11784, 0.0948116, 0.0948008, 0.905199
33.5937, -0.0683449, -1.12485, 0.0953523, 0.0953415, 0.904658
33.5945, -0.0687084, -1.13186, 0.0958957, 0.0958848, 0.904115
33.5952, -0.0690736, -1.13887, 0.0964416, 0.0964307, 0.903569
33.596, -0.0694405, -1.14588, 0.0969901, 0.0969791, 0.903021
33.5967, -0.069809, -1.15289, 0.0975412, 0.0975301, 0.90247
33.5975, -0.0701793, -1.1599, 0.0980948, 0.0980837, 0.901916
33.5983, -0.0705512, -1.16691, 0.098651, 0.0986399, 0.90136
33.599, -0.0709249, -1.17392, 0.0992098, 0.0991986, 0.900801
33.5998, -0.0713002, -1.18093, 0.0997712, 0.0997599, 0.90024
33.6005, -0.0716771, -1.18794, 0.100335, 0.100324, 0.899676
33.6013, -0.0720558, -1.19494, 0.100901, 0.10089, 0.89911
33.602, -0.0724361, -1.20195, 0.10147, 0.101459, 0.898541
33.6028, -0.0728181, -1.20896, 0.102042, 0.102031, 0.897969
33.6036, -0.0732017, -1.21597, 0.102616, 0.102605, 0.897395
33.6043, -0.073587, -1.22298, 0.103193, 0.103181, 0.896819
33.6051, -0.073974, -1.22999, 0.103772, 0.10376, 0.89624
33.6058, -0.0743625, -1.237, 0.104353, 0.104342, 0.895658
33.6066, -0.0747528, -1.24401, 0.104938, 0.104926, 0.895074
33.6074, -0.0751446, -1.25102, 0.105524, 0.105512, 0.894488
33.6081, -0.0755381, -1.25803, 0.106113, 0.106101, 0.893899
33.6089, -0.0759332, -1.26504, 0.106705, 0.106693, 0.893307
33.6096, -0.07633, -1.27205, 0.107299, 0.107287, 0.892713
33.6104, -0.0767284, -1.27906, 0.107896, 0.107884, 0.892116
33.6112, -0.0771283, -1.28607, 0.108495, 0.108483, 0.891517
33.6119, -0.0775299, -1.29307, 0.109096, 0.109084, 0.890916
33.6127, -0.0779331, -1.30008, 0.1097, 0.109688, 0.890312
33.6134, -0.0783379, -1.30709, 0.110307, 0.110294, 0.889706
33.6142, -0.0787443, -1.3141, 0.110915, 0.110903, 0.889097
33.6149, -0.0791523, -1.32111, 0.111527, 0.111515, 0.888485
33.6157, -0.0795618, -1.32812, 0.11214, 0.112128, 0.887872
33.6165, -0.079973, -1.33513, 0.112757, 0.112744, 0.887256
33.6172, -0.0803857, -1.34214, 0.113375, 0.113363, 0.886637
33.618, -0.0808, -1.34915, 0.113996, 0.113984, 0.886016
33.6187, -0.0812158, -1.35616, 0.11462, 0.114607, 0.885393
33.6195, -0.0816332, -1.36317, 0.115245, 0.115233, 0.884767
33.6203, -0.0820522, -1.37018, 0.115873, 0.115861, 0.884139
33.621, -0.0824727, -1.37719, 0.116504, 0.116491, 0.883509
33.6218, -0.0828947, -1.3842, 0.117137, 0.117124, 0.882876
33.6225, -0.0833183, -1.39121, 0.117772, 0.117759, 0.882241
33.6233, -0.0837434, -1.39821, 0.11841, 0.118397, 0.881603
33.6241, -0.08417, -1.40522, 0.11905, 0.119037, 0.880963
33.6248, -0.0845982, -1.41223, 0.119692, 0.119679, 0.880321
33.6256, -0.0850278, -1.41924, 0.120337, 0.120324, 0.879676
33.6263, -0.085459, -1.42625, 0.120983, 0.120971, 0.879029
33.6271, -0.0858917, -1.43326, 0.121633, 0.12162, 0.87838
33.6278, -0.0863258, -1.44027, 0.122284, 0.122271, 0.877729
33.6286, -0.0867615, -1.44728, 0.122938, 0.122925, 0.877075
33.6294, -0.0871987, -1.45429, 0.123594, 0.123581, 0.876419
33.6301, -0.0876373, -1.4613, 0.124253, 0.124239, 0.875761
33.6309, -0.0880774, -1.46831, 0.124913, 0.1249, 0.8751
33.6316, -0.0885189, -1.47532, 0.125576, 0.125563, 0.874437
33.6324, -0.088962, -1.48233, 0.126241, 0.126228, 0.873772
33.6332, -0.0894064, -1.48934, 0.126909, 0.126895, 0.873105
33.6339, -0.0898524, -1.49634, 0.127579, 0.127565, 0.872435
33.6347, -0.0902997, -1.50335, 0.12825, 0.128237, 0.871763
33.6354, -0.0907485, -1.51036, 0.128925, 0.128911, 0.871089
33.6362, -0.0911988, -1.51737, 0.129601, 0.129587, 0.870413
33.6369, -0.0916505, -1.52438, 0.130279, 0.130266, 0.869734
33.6377, -0.0921036, -1.53139, 0.13096, 0.130947, 0.869053
33.6385, -0.0925581, -1.5384, 0.131643, 0.131629, 0.868371
33.6392, -0.093014, -1.54541, 0.132328, 0.132314, 0.867686
33.64, -0.0934713, -1.55242, 0.133015, 0.133002, 0.866998
33.6407, -0.09393, -1.55943, 0.133705, 0.133691, 0.866309
33.6415, -0.0943901, -1.56644, 0.134396, 0.134383, 0.865617
33.6423, -0.0948516, -1.57345, 0.13509, 0.135076, 0.864924
33.643, -0.0953145, -1.58046, 0.135786, 0.135772, 0.864228
33.6438, -0.0957787, -1.58747, 0.136484, 0.13647, 0.86353
33.6445, -0.0962443, -1.59447, 0.137184, 0.13717, 0.86283
33.6453, -0.0967113, -1.60148, 0.137886, 0.137872, 0.862128
33.6461, -0.0971796, -1.60849, 0.138591, 0.138577, 0.861423
33.6468, -0.0976493, -1.6155, 0.139297, 0.139283, 0.860717
33.6476, -0.0981203, -1.62251, 0.140006, 0.139991, 0.860009
33.6483, -0.0985927, -1.62952, 0.140716, 0.140702, 0.859298
33.6491, -0.0990664, -1.63653, 0.141429, 0.141415, 0.858585
33.6498, -0.0995414, -1.64354, 0.142143, 0.142129, 0.857871
33.6506, -0.100018, -1.65055, 0.14286, 0.142846, 0.857154
33.6514, -0.100495, -1.65756, 0.143579, 0.143565, 0.856435
33.6521, -0.100974, -1.66457, 0.1443, 0.144285, 0.855715
33.6529, -0.101455, -1.67158, 0.145023, 0.145008, 0.854992
33.6536, -0.101936, -1.67859, 0.145748, 0.145733, 0.854267
33.6544, -0.102419, -1.6856, 0.146475, 0.14646, 0.85354
33.6552, -0.102903, -1.6926, 0.147203, 0.147189, 0.852811
33.6559, -0.103389, -1.69961, 0.147934, 0.14792, 0.85208
33.6567, -0.103875, -1.70662, 0.148667, 0.148653, 0.851347
33.6574, -0.104363, -1.71363, 0.149402, 0.149387, 0.850613
33.6582, -0.104853, -1.72064, 0.150139, 0.150124, 0.849876
33.659, -0.105343, -1.72765, 0.150878, 0.150863, 0.849137
33.6597, -0.105835, -1.73466, 0.151619, 0.151604, 0.848396
33.6605, -0.106328, -1.74167, 0.152361, 0.152346, 0.847654
33.6612, -0.106822, -1.74868, 0.153106, 0.153091, 0.846909
33.662, -0.107318, -1.75569, 0.153853, 0.153838, 0.846162
33.6627, -0.107815, -1.7627, 0.154601, 0.154586, 0.845414
33.6635, -0.108313, -1.76971, 0.155352, 0.155337, 0.844663
33.6643, -0.108812, -1.77672, 0.156104, 0.156089, 0.843911
33.665, -0.109312, -1.78373, 0.156858, 0.156843, 0.843157
33.6658, -0.109814, -1.79073, 0.157614, 0.157599, 0.842401
33.6665, -0.110317, -1.79774, 0.158372, 0.158357, 0.841643
33.6673, -0.110821, -1.80475, 0.159132, 0.159117, 0.840883
33.6681, -0.111326, -1.81176, 0.159894, 0.159879, 0.840121
33.6688, -0.111833, -1.81877, 0.160658, 0.160643, 0.839357
33.6696, -0.11234, -1.82578, 0.161423, 0.161408, 0.838592
33.6703, -0.112849, -1.83279, 0.162191, 0.162175, 0.837825
33.6711, -0.113359, -1.8398, 0.16296, 0.162945, 0.837055
33.6719, -0.11387, -1.84681, 0.163731, 0.163716, 0.836284
33.6726, -0.114383, -1.85382, 0.164504, 0.164489, 0.835511
33.6734, -0.114896, -1.86083, 0.165279, 0.165263, 0.834737
33.6741, -0.115411, -1.86784, 0.166055, 0.16604, 0.83396
33.6749, -0.115927, -1.87485, 0.166834, 0.166818, 0.833182
33.6756, -0.116444, -1.88186, 0.167614, 0.167598, 0.832402
33.6764, -0.116962, -1.88887, 0.168396, 0.16838, 0.83162
33.6772, -0.117481, -1.89587, 0.16918, 0.169164, 0.830836
33.6779, -0.118002, -1.90288, 0.169965, 0.16995, 0.83005
33.6787, -0.118523, -1.90989, 0.170753, 0.170737, 0.829263
33.6794, -0.119046, -1.9169, 0.171542, 0.171526, 0.828474
33.6802, -0.11957, -1.92391, 0.172333, 0.172317, 0.827683
33.681, -0.120095, -1.93092, 0.173126, 0.17311, 0.82689
33.6817, -0.120621, -1.93793, 0.17392, 0.173904, 0.826096
33.6825, -0.121148, -1.94494, 0.174716, 0.1747, 0.8253
33.6832, -0.121676, -1.95195, 0.175514, 0.175498, 0.824502
33.684, -0.122206, -1.95896, 0.176314, 0.176298, 0.823702
33.6847, -0.122736, -1.96597, 0.177115, 0.177099, 0.822901
33.6855, -0.123268, -1.97298, 0.177918, 0.177902, 0.822098
33.6863, -0.123801, -1.97999, 0.178723, 0.178707, 0.821293
33.687, -0.124334, -1.987, 0.17953, 0.179514, 0.820486
33.6878, -0.124869, -1.994, 0.180338, 0.180322, 0.819678
33.6885, -0.125405, -2.00101, 0.181148, 0.181132, 0.818868
33.6893, -0.125942, -2.00802, 0.18196, 0.181943, 0.818057
33.6901, -0.12648, -2.01503, 0.182773, 0.182757, 0.817243
33.6908, -0.12702, -2.02204, 0.183588, 0.183572, 0.816428
33.6916, -0.12756, -2.02905, 0.184405, 0.184388, 0.815612
33.6923, -0.128101, -2.03606, 0.185223, 0.185207, 0.814793
33.6931, -0.128644, -2.04307, 0.186043, 0.186027, 0.813973
33.6939, -0.129187, -2.05008, 0.186865, 0.186849, 0.813151
33.6946, -0.129731, -2.05709, 0.187689, 0.187672, 0.812328
33.6954, -0.130277, -2.0641, 0.188514, 0.188497, 0.811503
33.6961, -0.130824, -2.07111, 0.18934, 0.189324, 0.810676
33.6969, -0.131371, -2.07812, 0.190169, 0.190152, 0.809848
33.6976, -0.13192, -2.08513, 0.190999, 0.190982, 0.809018
33.6984, -0.13247, -2.09213, 0.19183, 0.191814, 0.808186
33.6992, -0.13302, -2.09914, 0.192664, 0.192647, 0.807353
33.6999, -0.133572, -2.10615, 0.193499, 0.193482, 0.806518
33.7007, -0.134125, -2.11316, 0.194335, 0.194319, 0.805681
33.7014, -0.134679, -2.12017, 0.195173, 0.195157, 0.804843
33.7022, -0.135234, -2.12718, 0.196013, 0.195996, 0.804004
33.703, -0.13579, -2.13419, 0.196855, 0.196838, 0.803162
33.7037, -0.136346, -2.1412, 0.197698, 0.197681, 0.802319
33.7045, -0.136904, -2.14821, 0.198542, 0.198525, 0.801475
33.7052, -0.137463, -2.15522, 0.199389, 0.199372, 0.800628
33.706, -0.138023, -2.16223, 0.200236, 0.200219, 0.799781
33.7068, -0.138584, -2.16924, 0.201086, 0.201069, 0.798931
33.7075, -0.139146, -2.17625, 0.201937, 0.20192, 0.79808
33.7083, -0.139709, -2.18326, 0.202789, 0.202772, 0.797228
33.709, -0.140273, -2.19026, 0.203644, 0.203626, 0.796374
33.7098, -0.140838, -2.19727, 0.204499, 0.204482, 0.795518
33.7105, -0.141404, -2.20428, 0.205357, 0.205339, 0.794661
33.7113, -0.14197, -2.21129, 0.206215, 0.206198, 0.793802
33.7121, -0.142538, -2.2183, 0.207076, 0.207059, 0.792941
33.7128, -0.143107, -2.22531, 0.207938, 0.207921, 0.792079
33.7136, -0.143677, -2.23232, 0.208801, 0.208784, 0.791216
33.7143, -0.144248, -2.23933, 0.209667, 0.209649, 0.790351
33.7151, -0.14482, -2.24634, 0.210533, 0.210516, 0.789484
33.7159, -0.145392, -2.25335, 0.211401, 0.211384, 0.788616
33.7166, -0.145966, -2.26036, 0.212271, 0.212254, 0.787746
33.7174, -0.146541, -2.26737, 0.213142, 0.213125, 0.786875
33.7181, -0.147116, -2.27438, 0.214015, 0.213998, 0.786002
33.7189, -0.147693, -2.28139, 0.21489, 0.214872, 0.785128
33.7197, -0.148271, -2.28839, 0.215765, 0.215748, 0.784252
33.7204, -0.148849, -2.2954, 0.216643, 0.216625, 0.783375
33.7212, -0.149429, -2.30241, 0.217522, 0.217504, 0.782496
33.7219, -0.150009, -2.30942, 0.218402, 0.218385, 0.781615
33.7227, -0.15059, -2.31643, 0.219284, 0.219266, 0.780734
33.7234, -0.151173, -2.32344, 0.220168, 0.22015, 0.77985
33.7242, -0.151756, -2.33045, 0.221053, 0.221035, 0.778965
33.725, -0.15234, -2.33746, 0.221939, 0.221921, 0.778079
33.7257, -0.152925, -2.34447, 0.222827, 0.222809, 0.777191
33.7265, -0.153512, -2.35148, 0.223716, 0.223699, 0.776301
33.7272, -0.154099, -2.35849, 0.224607, 0.22459, 0.77541
33.728, -0.154687, -2.3655, 0.2255, 0.225482, 0.774518
33.7288, -0.155276, -2.37251, 0.226394, 0.226376, 0.773624
33.7295, -0.155866, -2.37952, 0.227289, 0.227271, 0.772729
33.7303, -0.156456, -2.38653, 0.228186, 0.228168, 0.771832
33.731, -0.157048, -2.39353, 0.229085, 0.229067, 0.770933
33.7318, -0.157641, -2.40054, 0.229985, 0.229967, 0.770033
33.7325, -0.158234, -2.40755, 0.230886, 0.230868, 0.769132
33.7333, -0.158829, -2.41456, 0.231789, 0.231771, 0.768229
33.7341, -0.159424, -2.42157, 0.232693, 0.232675, 0.767325
33.7348, -0.160021, -2.42858, 0.233599, 0.233581, 0.766419
33.7356, -0.160618, -2.43559, 0.234507, 0.234488, 0.765512
33.7363, -0.161216, -2.4426, 0.235415, 0.235397, 0.764603
33.7371, -0.161815, -2.44961, 0.236326, 0.236307, 0.763693
33.7379, -0.162415, -2.45662, 0.237237, 0.237219, 0.762781
33.7386, -0.163016, -2.46363, 0.23815, 0.238132, 0.761868
33.7394, -0.163618, -2.47064, 0.239065, 0.239047, 0.760953
33.7401, -0.164221, -2.47765, 0.239981, 0.239963, 0.760037
33.7409, -0.164825, -2.48466, 0.240899, 0.24088, 0.75912
33.7417, -0.165429, -2.49166, 0.241818, 0.241799, 0.758201
33.7424, -0.166035, -2.49867, 0.242738, 0.24272, 0.75728
33.7432, -0.166641, -2.50568, 0.24366, 0.243642, 0.756358
33.7439, -0.167249, -2.51269, 0.244584, 0.244565, 0.755435
33.7447, -0.167857, -2.5197, 0.245508, 0.24549, 0.75451
33.7454, -0.168466, -2.52671, 0.246435, 0.246416, 0.753584
33.7462, -0.169076, -2.53372, 0.247362, 0.247344, 0.752656
33.747, -0.169687, -2.54073, 0.248291, 0.248273, 0.751727
33.7477, -0.170299, -2.54774, 0.249222, 0.249203, 0.750797
33.7485, -0.170911, -2.55475, 0.250154, 0.250135, 0.749865
33.7492, -0.171525, -2.56176, 0.251087, 0.251069, 0.748931
33.75, -0.167477, -2.55811, 0.251272, 0.251275, 0.748725
33.7501, -0.1618, -2.5511, 0.250993, 0.251001, 0.748999
33.7502, -0.156062, -2.54409, 0.250372, 0.250388, 0.749612
33.7503, -0.150312, -2.53708, 0.2494, 0.249423, 0.750577
33.7504, -0.144589, -2.53008, 0.248073, 0.248103, 0.751897
33.7505, -0.138925, -2.52307, 0.246394, 0.246431, 0.753569
33.7506, -0.133342, -2.51606, 0.244371, 0.244414, 0.755586
33.7508, -0.127857, -2.50905, 0.242018, 0.242068, 0.757932
33.7509, -0.122481, -2.50204, 0.239352, 0.239408, 0.760592
33.751, -0.117222, -2.49503, 0.236391, 0.236453, 0.763547
33.7511, -0.112083, -2.48802, 0.233157, 0.233224, 0.766776
33.7512, -0.107068, -2.48101, 0.229669, 0.229742, 0.770258
33.7513, -0.102177, -2.474, 0.22595, 0.226026, 0.773974
33.7514, -0.0974126, -2.46699, 0.222018, 0.222099, 0.777901
33.7515, -0.0927731, -2.45998, 0.217895, 0.217979, 0.782021
33.7516, -0.0882585, -2.45297, 0.213598, 0.213686, 0.786314
33.7517, -0.0838681, -2.44596, 0.209147, 0.209237, 0.790763
33.7518, -0.079601, -2.43895, 0.204558, 0.204651, 0.795349
33.7519, -0.0754563, -2.43195, 0.199847, 0.199943, 0.800057
33.752, -0.071433, -2.42494, 0.195031, 0.195128, 0.804872
33.7522, -0.0675301, -2.41793, 0.190124, 0.190223, 0.809777
33.7523, -0.0637465, -2.41092, 0.185139, 0.185239, 0.814761
33.7524, -0.0600879, -2.40391, 0.1801, 0.180202, 0.819798
33.7525, -0.0565583, -2.3969, 0.175029, 0.17513, 0.82487
33.7526, -0.0531539, -2.38989, 0.169934, 0.170036, 0.829964
33.7527, -0.0498714, -2.38288, 0.164825, 0.164927, 0.835073
33.7528, -0.0467077, -2.37587, 0.159711, 0.159813, 0.840187
33.7529, -0.04366, -2.36886, 0.154599, 0.154701, 0.845299
33.753, -0.0407256, -2.36185, 0.149498, 0.1496, 0.8504
33.7531, -0.037902, -2.35484, 0.144416, 0.144517, 0.855483
33.7532, -0.035187, -2.34783, 0.139357, 0.139458, 0.860542
33.7533, -0.0325782, -2.34082, 0.13433, 0.134431, 0.865569
33.7534, -0.0300736, -2.33382, 0.129341, 0.12944, 0.87056
33.7535, -0.027671, -2.32681, 0.124394, 0.124493, 0.875507
33.7537, -0.0253684, -2.3198, 0.119496, 0.119594, 0.880406
33.7538, -0.0231639, -2.31279, 0.114653, 0.114749, 0.885251
33.7539, -0.0210554, -2.30578, 0.109868, 0.109964, 0.890036
33.754, -0.0190564, -2.29877, 0.105242, 0.105332, 0.894668
33.7541, -0.0171778, -2.29176, 0.100859, 0.100944, 0.899056
33.7542, -0.015412, -2.28475, 0.096706, 0.0967869, 0.903213
33.7543, -0.013752, -2.27774, 0.0927718, 0.0928484, 0.907152
33.7544, -0.0121911, -2.27073, 0.0890444, 0.089117, 0.910883
33.7545, -0.0107231, -2.26372, 0.0855128, 0.0855816, 0.914418
33.7546, -0.00934174, -2.25671, 0.0821661, 0.0822313, 0.917769
33.7547, -0.00804147, -2.2497, 0.0789944, 0.0790561, 0.920944
33.7548, -0.00681689, -2.24269, 0.0759878, 0.0760463, 0.923954
33.7549, -0.00566296, -2.23568, 0.0731371, 0.0731927, 0.926807
33.7551, -0.00457493, -2.22868, 0.0704337, 0.0704864, 0.929514
33.7552, -0.00359595, -2.22167, 0.0678691, 0.0679191, 0.932081
33.7553, -0.00278144, -2.21466, 0.0654355, 0.065483, 0.934517
33.7554, -0.00202031, -2.20765, 0.0631256, 0.0631706, 0.936829
33.7555, -0.00130891, -2.20064, 0.0609324, 0.0609751, 0.939025
33.7556, -0.000643834, -2.19363, 0.0588492, 0.0588899, 0.94111
33.7557, -2.19045e-05, -2.18662, 0.05687, 0.0569086, 0.943091
33.7558, 0.000559842, -2.17961, 0.0549887, 0.0550254, 0.944975
33.7559, 0.00110417, -2.1726, 0.0531998, 0.0532347, 0.946765
33.756, 0.00161364, -2.16559, 0.0514983, 0.0515315, 0.948469
33.7561, 0.00209066, -2.15858, 0.0498791, 0.0499107, 0.950089
33.7562, 0.00253745, -2.15157, 0.0483376, 0.0483677, 0.951632
33.7563, 0.00295608, -2.14456, 0.0468696, 0.0468983, 0.953102
33.7565, 0.00334849, -2.13755, 0.0454709, 0.0454982, 0.954502
33.7566, 0.00371645, -2.13055, 0.0441378, 0.0441638, 0.955836
33.7567, 0.00406164, -2.12354, 0.0428666, 0.0428914, 0.957109
33.7568, 0.0043856, -2.11653, 0.041654, 0.0416777, 0.958322
33.7569, 0.00468978, -2.10952, 0.0404967, 0.0405193, 0.959481
33.757, 0.00497551, -2.10251, 0.0393918, 0.0394135, 0.960587
33.7571, 0.00524404, -2.0955, 0.0383366, 0.0383572, 0.961643
33.7572, 0.00549652, -2.08849, 0.0373283, 0.037348, 0.962652
33.7573, 0.00573404, -2.08148, 0.0363645, 0.0363834, 0.963617
33.7574, 0.00595758, -2.07447, 0.0354429, 0.0354609, 0.964539
33.7575, 0.00616808, -2.06746, 0.0345612, 0.0345785, 0.965422
33.7576, 0.0063664, -2.06045, 0.0337174, 0.033734, 0.966266
33.7577, 0.00655336, -2.05344, 0.0329096, 0.0329255, 0.967075
33.7578, 0.0067297, -2.04643, 0.032136, 0.0321511, 0.967849
33.758, 0.00689612, -2.03942, 0.0313948, 0.0314093, 0.968591
33.7581, 0.00705327, -2.03242, 0.0306843, 0.0306983, 0.969302
33.7582, 0.00720176, -2.02541, 0.0300032, 0.0300165, 0.969983
33.7583, 0.00734215, -2.0184, 0.0293499, 0.0293627, 0.970637
33.7584, 0.00747497, -2.01139, 0.0287231, 0.0287354, 0.971265
33.7585, 0.00760071, -2.00438, 0.0281215, 0.0281333, 0.971867
33.7586, 0.00771982, -1.99737, 0.027544, 0.0275553, 0.972445
33.7587, 0.00783275, -1.99036, 0.0269893, 0.0270001, 0.973
33.7588, 0.00793987, -1.98335, 0.0264564, 0.0264668, 0.973533
33.7589, 0.00804158, -1.97634, 0.0259443, 0.0259543, 0.974046
33.759, 0.00813821, -1.96933, 0.025452, 0.0254616, 0.974538
33.7591, 0.00823009, -1.96232, 0.0249786, 0.0249879, 0.975012
33.7592, 0.00831752, -1.95531, 0.0245233, 0.0245323, 0.975468
33.7594, 0.00840079, -1.9483, 0.0240853, 0.0240939, 0.975906
33.7595, 0.00848017, -1.94129, 0.0236638, 0.023672, 0.976328
33.7596, 0.00855591, -1.93429, 0.023258, 0.023266, 0.976734
33.7597, 0.00862823, -1.92728, 0.0228673, 0.022875, 0.977125
33.7598, 0.00869736, -1.92027, 0.022491, 0.0224984, 0.977502
33.7599, 0.00876349, -1.91326, 0.0221286, 0.0221357, 0.977864
33.76, 0.00882683, -1.90625, 0.0217794, 0.0217862, 0.978214
33.7601, 0.00888756, -1.89924, 0.0214428, 0.0214494, 0.978551
33.7602, 0.00894583, -1.89223, 0.0211184, 0.0211248, 0.978875
33.7603, 0.00900182, -1.88522, 0.0208057, 0.0208118, 0.979188
33.7604, 0.00905566, -1.87821, 0.0205041, 0.02051, 0.97949
33.7605, 0.0091075, -1.8712, 0.0202133, 0.020219, 0.979781
33.7606, 0.00915747, -1.86419, 0.0199328, 0.0199383, 0.980062
33.7608, 0.0092057, -1.85718, 0.0196621, 0.0196674, 0.980333
33.7609, 0.00925229, -1.85017, 0.019401, 0.0194061, 0.980594
33.761, 0.00929736, -1.84316, 0.019149, 0.019154, 0.980846
33.7611, 0.00934102, -1.83616, 0.0189058, 0.0189106, 0.981089
33.7612, 0.00938335, -1.82915, 0.0186711, 0.0186757, 0.981324
33.7613, 0.00942446, -1.82214, 0.0184446, 0.018449, 0.981551
33.7614, 0.00946442, -1.81513, 0.0182259, 0.0182302, 0.98177
33.7615, 0.00950333, -1.80812, 0.0180147, 0.0180189, 0.981981
33.7616, 0.00954125, -1.80111, 0.0178109, 0.0178149, 0.982185
33.7617, 0.00957826, -1.7941, 0.0176141, 0.017618, 0.982382
33.7618, 0.00961443, -1.78709, 0.0174241, 0.0174279, 0.982572
33.7619, 0.00964983, -1.78008, 0.0172407, 0.0172443, 0.982756
33.762, 0.00968452, -1.77307, 0.0170636, 0.0170671, 0.982933
33.7622, 0.00971856, -1.76606, 0.0168927, 0.0168961, 0.983104
33.7623, 0.00975195, -1.75905, 0.0167281, 0.0167313, 0.983269
33.7624, 0.00978473, -1.75204, 0.0165695, 0.0165726, 0.983427
33.7625, 0.00981695, -1.74503, 0.0164168, 0.0164198, 0.98358
33.7626, 0.00984866, -1.73802, 0.0162698, 0.0162727, 0.983727
33.7627, 0.00987992, -1.73102, 0.0161283, 0.0161311, 0.983869
33.7628, 0.00991076, -1.72401, 0.0159921, 0.0159948, 0.984005
33.7629, 0.00994124, -1.717, 0.0158612, 0.0158637, 0.984136
33.763, 0.00997139, -1.70999, 0.0157352, 0.0157377, 0.984262
33.7631, 0.0100013, -1.70298, 0.0156141, 0.0156165, 0.984384
33.7632, 0.0100309, -1.69597, 0.0154977, 0.0155, 0.9845
33.7633, 0.0100603, -1.68896, 0.015386, 0.0153882, 0.984612
33.7634, 0.0100896, -1.68195, 0.0152787, 0.0152808, 0.984719
33.7635, 0.0101187, -1.67494, 0.0151758, 0.0151778, 0.984822
33.7637, 0.0101477, -1.66793, 0.0150771, 0.0150791, 0.984921
33.7638, 0.0101767, -1.66092, 0.0149826, 0.0149845, 0.985016
33.7639, 0.0102057, -1.65391, 0.0148922, 0.014894, 0.985106
33.764, 0.0102347, -1.6469, 0.0148058, 0.0148075, 0.985193
33.7641, 0.0102637, -1.63989, 0.0147232, 0.0147248, 0.985275
33.7642, 0.0102929, -1.63289, 0.0146445, 0.0146461, 0.985354
33.7643, 0.0103222, -1.62588, 0.0145696, 0.0145711, 0.985429
33.7644, 0.0103517, -1.61887, 0.0144984, 0.0144998, 0.9855
33.7645, 0.0103814, -1.61186, 0.0144309, 0.0144322, 0.985568
33.7646, 0.0104114, -1.60485, 0.0143671, 0.0143683, 0.985632
33.7647, 0.0104417, -1.59784, 0.0143069, 0.014308, 0.985692
33.7648, 0.0104724, -1.59083, 0.0142503, 0.0142513, 0.985749
33.7649, 0.0105036, -1.58382, 0.0141973, 0.0141983, 0.985802
33.7651, 0.0105352, -1.57681, 0.0141479, 0.0141489, 0.985851
33.7652, 0.0105674, -1.5698, 0.0141022, 0.0141031, 0.985897
33.7653, 0.0106002, -1.56279, 0.0140602, 0.014061, 0.985939
33.7654, 0.0106337, -1.55578, 0.0140219, 0.0140226, 0.985977
33.7655, 0.0106681, -1.54877, 0.0139874, 0.0139881, 0.986012
33.7656, 0.0107033, -1.54176, 0.0139569, 0.0139574, 0.986043
33.7657, 0.0107395, -1.53476, 0.0139303, 0.0139308, 0.986069
33.7658, 0.0107768, -1.52775, 0.0139079, 0.0139083, 0.986092
33.7659, 0.0108154, -1.52074, 0.0138898, 0.0138901, 0.98611
33.766, 0.0108554, -1.51373, 0.0138762, 0.0138765, 0.986124
33.7661, 0.0108969, -1.50672, 0.0138674, 0.0138675, 0.986132
33.7662, 0.0109402, -1.49971, 0.0138636, 0.0138636, 0.986136
33.7663, 0.0109873, -1.4927, 0.013869, 0.0138687, 0.986131
33.7665, 0.0110421, -1.48569, 0.0138906, 0.01389, 0.98611
33.7666, 0.0111038, -1.47868, 0.0139267, 0.0139259, 0.986074
33.7667, 0.0111716, -1.47167, 0.0139756, 0.0139745, 0.986025
33.7668, 0.0112448, -1.46466, 0.0140357, 0.0140344, 0.985966
33.7669, 0.0113229, -1.45765, 0.0141059, 0.0141044, 0.985896
33.767, 0.0114053, -1.45064, 0.0141849, 0.0141833, 0.985817
33.7671, 0.0114917, -1.44363, 0.014272, 0.0142702, 0.98573
33.7672, 0.0115817, -1.43663, 0.0143662, 0.0143643, 0.985636
33.7673, 0.0116749, -1.42962, 0.014467, 0.0144649, 0.985535
33.7674, 0.0117711, -1.42261, 0.0145735, 0.0145713, 0.985429
33.7675, 0.0118699, -1.4156, 0.0146852, 0.0146829, 0.985317
33.7676, 0.0119711, -1.40859, 0.0148017, 0.0147993, 0.985201
33.7677, 0.0120744, -1.40158, 0.0149224, 0.0149199, 0.98508
33.7678, 0.0121798, -1.39457, 0.0150469, 0.0150444, 0.984956
33.768, 0.012287, -1.38756, 0.0151748, 0.0151723, 0.984828
33.7681, 0.0123957, -1.38055, 0.0153059, 0.0153032, 0.984697
33.7682, 0.0125059, -1.37354, 0.0154396, 0.0154369, 0.984563
33.7683, 0.0126174, -1.36653, 0.0155759, 0.0155731, 0.984427
33.7684, 0.01273, -1.35952, 0.0157143, 0.0157115, 0.984289
33.7685, 0.0128437, -1.35251, 0.0158546, 0.0158518, 0.984148
33.7686, 0.0129582, -1.3455, 0.0159966, 0.0159937, 0.984006
33.7687, 0.0130736, -1.3385, 0.01614, 0.0161372, 0.983863
33.7688, 0.0131896, -1.33149, 0.0162848, 0.0162819, 0.983718
33.7689, 0.0133061, -1.32448, 0.0164306, 0.0164277, 0.983572
33.769, 0.0134232, -1.31747, 0.0165774, 0.0165744, 0.983426
33.7691, 0.0135406, -1.31046, 0.0167249, 0.0167219, 0.983278
33.7692, 0.0136583, -1.30345, 0.016873, 0.01687, 0.98313
33.7694, 0.0137763, -1.29644, 0.0170216, 0.0170186, 0.982981
33.7695, 0.0138944, -1.28943, 0.0171705, 0.0171675, 0.982832
33.7696, 0.0140127, -1.28242, 0.0173197, 0.0173167, 0.982683
33.7697, 0.0141309, -1.27541, 0.017469, 0.017466, 0.982534
33.7698, 0.0142491, -1.2684, 0.0176183, 0.0176153, 0.982385
33.7699, 0.0143673, -1.26139, 0.0177676, 0.0177646, 0.982235
33.77, 0.0144853, -1.25438, 0.0179168, 0.0179138, 0.982086
33.7701, 0.0146031, -1.24737, 0.0180657, 0.0180627, 0.981937
33.7702, 0.0147207, -1.24036, 0.0182144, 0.0182114, 0.981789
33.7703, 0.014838, -1.23336, 0.0183627, 0.0183597, 0.98164
33.7704, 0.0149551, -1.22635, 0.0185106, 0.0185076, 0.981492
33.7705, 0.0150718, -1.21934, 0.018658, 0.018655, 0.981345
33.7706, 0.0151881, -1.21233, 0.0188049, 0.018802, 0.981198
33.7708, 0.015304, -1.20532, 0.0189513, 0.0189484, 0.981052
33.7709, 0.0154195, -1.19831, 0.0190971, 0.0190942, 0.980906
33.771, 0.0155346, -1.1913, 0.0192422, 0.0192393, 0.980761
33.7711, 0.0156492, -1.18429, 0.0193867, 0.0193838, 0.980616
33.7712, 0.0157633, -1.17728, 0.0195305, 0.0195276, 0.980472
33.7713, 0.0158769, -1.17027, 0.0196736, 0.0196707, 0.980329
33.7714, 0.0159899, -1.16326, 0.0198159, 0.019813, 0.980187
33.7715, 0.0161024, -1.15625, 0.0199574, 0.0199546, 0.980045
33.7716, 0.0162144, -1.14924, 0.0200982, 0.0200954, 0.979905
33.7717, 0.0163258, -1.14223, 0.0202382, 0.0202354, 0.979765
33.7718, 0.0164366, -1.13523, 0.0203773, 0.0203746, 0.979625
33.7719, 0.0165468, -1.12822, 0.0205157, 0.0205129, 0.979487
33.772, 0.0166564, -1.12121, 0.0206532, 0.0206504, 0.97935
33.7722, 0.0167653, -1.1142, 0.0207898, 0.0207871, 0.979213
33.7723, 0.0168737, -1.10719, 0.0209256, 0.0209229, 0.979077
33.7724, 0.0169814, -1.10018, 0.0210605, 0.0210578, 0.978942
33.7725, 0.0170885, -1.09317, 0.0211946, 0.0211919, 0.978808
33.7726, 0.017195, -1.08616, 0.0213278, 0.0213251, 0.978675
33.7727, 0.0173008, -1.07915, 0.0214601, 0.0214575, 0.978543
33.7728, 0.017406, -1.07214, 0.0215915, 0.0215889, 0.978411
33.7729, 0.0175105, -1.06513, 0.0217221, 0.0217195, 0.97828
33.773, 0.0176144, -1.05812, 0.0218518, 0.0218492, 0.978151
33.7731, 0.0177177, -1.05111, 0.0219806, 0.021978, 0.978022
33.7732, 0.0178202, -1.0441, 0.0221086, 0.022106, 0.977894
33.7733, 0.0179222, -1.0371, 0.0222356, 0.0222331, 0.977767
33.7734, 0.0180235, -1.03009, 0.0223619, 0.0223593, 0.977641
33.7735, 0.0181241, -1.02308, 0.0224872, 0.0224847, 0.977515
33.7737, 0.0182241, -1.01607, 0.0226117, 0.0226092, 0.977391
33.7738, 0.0183234, -1.00906, 0.0227353, 0.0227329, 0.977267
33.7739, 0.0184221, -1.00205, 0.0228581, 0.0228557, 0.977144
33.774, 0.0185201, -0.99504, 0.0229801, 0.0229776, 0.977022
33.7741, 0.0186175, -0.98803, 0.0231012, 0.0230988, 0.976901
33.7742, 0.0187143, -0.981021, 0.0232215, 0.0232191, 0.976781
33.7743, 0.0188104, -0.974012, 0.0233409, 0.0233385, 0.976661
33.7744, 0.0189059, -0.967002, 0.0234595, 0.0234572, 0.976543
33.7745, 0.0190007, -0.959993, 0.0235774, 0.023575, 0.976425
33.7746, 0.0190949, -0.952984, 0.0236944, 0.023692, 0.976308
33.7747, 0.0191885, -0.945975, 0.0238106, 0.0238083, 0.976192
33.7748, 0.0192815, -0.938965, 0.023926, 0.0239237, 0.976076
33.7749, 0.0193738, -0.931956, 0.0240407, 0.0240384, 0.975962
33.7751, 0.0194655, -0.924947, 0.0241545, 0.0241523, 0.975848
33.7752, 0.0195567, -0.917937, 0.0242676, 0.0242654, 0.975735
33.7753, 0.0196472, -0.910928, 0.02438, 0.0243777, 0.975622
33.7754, 0.0197371, -0.903919, 0.0244915, 0.0244893, 0.975511
33.7755, 0.0198264, -0.896909, 0.0246024, 0.0246002, 0.9754
33.7756, 0.0199151, -0.8899, 0.0247125, 0.0247103, 0.97529
33.7757, 0.0200032, -0.882891, 0.0248218, 0.0248197, 0.97518
33.7758, 0.0200907, -0.875882, 0.0249305, 0.0249283, 0.975072
33.7759, 0.0201777, -0.868872, 0.0250384, 0.0250363, 0.974964
33.776, 0.020264, -0.861863, 0.0251456, 0.0251435, 0.974857
33.7761, 0.0203498, -0.854854, 0.0252522, 0.02525, 0.97475
33.7762, 0.020435, -0.847844, 0.025358, 0.0253559, 0.974644
33.7763, 0.0205197, -0.840835, 0.0254631, 0.0254611, 0.974539
33.7765, 0.0206038, -0.833826, 0.0255676, 0.0255655, 0.974434
33.7766, 0.0206873, -0.826817, 0.0256714, 0.0256694, 0.974331
33.7767, 0.0207703, -0.819807, 0.0257746, 0.0257725, 0.974227
33.7768, 0.0208527, -0.812798, 0.0258771, 0.025875, 0.974125
33.7769, 0.0209346, -0.805789, 0.0259789, 0.0259769, 0.974023
33.777, 0.0210159, -0.798779, 0.0260801, 0.0260781, 0.973922
33.7771, 0.0210967, -0.79177, 0.0261807, 0.0261787, 0.973821
33.7772, 0.021177, -0.784761, 0.0262807, 0.0262787, 0.973721
33.7773, 0.0212568, -0.777751, 0.02638, 0.0263781, 0.973622
33.7774, 0.021336, -0.770742, 0.0264788, 0.0264768, 0.973523
33.7775, 0.0214147, -0.763733, 0.0265769, 0.026575, 0.973425
33.7776, 0.0214929, -0.756724, 0.0266745, 0.0266725, 0.973327
33.7777, 0.0215706, -0.749714, 0.0267714, 0.0267695, 0.973231
33.7778, 0.0216478, -0.742705, 0.0268678, 0.0268659, 0.973134
33.778, 0.0217245, -0.735696, 0.0269636, 0.0269617, 0.973038
33.7781, 0.0218007, -0.728686, 0.0270588, 0.0270569, 0.972943
33.7782, 0.0218764, -0.721677, 0.0271535, 0.0271516, 0.972848
33.7783, 0.0219516, -0.714668, 0.0272477, 0.0272458, 0.972754
33.7784, 0.0220264, -0.707658, 0.0273413, 0.0273394, 0.972661
33.7785, 0.0221006, -0.700649, 0.0274343, 0.0274324, 0.972568
33.7786, 0.0221744, -0.69364, 0.0275268, 0.027525, 0.972475
33.7787, 0.0222477, -0.686631, 0.0276188, 0.027617, 0.972383
33.7788, 0.0223205, -0.679621, 0.0277103, 0.0277085, 0.972292
33.7789, 0.0223929, -0.672612, 0.0278012, 0.0277994, 0.972201
33.779, 0.0224648, -0.665603, 0.0278917, 0.0278899, 0.97211
33.7791, 0.0225363, -0.658593, 0.0279816, 0.0279798, 0.97202
33.7792, 0.0226073, -0.651584, 0.0280711, 0.0280693, 0.971931
33.7794, 0.0226778, -0.644575, 0.0281601, 0.0281583, 0.971842
33.7795, 0.0227479, -0.637566, 0.0282486, 0.0282468, 0.971753
33.7796, 0.0228172, -0.630556, 0.0283366, 0.0283348, 0.971665
33.7797, 0.0228859, -0.623547, 0.0284241, 0.0284224, 0.971578
33.7798, 0.0229538, -0.616538, 0.0285113, 0.0285095, 0.97149
33.7799, 0.0230212, -0.609528, 0.0285979, 0.0285962, 0.971404
33.78, 0.0230879, -0.602519, 0.0286841, 0.0286824, 0.971318
33.7801, 0.023154, -0.59551, 0.0287699, 0.0287682, 0.971232
33.7802, 0.0232196, -0.5885, 0.0288552, 0.0288535, 0.971146
33.7803, 0.0232846, -0.581491, 0.0289401, 0.0289384, 0.971062
33.7804, 0.023349, -0.574482, 0.0290245, 0.0290229, 0.970977
33.7805, 0.0234129, -0.567473, 0.0291086, 0.0291069, 0.970893
33.7806, 0.0234763, -0.560463, 0.0291922, 0.0291905, 0.970809
33.7808, 0.0235391, -0.553454, 0.0292754, 0.0292737, 0.970726
33.7809, 0.0236015, -0.546445, 0.0293581, 0.0293565, 0.970644
33.781, 0.0236634, -0.539435, 0.0294405, 0.0294389, 0.970561
33.7811, 0.0237249, -0.532426, 0.0295225, 0.0295208, 0.970479
33.7812, 0.0237858, -0.525417, 0.029604, 0.0296024, 0.970398
33.7813, 0.0238464, -0.518408, 0.0296852, 0.0296836, 0.970316
33.7814, 0.0239065, -0.511398, 0.029766, 0.0297644, 0.970236
33.7815, 0.0239662, -0.504389, 0.0298464, 0.0298448, 0.970155
33.7816, 0.0240255, -0.49738, 0.0299264, 0.0299248, 0.970075
33.7817, 0.0240843, -0.49037, 0.030006, 0.0300044, 0.969996
33.7818, 0.0241428, -0.483361, 0.0300853, 0.0300837, 0.969916
33.7819, 0.0242009, -0.476352, 0.0301642, 0.0301626, 0.969837
33.782, 0.0242587, -0.469342, 0.0302427, 0.0302411, 0.969759
33.7822, 0.024316, -0.462333, 0.0303209, 0.0303193, 0.969681
33.7823, 0.024373, -0.455324, 0.0303987, 0.0303971, 0.969603
33.7824, 0.0244297, -0.448315, 0.0304762, 0.0304746, 0.969525
33.7825, 0.0244864, -0.441305, 0.030554, 0.0305524, 0.969448
33.7826, 0.0245434, -0.434296, 0.0306322, 0.0306307, 0.969369
33.7827, 0.0246006, -0.427287, 0.030711, 0.0307094, 0.969291
33.7828, 0.024658, -0.420277, 0.0307902, 0.0307886, 0.969211
33.7829, 0.0247156, -0.413268, 0.0308699, 0.0308683, 0.969132
33.783, 0.0247735, -0.406259, 0.0309501, 0.0309484, 0.969052
33.7831, 0.0248316, -0.399249, 0.0310307, 0.0310291, 0.968971
33.7832, 0.02489, -0.39224, 0.0311119, 0.0311102, 0.96889
33.7833, 0.0249486, -0.385231, 0.0311935, 0.0311919, 0.968808
33.7834, 0.0250075, -0.378222, 0.0312756, 0.031274, 0.968726
33.7835, 0.0250666, -0.371212, 0.0313583, 0.0313566, 0.968643
33.7837, 0.0251261, -0.364203, 0.0314414, 0.0314397, 0.96856
33.7838, 0.0251857, -0.357194, 0.0315251, 0.0315234, 0.968477
33.7839, 0.0252457, -0.350184, 0.0316092, 0.0316075, 0.968392
33.784, 0.025306, -0.343175, 0.0316939, 0.0316922, 0.968308
33.7841, 0.0253665, -0.336166, 0.0317791, 0.0317774, 0.968223
33.7842, 0.0254274, -0.329157, 0.0318648, 0.0318631, 0.968137
33.7843, 0.0254885, -0.322147, 0.0319511, 0.0319494, 0.968051
33.7844, 0.02555, -0.315138, 0.0320379, 0.0320362, 0.967964
33.7845, 0.0256117, -0.308129, 0.0321252, 0.0321235, 0.967877
33.7846, 0.0256738, -0.301119, 0.0322131, 0.0322113, 0.967789
33.7847, 0.0257362, -0.29411, 0.0323015, 0.0322997, 0.9677
33.7848, 0.0257989, -0.287101, 0.0323905, 0.0323887, 0.967611
33.7849, 0.025862, -0.280091, 0.03248, 0.0324782, 0.967522
33.7851, 0.0259253, -0.273082, 0.0325701, 0.0325683, 0.967432
33.7852, 0.0259891, -0.266073, 0.0326607, 0.0326589, 0.967341
33.7853, 0.0260531, -0.259064, 0.0327519, 0.0327501, 0.96725
33.7854, 0.0261175, -0.252054, 0.0328437, 0.0328419, 0.967158
33.7855, 0.0261823, -0.245045, 0.0329361, 0.0329342, 0.967066
33.7856, 0.0262474, -0.238036, 0.033029, 0.0330271, 0.966973
33.7857, 0.0263129, -0.231026, 0.0331225, 0.0331206, 0.966879
33.7858, 0.0263787, -0.224017, 0.0332166, 0.0332147, 0.966785
33.7859, 0.0264449, -0.217008, 0.0333113, 0.0333094, 0.966691
33.786, 0.0265115, -0.209999, 0.0334066, 0.0334047, 0.966595
33.7861, 0.0265784, -0.202989, 0.0335025, 0.0335006, 0.966499
33.7862, 0.0266457, -0.19598, 0.033599, 0.0335971, 0.966403
33.7863, 0.0267134, -0.188971, 0.0336961, 0.0336942, 0.966306
33.7865, 0.0267815, -0.181961, 0.0337939, 0.0337919, 0.966208
33.7866, 0.02685, -0.174952, 0.0338922, 0.0338902, 0.96611
33.7867, 0.0269189, -0.167943, 0.0339912, 0.0339892, 0.966011
33.7868, 0.0269881, -0.160933, 0.0340908, 0.0340888, 0.965911
33.7869, 0.0270578, -0.153924, 0.034191, 0.034189, 0.965811
33.787, 0.0271279, -0.146915, 0.0342919, 0.0342899, 0.96571
33.7871, 0.0271984, -0.139906, 0.0343934, 0.0343914, 0.965609
33.7872, 0.0272693, -0.132896, 0.0344956, 0.0344935, 0.965506
33.7873, 0.0273406, -0.125887, 0.0345984, 0.0345963, 0.965404
33.7874, 0.0274123, -0.118878, 0.0347019, 0.0346998, 0.9653
33.7875, 0.0274845, -0.111868, 0.034806, 0.0348039, 0.965196
33.7876, 0.0275571, -0.104859, 0.0349108, 0.0349087, 0.965091
33.7877, 0.0276301, -0.0978498, 0.0350162, 0.0350141, 0.964986
33.7878, 0.0277036, -0.0908405, 0.0351224, 0.0351203, 0.96488
33.788, 0.0277775, -0.0838312, 0.0352292, 0.0352271, 0.964773
33.7881, 0.0278519, -0.0768219, 0.0353367, 0.0353346, 0.964665
33.7882, 0.0279267, -0.0698126, 0.0354449, 0.0354427, 0.964557
33.7883, 0.0280019, -0.0628033, 0.0355538, 0.0355516, 0.964448
33.7884, 0.0280776, -0.055794, 0.0356634, 0.0356612, 0.964339
33.7885, 0.0281538, -0.0487847, 0.0357737, 0.0357715, 0.964229
33.7886, 0.0282304, -0.0417754, 0.0358847, 0.0358824, 0.964118
33.7887, 0.0283075, -0.0347661, 0.0359964, 0.0359941, 0.964006
33.7888, 0.0283851, -0.0277568, 0.0361088, 0.0361065, 0.963893
33.7889, 0.0284631, -0.0207475, 0.036222, 0.0362197, 0.96378
33.789, 0.0285416, -0.0137382, 0.0363358, 0.0363336, 0.963666
33.7891, 0.0286206, -0.00672892, 0.0364505, 0.0364482, 0.963552
33.7892, 0.0287001, 0.000280372, 0.0365658, 0.0365635, 0.963437
33.7894, 0.0287801, 0.00728967, 0.0366819, 0.0366796, 0.96332
33.7895, 0.0288606, 0.014299, 0.0367988, 0.0367964, 0.963204
33.7896, 0.0289416, 0.0213083, 0.0369164, 0.036914, 0.963086
33.7897, 0.029023, 0.0283176, 0.0370347, 0.0370323, 0.962968
33.7898, 0.029105, 0.0353269, 0.0371538, 0.0371514, 0.962849
33.7899, 0.0291875, 0.0423361, 0.0372737, 0.0372713, 0.962729
33.79, 0.0292705, 0.0493454, 0.0373944, 0.037392, 0.962608
33.7901, 0.029354, 0.0563547, 0.0375158, 0.0375134, 0.962487
33.7902, 0.029438, 0.063364, 0.0376381, 0.0376356, 0.962364
33.7903, 0.0295226, 0.0703733, 0.0377611, 0.0377586, 0.962241
33.7904, 0.0296077, 0.0773826, 0.0378849, 0.0378824, 0.962118
33.7905, 0.0296933, 0.0843919, 0.0380095, 0.038007, 0.961993
33.7906, 0.0297795, 0.0914012, 0.0381349, 0.0381324, 0.961868
33.7908, 0.0298662, 0.0984105, 0.0382612, 0.0382587, 0.961741
33.7909, 0.0299534, 0.10542, 0.0383882, 0.0383857, 0.961614
33.791, 0.0300412, 0.112429, 0.0385161, 0.0385136, 0.961486
33.7911, 0.0301296, 0.119438, 0.0386448, 0.0386422, 0.961358
33.7912, 0.0302185, 0.126448, 0.0387744, 0.0387718, 0.961228
33.7913, 0.0303079, 0.133457, 0.0389047, 0.0389021, 0.961098
33.7914, 0.030398, 0.140466, 0.039036, 0.0390333, 0.960967
33.7915, 0.0304886, 0.147476, 0.039168, 0.0391654, 0.960835
33.7916, 0.0305797, 0.154485, 0.039301, 0.0392983, 0.960702
33.7917, 0.0306715, 0.161494, 0.0394348, 0.0394321, 0.960568
33.7918, 0.0307638, 0.168503, 0.0395694, 0.0395667, 0.960433
33.7919, 0.0308567, 0.175513, 0.0397049, 0.0397022, 0.960298
33.792, 0.0309502, 0.182522, 0.0398414, 0.0398386, 0.960161
33.7922, 0.0310443, 0.189531, 0.0399786, 0.0399759, 0.960024
33.7923, 0.031139, 0.196541, 0.0401168, 0.0401141, 0.959886
33.7924, 0.0312343, 0.20355, 0.0402559, 0.0402531, 0.959747
33.7925, 0.0313302, 0.210559, 0.0403959, 0.0403931, 0.959607
33.7926, 0.0314267, 0.217569, 0.0405368, 0.040534, 0.959466
33.7927, 0.0315238, 0.224578, 0.0406786, 0.0406758, 0.959324
33.7928, 0.0316216, 0.231587, 0.0408213, 0.0408185, 0.959182
33.7929, 0.0317199, 0.238596, 0.040965, 0.0409621, 0.959038
33.793, 0.0318189, 0.245606, 0.0411096, 0.0411067, 0.958893
33.7931, 0.0319185, 0.252615, 0.0412551, 0.0412522, 0.958748
33.7932, 0.0320188, 0.259624, 0.0414016, 0.0413986, 0.958601
33.7933, 0.0321197, 0.266634, 0.041549, 0.041546, 0.958454
33.7934, 0.0322212, 0.273643, 0.0416974, 0.0416944, 0.958306
33.7935, 0.0323234, 0.280652, 0.0418467, 0.0418437, 0.958156
33.7937, 0.0324263, 0.287661, 0.041997, 0.041994, 0.958006
33.7938, 0.0325298, 0.294671, 0.0421483, 0.0421453, 0.957855
33.7939, 0.0326339, 0.30168, 0.0423006, 0.0422975, 0.957702
33.794, 0.0327388, 0.308689, 0.0424538, 0.0424507, 0.957549
33.7941, 0.0328443, 0.315699, 0.0426081, 0.042605, 0.957395
33.7942, 0.0329504, 0.322708, 0.0427633, 0.0427602, 0.95724
33.7943, 0.0330573, 0.329717, 0.0429196, 0.0429164, 0.957084
33.7944, 0.0331648, 0.336727, 0.0430768, 0.0430737, 0.956926
33.7945, 0.0332731, 0.343736, 0.0432351, 0.0432319, 0.956768
33.7946, 0.033382, 0.350745, 0.0433944, 0.0433912, 0.956609
33.7947, 0.0334916, 0.357754, 0.0435548, 0.0435516, 0.956448
33.7948, 0.0336019, 0.364764, 0.0437162, 0.0437129, 0.956287
33.7949, 0.033713, 0.371773, 0.0438786, 0.0438753, 0.956125
33.7951, 0.0338247, 0.378782, 0.0440421, 0.0440388, 0.955961
33.7952, 0.0339372, 0.385792, 0.0442066, 0.0442033, 0.955797
33.7953, 0.0340503, 0.392801, 0.0443723, 0.0443689, 0.955631
33.7954, 0.0341643, 0.39981, 0.0445389, 0.0445356, 0.955464
33.7955, 0.0342789, 0.40682, 0.0447067, 0.0447033, 0.955297
33.7956, 0.0343943, 0.413829, 0.0448756, 0.0448722, 0.955128
33.7957, 0.0345104, 0.420838, 0.0450455, 0.0450421, 0.954958
33.7958, 0.0346273, 0.427847, 0.0452165, 0.0452131, 0.954787
33.7959, 0.0347449, 0.434857, 0.0453887, 0.0453852, 0.954615
33.796, 0.0348632, 0.441866, 0.045562, 0.0455585, 0.954442
33.7961, 0.0349824, 0.448875, 0.0457363, 0.0457329, 0.954267
33.7962, 0.0351023, 0.455885, 0.0459119, 0.0459083, 0.954092
33.7963, 0.0352229, 0.462894, 0.0460885, 0.046085, 0.953915
33.7965, 0.0353444, 0.469903, 0.0462663, 0.0462627, 0.953737
33.7966, 0.0354666, 0.476912, 0.0464452, 0.0464417, 0.953558
33.7967, 0.0355896, 0.483922, 0.0466253, 0.0466217, 0.953378
33.7968, 0.0357134, 0.490931, 0.0468066, 0.046803, 0.953197
33.7969, 0.035838, 0.49794, 0.046989, 0.0469854, 0.953015
33.797, 0.0359634, 0.50495, 0.0471726, 0.047169, 0.952831
33.7971, 0.0360888, 0.511959, 0.0473574, 0.0473537, 0.952646
33.7972, 0.0362145, 0.518968, 0.0475434, 0.0475396, 0.95246
33.7973, 0.036341, 0.525978, 0.0477305, 0.0477268, 0.952273
33.7974, 0.0364682, 0.532987, 0.0479189, 0.0479151, 0.952085
33.7975, 0.0365963, 0.539996, 0.0481085, 0.0481047, 0.951895
33.7976, 0.0367252, 0.547005, 0.0482992, 0.0482954, 0.951705
33.7977, 0.036855, 0.554015, 0.0484913, 0.0484874, 0.951513
33.7978, 0.0369855, 0.561024, 0.0486845, 0.0486806, 0.951319
33.798, 0.0371169, 0.568033, 0.048879, 0.0488751, 0.951125
33.7981, 0.0372491, 0.575043, 0.0490748, 0.0490709, 0.950929
33.7982, 0.0373822, 0.582052, 0.0492718, 0.0492679, 0.950732
33.7983, 0.0375161, 0.589061, 0.0494701, 0.0494661, 0.950534
33.7984, 0.0376509, 0.596071, 0.0496696, 0.0496656, 0.950334
33.7985, 0.0377865, 0.60308, 0.0498705, 0.0498665, 0.950134
33.7986, 0.037923, 0.610089, 0.0500726, 0.0500686, 0.949931
33.7987, 0.0380604, 0.617098, 0.0502761, 0.050272, 0.949728
33.7988, 0.0381986, 0.624108, 0.0504808, 0.0504767, 0.949523
33.7989, 0.0383378, 0.631117, 0.0506868, 0.0506827, 0.949317
33.799, 0.0384778, 0.638126, 0.0508942, 0.05089, 0.94911
33.7991, 0.0386186, 0.645136, 0.0511029, 0.0510987, 0.948901
33.7992, 0.0387604, 0.652145, 0.0513129, 0.0513087, 0.948691
33.7994, 0.0389031, 0.659154, 0.0515243, 0.0515201, 0.94848
33.7995, 0.0390467, 0.666163, 0.0517371, 0.0517328, 0.948267
33.7996, 0.0391912, 0.673173, 0.0519511, 0.0519468, 0.948053
33.7997, 0.0393366, 0.680182, 0.0521666, 0.0521623, 0.947838
33.7998, 0.039483, 0.687191, 0.0523834, 0.0523791, 0.947621
33.7999, 0.0396302, 0.694201, 0.0526017, 0.0525973, 0.947403
33.8, 0.0397784, 0.70121, 0.0528213, 0.0528169, 0.947183
33.8001, 0.0399275, 0.708219, 0.0530423, 0.0530378, 0.946962
33.8002, 0.0400776, 0.715229, 0.0532647, 0.0532602, 0.94674
33.8003, 0.0402286, 0.722238, 0.0534885, 0.053484, 0.946516
33.8004, 0.0403806, 0.729247, 0.0537138, 0.0537093, 0.946291
33.8005, 0.0405335, 0.736256, 0.0539405, 0.0539359, 0.946064
33.8006, 0.0406874, 0.743266, 0.0541686, 0.054164, 0.945836
33.8008, 0.0408422, 0.750275, 0.0543982, 0.0543936, 0.945606
33.8009, 0.040998, 0.757284, 0.0546292, 0.0546246, 0.945375
33.801, 0.0411548, 0.764294, 0.0548617, 0.054857, 0.945143
33.8011, 0.0413126, 0.771303, 0.0550957, 0.055091, 0.944909
33.8012, 0.0414714, 0.778312, 0.0553311, 0.0553264, 0.944674
33.8013, 0.0416312, 0.785321, 0.055568, 0.0555633, 0.944437
33.8014, 0.0417919, 0.792331, 0.0558065, 0.0558017, 0.944198
33.8015, 0.0419537, 0.79934, 0.0560464, 0.0560416, 0.943958
33.8016, 0.0421165, 0.806349, 0.0562879, 0.056283, 0.943717
33.8017, 0.0422803, 0.813359, 0.0565308, 0.056526, 0.943474
33.8018, 0.0424451, 0.820368, 0.0567753, 0.0567704, 0.94323
33.8019, 0.0426109, 0.827377, 0.0570214, 0.0570164, 0.942984
33.802, 0.0427778, 0.834387, 0.0572689, 0.057264, 0.942736
33.8022, 0.0429457, 0.841396, 0.0575181, 0.0575131, 0.942487
33.8023, 0.0431147, 0.848405, 0.0577687, 0.0577637, 0.942236
33.8024, 0.0432847, 0.855414, 0.058021, 0.058016, 0.941984
33.8025, 0.0434557, 0.862424, 0.0582749, 0.0582698, 0.94173
33.8026, 0.0436278, 0.869433, 0.0585303, 0.0585251, 0.941475
33.8027, 0.043801, 0.876442, 0.0587873, 0.0587821, 0.941218
33.8028, 0.0439753, 0.883452, 0.0590459, 0.0590407, 0.940959
33.8029, 0.0441506, 0.890461, 0.0593061, 0.0593009, 0.940699
33.803, 0.044327, 0.89747, 0.059568, 0.0595627, 0.940437
33.8031, 0.0445044, 0.90448, 0.0598314, 0.0598262, 0.940174
33.8032, 0.044683, 0.911489, 0.0600965, 0.0600912, 0.939909
33.8033, 0.0448627, 0.918498, 0.0603633, 0.0603579, 0.939642
33.8034, 0.0450434, 0.925507, 0.0606317, 0.0606263, 0.939374
33.8035, 0.0452253, 0.932517, 0.0609017, 0.0608963, 0.939104
33.8037, 0.0454083, 0.939526, 0.0611735, 0.061168, 0.938832
33.8038, 0.0455924, 0.946535, 0.0614468, 0.0614414, 0.938559
33.8039, 0.0457776, 0.953545, 0.0617219, 0.0617164, 0.938284
33.804, 0.045964, 0.960554, 0.0619987, 0.0619931, 0.938007
33.8041, 0.0461514, 0.967563, 0.0622772, 0.0622716, 0.937728
33.8042, 0.04634, 0.974572, 0.0625573, 0.0625517, 0.937448
33.8043, 0.0465298, 0.981582, 0.0628392, 0.0628336, 0.937166
33.8044, 0.0467207, 0.988591, 0.0631228, 0.0631171, 0.936883
33.8045, 0.0469128, 0.9956, 0.0634082, 0.0634024, 0.936598
33.8046, 0.047106, 1.00261, 0.0636952, 0.0636895, 0.936311
33.8047, 0.0473003, 1.00962, 0.0639841, 0.0639783, 0.936022
33.8048, 0.0474959, 1.01663, 0.0642746, 0.0642688, 0.935731
33.8049, 0.0476926, 1.02364, 0.064567, 0.0645611, 0.935439
33.8051, 0.0478905, 1.03065, 0.0648611, 0.0648552, 0.935145
33.8052, 0.0480896, 1.03766, 0.065157, 0.065151, 0.934849
33.8053, 0.0482898, 1.04467, 0.0654546, 0.0654487, 0.934551
33.8054, 0.0484913, 1.05167, 0.0657541, 0.0657481, 0.934252
33.8055, 0.048694, 1.05868, 0.0660554, 0.0660493, 0.933951
33.8056, 0.0488978, 1.06569, 0.0663584, 0.0663524, 0.933648
33.8057, 0.0491029, 1.0727, 0.0666633, 0.0666572, 0.933343
33.8058, 0.0493092, 1.07971, 0.06697, 0.0669639, 0.933036
33.8059, 0.0495167, 1.08672, 0.0672786, 0.0672724, 0.932728
33.806, 0.0497254, 1.09373, 0.0675889, 0.0675827, 0.932417
33.8061, 0.0499353, 1.10074, 0.0679011, 0.0678949, 0.932105
33.8062, 0.0501465, 1.10775, 0.0682152, 0.0682089, 0.931791
33.8063, 0.0503589, 1.11476, 0.0685311, 0.0685248, 0.931475
33.8065, 0.0505726, 1.12177, 0.0688489, 0.0688426, 0.931157
33.8066, 0.0507875, 1.12878, 0.0691686, 0.0691622, 0.930838
33.8067, 0.0510036, 1.13579, 0.0694902, 0.0694837, 0.930516
33.8068, 0.051221, 1.1428, 0.0698136, 0.0698071, 0.930193
33.8069, 0.0514397, 1.1498, 0.0701389, 0.0701324, 0.929868
33.807, 0.0516596, 1.15681, 0.0704662, 0.0704596, 0.92954
33.8071, 0.0518808, 1.16382, 0.0707953, 0.0707887, 0.929211
33.8072, 0.0521033, 1.17083, 0.0711264, 0.0711197, 0.92888
33.8073, 0.052327, 1.17784, 0.0714593, 0.0714527, 0.928547
33.8074, 0.052552, 1.18485, 0.0717942, 0.0717875, 0.928212
33.8075, 0.0527783, 1.19186, 0.0721311, 0.0721243, 0.927876
33.8076, 0.0530059, 1.19887, 0.0724699, 0.0724631, 0.927537
33.8077, 0.0532348, 1.20588, 0.0728106, 0.0728038, 0.927196
33.8078, 0.053465, 1.21289, 0.0731533, 0.0731464, 0.926854
33.808, 0.0536965, 1.2199, 0.073498, 0.0734911, 0.926509
33.8081, 0.0539293, 1.22691, 0.0738446, 0.0738376, 0.926162
33.8082, 0.0541634, 1.23392, 0.0741932, 0.0741862, 0.925814
33.8083, 0.0543988, 1.24093, 0.0745438, 0.0745367, 0.925463
33.8084, 0.0546356, 1.24794, 0.0748963, 0.0748893, 0.925111
33.8085, 0.0548736, 1.25494, 0.0752509, 0.0752438, 0.924756
33.8086, 0.055113, 1.26195, 0.0756074, 0.0756003, 0.9244
33.8087, 0.0553537, 1.26896, 0.075966, 0.0759588, 0.924041
33.8088, 0.0555958, 1.27597, 0.0763266, 0.0763193, 0.923681
33.8089, 0.0558392, 1.28298, 0.0766891, 0.0766819, 0.923318
33.809, 0.0560839, 1.28999, 0.0770537, 0.0770464, 0.922954
33.8091, 0.05633, 1.297, 0.0774204, 0.077413, 0.922587
33.8092, 0.0565774, 1.30401, 0.077789, 0.0777816, 0.922218
33.8094, 0.0568261, 1.31102, 0.0781597, 0.0781523, 0.921848
33.8095, 0.0570762, 1.31803, 0.0785325, 0.078525, 0.921475
33.8096, 0.0573277, 1.32504, 0.0789073, 0.0788997, 0.9211
33.8097, 0.0575805, 1.33205, 0.0792841, 0.0792765, 0.920723
33.8098, 0.0578347, 1.33906, 0.079663, 0.0796554, 0.920345
33.8099, 0.0580903, 1.34607, 0.0800439, 0.0800363, 0.919964
33.81, 0.0583472, 1.35307, 0.080427, 0.0804193, 0.919581
33.8101, 0.0586055, 1.36008, 0.0808121, 0.0808043, 0.919196
33.8102, 0.0588652, 1.36709, 0.0811992, 0.0811915, 0.918809
33.8103, 0.0591262, 1.3741, 0.0815885, 0.0815807, 0.918419
33.8104, 0.0593886, 1.38111, 0.0819798, 0.081972, 0.918028
33.8105, 0.0596525, 1.38812, 0.0823733, 0.0823654, 0.917635
33.8106, 0.0599176, 1.39513, 0.0827688, 0.0827608, 0.917239
33.8108, 0.0601842, 1.40214, 0.0831664, 0.0831584, 0.916842
33.8109, 0.0604522, 1.40915, 0.0835661, 0.0835581, 0.916442
33.811, 0.0607216, 1.41616, 0.0839679, 0.0839599, 0.91604
33.8111, 0.0609923, 1.42317, 0.0843719, 0.0843638, 0.915636
33.8112, 0.0612645, 1.43018, 0.0847779, 0.0847698, 0.91523
33.8113, 0.061538, 1.43719, 0.0851861, 0.0851779, 0.914822
33.8114, 0.061813, 1.4442, 0.0855964, 0.0855881, 0.914412
33.8115, 0.0620893, 1.4512, 0.0860088, 0.0860005, 0.914
33.8116, 0.0623671, 1.45821, 0.0864233, 0.086415, 0.913585
33.8117, 0.0626462, 1.46522, 0.0868399, 0.0868316, 0.913168
33.8118, 0.0629268, 1.47223, 0.0872587, 0.0872503, 0.91275
33.8119, 0.0632088, 1.47924, 0.0876797, 0.0876712, 0.912329
33.812, 0.0634922, 1.48625, 0.0881027, 0.0880942, 0.911906
33.8122, 0.063777, 1.49326, 0.0885279, 0.0885194, 0.911481
33.8123, 0.0640632, 1.50027, 0.0889553, 0.0889467, 0.911053
33.8124, 0.0643508, 1.50728, 0.0893848, 0.0893761, 0.910624
33.8125, 0.0646399, 1.51429, 0.0898164, 0.0898077, 0.910192
33.8126, 0.0649304, 1.5213, 0.0902502, 0.0902415, 0.909759
33.8127, 0.0652222, 1.52831, 0.0906861, 0.0906774, 0.909323
33.8128, 0.0655156, 1.53532, 0.0911242, 0.0911154, 0.908885
33.8129, 0.0658103, 1.54233, 0.0915645, 0.0915556, 0.908444
33.813, 0.0661064, 1.54933, 0.0920069, 0.091998, 0.908002
33.8131, 0.066404, 1.55634, 0.0924514, 0.0924425, 0.907557
33.8132, 0.066703, 1.56335, 0.0928982, 0.0928892, 0.907111
33.8133, 0.0670034, 1.57036, 0.093347, 0.093338, 0.906662
33.8134, 0.0673053, 1.57737, 0.0937981, 0.093789, 0.906211
33.8135, 0.0676085, 1.58438, 0.0942513, 0.0942422, 0.905758
33.8137, 0.0679132, 1.59139, 0.0947067, 0.0946975, 0.905302
33.8138, 0.0682194, 1.5984, 0.0951642, 0.095155, 0.904845
33.8139, 0.0685269, 1.60541, 0.0956239, 0.0956147, 0.904385
33.814, 0.0688359, 1.61242, 0.0960858, 0.0960766, 0.903923
33.8141, 0.0691463, 1.61943, 0.0965499, 0.0965406, 0.903459
33.8142, 0.0694581, 1.62644, 0.0970161, 0.0970067, 0.902993
33.8143, 0.0697714, 1.63345, 0.0974845, 0.0974751, 0.902525
33.8144, 0.0700861, 1.64046, 0.097955, 0.0979456, 0.902054
33.8145, 0.0704022, 1.64746, 0.0984277, 0.0984182, 0.901582
33.8146, 0.0707197, 1.65447, 0.0989026, 0.0988931, 0.901107
33.8147, 0.0710387, 1.66148, 0.0993797, 0.0993701, 0.90063
33.8148, 0.0713591, 1.66849, 0.0998589, 0.0998493, 0.900151
33.8149, 0.0716809, 1.6755, 0.10034, 0.100331, 0.899669
33.8151, 0.0720041, 1.68251, 0.100824, 0.100814, 0.899186
33.8152, 0.0723288, 1.68952, 0.10131, 0.1013, 0.8987
33.8153, 0.0726549, 1.69653, 0.101797, 0.101788, 0.898212
33.8154, 0.0729824, 1.70354, 0.102288, 0.102278, 0.897722
33.8155, 0.0733113, 1.71055, 0.10278, 0.10277, 0.89723
33.8156, 0.0736417, 1.71756, 0.103274, 0.103264, 0.896736
33.8157, 0.0739734, 1.72457, 0.103771, 0.103761, 0.896239
33.8158, 0.0743066, 1.73158, 0.104269, 0.104259, 0.895741
33.8159, 0.0746412, 1.73859, 0.10477, 0.10476, 0.89524
33.816, 0.0749772, 1.7456, 0.105273, 0.105263, 0.894737
33.8161, 0.0753147, 1.7526, 0.105779, 0.105768, 0.894232
33.8162, 0.0756535, 1.75961, 0.106286, 0.106276, 0.893724
33.8163, 0.0759938, 1.76662, 0.106795, 0.106785, 0.893215
33.8165, 0.0763355, 1.77363, 0.107307, 0.107297, 0.892703
33.8166, 0.0766785, 1.78064, 0.107821, 0.107811, 0.892189
33.8167, 0.077023, 1.78765, 0.108337, 0.108326, 0.891674
33.8168, 0.0773689, 1.79466, 0.108855, 0.108844, 0.891156
33.8169, 0.0777162, 1.80167, 0.109375, 0.109365, 0.890635
33.817, 0.0780649, 1.80868, 0.109897, 0.109887, 0.890113
33.8171, 0.078415, 1.81569, 0.110422, 0.110411, 0.889589
33.8172, 0.0787665, 1.8227, 0.110949, 0.110938, 0.889062
33.8173, 0.0791194, 1.82971, 0.111477, 0.111467, 0.888533
33.8174, 0.0794737, 1.83672, 0.112008, 0.111998, 0.888002
33.8175, 0.0798294, 1.84373, 0.112541, 0.112531, 0.887469
33.8176, 0.0801865, 1.85073, 0.113077, 0.113066, 0.886934
33.8177, 0.0805449, 1.85774, 0.113614, 0.113603, 0.886397
33.8178, 0.0809048, 1.86475, 0.114153, 0.114142, 0.885858
33.818, 0.081266, 1.87176, 0.114695, 0.114684, 0.885316
33.8181, 0.0816286, 1.87877, 0.115238, 0.115227, 0.884773
33.8182, 0.0819926, 1.88578, 0.115784, 0.115773, 0.884227
33.8183, 0.0823579, 1.89279, 0.116332, 0.116321, 0.883679
33.8184, 0.0827247, 1.8998, 0.116882, 0.116871, 0.883129
33.8185, 0.0830928, 1.90681, 0.117434, 0.117423, 0.882577
33.8186, 0.0834623, 1.91382, 0.117988, 0.117977, 0.882023
33.8187, 0.0838331, 1.92083, 0.118544, 0.118533, 0.881467
33.8188, 0.0842053, 1.92784, 0.119103, 0.119091, 0.880909
33.8189, 0.0845788, 1.93485, 0.119663, 0.119652, 0.880348
33.819, 0.0849538, 1.94186, 0.120225, 0.120214, 0.879786
33.8191, 0.08533, 1.94886, 0.12079, 0.120779, 0.879221
33.8192, 0.0857076, 1.95587, 0.121357, 0.121345, 0.878655
33.8194, 0.0860866, 1.96288, 0.121925, 0.121914, 0.878086
33.8195, 0.0864669, 1.96989, 0.122496, 0.122485, 0.877515
33.8196, 0.0868486, 1.9769, 0.123069, 0.123057, 0.876943
33.8197, 0.0872316, 1.98391, 0.123644, 0.123632, 0.876368
33.8198, 0.0876159, 1.99092, 0.124221, 0.124209, 0.875791
33.8199, 0.0880015, 1.99793, 0.1248, 0.124788, 0.875212
33.82, 0.0883885, 2.00494, 0.125381, 0.125369, 0.874631
33.8201, 0.0887768, 2.01195, 0.125964, 0.125952, 0.874048
33.8202, 0.0891664, 2.01896, 0.126549, 0.126537, 0.873463
33.8203, 0.0895574, 2.02597, 0.127136, 0.127124, 0.872876
33.8204, 0.0899497, 2.03298, 0.127725, 0.127713, 0.872287
33.8205, 0.0903432, 2.03999, 0.128316, 0.128304, 0.871696
33.8206, 0.0907381, 2.04699, 0.128909, 0.128897, 0.871103
33.8208, 0.0911343, 2.054, 0.129504, 0.129492, 0.870508
33.8209, 0.0915318, 2.06101, 0.130101, 0.130089, 0.869911
33.821, 0.0919306, 2.06802, 0.1307, 0.130688, 0.869312
33.8211, 0.0923306, 2.07503, 0.131302, 0.13129, 0.86871
33.8212, 0.092732, 2.08204, 0.131905, 0.131893, 0.868107
33.8213, 0.0931347, 2.08905, 0.13251, 0.132498, 0.867502
33.8214, 0.0935386, 2.09606, 0.133117, 0.133105, 0.866895
33.8215, 0.0939438, 2.10307, 0.133726, 0.133714, 0.866286
33.8216, 0.0943503, 2.11008, 0.134337, 0.134325, 0.865675
33.8217, 0.0947581, 2.11709, 0.13495, 0.134938, 0.865062
33.8218, 0.0951671, 2.1241, 0.135565, 0.135552, 0.864448
33.8219, 0.0955774, 2.13111, 0.136182, 0.136169, 0.863831
33.822, 0.0959889, 2.13812, 0.1368, 0.136788, 0.863212
33.8222, 0.0964017, 2.14512, 0.137421, 0.137409, 0.862591
33.8223, 0.0968158, 2.15213, 0.138044, 0.138031, 0.861969
33.8224, 0.0972311, 2.15914, 0.138668, 0.138656, 0.861344
33.8225, 0.0976476, 2.16615, 0.139295, 0.139282, 0.860718
33.8226, 0.0980654, 2.17316, 0.139923, 0.139911, 0.860089
33.8227, 0.0984844, 2.18017, 0.140554, 0.140541, 0.859459
33.8228, 0.0989047, 2.18718, 0.141186, 0.141173, 0.858827
33.8229, 0.0993262, 2.19419, 0.14182, 0.141807, 0.858193
33.823, 0.0997489, 2.2012, 0.142456, 0.142443, 0.857557
33.8231, 0.100173, 2.20821, 0.143094, 0.143081, 0.856919
33.8232, 0.100598, 2.21522, 0.143734, 0.143721, 0.856279
33.8233, 0.101024, 2.22223, 0.144375, 0.144363, 0.855637
33.8234, 0.101452, 2.22924, 0.145019, 0.145006, 0.854994
33.8235, 0.101881, 2.23625, 0.145664, 0.145651, 0.854349
33.8237, 0.102311, 2.24326, 0.146312, 0.146299, 0.853701
33.8238, 0.102742, 2.25026, 0.146961, 0.146948, 0.853052
33.8239, 0.103174, 2.25727, 0.147612, 0.147599, 0.852401
33.824, 0.103608, 2.26428, 0.148265, 0.148251, 0.851749
33.8241, 0.104042, 2.27129, 0.148919, 0.148906, 0.851094
33.8242, 0.104478, 2.2783, 0.149576, 0.149563, 0.850437
33.8243, 0.104915, 2.28531, 0.150234, 0.150221, 0.849779
33.8244, 0.105354, 2.29232, 0.150894, 0.150881, 0.849119
33.8245, 0.105793, 2.29933, 0.151556, 0.151543, 0.848457
33.8246, 0.106234, 2.30634, 0.15222, 0.152206, 0.847794
33.8247, 0.106675, 2.31335, 0.152885, 0.152872, 0.847128
33.8248, 0.107118, 2.32036, 0.153552, 0.153539, 0.846461
33.8249, 0.107562, 2.32737, 0.154222, 0.154208, 0.845792
33.8251, 0.108008, 2.33438, 0.154892, 0.154879, 0.845121
33.8252, 0.108454, 2.34139, 0.155565, 0.155552, 0.844448
33.8253, 0.108901, 2.34839, 0.15624, 0.156226, 0.843774
33.8254, 0.10935, 2.3554, 0.156916, 0.156902, 0.843098
33.8255, 0.1098, 2.36241, 0.157594, 0.15758, 0.84242
33.8256, 0.110251, 2.36942, 0.158273, 0.15826, 0.84174
33.8257, 0.110703, 2.37643, 0.158955, 0.158941, 0.841059
33.8258, 0.111156, 2.38344, 0.159638, 0.159624, 0.840376
33.8259, 0.11161, 2.39045, 0.160323, 0.160309, 0.839691
33.826, 0.112065, 2.39746, 0.16101, 0.160996, 0.839004
33.8261, 0.112522, 2.40447, 0.161698, 0.161684, 0.838316
33.8262, 0.112979, 2.41148, 0.162388, 0.162374, 0.837626
33.8263, 0.113438, 2.41849, 0.16308, 0.163066, 0.836934
33.8265, 0.113898, 2.4255, 0.163773, 0.163759, 0.836241
33.8266, 0.114359, 2.43251, 0.164468, 0.164454, 0.835546
33.8267, 0.11482, 2.43952, 0.165165, 0.165151, 0.834849
33.8268, 0.115283, 2.44652, 0.165864, 0.16585, 0.83415
33.8269, 0.115748, 2.45353, 0.166564, 0.16655, 0.83345
33.827, 0.116213, 2.46054, 0.167266, 0.167252, 0.832748
33.8271, 0.116679, 2.46755, 0.16797, 0.167956, 0.832044
33.8272, 0.117146, 2.47456, 0.168675, 0.168661, 0.831339
33.8273, 0.117615, 2.48157, 0.169382, 0.169368, 0.830632
33.8274, 0.118084, 2.48858, 0.17009, 0.170076, 0.829924
33.8275, 0.118554, 2.49559, 0.170801, 0.170786, 0.829214
33.8276, 0.119026, 2.5026, 0.171512, 0.171498, 0.828502
33.8277, 0.119499, 2.50961, 0.172226, 0.172212, 0.827788
33.8278, 0.119972, 2.51662, 0.172941, 0.172927, 0.827073
33.828, 0.120447, 2.52363, 0.173658, 0.173644, 0.826356
33.8281, 0.120922, 2.53064, 0.174376, 0.174362, 0.825638
33.8282, 0.121399, 2.53765, 0.175096, 0.175082, 0.824918
33.8283, 0.121877, 2.54465, 0.175818, 0.175803, 0.824197
33.8284, 0.122356, 2.55166, 0.176541, 0.176527, 0.823473
33.8285, 0.122835, 2.55867, 0.177266, 0.177251, 0.822749
33.8286, 0.123316, 2.56568, 0.177992, 0.177978, 0.822022
33.8287, 0.123798, 2.57269, 0.17872, 0.178706, 0.821294
33.8288, 0.124281, 2.5797, 0.17945, 0.179435, 0.820565
33.8289, 0.124765, 2.58671, 0.180181, 0.180166, 0.819834
33.829, 0.12525, 2.59372, 0.180914, 0.180899, 0.819101
33.8291, 0.125735, 2.60073, 0.181648, 0.181633, 0.818367
33.8292, 0.126222, 2.60774, 0.182384, 0.182369, 0.817631
33.8294, 0.12671, 2.61475, 0.183121, 0.183106, 0.816894
33.8295, 0.127199, 2.62176, 0.18386, 0.183845, 0.816155
33.8296, 0.127689, 2.62877, 0.184601, 0.184586, 0.815414
33.8297, 0.128179, 2.63578, 0.185343, 0.185328, 0.814672
33.8298, 0.128671, 2.64278, 0.186086, 0.186071, 0.813929
33.8299, 0.129164, 2.64979, 0.186831, 0.186816, 0.813184
33.83, 0.129658, 2.6568, 0.187578, 0.187563, 0.812437
33.8301, 0.130152, 2.66381, 0.188326, 0.188311, 0.811689
33.8302, 0.130648, 2.67082, 0.189076, 0.189061, 0.810939
33.8303, 0.131144, 2.67783, 0.189827, 0.189812, 0.810188
33.8304, 0.131642, 2.68484, 0.190579, 0.190564, 0.809436
33.8305, 0.132141, 2.69185, 0.191334, 0.191318, 0.808682
33.8306, 0.13264, 2.69886, 0.192089, 0.192074, 0.807926
33.8308, 0.13314, 2.70587, 0.192846, 0.192831, 0.807169
33.8309, 0.133642, 2.71288, 0.193605, 0.19359, 0.80641
33.831, 0.134144, 2.71989, 0.194365, 0.19435, 0.80565
33.8311, 0.134647, 2.7269, 0.195127, 0.195112, 0.804888
33.8312, 0.135151, 2.73391, 0.19589, 0.195875, 0.804125
33.8313, 0.135656, 2.74092, 0.196654, 0.196639, 0.803361
33.8314, 0.136162, 2.74792, 0.19742, 0.197405, 0.802595
33.8315, 0.136669, 2.75493, 0.198188, 0.198172, 0.801828
33.8316, 0.137177, 2.76194, 0.198957, 0.198941, 0.801059
33.8317, 0.137686, 2.76895, 0.199727, 0.199712, 0.800288
33.8318, 0.138196, 2.77596, 0.200499, 0.200483, 0.799517
33.8319, 0.138706, 2.78297, 0.201272, 0.201257, 0.798743
33.832, 0.139218, 2.78998, 0.202047, 0.202031, 0.797969
33.8322, 0.13973, 2.79699, 0.202823, 0.202807, 0.797193
33.8323, 0.140243, 2.804, 0.2036, 0.203585, 0.796415
33.8324, 0.140758, 2.81101, 0.204379, 0.204364, 0.795636
33.8325, 0.141273, 2.81802, 0.20516, 0.205144, 0.794856
33.8326, 0.141789, 2.82503, 0.205942, 0.205926, 0.794074
33.8327, 0.142306, 2.83204, 0.206725, 0.206709, 0.793291
33.8328, 0.142824, 2.83905, 0.207509, 0.207494, 0.792506
33.8329, 0.143342, 2.84605, 0.208295, 0.20828, 0.79172
33.833, 0.143862, 2.85306, 0.209083, 0.209067, 0.790933
33.8331, 0.144382, 2.86007, 0.209872, 0.209856, 0.790144
33.8332, 0.144904, 2.86708, 0.210662, 0.210646, 0.789354
33.8333, 0.145426, 2.87409, 0.211453, 0.211438, 0.788562
33.8334, 0.145949, 2.8811, 0.212246, 0.21223, 0.78777
33.8335, 0.146473, 2.88811, 0.213041, 0.213025, 0.786975
33.8337, 0.146998, 2.89512, 0.213836, 0.213821, 0.786179
33.8338, 0.147523, 2.90213, 0.214634, 0.214618, 0.785382
33.8339, 0.14805, 2.90914, 0.215432, 0.215416, 0.784584
33.834, 0.148577, 2.91615, 0.216232, 0.216216, 0.783784
33.8341, 0.149105, 2.92316, 0.217033, 0.217017, 0.782983
33.8342, 0.149635, 2.93017, 0.217836, 0.217819, 0.782181
33.8343, 0.150164, 2.93718, 0.218639, 0.218623, 0.781377
33.8344, 0.150695, 2.94418, 0.219445, 0.219429, 0.780571
33.8345, 0.151227, 2.95119, 0.220251, 0.220235, 0.779765
33.8346, 0.151759, 2.9582, 0.221059, 0.221043, 0.778957
33.8347, 0.152293, 2.96521, 0.221868, 0.221852, 0.778148
33.8348, 0.152827, 2.97222, 0.222679, 0.222663, 0.777337
33.8349, 0.153362, 2.97923, 0.223491, 0.223475, 0.776525
33.8351, 0.153898, 2.98624, 0.224304, 0.224288, 0.775712
33.8352, 0.154435, 2.99325, 0.225119, 0.225103, 0.774897
33.8353, 0.154961, 3.00012, 0.225902, 0.225902, 0.774098
33.8354, 0.154961, 3.00012, 0.225902, 0.225902, 0.774098
33.8355, 0.154961, 3.00012, 0.225902, 0.225902, 0.774098
33.8356, 0.154961, 3.00012, 0.225902, 0.225902, 0.774098
33.8357, 0.154961, 3.00012, 0.225902, 0.225902, 0.774098
33.8358, 0.154961, 3.00012, 0.225902, 0.225902, 0.774098
33.8359, 0.154961, 3.00012, 0.225902, 0.225902, 0.774098
33.836, 0.154961, 3.00012, 0.225902, 0.225902, 0.774098
33.8361, 0.154961, 3.00012, 0.225902, 0.225902, 0.774098
33.8362, 0.154961, 3.00012, 0.225902, 0.225902, 0.774098
33.8363, 0.154961, 3.00012, 0.225902, 0.225902, 0.774098
33.8365, 0.154961, 3.00012, 0.225902, 0.225902, 0.774098
33.8366, 0.154961, 3.00012, 0.225902, 0.225902, 0.774098
33.8367, 0.154961, 3.00012, 0.225902, 0.225902, 0.774098
33.8368, 0.154961, 3.00012, 0.225902, 0.225902, 0.774098
33.8369, 0.154961, 3.00012, 0.225902, 0.225902, 0.774098
33.837, 0.154961, 3.00012, 0.225902, 0.225902, 0.774098
33.8371, 0.154961, 3.00012, 0.225902, 0.225902, 0.774098
33.8372, 0.154961, 3.00012, 0.225902, 0.225902, 0.774098
33.8373, 0.154961, 3.00012, 0.225902, 0.225902, 0.774098
33.8374, 0.154961, 3.00012, 0.225902, 0.225902, 0.774098
33.8375, 0.154961, 3.00012, 0.225902, 0.225902, 0.774098
33.8376, 0.154961, 3.00012, 0.225902, 0.225902, 0.774098
33.8377, 0.154961, 3.00012, 0.225902, 0.225902, 0.774098
33.8378, 0.154961, 3.00012, 0.225902, 0.225902, 0.774098
33.838, 0.154961, 3.00012, 0.225902, 0.225902, 0.774098
33.8381, 0.154961, 3.00012, 0.225902, 0.225902, 0.774098
33.8382, 0.154961, 3.00012, 0.225902, 0.225902, 0.774098
33.8383, 0.154961, 3.00012, 0.225902, 0.225902, 0.774098
33.8384, 0.154961, 3.00012, 0.225902, 0.225902, 0.774098
33.8385, 0.154961, 3.00012, 0.225902, 0.225902, 0.774098
33.8386, 0.154961, 3.00012, 0.225902, 0.225902, 0.774098
33.8387, 0.154961, 3.00012, 0.225902, 0.225902, 0.774098
33.8388, 0.154961, 3.00012, 0.225902, 0.225902, 0.774098
33.8389, 0.154961, 3.00012, 0.225902, 0.225902, 0.774098
33.839, 0.154972, 3.00026, 0.225918, 0.225918, 0.774082
33.8391, 0.154972, 3.00026, 0.225918, 0.225918, 0.774082
33.8392, 0.154972, 3.00026, 0.225918, 0.225918, 0.774082
33.8394, 0.154972, 3.00026, 0.225918, 0.225918, 0.774082
33.8395, 0.154972, 3.00026, 0.225918, 0.225918, 0.774082
33.8396, 0.154972, 3.00026, 0.225918, 0.225918, 0.774082
33.8397, 0.154972, 3.00026, 0.225918, 0.225918, 0.774082
33.8398, 0.154972, 3.00026, 0.225918, 0.225918, 0.774082
33.8399, 0.154972, 3.00026, 0.225918, 0.225918, 0.774082
33.84, 0.154972, 3.00026, 0.225918, 0.225918, 0.774082
33.8401, 0.154972, 3.00026, 0.225918, 0.225918, 0.774082
33.8402, 0.154972, 3.00026, 0.225918, 0.225918, 0.774082
33.8403, 0.154972, 3.00026, 0.225918, 0.225918, 0.774082
33.8404, 0.154972, 3.00026, 0.225918, 0.225918, 0.774082
33.8405, 0.154972, 3.00026, 0.225918, 0.225918, 0.774082
33.8406, 0.154972, 3.00026, 0.225918, 0.225918, 0.774082
33.8408, 0.154972, 3.00026, 0.225918, 0.225918, 0.774082
33.8409, 0.154972, 3.00026, 0.225918, 0.225918, 0.774082
33.841, 0.154972, 3.00026, 0.225918, 0.225918, 0.774082
33.8411, 0.154972, 3.00026, 0.225918, 0.225918, 0.774082
33.8412, 0.154972, 3.00026, 0.225918, 0.225918, 0.774082
33.8413, 0.154972, 3.00026, 0.225918, 0.225918, 0.774082
33.8414, 0.154972, 3.00026, 0.225918, 0.225918, 0.774082
33.8415, 0.154972, 3.00026, 0.225918, 0.225918, 0.774082
33.8416, 0.154972, 3.00026, 0.225918, 0.225918, 0.774082
33.8417, 0.154972, 3.00026, 0.225918, 0.225918, 0.774082
33.8418, 0.154972, 3.00026, 0.225918, 0.225918, 0.774082
33.8419, 0.154972, 3.00026, 0.225918, 0.225918, 0.774082
33.842, 0.154972, 3.00026, 0.225918, 0.225918, 0.774082
33.8422, 0.154972, 3.00026, 0.225918, 0.225918, 0.774082
33.8423, 0.154972, 3.00026, 0.225918, 0.225918, 0.774082
33.8424, 0.154972, 3.00026, 0.225918, 0.225918, 0.774082
33.8425, 0.154972, 3.00026, 0.225918, 0.225918, 0.774082
33.8426, 0.154972, 3.00026, 0.225918, 0.225918, 0.774082
33.8427, 0.154972, 3.00026, 0.225918, 0.225918, 0.774082
33.8428, 0.154972, 3.00026, 0.225918, 0.225918, 0.774082
33.8429, 0.154972, 3.00026, 0.225918, 0.225918, 0.774082
33.843, 0.154972, 3.00026, 0.225918, 0.225918, 0.774082
33.8431, 0.154972, 3.00026, 0.225918, 0.225918, 0.774082
33.8432, 0.154972, 3.00026, 0.225918, 0.225918, 0.774082
33.8433, 0.154972, 3.00026, 0.225918, 0.225918, 0.774082
33.8434, 0.154972, 3.00026, 0.225918, 0.225918, 0.774082
33.8435, 0.154972, 3.00026, 0.225918, 0.225918, 0.774082
33.8437, 0.154972, 3.00026, 0.225918, 0.225918, 0.774082
33.8438, 0.154972, 3.00026, 0.225918, 0.225918, 0.774082
33.8439, 0.154972, 3.00026, 0.225918, 0.225918, 0.774082
33.844, 0.154972, 3.00026, 0.225918, 0.225918, 0.774082
33.8441, 0.154972, 3.00026, 0.225918, 0.225918, 0.774082
33.8442, 0.154972, 3.00026, 0.225918, 0.225918, 0.774082
33.8443, 0.154972, 3.00026, 0.225918, 0.225918, 0.774082
33.8444, 0.154972, 3.00026, 0.225918, 0.225918, 0.774082
33.8445, 0.154972, 3.00026, 0.225918, 0.225918, 0.774082
33.8446, 0.154972, 3.00026, 0.225918, 0.225918, 0.774082
33.8447, 0.154972, 3.00026, 0.225918, 0.225918, 0.774082
33.8448, 0.154972, 3.00026, 0.225918, 0.225918, 0.774082
33.8449, 0.154972, 3.00026, 0.225918, 0.225918, 0.774082
33.8451, 0.154972, 3.00026, 0.225918, 0.225918, 0.774082
33.8452, 0.154972, 3.00026, 0.225918, 0.225918, 0.774082
33.8453, 0.154972, 3.00026, 0.225918, 0.225918, 0.774082
33.8454, 0.154972, 3.00026, 0.225918, 0.225918, 0.774082
33.8455, 0.154972, 3.00026, 0.225918, 0.225918, 0.774082
33.8456, 0.154972, 3.00026, 0.225918, 0.225918, 0.774082
33.8457, 0.154972, 3.00026, 0.225918, 0.225918, 0.774082
33.8458, 0.154972, 3.00026, 0.225918, 0.225918, 0.774082
33.8459, 0.154972, 3.00026, 0.225918, 0.225918, 0.774082
33.846, 0.154972, 3.00026, 0.225918, 0.225918, 0.774082
33.8461, 0.154972, 3.00026, 0.225918, 0.225918, 0.774082
33.8462, 0.154972, 3.00026, 0.225918, 0.225918, 0.774082
33.8463, 0.154972, 3.00026, 0.225918, 0.225918, 0.774082
33.8465, 0.154972, 3.00026, 0.225918, 0.225918, 0.774082
33.8466, 0.154972, 3.00026, 0.225918, 0.225918, 0.774082
33.8467, 0.154983, 3.0004, 0.225935, 0.225935, 0.774065
33.8468, 0.154983, 3.0004, 0.225935, 0.225935, 0.774065
33.8469, 0.154983, 3.0004, 0.225935, 0.225935, 0.774065
33.847, 0.154983, 3.0004, 0.225935, 0.225935, 0.774065
33.8471, 0.154983, 3.0004, 0.225935, 0.225935, 0.774065
33.8472, 0.154983, 3.0004, 0.225935, 0.225935, 0.774065
33.8473, 0.154983, 3.0004, 0.225935, 0.225935, 0.774065
33.8474, 0.154983, 3.0004, 0.225935, 0.225935, 0.774065
33.8475, 0.154983, 3.0004, 0.225935, 0.225935, 0.774065
33.8476, 0.154983, 3.0004, 0.225935, 0.225935, 0.774065
33.8477, 0.154983, 3.0004, 0.225935, 0.225935, 0.774065
33.8478, 0.154983, 3.0004, 0.225935, 0.225935, 0.774065
33.848, 0.154983, 3.0004, 0.225935, 0.225935, 0.774065
33.8481, 0.154983, 3.0004, 0.225935, 0.225935, 0.774065
33.8482, 0.154983, 3.0004, 0.225935, 0.225935, 0.774065
33.8483, 0.154983, 3.0004, 0.225935, 0.225935, 0.774065
33.8484, 0.154983, 3.0004, 0.225935, 0.225935, 0.774065
33.8485, 0.154983, 3.0004, 0.225935, 0.225935, 0.774065
33.8486, 0.154983, 3.0004, 0.225935, 0.225935, 0.774065
33.8487, 0.154983, 3.0004, 0.225935, 0.225935, 0.774065
33.8488, 0.154983, 3.0004, 0.225935, 0.225935, 0.774065
33.8489, 0.154983, 3.0004, 0.225935, 0.225935, 0.774065
33.849, 0.154993, 3.00054, 0.225951, 0.225951, 0.774049
33.8491, 0.154993, 3.00054, 0.225951, 0.225951, 0.774049
33.8492, 0.154993, 3.00054, 0.225951, 0.225951, 0.774049
33.8494, 0.154993, 3.00054, 0.225951, 0.225951, 0.774049
33.8495, 0.154993, 3.00054, 0.225951, 0.225951, 0.774049
33.8496, 0.154993, 3.00054, 0.225951, 0.225951, 0.774049
33.8497, 0.154993, 3.00054, 0.225951, 0.225951, 0.774049
33.8498, 0.154993, 3.00054, 0.225951, 0.225951, 0.774049
33.8499, 0.154993, 3.00054, 0.225951, 0.225951, 0.774049
33.85, 0.154993, 3.00054, 0.225951, 0.225951, 0.774049
33.8501, 0.154993, 3.00054, 0.225951, 0.225951, 0.774049
33.8502, 0.154993, 3.00054, 0.225951, 0.225951, 0.774049
33.8503, 0.154993, 3.00054, 0.225951, 0.225951, 0.774049
33.8504, 0.154993, 3.00054, 0.225951, 0.225951, 0.774049
33.8505, 0.154993, 3.00054, 0.225951, 0.225951, 0.774049
33.8506, 0.154993, 3.00054, 0.225951, 0.225951, 0.774049
33.8508, 0.154993, 3.00054, 0.225951, 0.225951, 0.774049
33.8509, 0.154993, 3.00054, 0.225951, 0.225951, 0.774049
33.851, 0.154993, 3.00054, 0.225951, 0.225951, 0.774049
33.8511, 0.154993, 3.00054, 0.225951, 0.225951, 0.774049
33.8512, 0.154993, 3.00054, 0.225951, 0.225951, 0.774049
33.8513, 0.154993, 3.00054, 0.225951, 0.225951, 0.774049
33.8514, 0.154993, 3.00054, 0.225951, 0.225951, 0.774049
33.8515, 0.154993, 3.00054, 0.225951, 0.225951, 0.774049
33.8516, 0.154993, 3.00054, 0.225951, 0.225951, 0.774049
33.8517, 0.154993, 3.00054, 0.225951, 0.225951, 0.774049
33.8518, 0.154993, 3.00054, 0.225951, 0.225951, 0.774049
33.8519, 0.154993, 3.00054, 0.225951, 0.225951, 0.774049
33.852, 0.154993, 3.00054, 0.225951, 0.225951, 0.774049
33.8522, 0.154993, 3.00054, 0.225951, 0.225951, 0.774049
33.8523, 0.154993, 3.00054, 0.225951, 0.225951, 0.774049
33.8524, 0.154993, 3.00054, 0.225951, 0.225951, 0.774049
33.8525, 0.154993, 3.00054, 0.225951, 0.225951, 0.774049
33.8526, 0.154993, 3.00054, 0.225951, 0.225951, 0.774049
33.8527, 0.154993, 3.00054, 0.225951, 0.225951, 0.774049
33.8528, 0.154993, 3.00054, 0.225951, 0.225951, 0.774049
33.8529, 0.154993, 3.00054, 0.225951, 0.225951, 0.774049
33.853, 0.154993, 3.00054, 0.225951, 0.225951, 0.774049
33.8531, 0.154993, 3.00054, 0.225951, 0.225951, 0.774049
33.8532, 0.154993, 3.00054, 0.225951, 0.225951, 0.774049
33.8533, 0.154993, 3.00054, 0.225951, 0.225951, 0.774049
33.8534, 0.154993, 3.00054, 0.225951, 0.225951, 0.774049
33.8535, 0.154993, 3.00054, 0.225951, 0.225951, 0.774049
33.8537, 0.154993, 3.00054, 0.225951, 0.225951, 0.774049
33.8538, 0.154993, 3.00054, 0.225951, 0.225951, 0.774049
33.8539, 0.154993, 3.00054, 0.225951, 0.225951, 0.774049
33.854, 0.154993, 3.00054, 0.225951, 0.225951, 0.774049
33.8541, 0.154993, 3.00054, 0.225951, 0.225951, 0.774049
33.8542, 0.154993, 3.00054, 0.225951, 0.225951, 0.774049
33.8543, 0.155004, 3.00068, 0.225967, 0.225967, 0.774033
33.8544, 0.155004, 3.00068, 0.225967, 0.225967, 0.774033
33.8545, 0.155004, 3.00068, 0.225967, 0.225967, 0.774033
33.8546, 0.155004, 3.00068, 0.225967, 0.225967, 0.774033
33.8547, 0.155004, 3.00068, 0.225967, 0.225967, 0.774033
33.8548, 0.155004, 3.00068, 0.225967, 0.225967, 0.774033
33.8549, 0.155004, 3.00068, 0.225967, 0.225967, 0.774033
33.8551, 0.155004, 3.00068, 0.225967, 0.225967, 0.774033
33.8552, 0.155004, 3.00068, 0.225967, 0.225967, 0.774033
33.8553, 0.155004, 3.00068, 0.225967, 0.225967, 0.774033
33.8554, 0.155004, 3.00068, 0.225967, 0.225967, 0.774033
33.8555, 0.155004, 3.00068, 0.225967, 0.225967, 0.774033
33.8556, 0.155004, 3.00068, 0.225967, 0.225967, 0.774033
33.8557, 0.155004, 3.00068, 0.225967, 0.225967, 0.774033
33.8558, 0.155004, 3.00068, 0.225967, 0.225967, 0.774033
33.8559, 0.155004, 3.00068, 0.225967, 0.225967, 0.774033
33.856, 0.155004, 3.00068, 0.225967, 0.225967, 0.774033
33.8561, 0.155004, 3.00068, 0.225967, 0.225967, 0.774033
33.8562, 0.155004, 3.00068, 0.225967, 0.225967, 0.774033
33.8563, 0.155004, 3.00068, 0.225967, 0.225967, 0.774033
33.8565, 0.155004, 3.00068, 0.225967, 0.225967, 0.774033
33.8566, 0.155004, 3.00068, 0.225967, 0.225967, 0.774033
33.8567, 0.155004, 3.00068, 0.225967, 0.225967, 0.774033
33.8568, 0.155004, 3.00068, 0.225967, 0.225967, 0.774033
33.8569, 0.155004, 3.00068, 0.225967, 0.225967, 0.774033
33.857, 0.155004, 3.00068, 0.225967, 0.225967, 0.774033
33.8571, 0.155004, 3.00068, 0.225967, 0.225967, 0.774033
33.8572, 0.155004, 3.00068, 0.225967, 0.225967, 0.774033
33.8573, 0.155004, 3.00068, 0.225967, 0.225967, 0.774033
33.8574, 0.155004, 3.00068, 0.225967, 0.225967, 0.774033
33.8575, 0.155004, 3.00068, 0.225967, 0.225967, 0.774033
33.8576, 0.155004, 3.00068, 0.225967, 0.225967, 0.774033
33.8577, 0.155004, 3.00068, 0.225967, 0.225967, 0.774033
33.8578, 0.155004, 3.00068, 0.225967, 0.225967, 0.774033
33.858, 0.155004, 3.00068, 0.225967, 0.225967, 0.774033
33.8581, 0.155004, 3.00068, 0.225967, 0.225967, 0.774033
33.8582, 0.155004, 3.00068, 0.225967, 0.225967, 0.774033
33.8583, 0.155004, 3.00068, 0.225967, 0.225967, 0.774033
33.8584, 0.155004, 3.00068, 0.225967, 0.225967, 0.774033
33.8585, 0.155004, 3.00068, 0.225967, 0.225967, 0.774033
33.8586, 0.155004, 3.00068, 0.225967, 0.225967, 0.774033
33.8587, 0.155004, 3.00068, 0.225967, 0.225967, 0.774033
33.8588, 0.155004, 3.00068, 0.225967, 0.225967, 0.774033
33.8589, 0.155004, 3.00068, 0.225967, 0.225967, 0.774033
33.859, 0.155004, 3.00068, 0.225967, 0.225967, 0.774033
33.8591, 0.155004, 3.00068, 0.225967, 0.225967, 0.774033
33.8592, 0.155004, 3.00068, 0.225967, 0.225967, 0.774033
33.8594, 0.155004, 3.00068, 0.225967, 0.225967, 0.774033
33.8595, 0.155004, 3.00068, 0.225967, 0.225967, 0.774033
33.8596, 0.155004, 3.00068, 0.225967, 0.225967, 0.774033
33.8597, 0.155004, 3.00068, 0.225967, 0.225967, 0.774033
33.8598, 0.155004, 3.00068, 0.225967, 0.225967, 0.774033
33.8599, 0.155004, 3.00068, 0.225967, 0.225967, 0.774033
33.86, 0.155004, 3.00068, 0.225967, 0.225967, 0.774033
33.8601, 0.155004, 3.00068, 0.225967, 0.225967, 0.774033
33.8602, 0.155004, 3.00068, 0.225967, 0.225967, 0.774033
33.8603, 0.155004, 3.00068, 0.225967, 0.225967, 0.774033
33.8604, 0.155004, 3.00068, 0.225967, 0.225967, 0.774033
33.8605, 0.155004, 3.00068, 0.225967, 0.225967, 0.774033
33.8606, 0.155004, 3.00068, 0.225967, 0.225967, 0.774033
33.8608, 0.155004, 3.00068, 0.225967, 0.225967, 0.774033
33.8609, 0.155004, 3.00068, 0.225967, 0.225967, 0.774033
33.861, 0.155004, 3.00068, 0.225967, 0.225967, 0.774033
33.8611, 0.155004, 3.00068, 0.225967, 0.225967, 0.774033
33.8612, 0.155004, 3.00068, 0.225967, 0.225967, 0.774033
33.8613, 0.155004, 3.00068, 0.225967, 0.225967, 0.774033
33.8614, 0.155004, 3.00068, 0.225967, 0.225967, 0.774033
33.8615, 0.155004, 3.00068, 0.225967, 0.225967, 0.774033
33.8616, 0.155004, 3.00068, 0.225967, 0.225967, 0.774033
33.8617, 0.155004, 3.00068, 0.225967, 0.225967, 0.774033
33.8618, 0.155004, 3.00068, 0.225967, 0.225967, 0.774033
33.8619, 0.155004, 3.00068, 0.225967, 0.225967, 0.774033
33.862, 0.155015, 3.00082, 0.225984, 0.225984, 0.774016
33.8622, 0.155015, 3.00082, 0.225984, 0.225984, 0.774016
33.8623, 0.155015, 3.00082, 0.225984, 0.225984, 0.774016
33.8624, 0.155015, 3.00082, 0.225984, 0.225984, 0.774016
33.8625, 0.155015, 3.00082, 0.225984, 0.225984, 0.774016
33.8626, 0.155015, 3.00082, 0.225984, 0.225984, 0.774016
33.8627, 0.155015, 3.00082, 0.225984, 0.225984, 0.774016
33.8628, 0.155015, 3.00082, 0.225984, 0.225984, 0.774016
33.8629, 0.155015, 3.00082, 0.225984, 0.225984, 0.774016
33.863, 0.155015, 3.00082, 0.225984, 0.225984, 0.774016
33.8631, 0.155015, 3.00082, 0.225984, 0.225984, 0.774016
33.8632, 0.155015, 3.00082, 0.225984, 0.225984, 0.774016
33.8633, 0.155015, 3.00082, 0.225984, 0.225984, 0.774016
33.8634, 0.155015, 3.00082, 0.225984, 0.225984, 0.774016
33.8635, 0.155015, 3.00082, 0.225984, 0.225984, 0.774016
33.8637, 0.155015, 3.00082, 0.225984, 0.225984, 0.774016
33.8638, 0.155015, 3.00082, 0.225984, 0.225984, 0.774016
33.8639, 0.155015, 3.00082, 0.225984, 0.225984, 0.774016
33.864, 0.155015, 3.00082, 0.225984, 0.225984, 0.774016
33.8641, 0.155015, 3.00082, 0.225984, 0.225984, 0.774016
33.8642, 0.155015, 3.00082, 0.225984, 0.225984, 0.774016
33.8643, 0.155015, 3.00082, 0.225984, 0.225984, 0.774016
33.8644, 0.155015, 3.00082, 0.225984, 0.225984, 0.774016
33.8645, 0.155015, 3.00082, 0.225984, 0.225984, 0.774016
33.8646, 0.155015, 3.00082, 0.225984, 0.225984, 0.774016
33.8647, 0.155015, 3.00082, 0.225984, 0.225984, 0.774016
33.8648, 0.155015, 3.00082, 0.225984, 0.225984, 0.774016
33.8649, 0.155015, 3.00082, 0.225984, 0.225984, 0.774016
33.8651, 0.155015, 3.00082, 0.225984, 0.225984, 0.774016
33.8652, 0.155015, 3.00082, 0.225984, 0.225984, 0.774016
33.8653, 0.155015, 3.00082, 0.225984, 0.225984, 0.774016
33.8654, 0.155015, 3.00082, 0.225984, 0.225984, 0.774016
33.8655, 0.155015, 3.00082, 0.225984, 0.225984, 0.774016
33.8656, 0.155015, 3.00082, 0.225984, 0.225984, 0.774016
33.8657, 0.155015, 3.00082, 0.225984, 0.225984, 0.774016
33.8658, 0.155015, 3.00082, 0.225984, 0.225984, 0.774016
33.8659, 0.155015, 3.00082, 0.225984, 0.225984, 0.774016
33.866, 0.155015, 3.00082, 0.225984, 0.225984, 0.774016
33.8661, 0.155015, 3.00082, 0.225984, 0.225984, 0.774016
33.8662, 0.155015, 3.00082, 0.225984, 0.225984, 0.774016
33.8663, 0.155015, 3.00082, 0.225984, 0.225984, 0.774016
33.8665, 0.155015, 3.00082, 0.225984, 0.225984, 0.774016
33.8666, 0.155015, 3.00082, 0.225984, 0.225984, 0.774016
33.8667, 0.155015, 3.00082, 0.225984, 0.225984, 0.774016
33.8668, 0.155015, 3.00082, 0.225984, 0.225984, 0.774016
33.8669, 0.155015, 3.00082, 0.225984, 0.225984, 0.774016
33.867, 0.155015, 3.00082, 0.225984, 0.225984, 0.774016
33.8671, 0.155015, 3.00082, 0.225984, 0.225984, 0.774016
33.8672, 0.155015, 3.00082, 0.225984, 0.225984, 0.774016
33.8673, 0.155015, 3.00082, 0.225984, 0.225984, 0.774016
33.8674, 0.155015, 3.00082, 0.225984, 0.225984, 0.774016
33.8675, 0.155015, 3.00082, 0.225984, 0.225984, 0.774016
33.8676, 0.155015, 3.00082, 0.225984, 0.225984, 0.774016
33.8677, 0.155015, 3.00082, 0.225984, 0.225984, 0.774016
33.8678, 0.155015, 3.00082, 0.225984, 0.225984, 0.774016
33.868, 0.155015, 3.00082, 0.225984, 0.225984, 0.774016
33.8681, 0.155015, 3.00082, 0.225984, 0.225984, 0.774016
33.8682, 0.155015, 3.00082, 0.225984, 0.225984, 0.774016
33.8683, 0.155015, 3.00082, 0.225984, 0.225984, 0.774016
33.8684, 0.155015, 3.00082, 0.225984, 0.225984, 0.774016
33.8685, 0.155015, 3.00082, 0.225984, 0.225984, 0.774016
33.8686, 0.155015, 3.00082, 0.225984, 0.225984, 0.774016
33.8687, 0.155015, 3.00082, 0.225984, 0.225984, 0.774016
33.8688, 0.155015, 3.00082, 0.225984, 0.225984, 0.774016
33.8689, 0.155015, 3.00082, 0.225984, 0.225984, 0.774016
33.869, 0.155015, 3.00082, 0.225984, 0.225984, 0.774016
33.8691, 0.155015, 3.00082, 0.225984, 0.225984, 0.774016
33.8692, 0.155015, 3.00082, 0.225984, 0.225984, 0.774016
33.8694, 0.155015, 3.00082, 0.225984, 0.225984, 0.774016
33.8695, 0.155015, 3.00082, 0.225984, 0.225984, 0.774016
33.8696, 0.155015, 3.00082, 0.225984, 0.225984, 0.774016
33.8697, 0.155026, 3.00096, 0.226, 0.226, 0.774
33.8698, 0.155026, 3.00096, 0.226, 0.226, 0.774
33.8699, 0.155026, 3.00096, 0.226, 0.226, 0.774
33.87, 0.155026, 3.00096, 0.226, 0.226, 0.774
33.8701, 0.155026, 3.00096, 0.226, 0.226, 0.774
33.8702, 0.155026, 3.00096, 0.226, 0.226, 0.774
33.8703, 0.155026, 3.00096, 0.226, 0.226, 0.774
33.8704, 0.155026, 3.00096, 0.226, 0.226, 0.774
33.8705, 0.155026, 3.00096, 0.226, 0.226, 0.774
33.8706, 0.155026, 3.00096, 0.226, 0.226, 0.774
33.8708, 0.155026, 3.00096, 0.226, 0.226, 0.774
33.8709, 0.155026, 3.00096, 0.226, 0.226, 0.774
33.871, 0.155026, 3.00096, 0.226, 0.226, 0.774
33.8711, 0.155026, 3.00096, 0.226, 0.226, 0.774
33.8712, 0.155026, 3.00096, 0.226, 0.226, 0.774
33.8713, 0.155026, 3.00096, 0.226, 0.226, 0.774
33.8714, 0.155026, 3.00096, 0.226, 0.226, 0.774
33.8715, 0.155026, 3.00096, 0.226, 0.226, 0.774
33.8716, 0.155026, 3.00096, 0.226, 0.226, 0.774
33.8717, 0.155026, 3.00096, 0.226, 0.226, 0.774
33.8718, 0.155026, 3.00096, 0.226, 0.226, 0.774
33.8719, 0.155026, 3.00096, 0.226, 0.226, 0.774
33.872, 0.155026, 3.00096, 0.226, 0.226, 0.774
33.8722, 0.155026, 3.00096, 0.226, 0.226, 0.774
33.8723, 0.155026, 3.00096, 0.226, 0.226, 0.774
33.8724, 0.155026, 3.00096, 0.226, 0.226, 0.774
33.8725, 0.155026, 3.00096, 0.226, 0.226, 0.774
33.8726, 0.155026, 3.00096, 0.226, 0.226, 0.774
33.8727, 0.155026, 3.00096, 0.226, 0.226, 0.774
33.8728, 0.155026, 3.00096, 0.226, 0.226, 0.774
33.8729, 0.155026, 3.00096, 0.226, 0.226, 0.774
33.873, 0.155026, 3.00096, 0.226, 0.226, 0.774
33.8731, 0.155026, 3.00096, 0.226, 0.226, 0.774
33.8732, 0.155026, 3.00096, 0.226, 0.226, 0.774
33.8733, 0.155026, 3.00096, 0.226, 0.226, 0.774
33.8734, 0.155026, 3.00096, 0.226, 0.226, 0.774
33.8735, 0.155026, 3.00096, 0.226, 0.226, 0.774
33.8737, 0.155026, 3.00096, 0.226, 0.226, 0.774
33.8738, 0.155026, 3.00096, 0.226, 0.226, 0.774
33.8739, 0.155026, 3.00096, 0.226, 0.226, 0.774
33.874, 0.155026, 3.00096, 0.226, 0.226, 0.774
33.8741, 0.155026, 3.00096, 0.226, 0.226, 0.774
33.8742, 0.155026, 3.00096, 0.226, 0.226, 0.774
33.8743, 0.155026, 3.00096, 0.226, 0.226, 0.774
33.8744, 0.155026, 3.00096, 0.226, 0.226, 0.774
33.8745, 0.155026, 3.00096, 0.226, 0.226, 0.774
33.8746, 0.155026, 3.00096, 0.226, 0.226, 0.774
33.8747, 0.155026, 3.00096, 0.226, 0.226, 0.774
33.8748, 0.155026, 3.00096, 0.226, 0.226, 0.774
33.8749, 0.155026, 3.00096, 0.226, 0.226, 0.774
33.8751, 0.155026, 3.00096, 0.226, 0.226, 0.774
33.8752, 0.155026, 3.00096, 0.226, 0.226, 0.774
33.8753, 0.155026, 3.00096, 0.226, 0.226, 0.774
33.8754, 0.155026, 3.00096, 0.226, 0.226, 0.774
33.8755, 0.155026, 3.00096, 0.226, 0.226, 0.774
33.8756, 0.155026, 3.00096, 0.226, 0.226, 0.774
33.8757, 0.155026, 3.00096, 0.226, 0.226, 0.774
33.8758, 0.155026, 3.00096, 0.226, 0.226, 0.774
33.8759, 0.155026, 3.00096, 0.226, 0.226, 0.774
33.876, 0.155026, 3.00096, 0.226, 0.226, 0.774
33.8761, 0.155026, 3.00096, 0.226, 0.226, 0.774
33.8762, 0.155026, 3.00096, 0.226, 0.226, 0.774
33.8763, 0.155026, 3.00096, 0.226, 0.226, 0.774
33.8765, 0.155026, 3.00096, 0.226, 0.226, 0.774
33.8766, 0.155026, 3.00096, 0.226, 0.226, 0.774
33.8767, 0.155026, 3.00096, 0.226, 0.226, 0.774
33.8768, 0.155026, 3.00096, 0.226, 0.226, 0.774
33.8769, 0.155026, 3.00096, 0.226, 0.226, 0.774
33.877, 0.155026, 3.00096, 0.226, 0.226, 0.774
33.8771, 0.155026, 3.00096, 0.226, 0.226, 0.774
33.8772, 0.155026, 3.00096, 0.226, 0.226, 0.774
33.8773, 0.155037, 3.0011, 0.226016, 0.226016, 0.773984
33.8774, 0.155037, 3.0011, 0.226016, 0.226016, 0.773984
33.8775, 0.155037, 3.0011, 0.226016, 0.226016, 0.773984
33.8776, 0.155037, 3.0011, 0.226016, 0.226016, 0.773984
33.8777, 0.155037, 3.0011, 0.226016, 0.226016, 0.773984
33.8778, 0.155037, 3.0011, 0.226016, 0.226016, 0.773984
33.878, 0.155037, 3.0011, 0.226016, 0.226016, 0.773984
33.8781, 0.155037, 3.0011, 0.226016, 0.226016, 0.773984
33.8782, 0.155037, 3.0011, 0.226016, 0.226016, 0.773984
33.8783, 0.155037, 3.0011, 0.226016, 0.226016, 0.773984
33.8784, 0.155037, 3.0011, 0.226016, 0.226016, 0.773984
33.8785, 0.155037, 3.0011, 0.226016, 0.226016, 0.773984
33.8786, 0.155037, 3.0011, 0.226016, 0.226016, 0.773984
33.8787, 0.155037, 3.0011, 0.226016, 0.226016, 0.773984
33.8788, 0.155037, 3.0011, 0.226016, 0.226016, 0.773984
33.8789, 0.155037, 3.0011, 0.226016, 0.226016, 0.773984
33.879, 0.155037, 3.0011, 0.226016, 0.226016, 0.773984
33.8791, 0.155037, 3.0011, 0.226016, 0.226016, 0.773984
33.8792, 0.155037, 3.0011, 0.226016, 0.226016, 0.773984
33.8794, 0.155037, 3.0011, 0.226016, 0.226016, 0.773984
33.8795, 0.155037, 3.0011, 0.226016, 0.226016, 0.773984
33.8796, 0.155037, 3.0011, 0.226016, 0.226016, 0.773984
33.8797, 0.155037, 3.0011, 0.226016, 0.226016, 0.773984
33.8798, 0.155037, 3.0011, 0.226016, 0.226016, 0.773984
33.8799, 0.155037, 3.0011, 0.226016, 0.226016, 0.773984
33.88, 0.155037, 3.0011, 0.226016, 0.226016, 0.773984
33.8801, 0.155037, 3.0011, 0.226016, 0.226016, 0.773984
33.8802, 0.155037, 3.0011, 0.226016, 0.226016, 0.773984
33.8803, 0.155037, 3.0011, 0.226016, 0.226016, 0.773984
33.8804, 0.155037, 3.0011, 0.226016, 0.226016, 0.773984
33.8805, 0.155037, 3.0011, 0.226016, 0.226016, 0.773984
33.8806, 0.155037, 3.0011, 0.226016, 0.226016, 0.773984
33.8808, 0.155037, 3.0011, 0.226016, 0.226016, 0.773984
33.8809, 0.155037, 3.0011, 0.226016, 0.226016, 0.773984
33.881, 0.155037, 3.0011, 0.226016, 0.226016, 0.773984
33.8811, 0.155037, 3.0011, 0.226016, 0.226016, 0.773984
33.8812, 0.155037, 3.0011, 0.226016, 0.226016, 0.773984
33.8813, 0.155037, 3.0011, 0.226016, 0.226016, 0.773984
33.8814, 0.155037, 3.0011, 0.226016, 0.226016, 0.773984
33.8815, 0.155037, 3.0011, 0.226016, 0.226016, 0.773984
33.8816, 0.155037, 3.0011, 0.226016, 0.226016, 0.773984
33.8817, 0.155037, 3.0011, 0.226016, 0.226016, 0.773984
33.8818, 0.155037, 3.0011, 0.226016, 0.226016, 0.773984
33.8819, 0.155037, 3.0011, 0.226016, 0.226016, 0.773984
33.882, 0.155037, 3.0011, 0.226016, 0.226016, 0.773984
33.8822, 0.155037, 3.0011, 0.226016, 0.226016, 0.773984
33.8823, 0.155037, 3.0011, 0.226016, 0.226016, 0.773984
33.8824, 0.155037, 3.0011, 0.226016, 0.226016, 0.773984
33.8825, 0.155037, 3.0011, 0.226016, 0.226016, 0.773984
33.8826, 0.155037, 3.0011, 0.226016, 0.226016, 0.773984
33.8827, 0.155037, 3.0011, 0.226016, 0.226016, 0.773984
33.8828, 0.155037, 3.0011, 0.226016, 0.226016, 0.773984
33.8829, 0.155037, 3.0011, 0.226016, 0.226016, 0.773984
33.883, 0.155037, 3.0011, 0.226016, 0.226016, 0.773984
33.8831, 0.155037, 3.0011, 0.226016, 0.226016, 0.773984
33.8832, 0.155037, 3.0011, 0.226016, 0.226016, 0.773984
33.8833, 0.155037, 3.0011, 0.226016, 0.226016, 0.773984
33.8834, 0.155037, 3.0011, 0.226016, 0.226016, 0.773984
33.8835, 0.155037, 3.0011, 0.226016, 0.226016, 0.773984
33.8837, 0.155037, 3.0011, 0.226016, 0.226016, 0.773984
33.8838, 0.155037, 3.0011, 0.226016, 0.226016, 0.773984
33.8839, 0.155037, 3.0011, 0.226016, 0.226016, 0.773984
33.884, 0.155037, 3.0011, 0.226016, 0.226016, 0.773984
33.8841, 0.155037, 3.0011, 0.226016, 0.226016, 0.773984
33.8842, 0.155037, 3.0011, 0.226016, 0.226016, 0.773984
33.8843, 0.155037, 3.0011, 0.226016, 0.226016, 0.773984
33.8844, 0.155037, 3.0011, 0.226016, 0.226016, 0.773984
33.8845, 0.155037, 3.0011, 0.226016, 0.226016, 0.773984
33.8846, 0.155037, 3.0011, 0.226016, 0.226016, 0.773984
33.8847, 0.155037, 3.0011, 0.226016, 0.226016, 0.773984
33.8848, 0.155037, 3.0011, 0.226016, 0.226016, 0.773984
33.8849, 0.155037, 3.0011, 0.226016, 0.226016, 0.773984
33.8851, 0.155047, 3.00124, 0.226033, 0.226033, 0.773967
33.8852, 0.155047, 3.00124, 0.226033, 0.226033, 0.773967
33.8853, 0.155047, 3.00124, 0.226033, 0.226033, 0.773967
33.8854, 0.155047, 3.00124, 0.226033, 0.226033, 0.773967
33.8855, 0.155047, 3.00124, 0.226033, 0.226033, 0.773967
33.8856, 0.155047, 3.00124, 0.226033, 0.226033, 0.773967
33.8857, 0.155047, 3.00124, 0.226033, 0.226033, 0.773967
33.8858, 0.155047, 3.00124, 0.226033, 0.226033, 0.773967
33.8859, 0.155047, 3.00124, 0.226033, 0.226033, 0.773967
33.886, 0.155047, 3.00124, 0.226033, 0.226033, 0.773967
33.8861, 0.155047, 3.00124, 0.226033, 0.226033, 0.773967
33.8862, 0.155047, 3.00124, 0.226033, 0.226033, 0.773967
33.8863, 0.155047, 3.00124, 0.226033, 0.226033, 0.773967
33.8865, 0.155047, 3.00124, 0.226033, 0.226033, 0.773967
33.8866, 0.155047, 3.00124, 0.226033, 0.226033, 0.773967
33.8867, 0.155047, 3.00124, 0.226033, 0.226033, 0.773967
33.8868, 0.155047, 3.00124, 0.226033, 0.226033, 0.773967
33.8869, 0.155047, 3.00124, 0.226033, 0.226033, 0.773967
33.887, 0.155047, 3.00124, 0.226033, 0.226033, 0.773967
33.8871, 0.155047, 3.00124, 0.226033, 0.226033, 0.773967
33.8872, 0.155047, 3.00124, 0.226033, 0.226033, 0.773967
33.8873, 0.155047, 3.00124, 0.226033, 0.226033, 0.773967
33.8874, 0.155047, 3.00124, 0.226033, 0.226033, 0.773967
33.8875, 0.155047, 3.00124, 0.226033, 0.226033, 0.773967
33.8876, 0.155047, 3.00124, 0.226033, 0.226033, 0.773967
33.8877, 0.155047, 3.00124, 0.226033, 0.226033, 0.773967
33.8878, 0.155047, 3.00124, 0.226033, 0.226033, 0.773967
33.888, 0.155047, 3.00124, 0.226033, 0.226033, 0.773967
33.8881, 0.155047, 3.00124, 0.226033, 0.226033, 0.773967
33.8882, 0.155047, 3.00124, 0.226033, 0.226033, 0.773967
33.8883, 0.155047, 3.00124, 0.226033, 0.226033, 0.773967
33.8884, 0.155047, 3.00124, 0.226033, 0.226033, 0.773967
33.8885, 0.155047, 3.00124, 0.226033, 0.226033, 0.773967
33.8886, 0.155047, 3.00124, 0.226033, 0.226033, 0.773967
33.8887, 0.155047, 3.00124, 0.226033, 0.226033, 0.773967
33.8888, 0.155047, 3.00124, 0.226033, 0.226033, 0.773967
33.8889, 0.155047, 3.00124, 0.226033, 0.226033, 0.773967
33.889, 0.155047, 3.00124, 0.226033, 0.226033, 0.773967
33.8891, 0.155047, 3.00124, 0.226033, 0.226033, 0.773967
33.8892, 0.155047, 3.00124, 0.226033, 0.226033, 0.773967
33.8894, 0.155047, 3.00124, 0.226033, 0.226033, 0.773967
33.8895, 0.155047, 3.00124, 0.226033, 0.226033, 0.773967
33.8896, 0.155047, 3.00124, 0.226033, 0.226033, 0.773967
33.8897, 0.155047, 3.00124, 0.226033, 0.226033, 0.773967
33.8898, 0.155047, 3.00124, 0.226033, 0.226033, 0.773967
33.8899, 0.155047, 3.00124, 0.226033, 0.226033, 0.773967
33.89, 0.155047, 3.00124, 0.226033, 0.226033, 0.773967
33.8901, 0.155047, 3.00124, 0.226033, 0.226033, 0.773967
33.8902, 0.155047, 3.00124, 0.226033, 0.226033, 0.773967
33.8903, 0.155047, 3.00124, 0.226033, 0.226033, 0.773967
33.8904, 0.155047, 3.00124, 0.226033, 0.226033, 0.773967
33.8905, 0.155047, 3.00124, 0.226033, 0.226033, 0.773967
33.8906, 0.155047, 3.00124, 0.226033, 0.226033, 0.773967
33.8908, 0.155047, 3.00124, 0.226033, 0.226033, 0.773967
33.8909, 0.155047, 3.00124, 0.226033, 0.226033, 0.773967
33.891, 0.155047, 3.00124, 0.226033, 0.226033, 0.773967
33.8911, 0.155047, 3.00124, 0.226033, 0.226033, 0.773967
33.8912, 0.155047, 3.00124, 0.226033, 0.226033, 0.773967
33.8913, 0.155047, 3.00124, 0.226033, 0.226033, 0.773967
33.8914, 0.155047, 3.00124, 0.226033, 0.226033, 0.773967
33.8915, 0.155047, 3.00124, 0.226033, 0.226033, 0.773967
33.8916, 0.155047, 3.00124, 0.226033, 0.226033, 0.773967
33.8917, 0.155047, 3.00124, 0.226033, 0.226033, 0.773967
33.8918, 0.155047, 3.00124, 0.226033, 0.226033, 0.773967
33.8919, 0.155047, 3.00124, 0.226033, 0.226033, 0.773967
33.892, 0.155047, 3.00124, 0.226033, 0.226033, 0.773967
33.8922, 0.155047, 3.00124, 0.226033, 0.226033, 0.773967
33.8923, 0.155047, 3.00124, 0.226033, 0.226033, 0.773967
33.8924, 0.155047, 3.00124, 0.226033, 0.226033, 0.773967
33.8925, 0.155047, 3.00124, 0.226033, 0.226033, 0.773967
33.8926, 0.155047, 3.00124, 0.226033, 0.226033, 0.773967
33.8927, 0.155058, 3.00138, 0.226049, 0.226049, 0.773951
33.8928, 0.155058, 3.00138, 0.226049, 0.226049, 0.773951
33.8929, 0.155058, 3.00138, 0.226049, 0.226049, 0.773951
33.893, 0.155058, 3.00138, 0.226049, 0.226049, 0.773951
33.8931, 0.155058, 3.00138, 0.226049, 0.226049, 0.773951
33.8932, 0.155058, 3.00138, 0.226049, 0.226049, 0.773951
33.8933, 0.155058, 3.00138, 0.226049, 0.226049, 0.773951
33.8934, 0.155058, 3.00138, 0.226049, 0.226049, 0.773951
33.8935, 0.155058, 3.00138, 0.226049, 0.226049, 0.773951
33.8937, 0.155058, 3.00138, 0.226049, 0.226049, 0.773951
33.8938, 0.155058, 3.00138, 0.226049, 0.226049, 0.773951
33.8939, 0.155058, 3.00138, 0.226049, 0.226049, 0.773951
33.894, 0.155058, 3.00138, 0.226049, 0.226049, 0.773951
33.8941, 0.155058, 3.00138, 0.226049, 0.226049, 0.773951
33.8942, 0.155058, 3.00138, 0.226049, 0.226049, 0.773951
33.8943, 0.155058, 3.00138, 0.226049, 0.226049, 0.773951
33.8944, 0.155058, 3.00138, 0.226049, 0.226049, 0.773951
33.8945, 0.155058, 3.00138, 0.226049, 0.226049, 0.773951
33.8946, 0.155058, 3.00138, 0.226049, 0.226049, 0.773951
33.8947, 0.155058, 3.00138, 0.226049, 0.226049, 0.773951
33.8948, 0.155058, 3.00138, 0.226049, 0.226049, 0.773951
33.8949, 0.155058, 3.00138, 0.226049, 0.226049, 0.773951
33.8951, 0.155058, 3.00138, 0.226049, 0.226049, 0.773951
33.8952, 0.155058, 3.00138, 0.226049, 0.226049, 0.773951
33.8953, 0.155058, 3.00138, 0.226049, 0.226049, 0.773951
33.8954, 0.155058, 3.00138, 0.226049, 0.226049, 0.773951
33.8955, 0.155058, 3.00138, 0.226049, 0.226049, 0.773951
33.8956, 0.155058, 3.00138, 0.226049, 0.226049, 0.773951
33.8957, 0.155058, 3.00138, 0.226049, 0.226049, 0.773951
33.8958, 0.155058, 3.00138, 0.226049, 0.226049, 0.773951
33.8959, 0.155058, 3.00138, 0.226049, 0.226049, 0.773951
33.896, 0.155058, 3.00138, 0.226049, 0.226049, 0.773951
33.8961, 0.155058, 3.00138, 0.226049, 0.226049, 0.773951
33.8962, 0.155058, 3.00138, 0.226049, 0.226049, 0.773951
33.8963, 0.155058, 3.00138, 0.226049, 0.226049, 0.773951
33.8965, 0.155058, 3.00138, 0.226049, 0.226049, 0.773951
33.8966, 0.155058, 3.00138, 0.226049, 0.226049, 0.773951
33.8967, 0.155058, 3.00138, 0.226049, 0.226049, 0.773951
33.8968, 0.155058, 3.00138, 0.226049, 0.226049, 0.773951
33.8969, 0.155058, 3.00138, 0.226049, 0.226049, 0.773951
33.897, 0.155058, 3.00138, 0.226049, 0.226049, 0.773951
33.8971, 0.155058, 3.00138, 0.226049, 0.226049, 0.773951
33.8972, 0.155058, 3.00138, 0.226049, 0.226049, 0.773951
33.8973, 0.155058, 3.00138, 0.226049, 0.226049, 0.773951
33.8974, 0.155058, 3.00138, 0.226049, 0.226049, 0.773951
33.8975, 0.155058, 3.00138, 0.226049, 0.226049, 0.773951
33.8976, 0.155058, 3.00138, 0.226049, 0.226049, 0.773951
33.8977, 0.155058, 3.00138, 0.226049, 0.226049, 0.773951
33.8978, 0.155058, 3.00138, 0.226049, 0.226049, 0.773951
33.898, 0.155058, 3.00138, 0.226049, 0.226049, 0.773951
33.8981, 0.155058, 3.00138, 0.226049, 0.226049, 0.773951
33.8982, 0.155058, 3.00138, 0.226049, 0.226049, 0.773951
33.8983, 0.155058, 3.00138, 0.226049, 0.226049, 0.773951
33.8984, 0.155058, 3.00138, 0.226049, 0.226049, 0.773951
33.8985, 0.155058, 3.00138, 0.226049, 0.226049, 0.773951
33.8986, 0.155058, 3.00138, 0.226049, 0.226049, 0.773951
33.8987, 0.155058, 3.00138, 0.226049, 0.226049, 0.773951
33.8988, 0.155058, 3.00138, 0.226049, 0.226049, 0.773951
33.8989, 0.155058, 3.00138, 0.226049, 0.226049, 0.773951
33.899, 0.155058, 3.00138, 0.226049, 0.226049, 0.773951
33.8991, 0.155058, 3.00138, 0.226049, 0.226049, 0.773951
33.8992, 0.155058, 3.00138, 0.226049, 0.226049, 0.773951
33.8994, 0.155058, 3.00138, 0.226049, 0.226049, 0.773951
33.8995, 0.155058, 3.00138, 0.226049, 0.226049, 0.773951
33.8996, 0.155058, 3.00138, 0.226049, 0.226049, 0.773951
33.8997, 0.155058, 3.00138, 0.226049, 0.226049, 0.773951
33.8998, 0.155058, 3.00138, 0.226049, 0.226049, 0.773951
33.8999, 0.155058, 3.00138, 0.226049, 0.226049, 0.773951
33.9, 0.155058, 3.00138, 0.226049, 0.226049, 0.773951
33.9001, 0.155058, 3.00138, 0.226049, 0.226049, 0.773951
33.9002, 0.155058, 3.00138, 0.226049, 0.226049, 0.773951
33.9003, 0.155069, 3.00152, 0.226065, 0.226065, 0.773935
33.9004, 0.155069, 3.00152, 0.226065, 0.226065, 0.773935
33.9005, 0.155069, 3.00152, 0.226065, 0.226065, 0.773935
33.9006, 0.155069, 3.00152, 0.226065, 0.226065, 0.773935
33.9008, 0.155069, 3.00152, 0.226065, 0.226065, 0.773935
33.9009, 0.155069, 3.00152, 0.226065, 0.226065, 0.773935
33.901, 0.155069, 3.00152, 0.226065, 0.226065, 0.773935
33.9011, 0.155069, 3.00152, 0.226065, 0.226065, 0.773935
33.9012, 0.155069, 3.00152, 0.226065, 0.226065, 0.773935
33.9013, 0.155069, 3.00152, 0.226065, 0.226065, 0.773935
33.9014, 0.155069, 3.00152, 0.226065, 0.226065, 0.773935
33.9015, 0.155069, 3.00152, 0.226065, 0.226065, 0.773935
33.9016, 0.155069, 3.00152, 0.226065, 0.226065, 0.773935
33.9017, 0.155069, 3.00152, 0.226065, 0.226065, 0.773935
33.9018, 0.155069, 3.00152, 0.226065, 0.226065, 0.773935
33.9019, 0.155069, 3.00152, 0.226065, 0.226065, 0.773935
33.902, 0.155069, 3.00152, 0.226065, 0.226065, 0.773935
33.9022, 0.155069, 3.00152, 0.226065, 0.226065, 0.773935
33.9023, 0.155069, 3.00152, 0.226065, 0.226065, 0.773935
33.9024, 0.155069, 3.00152, 0.226065, 0.226065, 0.773935
33.9025, 0.155069, 3.00152, 0.226065, 0.226065, 0.773935
33.9026, 0.155069, 3.00152, 0.226065, 0.226065, 0.773935
33.9027, 0.155069, 3.00152, 0.226065, 0.226065, 0.773935
33.9028, 0.155069, 3.00152, 0.226065, 0.226065, 0.773935
33.9029, 0.155069, 3.00152, 0.226065, 0.226065, 0.773935
33.903, 0.155069, 3.00152, 0.226065, 0.226065, 0.773935
33.9031, 0.155069, 3.00152, 0.226065, 0.226065, 0.773935
33.9032, 0.155069, 3.00152, 0.226065, 0.226065, 0.773935
33.9033, 0.155069, 3.00152, 0.226065, 0.226065, 0.773935
33.9034, 0.155069, 3.00152, 0.226065, 0.226065, 0.773935
33.9035, 0.155069, 3.00152, 0.226065, 0.226065, 0.773935
33.9037, 0.155069, 3.00152, 0.226065, 0.226065, 0.773935
33.9038, 0.155069, 3.00152, 0.226065, 0.226065, 0.773935
33.9039, 0.155069, 3.00152, 0.226065, 0.226065, 0.773935
33.904, 0.155069, 3.00152, 0.226065, 0.226065, 0.773935
33.9041, 0.155069, 3.00152, 0.226065, 0.226065, 0.773935
33.9042, 0.155069, 3.00152, 0.226065, 0.226065, 0.773935
33.9043, 0.155069, 3.00152, 0.226065, 0.226065, 0.773935
33.9044, 0.155069, 3.00152, 0.226065, 0.226065, 0.773935
33.9045, 0.155069, 3.00152, 0.226065, 0.226065, 0.773935
33.9046, 0.155069, 3.00152, 0.226065, 0.226065, 0.773935
33.9047, 0.155069, 3.00152, 0.226065, 0.226065, 0.773935
33.9048, 0.155069, 3.00152, 0.226065, 0.226065, 0.773935
33.9049, 0.155069, 3.00152, 0.226065, 0.226065, 0.773935
33.9051, 0.155069, 3.00152, 0.226065, 0.226065, 0.773935
33.9052, 0.155069, 3.00152, 0.226065, 0.226065, 0.773935
33.9053, 0.155069, 3.00152, 0.226065, 0.226065, 0.773935
33.9054, 0.155069, 3.00152, 0.226065, 0.226065, 0.773935
33.9055, 0.155069, 3.00152, 0.226065, 0.226065, 0.773935
33.9056, 0.155069, 3.00152, 0.226065, 0.226065, 0.773935
33.9057, 0.155069, 3.00152, 0.226065, 0.226065, 0.773935
33.9058, 0.155069, 3.00152, 0.226065, 0.226065, 0.773935
33.9059, 0.155069, 3.00152, 0.226065, 0.226065, 0.773935
33.906, 0.155069, 3.00152, 0.226065, 0.226065, 0.773935
33.9061, 0.155069, 3.00152, 0.226065, 0.226065, 0.773935
33.9062, 0.155069, 3.00152, 0.226065, 0.226065, 0.773935
33.9063, 0.155069, 3.00152, 0.226065, 0.226065, 0.773935
33.9065, 0.155069, 3.00152, 0.226065, 0.226065, 0.773935
33.9066, 0.155069, 3.00152, 0.226065, 0.226065, 0.773935
33.9067, 0.155069, 3.00152, 0.226065, 0.226065, 0.773935
33.9068, 0.155069, 3.00152, 0.226065, 0.226065, 0.773935
33.9069, 0.155069, 3.00152, 0.226065, 0.226065, 0.773935
33.907, 0.155069, 3.00152, 0.226065, 0.226065, 0.773935
33.9071, 0.155069, 3.00152, 0.226065, 0.226065, 0.773935
33.9072, 0.155069, 3.00152, 0.226065, 0.226065, 0.773935
33.9073, 0.155069, 3.00152, 0.226065, 0.226065, 0.773935
33.9074, 0.155069, 3.00152, 0.226065, 0.226065, 0.773935
33.9075, 0.155069, 3.00152, 0.226065, 0.226065, 0.773935
33.9076, 0.155069, 3.00152, 0.226065, 0.226065, 0.773935
33.9077, 0.155069, 3.00152, 0.226065, 0.226065, 0.773935
33.9078, 0.155069, 3.00152, 0.226065, 0.226065, 0.773935
33.908, 0.155069, 3.00152, 0.226065, 0.226065, 0.773935
33.9081, 0.15508, 3.00166, 0.226082, 0.226082, 0.773918
33.9082, 0.15508, 3.00166, 0.226082, 0.226082, 0.773918
33.9083, 0.15508, 3.00166, 0.226082, 0.226082, 0.773918
33.9084, 0.15508, 3.00166, 0.226082, 0.226082, 0.773918
33.9085, 0.15508, 3.00166, 0.226082, 0.226082, 0.773918
33.9086, 0.15508, 3.00166, 0.226082, 0.226082, 0.773918
33.9087, 0.15508, 3.00166, 0.226082, 0.226082, 0.773918
33.9088, 0.15508, 3.00166, 0.226082, 0.226082, 0.773918
33.9089, 0.15508, 3.00166, 0.226082, 0.226082, 0.773918
33.909, 0.15508, 3.00166, 0.226082, 0.226082, 0.773918
33.9091, 0.15508, 3.00166, 0.226082, 0.226082, 0.773918
33.9092, 0.15508, 3.00166, 0.226082, 0.226082, 0.773918
33.9094, 0.15508, 3.00166, 0.226082, 0.226082, 0.773918
33.9095, 0.15508, 3.00166, 0.226082, 0.226082, 0.773918
33.9096, 0.15508, 3.00166, 0.226082, 0.226082, 0.773918
33.9097, 0.15508, 3.00166, 0.226082, 0.226082, 0.773918
33.9098, 0.15508, 3.00166, 0.226082, 0.226082, 0.773918
33.9099, 0.15508, 3.00166, 0.226082, 0.226082, 0.773918
33.91, 0.15508, 3.00166, 0.226082, 0.226082, 0.773918
33.9101, 0.15508, 3.00166, 0.226082, 0.226082, 0.773918
33.9102, 0.15508, 3.00166, 0.226082, 0.226082, 0.773918
33.9103, 0.15508, 3.00166, 0.226082, 0.226082, 0.773918
33.9104, 0.15508, 3.00166, 0.226082, 0.226082, 0.773918
33.9105, 0.15508, 3.00166, 0.226082, 0.226082, 0.773918
33.9106, 0.15508, 3.00166, 0.226082, 0.226082, 0.773918
33.9108, 0.15508, 3.00166, 0.226082, 0.226082, 0.773918
33.9109, 0.15508, 3.00166, 0.226082, 0.226082, 0.773918
33.911, 0.15508, 3.00166, 0.226082, 0.226082, 0.773918
33.9111, 0.15508, 3.00166, 0.226082, 0.226082, 0.773918
33.9112, 0.15508, 3.00166, 0.226082, 0.226082, 0.773918
33.9113, 0.15508, 3.00166, 0.226082, 0.226082, 0.773918
33.9114, 0.15508, 3.00166, 0.226082, 0.226082, 0.773918
33.9115, 0.15508, 3.00166, 0.226082, 0.226082, 0.773918
33.9116, 0.15508, 3.00166, 0.226082, 0.226082, 0.773918
33.9117, 0.15508, 3.00166, 0.226082, 0.226082, 0.773918
33.9118, 0.15508, 3.00166, 0.226082, 0.226082, 0.773918
33.9119, 0.15508, 3.00166, 0.226082, 0.226082, 0.773918
33.912, 0.15508, 3.00166, 0.226082, 0.226082, 0.773918
33.9122, 0.15508, 3.00166, 0.226082, 0.226082, 0.773918
33.9123, 0.15508, 3.00166, 0.226082, 0.226082, 0.773918
33.9124, 0.15508, 3.00166, 0.226082, 0.226082, 0.773918
33.9125, 0.15508, 3.00166, 0.226082, 0.226082, 0.773918
33.9126, 0.15508, 3.00166, 0.226082, 0.226082, 0.773918
33.9127, 0.15508, 3.00166, 0.226082, 0.226082, 0.773918
33.9128, 0.15508, 3.00166, 0.226082, 0.226082, 0.773918
33.9129, 0.15508, 3.00166, 0.226082, 0.226082, 0.773918
33.913, 0.15508, 3.00166, 0.226082, 0.226082, 0.773918
33.9131, 0.15508, 3.00166, 0.226082, 0.226082, 0.773918
33.9132, 0.15508, 3.00166, 0.226082, 0.226082, 0.773918
33.9133, 0.15508, 3.00166, 0.226082, 0.226082, 0.773918
33.9134, 0.15508, 3.00166, 0.226082, 0.226082, 0.773918
33.9135, 0.15508, 3.00166, 0.226082, 0.226082, 0.773918
33.9137, 0.15508, 3.00166, 0.226082, 0.226082, 0.773918
33.9138, 0.15508, 3.00166, 0.226082, 0.226082, 0.773918
33.9139, 0.15508, 3.00166, 0.226082, 0.226082, 0.773918
33.914, 0.15508, 3.00166, 0.226082, 0.226082, 0.773918
33.9141, 0.15508, 3.00166, 0.226082, 0.226082, 0.773918
33.9142, 0.15508, 3.00166, 0.226082, 0.226082, 0.773918
33.9143, 0.15508, 3.00166, 0.226082, 0.226082, 0.773918
33.9144, 0.15508, 3.00166, 0.226082, 0.226082, 0.773918
33.9145, 0.15508, 3.00166, 0.226082, 0.226082, 0.773918
33.9146, 0.15508, 3.00166, 0.226082, 0.226082, 0.773918
33.9147, 0.15508, 3.00166, 0.226082, 0.226082, 0.773918
33.9148, 0.15508, 3.00166, 0.226082, 0.226082, 0.773918
33.9149, 0.15508, 3.00166, 0.226082, 0.226082, 0.773918
33.9151, 0.15508, 3.00166, 0.226082, 0.226082, 0.773918
33.9152, 0.15508, 3.00166, 0.226082, 0.226082, 0.773918
33.9153, 0.15508, 3.00166, 0.226082, 0.226082, 0.773918
33.9154, 0.15508, 3.00166, 0.226082, 0.226082, 0.773918
33.9155, 0.15508, 3.00166, 0.226082, 0.226082, 0.773918
33.9156, 0.15508, 3.00166, 0.226082, 0.226082, 0.773918
33.9157, 0.15509, 3.0018, 0.226098, 0.226098, 0.773902
33.9158, 0.15509, 3.0018, 0.226098, 0.226098, 0.773902
33.9159, 0.155101, 3.00194, 0.226114, 0.226114, 0.773886
33.916, 0.155101, 3.00194, 0.226114, 0.226114, 0.773886
33.9161, 0.155101, 3.00194, 0.226114, 0.226114, 0.773886
33.9162, 0.155101, 3.00194, 0.226114, 0.226114, 0.773886
33.9163, 0.155101, 3.00194, 0.226114, 0.226114, 0.773886
33.9165, 0.155101, 3.00194, 0.226114, 0.226114, 0.773886
33.9166, 0.155101, 3.00194, 0.226114, 0.226114, 0.773886
33.9167, 0.155101, 3.00194, 0.226114, 0.226114, 0.773886
33.9168, 0.155101, 3.00194, 0.226114, 0.226114, 0.773886
33.9169, 0.155101, 3.00194, 0.226114, 0.226114, 0.773886
33.917, 0.155101, 3.00194, 0.226114, 0.226114, 0.773886
33.9171, 0.155101, 3.00194, 0.226114, 0.226114, 0.773886
33.9172, 0.155101, 3.00194, 0.226114, 0.226114, 0.773886
33.9173, 0.155101, 3.00194, 0.226114, 0.226114, 0.773886
33.9174, 0.155101, 3.00194, 0.226114, 0.226114, 0.773886
33.9175, 0.155101, 3.00194, 0.226114, 0.226114, 0.773886
33.9176, 0.155101, 3.00194, 0.226114, 0.226114, 0.773886
33.9177, 0.155101, 3.00194, 0.226114, 0.226114, 0.773886
33.9178, 0.155101, 3.00194, 0.226114, 0.226114, 0.773886
33.918, 0.155101, 3.00194, 0.226114, 0.226114, 0.773886
33.9181, 0.155101, 3.00194, 0.226114, 0.226114, 0.773886
33.9182, 0.155101, 3.00194, 0.226114, 0.226114, 0.773886
33.9183, 0.155101, 3.00194, 0.226114, 0.226114, 0.773886
33.9184, 0.155101, 3.00194, 0.226114, 0.226114, 0.773886
33.9185, 0.155101, 3.00194, 0.226114, 0.226114, 0.773886
33.9186, 0.155101, 3.00194, 0.226114, 0.226114, 0.773886
33.9187, 0.155101, 3.00194, 0.226114, 0.226114, 0.773886
33.9188, 0.155101, 3.00194, 0.226114, 0.226114, 0.773886
33.9189, 0.155101, 3.00194, 0.226114, 0.226114, 0.773886
33.919, 0.155101, 3.00194, 0.226114, 0.226114, 0.773886
33.9191, 0.155101, 3.00194, 0.226114, 0.226114, 0.773886
33.9192, 0.155101, 3.00194, 0.226114, 0.226114, 0.773886
33.9194, 0.155101, 3.00194, 0.226114, 0.226114, 0.773886
33.9195, 0.155101, 3.00194, 0.226114, 0.226114, 0.773886
33.9196, 0.155101, 3.00194, 0.226114, 0.226114, 0.773886
33.9197, 0.155101, 3.00194, 0.226114, 0.226114, 0.773886
33.9198, 0.155101, 3.00194, 0.226114, 0.226114, 0.773886
33.9199, 0.155101, 3.00194, 0.226114, 0.226114, 0.773886
33.92, 0.155101, 3.00194, 0.226114, 0.226114, 0.773886
33.9201, 0.155101, 3.00194, 0.226114, 0.226114, 0.773886
33.9202, 0.155101, 3.00194, 0.226114, 0.226114, 0.773886
33.9203, 0.155101, 3.00194, 0.226114, 0.226114, 0.773886
33.9204, 0.155101, 3.00194, 0.226114, 0.226114, 0.773886
33.9205, 0.155101, 3.00194, 0.226114, 0.226114, 0.773886
33.9206, 0.155101, 3.00194, 0.226114, 0.226114, 0.773886
33.9208, 0.155101, 3.00194, 0.226114, 0.226114, 0.773886
33.9209, 0.155101, 3.00194, 0.226114, 0.226114, 0.773886
33.921, 0.155101, 3.00194, 0.226114, 0.226114, 0.773886
33.9211, 0.155101, 3.00194, 0.226114, 0.226114, 0.773886
33.9212, 0.155101, 3.00194, 0.226114, 0.226114, 0.773886
33.9213, 0.155101, 3.00194, 0.226114, 0.226114, 0.773886
33.9214, 0.155101, 3.00194, 0.226114, 0.226114, 0.773886
33.9215, 0.155101, 3.00194, 0.226114, 0.226114, 0.773886
33.9216, 0.155101, 3.00194, 0.226114, 0.226114, 0.773886
33.9217, 0.155101, 3.00194, 0.226114, 0.226114, 0.773886
33.9218, 0.155101, 3.00194, 0.226114, 0.226114, 0.773886
33.9219, 0.155101, 3.00194, 0.226114, 0.226114, 0.773886
33.922, 0.155101, 3.00194, 0.226114, 0.226114, 0.773886
33.9222, 0.155101, 3.00194, 0.226114, 0.226114, 0.773886
33.9223, 0.155101, 3.00194, 0.226114, 0.226114, 0.773886
33.9224, 0.155101, 3.00194, 0.226114, 0.226114, 0.773886
33.9225, 0.155101, 3.00194, 0.226114, 0.226114, 0.773886
33.9226, 0.155101, 3.00194, 0.226114, 0.226114, 0.773886
33.9227, 0.155101, 3.00194, 0.226114, 0.226114, 0.773886
33.9228, 0.155101, 3.00194, 0.226114, 0.226114, 0.773886
33.9229, 0.155101, 3.00194, 0.226114, 0.226114, 0.773886
33.923, 0.155101, 3.00194, 0.226114, 0.226114, 0.773886
33.9231, 0.155101, 3.00194, 0.226114, 0.226114, 0.773886
33.9232, 0.155101, 3.00194, 0.226114, 0.226114, 0.773886
33.9233, 0.155101, 3.00194, 0.226131, 0.226114, 0.773886
33.9234, 0.155112, 3.00208, 0.226131, 0.226131, 0.773869
33.9235, 0.155112, 3.00208, 0.226131, 0.226131, 0.773869
33.9237, 0.155112, 3.00208, 0.226131, 0.226131, 0.773869
33.9238, 0.155112, 3.00208, 0.226131, 0.226131, 0.773869
33.9239, 0.155112, 3.00208, 0.226131, 0.226131, 0.773869
33.924, 0.155112, 3.00208, 0.226131, 0.226131, 0.773869
33.9241, 0.155112, 3.00208, 0.226131, 0.226131, 0.773869
33.9242, 0.155112, 3.00208, 0.226131, 0.226131, 0.773869
33.9243, 0.155112, 3.00208, 0.226131, 0.226131, 0.773869
33.9244, 0.155112, 3.00208, 0.226131, 0.226131, 0.773869
33.9245, 0.155112, 3.00208, 0.226131, 0.226131, 0.773869
33.9246, 0.155112, 3.00208, 0.226131, 0.226131, 0.773869
33.9247, 0.155112, 3.00208, 0.226131, 0.226131, 0.773869
33.9248, 0.155112, 3.00208, 0.226131, 0.226131, 0.773869
33.9249, 0.155112, 3.00208, 0.226131, 0.226131, 0.773869
33.9251, 0.155112, 3.00208, 0.226131, 0.226131, 0.773869
33.9252, 0.155112, 3.00208, 0.226131, 0.226131, 0.773869
33.9253, 0.155112, 3.00208, 0.226131, 0.226131, 0.773869
33.9254, 0.155112, 3.00208, 0.226131, 0.226131, 0.773869
33.9255, 0.155112, 3.00208, 0.226131, 0.226131, 0.773869
33.9256, 0.155112, 3.00208, 0.226131, 0.226131, 0.773869
33.9257, 0.155112, 3.00208, 0.226131, 0.226131, 0.773869
33.9258, 0.155112, 3.00208, 0.226131, 0.226131, 0.773869
33.9259, 0.155112, 3.00208, 0.226131, 0.226131, 0.773869
33.926, 0.155112, 3.00208, 0.226131, 0.226131, 0.773869
33.9261, 0.155112, 3.00208, 0.226131, 0.226131, 0.773869
33.9262, 0.155112, 3.00208, 0.226131, 0.226131, 0.773869
33.9263, 0.155112, 3.00208, 0.226131, 0.226131, 0.773869
33.9265, 0.155112, 3.00208, 0.226131, 0.226131, 0.773869
33.9266, 0.155112, 3.00208, 0.226131, 0.226131, 0.773869
33.9267, 0.155112, 3.00208, 0.226131, 0.226131, 0.773869
33.9268, 0.155112, 3.00208, 0.226131, 0.226131, 0.773869
33.9269, 0.155112, 3.00208, 0.226131, 0.226131, 0.773869
33.927, 0.155112, 3.00208, 0.226131, 0.226131, 0.773869
33.9271, 0.155112, 3.00208, 0.226131, 0.226131, 0.773869
33.9272, 0.155112, 3.00208, 0.226131, 0.226131, 0.773869
33.9273, 0.155112, 3.00208, 0.226131, 0.226131, 0.773869
33.9274, 0.155112, 3.00208, 0.226131, 0.226131, 0.773869
33.9275, 0.155112, 3.00208, 0.226131, 0.226131, 0.773869
33.9276, 0.155112, 3.00208, 0.226131, 0.226131, 0.773869
33.9277, 0.155112, 3.00208, 0.226131, 0.226131, 0.773869
33.9278, 0.155112, 3.00208, 0.226131, 0.226131, 0.773869
33.928, 0.155112, 3.00208, 0.226131, 0.226131, 0.773869
33.9281, 0.155112, 3.00208, 0.226131, 0.226131, 0.773869
33.9282, 0.155112, 3.00208, 0.226131, 0.226131, 0.773869
33.9283, 0.155112, 3.00208, 0.226131, 0.226131, 0.773869
33.9284, 0.155112, 3.00208, 0.226131, 0.226131, 0.773869
33.9285, 0.155112, 3.00208, 0.226131, 0.226131, 0.773869
33.9286, 0.155112, 3.00208, 0.226131, 0.226131, 0.773869
33.9287, 0.155112, 3.00208, 0.226131, 0.226131, 0.773869
33.9288, 0.155112, 3.00208, 0.226131, 0.226131, 0.773869
33.9289, 0.155112, 3.00208, 0.226131, 0.226131, 0.773869
33.929, 0.155112, 3.00208, 0.226131, 0.226131, 0.773869
33.9291, 0.155112, 3.00208, 0.226131, 0.226131, 0.773869
33.9292, 0.155112, 3.00208, 0.226131, 0.226131, 0.773869
33.9294, 0.155112, 3.00208, 0.226131, 0.226131, 0.773869
33.9295, 0.155112, 3.00208, 0.226131, 0.226131, 0.773869
33.9296, 0.155112, 3.00208, 0.226131, 0.226131, 0.773869
33.9297, 0.155112, 3.00208, 0.226131, 0.226131, 0.773869
33.9298, 0.155112, 3.00208, 0.226131, 0.226131, 0.773869
33.9299, 0.155112, 3.00208, 0.226131, 0.226131, 0.773869
33.93, 0.155112, 3.00208, 0.226131, 0.226131, 0.773869
33.9301, 0.155112, 3.00208, 0.226131, 0.226131, 0.773869
33.9302, 0.155112, 3.00208, 0.226131, 0.226131, 0.773869
33.9303, 0.155112, 3.00208, 0.226131, 0.226131, 0.773869
33.9304, 0.155112, 3.00208, 0.226131, 0.226131, 0.773869
33.9305, 0.155112, 3.00208, 0.226131, 0.226131, 0.773869
33.9306, 0.155112, 3.00208, 0.226131, 0.226131, 0.773869
33.9308, 0.155112, 3.00208, 0.226131, 0.226131, 0.773869
33.9309, 0.155112, 3.00208, 0.226131, 0.226131, 0.773869
33.931, 0.155112, 3.00208, 0.226131, 0.226131, 0.773869
33.9311, 0.155123, 3.00222, 0.226147, 0.226147, 0.773853
33.9312, 0.155123, 3.00222, 0.226147, 0.226147, 0.773853
33.9313, 0.155123, 3.00222, 0.226147, 0.226147, 0.773853
33.9314, 0.155123, 3.00222, 0.226147, 0.226147, 0.773853
33.9315, 0.155123, 3.00222, 0.226147, 0.226147, 0.773853
33.9316, 0.155123, 3.00222, 0.226147, 0.226147, 0.773853
33.9317, 0.155123, 3.00222, 0.226147, 0.226147, 0.773853
33.9318, 0.155123, 3.00222, 0.226147, 0.226147, 0.773853
33.9319, 0.155123, 3.00222, 0.226147, 0.226147, 0.773853
33.932, 0.155123, 3.00222, 0.226147, 0.226147, 0.773853
33.9322, 0.155123, 3.00222, 0.226147, 0.226147, 0.773853
33.9323, 0.155123, 3.00222, 0.226147, 0.226147, 0.773853
33.9324, 0.155123, 3.00222, 0.226147, 0.226147, 0.773853
33.9325, 0.155123, 3.00222, 0.226147, 0.226147, 0.773853
33.9326, 0.155123, 3.00222, 0.226147, 0.226147, 0.773853
33.9327, 0.155123, 3.00222, 0.226147, 0.226147, 0.773853
33.9328, 0.155123, 3.00222, 0.226147, 0.226147, 0.773853
33.9329, 0.155123, 3.00222, 0.226147, 0.226147, 0.773853
33.933, 0.155123, 3.00222, 0.226147, 0.226147, 0.773853
33.9331, 0.155123, 3.00222, 0.226147, 0.226147, 0.773853
33.9332, 0.155123, 3.00222, 0.226147, 0.226147, 0.773853
33.9333, 0.155123, 3.00222, 0.226147, 0.226147, 0.773853
33.9334, 0.155123, 3.00222, 0.226147, 0.226147, 0.773853
33.9335, 0.155123, 3.00222, 0.226147, 0.226147, 0.773853
33.9337, 0.155123, 3.00222, 0.226147, 0.226147, 0.773853
33.9338, 0.155123, 3.00222, 0.226147, 0.226147, 0.773853
33.9339, 0.155123, 3.00222, 0.226147, 0.226147, 0.773853
33.934, 0.155123, 3.00222, 0.226147, 0.226147, 0.773853
33.9341, 0.155123, 3.00222, 0.226147, 0.226147, 0.773853
33.9342, 0.155123, 3.00222, 0.226147, 0.226147, 0.773853
33.9343, 0.155123, 3.00222, 0.226147, 0.226147, 0.773853
33.9344, 0.155123, 3.00222, 0.226147, 0.226147, 0.773853
33.9345, 0.155123, 3.00222, 0.226147, 0.226147, 0.773853
33.9346, 0.155123, 3.00222, 0.226147, 0.226147, 0.773853
33.9347, 0.155123, 3.00222, 0.226147, 0.226147, 0.773853
33.9348, 0.155123, 3.00222, 0.226147, 0.226147, 0.773853
33.9349, 0.155123, 3.00222, 0.226147, 0.226147, 0.773853
33.9351, 0.155123, 3.00222, 0.226147, 0.226147, 0.773853
33.9352, 0.155123, 3.00222, 0.226147, 0.226147, 0.773853
33.9353, 0.155123, 3.00222, 0.226147, 0.226147, 0.773853
33.9354, 0.155123, 3.00222, 0.226147, 0.226147, 0.773853
33.9355, 0.155123, 3.00222, 0.226147, 0.226147, 0.773853
33.9356, 0.155123, 3.00222, 0.226147, 0.226147, 0.773853
33.9357, 0.155123, 3.00222, 0.226147, 0.226147, 0.773853
33.9358, 0.155123, 3.00222, 0.226147, 0.226147, 0.773853
33.9359, 0.155123, 3.00222, 0.226147, 0.226147, 0.773853
33.936, 0.155123, 3.00222, 0.226147, 0.226147, 0.773853
33.9361, 0.155123, 3.00222, 0.226147, 0.226147, 0.773853
33.9362, 0.155123, 3.00222, 0.226147, 0.226147, 0.773853
33.9363, 0.155123, 3.00222, 0.226147, 0.226147, 0.773853
33.9365, 0.155123, 3.00222, 0.226147, 0.226147, 0.773853
33.9366, 0.155123, 3.00222, 0.226147, 0.226147, 0.773853
33.9367, 0.155123, 3.00222, 0.226147, 0.226147, 0.773853
33.9368, 0.155123, 3.00222, 0.226147, 0.226147, 0.773853
33.9369, 0.155123, 3.00222, 0.226147, 0.226147, 0.773853
33.937, 0.155123, 3.00222, 0.226147, 0.226147, 0.773853
33.9371, 0.155123, 3.00222, 0.226147, 0.226147, 0.773853
33.9372, 0.155123, 3.00222, 0.226147, 0.226147, 0.773853
33.9373, 0.155123, 3.00222, 0.226147, 0.226147, 0.773853
33.9374, 0.155123, 3.00222, 0.226147, 0.226147, 0.773853
33.9375, 0.155123, 3.00222, 0.226147, 0.226147, 0.773853
33.9376, 0.155123, 3.00222, 0.226147, 0.226147, 0.773853
33.9377, 0.155123, 3.00222, 0.226147, 0.226147, 0.773853
33.9378, 0.155123, 3.00222, 0.226147, 0.226147, 0.773853
33.938, 0.155123, 3.00222, 0.226147, 0.226147, 0.773853
33.9381, 0.155123, 3.00222, 0.226147, 0.226147, 0.773853
33.9382, 0.155123, 3.00222, 0.226147, 0.226147, 0.773853
33.9383, 0.155123, 3.00222, 0.226147, 0.226147, 0.773853
33.9384, 0.155123, 3.00222, 0.226147, 0.226147, 0.773853
33.9385, 0.155123, 3.00222, 0.226147, 0.226147, 0.773853
33.9386, 0.155123, 3.00222, 0.226147, 0.226147, 0.773853
33.9387, 0.155133, 3.00236, 0.226163, 0.226163, 0.773837
33.9388, 0.155133, 3.00236, 0.226163, 0.226163, 0.773837
33.9389, 0.155133, 3.00236, 0.226163, 0.226163, 0.773837
33.939, 0.155133, 3.00236, 0.226163, 0.226163, 0.773837
33.9391, 0.155133, 3.00236, 0.226163, 0.226163, 0.773837
33.9392, 0.155133, 3.00236, 0.226163, 0.226163, 0.773837
33.9394, 0.155133, 3.00236, 0.226163, 0.226163, 0.773837
33.9395, 0.155133, 3.00236, 0.226163, 0.226163, 0.773837
33.9396, 0.155133, 3.00236, 0.226163, 0.226163, 0.773837
33.9397, 0.155133, 3.00236, 0.226163, 0.226163, 0.773837
33.9398, 0.155133, 3.00236, 0.226163, 0.226163, 0.773837
33.9399, 0.155133, 3.00236, 0.226163, 0.226163, 0.773837
33.94, 0.155133, 3.00236, 0.226163, 0.226163, 0.773837
33.9401, 0.155133, 3.00236, 0.226163, 0.226163, 0.773837
33.9402, 0.155133, 3.00236, 0.226163, 0.226163, 0.773837
33.9403, 0.155133, 3.00236, 0.226163, 0.226163, 0.773837
33.9404, 0.155133, 3.00236, 0.226163, 0.226163, 0.773837
33.9405, 0.155133, 3.00236, 0.226163, 0.226163, 0.773837
33.9406, 0.155133, 3.00236, 0.226163, 0.226163, 0.773837
33.9408, 0.155133, 3.00236, 0.226163, 0.226163, 0.773837
33.9409, 0.155133, 3.00236, 0.226163, 0.226163, 0.773837
33.941, 0.155133, 3.00236, 0.226163, 0.226163, 0.773837
33.9411, 0.155133, 3.00236, 0.226163, 0.226163, 0.773837
33.9412, 0.155133, 3.00236, 0.226163, 0.226163, 0.773837
33.9413, 0.155133, 3.00236, 0.226163, 0.226163, 0.773837
33.9414, 0.155133, 3.00236, 0.226163, 0.226163, 0.773837
33.9415, 0.155133, 3.00236, 0.226163, 0.226163, 0.773837
33.9416, 0.155133, 3.00236, 0.226163, 0.226163, 0.773837
33.9417, 0.155133, 3.00236, 0.226163, 0.226163, 0.773837
33.9418, 0.155133, 3.00236, 0.226163, 0.226163, 0.773837
33.9419, 0.155133, 3.00236, 0.226163, 0.226163, 0.773837
33.942, 0.155133, 3.00236, 0.226163, 0.226163, 0.773837
33.9422, 0.155133, 3.00236, 0.226163, 0.226163, 0.773837
33.9423, 0.155133, 3.00236, 0.226163, 0.226163, 0.773837
33.9424, 0.155133, 3.00236, 0.226163, 0.226163, 0.773837
33.9425, 0.155133, 3.00236, 0.226163, 0.226163, 0.773837
33.9426, 0.155133, 3.00236, 0.226163, 0.226163, 0.773837
33.9427, 0.155133, 3.00236, 0.226163, 0.226163, 0.773837
33.9428, 0.155133, 3.00236, 0.226163, 0.226163, 0.773837
33.9429, 0.155133, 3.00236, 0.226163, 0.226163, 0.773837
33.943, 0.155133, 3.00236, 0.226163, 0.226163, 0.773837
33.9431, 0.155133, 3.00236, 0.226163, 0.226163, 0.773837
33.9432, 0.155133, 3.00236, 0.226163, 0.226163, 0.773837
33.9433, 0.155133, 3.00236, 0.226163, 0.226163, 0.773837
33.9434, 0.155133, 3.00236, 0.226163, 0.226163, 0.773837
33.9435, 0.155133, 3.00236, 0.226163, 0.226163, 0.773837
33.9437, 0.155133, 3.00236, 0.226163, 0.226163, 0.773837
33.9438, 0.155133, 3.00236, 0.226163, 0.226163, 0.773837
33.9439, 0.155133, 3.00236, 0.226163, 0.226163, 0.773837
33.944, 0.155133, 3.00236, 0.226163, 0.226163, 0.773837
33.9441, 0.155133, 3.00236, 0.226163, 0.226163, 0.773837
33.9442, 0.155133, 3.00236, 0.226163, 0.226163, 0.773837
33.9443, 0.155133, 3.00236, 0.226163, 0.226163, 0.773837
33.9444, 0.155133, 3.00236, 0.226163, 0.226163, 0.773837
33.9445, 0.155133, 3.00236, 0.226163, 0.226163, 0.773837
33.9446, 0.155133, 3.00236, 0.226163, 0.226163, 0.773837
33.9447, 0.155133, 3.00236, 0.226163, 0.226163, 0.773837
33.9448, 0.155133, 3.00236, 0.226163, 0.226163, 0.773837
33.9449, 0.155133, 3.00236, 0.226163, 0.226163, 0.773837
33.9451, 0.155133, 3.00236, 0.226163, 0.226163, 0.773837
33.9452, 0.155133, 3.00236, 0.226163, 0.226163, 0.773837
33.9453, 0.155133, 3.00236, 0.226163, 0.226163, 0.773837
33.9454, 0.155133, 3.00236, 0.226163, 0.226163, 0.773837
33.9455, 0.155133, 3.00236, 0.226163, 0.226163, 0.773837
33.9456, 0.155133, 3.00236, 0.226163, 0.226163, 0.773837
33.9457, 0.155133, 3.00236, 0.226163, 0.226163, 0.773837
33.9458, 0.155133, 3.00236, 0.226163, 0.226163, 0.773837
33.9459, 0.155133, 3.00236, 0.226163, 0.226163, 0.773837
33.946, 0.155133, 3.00236, 0.226163, 0.226163, 0.773837
33.9461, 0.155133, 3.00236, 0.226163, 0.226163, 0.773837
33.9462, 0.155133, 3.00236, 0.226163, 0.226163, 0.773837
33.9463, 0.155133, 3.00236, 0.226163, 0.226163, 0.773837
33.9465, 0.155144, 3.0025, 0.22618, 0.22618, 0.77382
33.9466, 0.155144, 3.0025, 0.22618, 0.22618, 0.77382
33.9467, 0.155144, 3.0025, 0.22618, 0.22618, 0.77382
33.9468, 0.155144, 3.0025, 0.22618, 0.22618, 0.77382
33.9469, 0.155144, 3.0025, 0.22618, 0.22618, 0.77382
33.947, 0.155144, 3.0025, 0.22618, 0.22618, 0.77382
33.9471, 0.155144, 3.0025, 0.22618, 0.22618, 0.77382
33.9472, 0.155144, 3.0025, 0.22618, 0.22618, 0.77382
33.9473, 0.155144, 3.0025, 0.22618, 0.22618, 0.77382
33.9474, 0.155144, 3.0025, 0.22618, 0.22618, 0.77382
33.9475, 0.155144, 3.0025, 0.22618, 0.22618, 0.77382
33.9476, 0.155144, 3.0025, 0.22618, 0.22618, 0.77382
33.9477, 0.155144, 3.0025, 0.22618, 0.22618, 0.77382
33.9478, 0.155144, 3.0025, 0.22618, 0.22618, 0.77382
33.948, 0.155144, 3.0025, 0.22618, 0.22618, 0.77382
33.9481, 0.155144, 3.0025, 0.22618, 0.22618, 0.77382
33.9482, 0.155144, 3.0025, 0.22618, 0.22618, 0.77382
33.9483, 0.155144, 3.0025, 0.22618, 0.22618, 0.77382
33.9484, 0.155144, 3.0025, 0.22618, 0.22618, 0.77382
33.9485, 0.155144, 3.0025, 0.22618, 0.22618, 0.77382
33.9486, 0.155144, 3.0025, 0.22618, 0.22618, 0.77382
33.9487, 0.155144, 3.0025, 0.22618, 0.22618, 0.77382
33.9488, 0.155144, 3.0025, 0.22618, 0.22618, 0.77382
33.9489, 0.155144, 3.0025, 0.22618, 0.22618, 0.77382
33.949, 0.155144, 3.0025, 0.22618, 0.22618, 0.77382
33.9491, 0.155144, 3.0025, 0.22618, 0.22618, 0.77382
33.9492, 0.155144, 3.0025, 0.22618, 0.22618, 0.77382
33.9494, 0.155144, 3.0025, 0.22618, 0.22618, 0.77382
33.9495, 0.155144, 3.0025, 0.22618, 0.22618, 0.77382
33.9496, 0.155144, 3.0025, 0.22618, 0.22618, 0.77382
33.9497, 0.155144, 3.0025, 0.22618, 0.22618, 0.77382
33.9498, 0.155144, 3.0025, 0.22618, 0.22618, 0.77382
33.9499, 0.155144, 3.0025, 0.22618, 0.22618, 0.77382
33.95, 0.155144, 3.0025, 0.22618, 0.22618, 0.77382
33.9501, 0.155144, 3.0025, 0.22618, 0.22618, 0.77382
33.9502, 0.155144, 3.0025, 0.22618, 0.22618, 0.77382
33.9503, 0.155144, 3.0025, 0.22618, 0.22618, 0.77382
33.9504, 0.155144, 3.0025, 0.22618, 0.22618, 0.77382
33.9505, 0.155144, 3.0025, 0.22618, 0.22618, 0.77382
33.9506, 0.155144, 3.0025, 0.22618, 0.22618, 0.77382
33.9508, 0.155144, 3.0025, 0.22618, 0.22618, 0.77382
33.9509, 0.155144, 3.0025, 0.22618, 0.22618, 0.77382
33.951, 0.155144, 3.0025, 0.22618, 0.22618, 0.77382
33.9511, 0.155144, 3.0025, 0.22618, 0.22618, 0.77382
33.9512, 0.155144, 3.0025, 0.22618, 0.22618, 0.77382
33.9513, 0.155144, 3.0025, 0.22618, 0.22618, 0.77382
33.9514, 0.155144, 3.0025, 0.22618, 0.22618, 0.77382
33.9515, 0.155144, 3.0025, 0.22618, 0.22618, 0.77382
33.9516, 0.155144, 3.0025, 0.22618, 0.22618, 0.77382
33.9517, 0.155144, 3.0025, 0.22618, 0.22618, 0.77382
33.9518, 0.155144, 3.0025, 0.22618, 0.22618, 0.77382
33.9519, 0.155144, 3.0025, 0.22618, 0.22618, 0.77382
33.952, 0.155144, 3.0025, 0.22618, 0.22618, 0.77382
33.9522, 0.155144, 3.0025, 0.22618, 0.22618, 0.77382
33.9523, 0.155144, 3.0025, 0.22618, 0.22618, 0.77382
33.9524, 0.155144, 3.0025, 0.22618, 0.22618, 0.77382
33.9525, 0.155144, 3.0025, 0.22618, 0.22618, 0.77382
33.9526, 0.155144, 3.0025, 0.22618, 0.22618, 0.77382
33.9527, 0.155144, 3.0025, 0.22618, 0.22618, 0.77382
33.9528, 0.155144, 3.0025, 0.22618, 0.22618, 0.77382
33.9529, 0.155144, 3.0025, 0.22618, 0.22618, 0.77382
33.953, 0.155144, 3.0025, 0.22618, 0.22618, 0.77382
33.9531, 0.155144, 3.0025, 0.22618, 0.22618, 0.77382
33.9532, 0.155144, 3.0025, 0.22618, 0.22618, 0.77382
33.9533, 0.155144, 3.0025, 0.22618, 0.22618, 0.77382
33.9534, 0.155144, 3.0025, 0.22618, 0.22618, 0.77382
33.9535, 0.155144, 3.0025, 0.22618, 0.22618, 0.77382
33.9537, 0.155144, 3.0025, 0.22618, 0.22618, 0.77382
33.9538, 0.155144, 3.0025, 0.22618, 0.22618, 0.77382
33.9539, 0.155144, 3.0025, 0.22618, 0.22618, 0.77382
33.954, 0.155144, 3.0025, 0.22618, 0.22618, 0.77382
33.9541, 0.155155, 3.00264, 0.226196, 0.226196, 0.773804
33.9542, 0.155155, 3.00264, 0.226196, 0.226196, 0.773804
33.9543, 0.155155, 3.00264, 0.226196, 0.226196, 0.773804
33.9544, 0.155155, 3.00264, 0.226196, 0.226196, 0.773804
33.9545, 0.155155, 3.00264, 0.226196, 0.226196, 0.773804
33.9546, 0.155155, 3.00264, 0.226196, 0.226196, 0.773804
33.9547, 0.155155, 3.00264, 0.226196, 0.226196, 0.773804
33.9548, 0.155155, 3.00264, 0.226196, 0.226196, 0.773804
33.9549, 0.155155, 3.00264, 0.226196, 0.226196, 0.773804
33.9551, 0.155155, 3.00264, 0.226196, 0.226196, 0.773804
33.9552, 0.155155, 3.00264, 0.226196, 0.226196, 0.773804
33.9553, 0.155155, 3.00264, 0.226196, 0.226196, 0.773804
33.9554, 0.155155, 3.00264, 0.226196, 0.226196, 0.773804
33.9555, 0.155155, 3.00264, 0.226196, 0.226196, 0.773804
33.9556, 0.155155, 3.00264, 0.226196, 0.226196, 0.773804
33.9557, 0.155155, 3.00264, 0.226196, 0.226196, 0.773804
33.9558, 0.155155, 3.00264, 0.226196, 0.226196, 0.773804
33.9559, 0.155155, 3.00264, 0.226196, 0.226196, 0.773804
33.956, 0.155155, 3.00264, 0.226196, 0.226196, 0.773804
33.9561, 0.155155, 3.00264, 0.226196, 0.226196, 0.773804
33.9562, 0.155155, 3.00264, 0.226196, 0.226196, 0.773804
33.9563, 0.155155, 3.00264, 0.226196, 0.226196, 0.773804
33.9565, 0.155155, 3.00264, 0.226196, 0.226196, 0.773804
33.9566, 0.155155, 3.00264, 0.226196, 0.226196, 0.773804
33.9567, 0.155155, 3.00264, 0.226196, 0.226196, 0.773804
33.9568, 0.155155, 3.00264, 0.226196, 0.226196, 0.773804
33.9569, 0.155155, 3.00264, 0.226196, 0.226196, 0.773804
33.957, 0.155155, 3.00264, 0.226196, 0.226196, 0.773804
33.9571, 0.155155, 3.00264, 0.226196, 0.226196, 0.773804
33.9572, 0.155155, 3.00264, 0.226196, 0.226196, 0.773804
33.9573, 0.155155, 3.00264, 0.226196, 0.226196, 0.773804
33.9574, 0.155155, 3.00264, 0.226196, 0.226196, 0.773804
33.9575, 0.155155, 3.00264, 0.226196, 0.226196, 0.773804
33.9576, 0.155155, 3.00264, 0.226196, 0.226196, 0.773804
33.9577, 0.155155, 3.00264, 0.226196, 0.226196, 0.773804
33.9578, 0.155155, 3.00264, 0.226196, 0.226196, 0.773804
33.958, 0.155155, 3.00264, 0.226196, 0.226196, 0.773804
33.9581, 0.155155, 3.00264, 0.226196, 0.226196, 0.773804
33.9582, 0.155155, 3.00264, 0.226196, 0.226196, 0.773804
33.9583, 0.155155, 3.00264, 0.226196, 0.226196, 0.773804
33.9584, 0.155155, 3.00264, 0.226196, 0.226196, 0.773804
33.9585, 0.155155, 3.00264, 0.226196, 0.226196, 0.773804
33.9586, 0.155155, 3.00264, 0.226196, 0.226196, 0.773804
33.9587, 0.155155, 3.00264, 0.226196, 0.226196, 0.773804
33.9588, 0.155155, 3.00264, 0.226196, 0.226196, 0.773804
33.9589, 0.155155, 3.00264, 0.226196, 0.226196, 0.773804
33.959, 0.155155, 3.00264, 0.226196, 0.226196, 0.773804
33.9591, 0.155155, 3.00264, 0.226196, 0.226196, 0.773804
33.9592, 0.155155, 3.00264, 0.226196, 0.226196, 0.773804
33.9594, 0.155155, 3.00264, 0.226196, 0.226196, 0.773804
33.9595, 0.155155, 3.00264, 0.226196, 0.226196, 0.773804
33.9596, 0.155155, 3.00264, 0.226196, 0.226196, 0.773804
33.9597, 0.155155, 3.00264, 0.226196, 0.226196, 0.773804
33.9598, 0.155155, 3.00264, 0.226196, 0.226196, 0.773804
33.9599, 0.155155, 3.00264, 0.226196, 0.226196, 0.773804
33.96, 0.155155, 3.00264, 0.226196, 0.226196, 0.773804
33.9601, 0.155155, 3.00264, 0.226196, 0.226196, 0.773804
33.9602, 0.155155, 3.00264, 0.226196, 0.226196, 0.773804
33.9603, 0.155155, 3.00264, 0.226196, 0.226196, 0.773804
33.9604, 0.155155, 3.00264, 0.226196, 0.226196, 0.773804
33.9605, 0.155155, 3.00264, 0.226196, 0.226196, 0.773804
33.9606, 0.155155, 3.00264, 0.226196, 0.226196, 0.773804
33.9608, 0.155155, 3.00264, 0.226196, 0.226196, 0.773804
33.9609, 0.155155, 3.00264, 0.226196, 0.226196, 0.773804
33.961, 0.155155, 3.00264, 0.226196, 0.226196, 0.773804
33.9611, 0.155155, 3.00264, 0.226196, 0.226196, 0.773804
33.9612, 0.155155, 3.00264, 0.226196, 0.226196, 0.773804
33.9613, 0.155155, 3.00264, 0.226196, 0.226196, 0.773804
33.9614, 0.155155, 3.00264, 0.226196, 0.226196, 0.773804
33.9615, 0.155155, 3.00264, 0.226196, 0.226196, 0.773804
33.9616, 0.155155, 3.00264, 0.226196, 0.226196, 0.773804
33.9617, 0.155166, 3.00278, 0.226212, 0.226212, 0.773788
33.9618, 0.155166, 3.00278, 0.226212, 0.226212, 0.773788
33.9619, 0.155166, 3.00278, 0.226212, 0.226212, 0.773788
33.962, 0.155166, 3.00278, 0.226212, 0.226212, 0.773788
33.9622, 0.155166, 3.00278, 0.226212, 0.226212, 0.773788
33.9623, 0.155166, 3.00278, 0.226212, 0.226212, 0.773788
33.9624, 0.155166, 3.00278, 0.226212, 0.226212, 0.773788
33.9625, 0.155166, 3.00278, 0.226212, 0.226212, 0.773788
33.9626, 0.155166, 3.00278, 0.226212, 0.226212, 0.773788
33.9627, 0.155166, 3.00278, 0.226212, 0.226212, 0.773788
33.9628, 0.155166, 3.00278, 0.226212, 0.226212, 0.773788
33.9629, 0.155166, 3.00278, 0.226212, 0.226212, 0.773788
33.963, 0.155166, 3.00278, 0.226212, 0.226212, 0.773788
33.9631, 0.155166, 3.00278, 0.226212, 0.226212, 0.773788
33.9632, 0.155166, 3.00278, 0.226212, 0.226212, 0.773788
33.9633, 0.155166, 3.00278, 0.226212, 0.226212, 0.773788
33.9634, 0.155166, 3.00278, 0.226212, 0.226212, 0.773788
33.9635, 0.155166, 3.00278, 0.226212, 0.226212, 0.773788
33.9637, 0.155166, 3.00278, 0.226212, 0.226212, 0.773788
33.9638, 0.155166, 3.00278, 0.226212, 0.226212, 0.773788
33.9639, 0.155166, 3.00278, 0.226212, 0.226212, 0.773788
33.964, 0.155166, 3.00278, 0.226212, 0.226212, 0.773788
33.9641, 0.155166, 3.00278, 0.226212, 0.226212, 0.773788
33.9642, 0.155166, 3.00278, 0.226212, 0.226212, 0.773788
33.9643, 0.155166, 3.00278, 0.226212, 0.226212, 0.773788
33.9644, 0.155166, 3.00278, 0.226212, 0.226212, 0.773788
33.9645, 0.155166, 3.00278, 0.226212, 0.226212, 0.773788
33.9646, 0.155166, 3.00278, 0.226212, 0.226212, 0.773788
33.9647, 0.155166, 3.00278, 0.226212, 0.226212, 0.773788
33.9648, 0.155166, 3.00278, 0.226212, 0.226212, 0.773788
33.9649, 0.155166, 3.00278, 0.226212, 0.226212, 0.773788
33.9651, 0.155166, 3.00278, 0.226212, 0.226212, 0.773788
33.9652, 0.155166, 3.00278, 0.226212, 0.226212, 0.773788
33.9653, 0.155166, 3.00278, 0.226212, 0.226212, 0.773788
33.9654, 0.155166, 3.00278, 0.226212, 0.226212, 0.773788
33.9655, 0.155166, 3.00278, 0.226212, 0.226212, 0.773788
33.9656, 0.155166, 3.00278, 0.226212, 0.226212, 0.773788
33.9657, 0.155166, 3.00278, 0.226212, 0.226212, 0.773788
33.9658, 0.155166, 3.00278, 0.226212, 0.226212, 0.773788
33.9659, 0.155166, 3.00278, 0.226212, 0.226212, 0.773788
33.966, 0.155166, 3.00278, 0.226212, 0.226212, 0.773788
33.9661, 0.155166, 3.00278, 0.226212, 0.226212, 0.773788
33.9662, 0.155166, 3.00278, 0.226212, 0.226212, 0.773788
33.9663, 0.155166, 3.00278, 0.226212, 0.226212, 0.773788
33.9665, 0.155166, 3.00278, 0.226212, 0.226212, 0.773788
33.9666, 0.155166, 3.00278, 0.226212, 0.226212, 0.773788
33.9667, 0.155166, 3.00278, 0.226212, 0.226212, 0.773788
33.9668, 0.155166, 3.00278, 0.226212, 0.226212, 0.773788
33.9669, 0.155166, 3.00278, 0.226212, 0.226212, 0.773788
33.967, 0.155166, 3.00278, 0.226212, 0.226212, 0.773788
33.9671, 0.155166, 3.00278, 0.226212, 0.226212, 0.773788
33.9672, 0.155166, 3.00278, 0.226212, 0.226212, 0.773788
33.9673, 0.155166, 3.00278, 0.226212, 0.226212, 0.773788
33.9674, 0.155166, 3.00278, 0.226212, 0.226212, 0.773788
33.9675, 0.155166, 3.00278, 0.226212, 0.226212, 0.773788
33.9676, 0.155166, 3.00278, 0.226212, 0.226212, 0.773788
33.9677, 0.155166, 3.00278, 0.226212, 0.226212, 0.773788
33.9678, 0.155166, 3.00278, 0.226212, 0.226212, 0.773788
33.968, 0.155166, 3.00278, 0.226212, 0.226212, 0.773788
33.9681, 0.155166, 3.00278, 0.226212, 0.226212, 0.773788
33.9682, 0.155166, 3.00278, 0.226212, 0.226212, 0.773788
33.9683, 0.155166, 3.00278, 0.226212, 0.226212, 0.773788
33.9684, 0.155166, 3.00278, 0.226212, 0.226212, 0.773788
33.9685, 0.155166, 3.00278, 0.226212, 0.226212, 0.773788
33.9686, 0.155166, 3.00278, 0.226212, 0.226212, 0.773788
33.9687, 0.155166, 3.00278, 0.226212, 0.226212, 0.773788
33.9688, 0.155166, 3.00278, 0.226212, 0.226212, 0.773788
33.9689, 0.155166, 3.00278, 0.226212, 0.226212, 0.773788
33.969, 0.155166, 3.00278, 0.226212, 0.226212, 0.773788
33.9691, 0.155166, 3.00278, 0.226212, 0.226212, 0.773788
33.9692, 0.155166, 3.00278, 0.226212, 0.226212, 0.773788
33.9694, 0.155166, 3.00278, 0.226212, 0.226212, 0.773788
33.9695, 0.155176, 3.00292, 0.226229, 0.226229, 0.773771
33.9696, 0.155176, 3.00292, 0.226229, 0.226229, 0.773771
33.9697, 0.155176, 3.00292, 0.226229, 0.226229, 0.773771
33.9698, 0.155176, 3.00292, 0.226229, 0.226229, 0.773771
33.9699, 0.155176, 3.00292, 0.226229, 0.226229, 0.773771
33.97, 0.155176, 3.00292, 0.226229, 0.226229, 0.773771
33.9701, 0.155176, 3.00292, 0.226229, 0.226229, 0.773771
33.9702, 0.155176, 3.00292, 0.226229, 0.226229, 0.773771
33.9703, 0.155176, 3.00292, 0.226229, 0.226229, 0.773771
33.9704, 0.155176, 3.00292, 0.226229, 0.226229, 0.773771
33.9705, 0.155176, 3.00292, 0.226229, 0.226229, 0.773771
33.9706, 0.155176, 3.00292, 0.226229, 0.226229, 0.773771
33.9708, 0.155176, 3.00292, 0.226229, 0.226229, 0.773771
33.9709, 0.155176, 3.00292, 0.226229, 0.226229, 0.773771
33.971, 0.155176, 3.00292, 0.226229, 0.226229, 0.773771
33.9711, 0.155176, 3.00292, 0.226229, 0.226229, 0.773771
33.9712, 0.155176, 3.00292, 0.226229, 0.226229, 0.773771
33.9713, 0.155176, 3.00292, 0.226229, 0.226229, 0.773771
33.9714, 0.155176, 3.00292, 0.226229, 0.226229, 0.773771
33.9715, 0.155176, 3.00292, 0.226229, 0.226229, 0.773771
33.9716, 0.155176, 3.00292, 0.226229, 0.226229, 0.773771
33.9717, 0.155176, 3.00292, 0.226229, 0.226229, 0.773771
33.9718, 0.155176, 3.00292, 0.226229, 0.226229, 0.773771
33.9719, 0.155176, 3.00292, 0.226229, 0.226229, 0.773771
33.972, 0.155176, 3.00292, 0.226229, 0.226229, 0.773771
33.9722, 0.155176, 3.00292, 0.226229, 0.226229, 0.773771
33.9723, 0.155176, 3.00292, 0.226229, 0.226229, 0.773771
33.9724, 0.155176, 3.00292, 0.226229, 0.226229, 0.773771
33.9725, 0.155176, 3.00292, 0.226229, 0.226229, 0.773771
33.9726, 0.155176, 3.00292, 0.226229, 0.226229, 0.773771
33.9727, 0.155176, 3.00292, 0.226229, 0.226229, 0.773771
33.9728, 0.155176, 3.00292, 0.226229, 0.226229, 0.773771
33.9729, 0.155176, 3.00292, 0.226229, 0.226229, 0.773771
33.973, 0.155176, 3.00292, 0.226229, 0.226229, 0.773771
33.9731, 0.155176, 3.00292, 0.226229, 0.226229, 0.773771
33.9732, 0.155176, 3.00292, 0.226229, 0.226229, 0.773771
33.9733, 0.155176, 3.00292, 0.226229, 0.226229, 0.773771
33.9734, 0.155176, 3.00292, 0.226229, 0.226229, 0.773771
33.9735, 0.155176, 3.00292, 0.226229, 0.226229, 0.773771
33.9737, 0.155176, 3.00292, 0.226229, 0.226229, 0.773771
33.9738, 0.155176, 3.00292, 0.226229, 0.226229, 0.773771
33.9739, 0.155176, 3.00292, 0.226229, 0.226229, 0.773771
33.974, 0.155176, 3.00292, 0.226229, 0.226229, 0.773771
33.9741, 0.155176, 3.00292, 0.226229, 0.226229, 0.773771
33.9742, 0.155176, 3.00292, 0.226229, 0.226229, 0.773771
33.9743, 0.155176, 3.00292, 0.226229, 0.226229, 0.773771
33.9744, 0.155176, 3.00292, 0.226229, 0.226229, 0.773771
33.9745, 0.155176, 3.00292, 0.226229, 0.226229, 0.773771
33.9746, 0.155176, 3.00292, 0.226229, 0.226229, 0.773771
33.9747, 0.155176, 3.00292, 0.226229, 0.226229, 0.773771
33.9748, 0.155176, 3.00292, 0.226229, 0.226229, 0.773771
33.9749, 0.155176, 3.00292, 0.226229, 0.226229, 0.773771
33.9751, 0.155176, 3.00292, 0.226229, 0.226229, 0.773771
33.9752, 0.155176, 3.00292, 0.226229, 0.226229, 0.773771
33.9753, 0.155176, 3.00292, 0.226229, 0.226229, 0.773771
33.9754, 0.155176, 3.00292, 0.226229, 0.226229, 0.773771
33.9755, 0.155176, 3.00292, 0.226229, 0.226229, 0.773771
33.9756, 0.155176, 3.00292, 0.226229, 0.226229, 0.773771
33.9757, 0.155176, 3.00292, 0.226229, 0.226229, 0.773771
33.9758, 0.155176, 3.00292, 0.226229, 0.226229, 0.773771
33.9759, 0.155176, 3.00292, 0.226229, 0.226229, 0.773771
33.976, 0.155176, 3.00292, 0.226229, 0.226229, 0.773771
33.9761, 0.155176, 3.00292, 0.226229, 0.226229, 0.773771
33.9762, 0.155176, 3.00292, 0.226229, 0.226229, 0.773771
33.9763, 0.155176, 3.00292, 0.226229, 0.226229, 0.773771
33.9765, 0.155176, 3.00292, 0.226229, 0.226229, 0.773771
33.9766, 0.155176, 3.00292, 0.226229, 0.226229, 0.773771
33.9767, 0.155176, 3.00292, 0.226229, 0.226229, 0.773771
33.9768, 0.155176, 3.00292, 0.226229, 0.226229, 0.773771
33.9769, 0.155176, 3.00292, 0.226229, 0.226229, 0.773771
33.977, 0.155176, 3.00292, 0.226229, 0.226229, 0.773771
33.9771, 0.155187, 3.00306, 0.226245, 0.226245, 0.773755
33.9772, 0.155187, 3.00306, 0.226245, 0.226245, 0.773755
33.9773, 0.155187, 3.00306, 0.226245, 0.226245, 0.773755
33.9774, 0.155187, 3.00306, 0.226245, 0.226245, 0.773755
33.9775, 0.155187, 3.00306, 0.226245, 0.226245, 0.773755
33.9776, 0.155187, 3.00306, 0.226245, 0.226245, 0.773755
33.9777, 0.155187, 3.00306, 0.226245, 0.226245, 0.773755
33.9778, 0.155187, 3.00306, 0.226245, 0.226245, 0.773755
33.978, 0.155187, 3.00306, 0.226245, 0.226245, 0.773755
33.9781, 0.155187, 3.00306, 0.226245, 0.226245, 0.773755
33.9782, 0.155187, 3.00306, 0.226245, 0.226245, 0.773755
33.9783, 0.155187, 3.00306, 0.226245, 0.226245, 0.773755
33.9784, 0.155187, 3.00306, 0.226245, 0.226245, 0.773755
33.9785, 0.155187, 3.00306, 0.226245, 0.226245, 0.773755
33.9786, 0.155187, 3.00306, 0.226245, 0.226245, 0.773755
33.9787, 0.155187, 3.00306, 0.226245, 0.226245, 0.773755
33.9788, 0.155187, 3.00306, 0.226245, 0.226245, 0.773755
33.9789, 0.155187, 3.00306, 0.226245, 0.226245, 0.773755
33.979, 0.155187, 3.00306, 0.226245, 0.226245, 0.773755
33.9791, 0.155187, 3.00306, 0.226245, 0.226245, 0.773755
33.9792, 0.155187, 3.00306, 0.226245, 0.226245, 0.773755
33.9794, 0.155187, 3.00306, 0.226245, 0.226245, 0.773755
33.9795, 0.155187, 3.00306, 0.226245, 0.226245, 0.773755
33.9796, 0.155187, 3.00306, 0.226245, 0.226245, 0.773755
33.9797, 0.155187, 3.00306, 0.226245, 0.226245, 0.773755
33.9798, 0.155187, 3.00306, 0.226245, 0.226245, 0.773755
33.9799, 0.155187, 3.00306, 0.226245, 0.226245, 0.773755
33.98, 0.155187, 3.00306, 0.226245, 0.226245, 0.773755
33.9801, 0.155187, 3.00306, 0.226245, 0.226245, 0.773755
33.9802, 0.155187, 3.00306, 0.226245, 0.226245, 0.773755
33.9803, 0.155187, 3.00306, 0.226245, 0.226245, 0.773755
33.9804, 0.155187, 3.00306, 0.226245, 0.226245, 0.773755
33.9805, 0.155187, 3.00306, 0.226245, 0.226245, 0.773755
33.9806, 0.155187, 3.00306, 0.226245, 0.226245, 0.773755
33.9808, 0.155187, 3.00306, 0.226245, 0.226245, 0.773755
33.9809, 0.155187, 3.00306, 0.226245, 0.226245, 0.773755
33.981, 0.155187, 3.00306, 0.226245, 0.226245, 0.773755
33.9811, 0.155187, 3.00306, 0.226245, 0.226245, 0.773755
33.9812, 0.155187, 3.00306, 0.226245, 0.226245, 0.773755
33.9813, 0.155187, 3.00306, 0.226245, 0.226245, 0.773755
33.9814, 0.155187, 3.00306, 0.226245, 0.226245, 0.773755
33.9815, 0.155187, 3.00306, 0.226245, 0.226245, 0.773755
33.9816, 0.155187, 3.00306, 0.226245, 0.226245, 0.773755
33.9817, 0.155187, 3.00306, 0.226245, 0.226245, 0.773755
33.9818, 0.155187, 3.00306, 0.226245, 0.226245, 0.773755
33.9819, 0.155187, 3.00306, 0.226245, 0.226245, 0.773755
33.982, 0.155187, 3.00306, 0.226245, 0.226245, 0.773755
33.9822, 0.155187, 3.00306, 0.226245, 0.226245, 0.773755
33.9823, 0.155187, 3.00306, 0.226245, 0.226245, 0.773755
33.9824, 0.155187, 3.00306, 0.226245, 0.226245, 0.773755
33.9825, 0.155187, 3.00306, 0.226245, 0.226245, 0.773755
33.9826, 0.155187, 3.00306, 0.226245, 0.226245, 0.773755
33.9827, 0.155187, 3.00306, 0.226245, 0.226245, 0.773755
33.9828, 0.155187, 3.00306, 0.226245, 0.226245, 0.773755
33.9829, 0.155187, 3.00306, 0.226245, 0.226245, 0.773755
33.983, 0.155187, 3.00306, 0.226245, 0.226245, 0.773755
33.9831, 0.155187, 3.00306, 0.226245, 0.226245, 0.773755
33.9832, 0.155187, 3.00306, 0.226245, 0.226245, 0.773755
33.9833, 0.155187, 3.00306, 0.226245, 0.226245, 0.773755
33.9834, 0.155187, 3.00306, 0.226245, 0.226245, 0.773755
33.9835, 0.155187, 3.00306, 0.226245, 0.226245, 0.773755
33.9837, 0.155187, 3.00306, 0.226245, 0.226245, 0.773755
33.9838, 0.155187, 3.00306, 0.226245, 0.226245, 0.773755
33.9839, 0.155187, 3.00306, 0.226245, 0.226245, 0.773755
33.984, 0.155187, 3.00306, 0.226245, 0.226245, 0.773755
33.9841, 0.155187, 3.00306, 0.226245, 0.226245, 0.773755
33.9842, 0.155187, 3.00306, 0.226245, 0.226245, 0.773755
33.9843, 0.155187, 3.00306, 0.226245, 0.226245, 0.773755
33.9844, 0.155187, 3.00306, 0.226245, 0.226245, 0.773755
33.9845, 0.155187, 3.00306, 0.226245, 0.226245, 0.773755
33.9846, 0.155187, 3.00306, 0.226245, 0.226245, 0.773755
33.9847, 0.155198, 3.0032, 0.226261, 0.226261, 0.773739
33.9848, 0.155198, 3.0032, 0.226261, 0.226261, 0.773739
33.9849, 0.155198, 3.0032, 0.226261, 0.226261, 0.773739
33.9851, 0.155198, 3.0032, 0.226261, 0.226261, 0.773739
33.9852, 0.155198, 3.0032, 0.226261, 0.226261, 0.773739
33.9853, 0.155198, 3.0032, 0.226261, 0.226261, 0.773739
33.9854, 0.155198, 3.0032, 0.226261, 0.226261, 0.773739
33.9855, 0.155198, 3.0032, 0.226261, 0.226261, 0.773739
33.9856, 0.155198, 3.0032, 0.226261, 0.226261, 0.773739
33.9857, 0.155198, 3.0032, 0.226261, 0.226261, 0.773739
33.9858, 0.155198, 3.0032, 0.226261, 0.226261, 0.773739
33.9859, 0.155198, 3.0032, 0.226261, 0.226261, 0.773739
33.986, 0.155198, 3.0032, 0.226261, 0.226261, 0.773739
33.9861, 0.155198, 3.0032, 0.226261, 0.226261, 0.773739
33.9862, 0.155198, 3.0032, 0.226261, 0.226261, 0.773739
33.9863, 0.155198, 3.0032, 0.226261, 0.226261, 0.773739
33.9865, 0.155198, 3.0032, 0.226261, 0.226261, 0.773739
33.9866, 0.155198, 3.0032, 0.226261, 0.226261, 0.773739
33.9867, 0.155198, 3.0032, 0.226261, 0.226261, 0.773739
33.9868, 0.155198, 3.0032, 0.226261, 0.226261, 0.773739
33.9869, 0.155198, 3.0032, 0.226261, 0.226261, 0.773739
33.987, 0.155198, 3.0032, 0.226261, 0.226261, 0.773739
33.9871, 0.155198, 3.0032, 0.226261, 0.226261, 0.773739
33.9872, 0.155198, 3.0032, 0.226261, 0.226261, 0.773739
33.9873, 0.155198, 3.0032, 0.226261, 0.226261, 0.773739
33.9874, 0.155198, 3.0032, 0.226261, 0.226261, 0.773739
33.9875, 0.155198, 3.0032, 0.226261, 0.226261, 0.773739
33.9876, 0.155198, 3.0032, 0.226261, 0.226261, 0.773739
33.9877, 0.155198, 3.0032, 0.226261, 0.226261, 0.773739
33.9878, 0.155198, 3.0032, 0.226261, 0.226261, 0.773739
33.988, 0.155198, 3.0032, 0.226261, 0.226261, 0.773739
33.9881, 0.155198, 3.0032, 0.226261, 0.226261, 0.773739
33.9882, 0.155198, 3.0032, 0.226261, 0.226261, 0.773739
33.9883, 0.155198, 3.0032, 0.226261, 0.226261, 0.773739
33.9884, 0.155198, 3.0032, 0.226261, 0.226261, 0.773739
33.9885, 0.155198, 3.0032, 0.226261, 0.226261, 0.773739
33.9886, 0.155198, 3.0032, 0.226261, 0.226261, 0.773739
33.9887, 0.155198, 3.0032, 0.226261, 0.226261, 0.773739
33.9888, 0.155198, 3.0032, 0.226261, 0.226261, 0.773739
33.9889, 0.155198, 3.0032, 0.226261, 0.226261, 0.773739
33.989, 0.155198, 3.0032, 0.226261, 0.226261, 0.773739
33.9891, 0.155198, 3.0032, 0.226261, 0.226261, 0.773739
33.9892, 0.155198, 3.0032, 0.226261, 0.226261, 0.773739
33.9894, 0.155198, 3.0032, 0.226261, 0.226261, 0.773739
33.9895, 0.155198, 3.0032, 0.226261, 0.226261, 0.773739
33.9896, 0.155198, 3.0032, 0.226261, 0.226261, 0.773739
33.9897, 0.155198, 3.0032, 0.226261, 0.226261, 0.773739
33.9898, 0.155198, 3.0032, 0.226261, 0.226261, 0.773739
33.9899, 0.155198, 3.0032, 0.226261, 0.226261, 0.773739
33.99, 0.155198, 3.0032, 0.226261, 0.226261, 0.773739
33.9901, 0.155198, 3.0032, 0.226261, 0.226261, 0.773739
33.9902, 0.155198, 3.0032, 0.226261, 0.226261, 0.773739
33.9903, 0.155198, 3.0032, 0.226261, 0.226261, 0.773739
33.9904, 0.155198, 3.0032, 0.226261, 0.226261, 0.773739
33.9905, 0.155198, 3.0032, 0.226261, 0.226261, 0.773739
33.9906, 0.155198, 3.0032, 0.226261, 0.226261, 0.773739
33.9908, 0.155198, 3.0032, 0.226261, 0.226261, 0.773739
33.9909, 0.155198, 3.0032, 0.226261, 0.226261, 0.773739
33.991, 0.155198, 3.0032, 0.226261, 0.226261, 0.773739
33.9911, 0.155198, 3.0032, 0.226261, 0.226261, 0.773739
33.9912, 0.155198, 3.0032, 0.226261, 0.226261, 0.773739
33.9913, 0.155198, 3.0032, 0.226261, 0.226261, 0.773739
33.9914, 0.155198, 3.0032, 0.226261, 0.226261, 0.773739
33.9915, 0.155198, 3.0032, 0.226261, 0.226261, 0.773739
33.9916, 0.155198, 3.0032, 0.226261, 0.226261, 0.773739
33.9917, 0.155198, 3.0032, 0.226261, 0.226261, 0.773739
33.9918, 0.155198, 3.0032, 0.226261, 0.226261, 0.773739
33.9919, 0.155198, 3.0032, 0.226261, 0.226261, 0.773739
33.992, 0.155198, 3.0032, 0.226261, 0.226261, 0.773739
33.9922, 0.155198, 3.0032, 0.226261, 0.226261, 0.773739
33.9923, 0.155198, 3.0032, 0.226261, 0.226261, 0.773739
33.9924, 0.155198, 3.0032, 0.226261, 0.226261, 0.773739
33.9925, 0.155209, 3.00334, 0.226278, 0.226278, 0.773722
33.9926, 0.155209, 3.00334, 0.226278, 0.226278, 0.773722
33.9927, 0.155209, 3.00334, 0.226278, 0.226278, 0.773722
33.9928, 0.155209, 3.00334, 0.226278, 0.226278, 0.773722
33.9929, 0.155209, 3.00334, 0.226278, 0.226278, 0.773722
33.993, 0.155209, 3.00334, 0.226278, 0.226278, 0.773722
33.9931, 0.155209, 3.00334, 0.226278, 0.226278, 0.773722
33.9932, 0.155209, 3.00334, 0.226278, 0.226278, 0.773722
33.9933, 0.155209, 3.00334, 0.226278, 0.226278, 0.773722
33.9934, 0.155209, 3.00334, 0.226278, 0.226278, 0.773722
33.9935, 0.155209, 3.00334, 0.226278, 0.226278, 0.773722
33.9937, 0.155209, 3.00334, 0.226278, 0.226278, 0.773722
33.9938, 0.155209, 3.00334, 0.226278, 0.226278, 0.773722
33.9939, 0.155209, 3.00334, 0.226278, 0.226278, 0.773722
33.994, 0.155209, 3.00334, 0.226278, 0.226278, 0.773722
33.9941, 0.155209, 3.00334, 0.226278, 0.226278, 0.773722
33.9942, 0.155209, 3.00334, 0.226278, 0.226278, 0.773722
33.9943, 0.155209, 3.00334, 0.226278, 0.226278, 0.773722
33.9944, 0.155209, 3.00334, 0.226278, 0.226278, 0.773722
33.9945, 0.155209, 3.00334, 0.226278, 0.226278, 0.773722
33.9946, 0.155209, 3.00334, 0.226278, 0.226278, 0.773722
33.9947, 0.155209, 3.00334, 0.226278, 0.226278, 0.773722
33.9948, 0.155209, 3.00334, 0.226278, 0.226278, 0.773722
33.9949, 0.155209, 3.00334, 0.226278, 0.226278, 0.773722
33.9951, 0.155209, 3.00334, 0.226278, 0.226278, 0.773722
33.9952, 0.155209, 3.00334, 0.226278, 0.226278, 0.773722
33.9953, 0.155209, 3.00334, 0.226278, 0.226278, 0.773722
33.9954, 0.155209, 3.00334, 0.226278, 0.226278, 0.773722
33.9955, 0.155209, 3.00334, 0.226278, 0.226278, 0.773722
33.9956, 0.155209, 3.00334, 0.226278, 0.226278, 0.773722
33.9957, 0.155209, 3.00334, 0.226278, 0.226278, 0.773722
33.9958, 0.155209, 3.00334, 0.226278, 0.226278, 0.773722
33.9959, 0.155209, 3.00334, 0.226278, 0.226278, 0.773722
33.996, 0.155209, 3.00334, 0.226278, 0.226278, 0.773722
33.9961, 0.155209, 3.00334, 0.226278, 0.226278, 0.773722
33.9962, 0.155209, 3.00334, 0.226278, 0.226278, 0.773722
33.9963, 0.155209, 3.00334, 0.226278, 0.226278, 0.773722
33.9965, 0.155209, 3.00334, 0.226278, 0.226278, 0.773722
33.9966, 0.155209, 3.00334, 0.226278, 0.226278, 0.773722
33.9967, 0.155209, 3.00334, 0.226278, 0.226278, 0.773722
33.9968, 0.155209, 3.00334, 0.226278, 0.226278, 0.773722
33.9969, 0.155209, 3.00334, 0.226278, 0.226278, 0.773722
33.997, 0.155209, 3.00334, 0.226278, 0.226278, 0.773722
33.9971, 0.155209, 3.00334, 0.226278, 0.226278, 0.773722
33.9972, 0.155209, 3.00334, 0.226278, 0.226278, 0.773722
33.9973, 0.155209, 3.00334, 0.226278, 0.226278, 0.773722
33.9974, 0.155209, 3.00334, 0.226278, 0.226278, 0.773722
33.9975, 0.155209, 3.00334, 0.226278, 0.226278, 0.773722
33.9976, 0.155209, 3.00334, 0.226278, 0.226278, 0.773722
33.9977, 0.155209, 3.00334, 0.226278, 0.226278, 0.773722
33.9978, 0.155209, 3.00334, 0.226278, 0.226278, 0.773722
33.998, 0.155209, 3.00334, 0.226278, 0.226278, 0.773722
33.9981, 0.155209, 3.00334, 0.226278, 0.226278, 0.773722
33.9982, 0.155209, 3.00334, 0.226278, 0.226278, 0.773722
33.9983, 0.155209, 3.00334, 0.226278, 0.226278, 0.773722
33.9984, 0.155209, 3.00334, 0.226278, 0.226278, 0.773722
33.9985, 0.155209, 3.00334, 0.226278, 0.226278, 0.773722
33.9986, 0.155209, 3.00334, 0.226278, 0.226278, 0.773722
33.9987, 0.155209, 3.00334, 0.226278, 0.226278, 0.773722
33.9988, 0.155209, 3.00334, 0.226278, 0.226278, 0.773722
33.9989, 0.155209, 3.00334, 0.226278, 0.226278, 0.773722
33.999, 0.155209, 3.00334, 0.226278, 0.226278, 0.773722
33.9991, 0.155209, 3.00334, 0.226278, 0.226278, 0.773722
33.9992, 0.155209, 3.00334, 0.226278, 0.226278, 0.773722
33.9994, 0.155209, 3.00334, 0.226278, 0.226278, 0.773722
33.9995, 0.155209, 3.00334, 0.226278, 0.226278, 0.773722
33.9996, 0.155209, 3.00334, 0.226278, 0.226278, 0.773722
33.9997, 0.155209, 3.00334, 0.226278, 0.226278, 0.773722
33.9998, 0.155209, 3.00334, 0.226278, 0.226278, 0.773722
33.9999, 0.155209, 3.00334, 0.226278, 0.226278, 0.773722
34, 0.155209, 3.00334, 0.226278, 0.226278, 0.773722
