Cycle num, CSR, Shear strain (%), Vert eff stress (atm), Vert eff stress ratio, ru
0, 0.00880415, 0, 0.999982, 0.999982, 1.79175e-05
0.0125, 0.00880415, 0, 0.999982, 0.999982, 1.79174e-05
0.025, 0.00880415, 0, 0.999982, 0.999982, 1.79174e-05
0.0375, 0.00880415, 0, 0.999982, 0.999982, 1.79174e-05
0.05, 0.00880415, 0, 0.999982, 0.999982, 1.79174e-05
0.0625, 0.00880415, 0, 0.999982, 0.999982, 1.79174e-05
0.075, 0.00880415, 0, 0.999982, 0.999982, 1.79174e-05
0.0875, 0.0302191, 0.00532706, 0.998769, 0.998817, 0.00118319
0.1, 0.0542339, 0.0123364, 0.995733, 0.995803, 0.0041973
0.1125, 0.0749528, 0.0193457, 0.991955, 0.992034, 0.00796568
0.125, 0.0932177, 0.026355, 0.987858, 0.987942, 0.012058
0.1375, 0.109584, 0.0333642, 0.983645, 0.983729, 0.0162708
0.15, 0.124435, 0.0403735, 0.979415, 0.979499, 0.0205011
0.1625, 0.138044, 0.0473828, 0.975222, 0.975305, 0.0246949
0.175, 0.150613, 0.0543921, 0.971095, 0.971177, 0.0288231
0.1875, 0.162297, 0.0614014, 0.96705, 0.96713, 0.0328704
0.2, 0.173216, 0.0684107, 0.963092, 0.963171, 0.0368294
0.2125, 0.183467, 0.07542, 0.959227, 0.959303, 0.040697
0.225, 0.193128, 0.0824293, 0.955452, 0.955527, 0.0444729
0.2375, 0.202263, 0.0894386, 0.951769, 0.951842, 0.0481582
0.25, 0.189399, 0.0885975, 0.950118, 0.950133, 0.0498673
0.261111, 0.162746, 0.0815882, 0.948639, 0.948679, 0.0513212
0.272222, 0.13965, 0.0745789, 0.946349, 0.946398, 0.0536015
0.283333, 0.11933, 0.0675696, 0.943742, 0.943796, 0.0562042
0.294444, 0.101122, 0.0605603, 0.941019, 0.941074, 0.0589259
0.305556, 0.084575, 0.053551, 0.938271, 0.938326, 0.0616743
0.316667, 0.0693738, 0.0465417, 0.935541, 0.935595, 0.0644047
0.327778, 0.0552883, 0.0395324, 0.932852, 0.932905, 0.0670949
0.338889, 0.0421456, 0.0325231, 0.930213, 0.930265, 0.0697345
0.35, 0.0298125, 0.0255138, 0.92763, 0.927681, 0.072319
0.361111, 0.0181834, 0.0185045, 0.925103, 0.925153, 0.0748471
0.372222, 0.00717345, 0.0114952, 0.922631, 0.92268, 0.0773197
0.383333, -0.00328673, 0.00448595, 0.920214, 0.920262, 0.0797384
0.394444, -0.0132549, -0.00252335, 0.917848, 0.917895, 0.0821054
0.405556, -0.0227794, -0.00953264, 0.915531, 0.915577, 0.084423
0.416667, -0.0319015, -0.0165419, 0.913261, 0.913306, 0.0866939
0.427778, -0.0406565, -0.0235512, 0.911035, 0.911079, 0.0889206
0.438889, -0.049075, -0.0305605, 0.908851, 0.908895, 0.0911053
0.45, -0.0571834, -0.0375698, 0.906707, 0.90675, 0.0932504
0.461111, -0.0650052, -0.0445791, 0.9046, 0.904642, 0.0953581
0.472222, -0.0725609, -0.0515884, 0.902528, 0.90257, 0.0974304
0.483333, -0.079869, -0.0585977, 0.90049, 0.900531, 0.0994693
0.494444, -0.0869456, -0.065607, 0.898484, 0.898524, 0.101476
0.505556, -0.0938054, -0.0726163, 0.896507, 0.896546, 0.103454
0.516667, -0.100462, -0.0796256, 0.894559, 0.894598, 0.105402
0.527778, -0.106926, -0.0866349, 0.892638, 0.892676, 0.107324
0.538889, -0.11321, -0.0936442, 0.890743, 0.890781, 0.109219
0.55, -0.119322, -0.100653, 0.888872, 0.888909, 0.111091
0.561111, -0.125273, -0.107663, 0.887024, 0.887061, 0.112939
0.572222, -0.131069, -0.114672, 0.885199, 0.885235, 0.114765
0.583333, -0.13672, -0.121681, 0.883395, 0.883431, 0.116569
0.594444, -0.142231, -0.128691, 0.881611, 0.881646, 0.118354
0.605556, -0.147609, -0.1357, 0.879846, 0.879881, 0.120119
0.616667, -0.15286, -0.142709, 0.8781, 0.878135, 0.121865
0.627778, -0.15799, -0.149719, 0.876372, 0.876406, 0.123594
0.638889, -0.163004, -0.156728, 0.874661, 0.874695, 0.125305
0.65, -0.167907, -0.163737, 0.872966, 0.873, 0.127
0.661111, -0.172702, -0.170746, 0.871288, 0.871321, 0.128679
0.672222, -0.177263, -0.177756, 0.869624, 0.869657, 0.130343
0.683333, -0.181703, -0.184765, 0.867975, 0.868008, 0.131992
0.694444, -0.186046, -0.191774, 0.86634, 0.866373, 0.133627
0.705556, -0.190299, -0.198784, 0.864719, 0.864751, 0.135249
0.716667, -0.194463, -0.205793, 0.863111, 0.863143, 0.136857
0.727778, -0.198541, -0.212802, 0.861516, 0.861548, 0.138452
0.738889, -0.202537, -0.219812, 0.859934, 0.859965, 0.140035
0.75, -0.202963, -0.225419, 0.858554, 0.858554, 0.141446
0.760638, -0.17428, -0.21841, 0.858089, 0.858107, 0.141893
0.771277, -0.150157, -0.2114, 0.856925, 0.856952, 0.143048
0.781915, -0.129195, -0.204391, 0.855509, 0.855539, 0.144461
0.792553, -0.110547, -0.197382, 0.853996, 0.854027, 0.145973
0.803191, -0.0936794, -0.190372, 0.852452, 0.852483, 0.147517
0.81383, -0.0782349, -0.183363, 0.85091, 0.85094, 0.14906
0.824468, -0.0639584, -0.176354, 0.849383, 0.849413, 0.150587
0.835106, -0.0506619, -0.169345, 0.84788, 0.847909, 0.152091
0.845745, -0.0382022, -0.162335, 0.846403, 0.846432, 0.153568
0.856383, -0.0264671, -0.155326, 0.844954, 0.844983, 0.155017
0.867021, -0.0153672, -0.148317, 0.843533, 0.843561, 0.156439
0.87766, -0.00482963, -0.141307, 0.842138, 0.842166, 0.157834
0.888298, 0.00520589, -0.134298, 0.840769, 0.840796, 0.159204
0.898936, 0.0147896, -0.127289, 0.839424, 0.839451, 0.160549
0.909574, 0.0239643, -0.12028, 0.838103, 0.838129, 0.161871
0.920213, 0.0327662, -0.11327, 0.836802, 0.836828, 0.163172
0.930851, 0.0412268, -0.106261, 0.835522, 0.835547, 0.164453
0.941489, 0.0493735, -0.0992516, 0.83426, 0.834285, 0.165715
0.952128, 0.0572301, -0.0922423, 0.833016, 0.833041, 0.166959
0.962766, 0.0648177, -0.085233, 0.831789, 0.831813, 0.168187
0.973404, 0.072155, -0.0782237, 0.830577, 0.830601, 0.169399
0.984043, 0.0792587, -0.0712144, 0.829379, 0.829403, 0.170597
0.994681, 0.0861437, -0.0642051, 0.828195, 0.828219, 0.171781
1.00532, 0.0928233, -0.0571959, 0.827024, 0.827047, 0.172953
1.01596, 0.0993097, -0.0501866, 0.825864, 0.825887, 0.174113
1.0266, 0.105614, -0.0431773, 0.824716, 0.824739, 0.175261
1.03723, 0.111746, -0.036168, 0.823578, 0.823601, 0.176399
1.04787, 0.117714, -0.0291587, 0.82245, 0.822472, 0.177528
1.05851, 0.123528, -0.0221494, 0.821331, 0.821354, 0.178646
1.06915, 0.129195, -0.0151401, 0.820221, 0.820244, 0.179756
1.07979, 0.134722, -0.00813078, 0.81912, 0.819142, 0.180858
1.09043, 0.140115, -0.00112149, 0.818026, 0.818048, 0.181952
1.10106, 0.145381, 0.00588781, 0.81694, 0.816961, 0.183039
1.1117, 0.150524, 0.0128971, 0.81586, 0.815882, 0.184118
1.12234, 0.155551, 0.0199064, 0.814788, 0.814809, 0.185191
1.13298, 0.160466, 0.0269157, 0.813722, 0.813743, 0.186257
1.14362, 0.165274, 0.033925, 0.812661, 0.812682, 0.187318
1.15426, 0.169979, 0.0409343, 0.811607, 0.811628, 0.188372
1.16489, 0.174584, 0.0479436, 0.810558, 0.810579, 0.189421
1.17553, 0.179094, 0.0549529, 0.809514, 0.809535, 0.190465
1.18617, 0.183512, 0.0619622, 0.808476, 0.808496, 0.191504
1.19681, 0.187841, 0.0689715, 0.807442, 0.807462, 0.192538
1.20745, 0.192084, 0.0759808, 0.806413, 0.806433, 0.193567
1.21809, 0.196245, 0.0829901, 0.805388, 0.805409, 0.194591
1.22872, 0.200326, 0.0899994, 0.804368, 0.804388, 0.195612
1.23936, 0.204329, 0.0970087, 0.803352, 0.803372, 0.196628
1.25, 0.189168, 0.0961675, 0.802885, 0.80289, 0.19711
1.26064, 0.163025, 0.0891582, 0.80239, 0.802403, 0.197597
1.27128, 0.140726, 0.0821489, 0.801652, 0.801668, 0.198332
1.28191, 0.121119, 0.0751397, 0.800824, 0.800841, 0.199159
1.29255, 0.103529, 0.0681304, 0.799963, 0.79998, 0.20002
1.30319, 0.0875171, 0.0611211, 0.799092, 0.79911, 0.20089
1.31383, 0.0727829, 0.0541118, 0.798225, 0.798242, 0.201758
1.32447, 0.0591088, 0.0471025, 0.797366, 0.797384, 0.202616
1.33511, 0.0463321, 0.0400932, 0.796519, 0.796536, 0.203464
1.34574, 0.0343271, 0.0330839, 0.795684, 0.795701, 0.204299
1.35638, 0.0229944, 0.0260746, 0.794861, 0.794878, 0.205122
1.36702, 0.0122541, 0.0190653, 0.79405, 0.794066, 0.205934
1.37766, 0.00204042, 0.012056, 0.79325, 0.793266, 0.206734
1.3883, -0.00770108, 0.00504669, 0.792461, 0.792477, 0.207523
1.39894, -0.0170163, -0.0019626, 0.791681, 0.791697, 0.208303
1.40957, -0.0259443, -0.0089719, 0.79091, 0.790926, 0.209074
1.42021, -0.0345186, -0.0159812, 0.790147, 0.790162, 0.209838
1.43085, -0.0427682, -0.0229905, 0.789391, 0.789407, 0.210593
1.44149, -0.0507185, -0.0299998, 0.788642, 0.788657, 0.211343
1.45213, -0.0583917, -0.0370091, 0.787899, 0.787914, 0.212086
1.46277, -0.0658074, -0.0440184, 0.787161, 0.787176, 0.212824
1.4734, -0.0729832, -0.0510277, 0.786428, 0.786443, 0.213557
1.48404, -0.0799347, -0.058037, 0.785699, 0.785714, 0.214286
1.49468, -0.0866758, -0.0650463, 0.784974, 0.784988, 0.215012
1.50532, -0.0932192, -0.0720556, 0.784252, 0.784266, 0.215734
1.51596, -0.0995764, -0.0790649, 0.783533, 0.783548, 0.216452
1.5266, -0.105758, -0.0860742, 0.782817, 0.782831, 0.217169
1.53723, -0.111773, -0.0930834, 0.782103, 0.782117, 0.217883
1.54787, -0.11763, -0.100093, 0.781391, 0.781405, 0.218595
1.55851, -0.123337, -0.107102, 0.780681, 0.780695, 0.219305
1.56915, -0.128902, -0.114111, 0.779972, 0.779986, 0.220014
1.57979, -0.134331, -0.121121, 0.779265, 0.779279, 0.220721
1.59043, -0.13963, -0.12813, 0.778559, 0.778573, 0.221427
1.60106, -0.144805, -0.135139, 0.777853, 0.777867, 0.222133
1.6117, -0.149862, -0.142149, 0.777148, 0.777162, 0.222838
1.62234, -0.154806, -0.149158, 0.776444, 0.776458, 0.223542
1.63298, -0.159641, -0.156167, 0.775741, 0.775755, 0.224245
1.64362, -0.164371, -0.163176, 0.775037, 0.775051, 0.224949
1.65426, -0.169, -0.170186, 0.774334, 0.774348, 0.225652
1.66489, -0.173533, -0.177195, 0.773631, 0.773645, 0.226355
1.67553, -0.177973, -0.184204, 0.772929, 0.772943, 0.227057
1.68617, -0.182323, -0.191214, 0.772226, 0.77224, 0.22776
1.69681, -0.186586, -0.198223, 0.771523, 0.771537, 0.228463
1.70745, -0.190766, -0.205232, 0.77082, 0.770834, 0.229166
1.71809, -0.194865, -0.212241, 0.770118, 0.770132, 0.229868
1.72872, -0.198886, -0.219251, 0.769415, 0.769429, 0.230571
1.73936, -0.202828, -0.22626, 0.768712, 0.768726, 0.231274
1.75, -0.201723, -0.231307, 0.768121, 0.768122, 0.231878
1.76042, -0.173486, -0.224297, 0.767969, 0.767975, 0.232025
1.77083, -0.149846, -0.217288, 0.767599, 0.767607, 0.232393
1.78125, -0.129313, -0.210279, 0.767152, 0.767162, 0.232838
1.79167, -0.111041, -0.20327, 0.766676, 0.766685, 0.233315
1.80208, -0.0945057, -0.19626, 0.766187, 0.766197, 0.233803
1.8125, -0.0793572, -0.189251, 0.765696, 0.765706, 0.234294
1.82292, -0.0653476, -0.182242, 0.765206, 0.765216, 0.234784
1.83333, -0.052294, -0.175232, 0.76472, 0.764729, 0.235271
1.84375, -0.0400571, -0.168223, 0.764236, 0.764246, 0.235754
1.85417, -0.0285278, -0.161214, 0.763757, 0.763767, 0.236233
1.86458, -0.0176191, -0.154205, 0.763281, 0.76329, 0.23671
1.875, -0.00726009, -0.147195, 0.762808, 0.762817, 0.237183
1.88542, 0.00260787, -0.140186, 0.762337, 0.762347, 0.237653
1.89583, 0.0120338, -0.133177, 0.761869, 0.761878, 0.238122
1.90625, 0.0210592, -0.126167, 0.761401, 0.761411, 0.238589
1.91667, 0.0297196, -0.119158, 0.760935, 0.760945, 0.239055
1.92708, 0.0380457, -0.112149, 0.76047, 0.760479, 0.239521
1.9375, 0.0460641, -0.105139, 0.760005, 0.760014, 0.239986
1.94792, 0.0537981, -0.0981301, 0.759539, 0.759549, 0.240451
1.95833, 0.0612684, -0.0911208, 0.759074, 0.759083, 0.240917
1.96875, 0.0684931, -0.0841115, 0.758607, 0.758616, 0.241384
1.97917, 0.0754887, -0.0771023, 0.758139, 0.758148, 0.241852
1.98958, 0.0822695, -0.070093, 0.75767, 0.757679, 0.242321
2, 0.0888488, -0.0630837, 0.757199, 0.757209, 0.242791
2.01042, 0.0952384, -0.0560744, 0.756727, 0.756736, 0.243264
2.02083, 0.101449, -0.0490651, 0.756253, 0.756262, 0.243738
2.03125, 0.10749, -0.0420558, 0.755776, 0.755786, 0.244214
2.04167, 0.113371, -0.0350465, 0.755298, 0.755307, 0.244693
2.05208, 0.1191, -0.0280372, 0.754817, 0.754827, 0.245173
2.0625, 0.124685, -0.0210279, 0.754334, 0.754344, 0.245656
2.07292, 0.130132, -0.0140186, 0.753848, 0.753858, 0.246142
2.08333, 0.135447, -0.0070093, 0.75336, 0.75337, 0.24663
2.09375, 0.140637, -4.65868e-19, 0.752869, 0.752879, 0.247121
2.10417, 0.145707, 0.0070093, 0.752375, 0.752385, 0.247615
2.11458, 0.150662, 0.0140186, 0.751879, 0.751889, 0.248111
2.125, 0.155508, 0.0210279, 0.75138, 0.75139, 0.24861
2.13542, 0.160247, 0.0280372, 0.750879, 0.750889, 0.249111
2.14583, 0.164885, 0.0350465, 0.750374, 0.750384, 0.249616
2.15625, 0.169426, 0.0420558, 0.749867, 0.749877, 0.250123
2.16667, 0.173872, 0.0490651, 0.749357, 0.749368, 0.250632
2.17708, 0.178228, 0.0560744, 0.748845, 0.748855, 0.251145
2.1875, 0.182497, 0.0630837, 0.74833, 0.74834, 0.25166
2.19792, 0.186681, 0.070093, 0.747812, 0.747822, 0.252178
2.20833, 0.190784, 0.0771023, 0.747291, 0.747302, 0.252698
2.21875, 0.194809, 0.0841115, 0.746768, 0.746779, 0.253221
2.22917, 0.198757, 0.0911208, 0.746243, 0.746253, 0.253747
2.23958, 0.202631, 0.0981301, 0.745715, 0.745725, 0.254275
2.25, 0.202996, 0.103738, 0.745249, 0.745249, 0.254751
2.2602, 0.174801, 0.0967283, 0.745166, 0.745169, 0.254831
2.27041, 0.151231, 0.089719, 0.744963, 0.744967, 0.255033
2.28061, 0.130777, 0.0827097, 0.744716, 0.744721, 0.255279
2.29082, 0.112585, 0.0757004, 0.74445, 0.744456, 0.255544
2.30102, 0.0961295, 0.0686911, 0.744176, 0.744182, 0.255818
2.31122, 0.0810584, 0.0616818, 0.743898, 0.743904, 0.256096
2.32143, 0.0671235, 0.0546725, 0.743618, 0.743624, 0.256376
2.33163, 0.0541418, 0.0476632, 0.743337, 0.743342, 0.256658
2.34184, 0.0419741, 0.0406539, 0.743054, 0.74306, 0.25694
2.35204, 0.0305115, 0.0336446, 0.742771, 0.742776, 0.257224
2.36224, 0.019667, 0.0266353, 0.742486, 0.742491, 0.257509
2.37245, 0.00936983, 0.019626, 0.742199, 0.742204, 0.257796
2.38265, -0.000438401, 0.0126167, 0.741909, 0.741915, 0.258085
2.39286, -0.00980662, 0.00560744, 0.741618, 0.741624, 0.258376
2.40306, -0.0187762, -0.00140186, 0.741324, 0.741329, 0.258671
2.41327, -0.0273826, -0.00841115, 0.741026, 0.741032, 0.258968
2.42347, -0.0356563, -0.0154205, 0.740725, 0.740732, 0.259268
2.43367, -0.0436239, -0.0224297, 0.740421, 0.740427, 0.259573
2.44388, -0.0513087, -0.029439, 0.740113, 0.740119, 0.259881
2.45408, -0.058731, -0.0364483, 0.739801, 0.739808, 0.260192
2.46429, -0.0659092, -0.0434576, 0.739485, 0.739492, 0.260508
2.47449, -0.0728594, -0.0504669, 0.739165, 0.739172, 0.260828
2.48469, -0.0795962, -0.0574762, 0.738841, 0.738847, 0.261153
2.4949, -0.0861325, -0.0644855, 0.738512, 0.738519, 0.261481
2.5051, -0.0924801, -0.0714948, 0.738179, 0.738186, 0.261814
2.51531, -0.0986498, -0.0785041, 0.737841, 0.737848, 0.262152
2.52551, -0.104651, -0.0855134, 0.737499, 0.737506, 0.262494
2.53571, -0.110493, -0.0925227, 0.737152, 0.737159, 0.262841
2.54592, -0.116184, -0.099532, 0.7368, 0.736807, 0.263193
2.55612, -0.121732, -0.106541, 0.736444, 0.736451, 0.263549
2.56633, -0.127142, -0.113551, 0.736083, 0.73609, 0.26391
2.57653, -0.132422, -0.12056, 0.735718, 0.735725, 0.264275
2.58673, -0.137577, -0.127569, 0.735347, 0.735355, 0.264645
2.59694, -0.142613, -0.134578, 0.734973, 0.73498, 0.26502
2.60714, -0.147535, -0.141588, 0.734593, 0.734601, 0.265399
2.61735, -0.152347, -0.148597, 0.73421, 0.734217, 0.265783
2.62755, -0.157055, -0.155606, 0.733821, 0.733829, 0.266171
2.63776, -0.161662, -0.162616, 0.733429, 0.733437, 0.266563
2.64796, -0.166171, -0.169625, 0.733032, 0.73304, 0.26696
2.65816, -0.170588, -0.176634, 0.73263, 0.732638, 0.267362
2.66837, -0.174914, -0.183644, 0.732224, 0.732233, 0.267767
2.67857, -0.179154, -0.190653, 0.731815, 0.731823, 0.268177
2.68878, -0.183309, -0.197662, 0.731401, 0.731409, 0.268591
2.69898, -0.187384, -0.204671, 0.730983, 0.730991, 0.269009
2.70918, -0.191381, -0.211681, 0.730561, 0.730569, 0.269431
2.71939, -0.195302, -0.21869, 0.730135, 0.730143, 0.269857
2.72959, -0.19915, -0.225699, 0.729705, 0.729714, 0.270286
2.7398, -0.202918, -0.232709, 0.729272, 0.729281, 0.270719
2.75, -0.202394, -0.238036, 0.728897, 0.728897, 0.271103
2.76, -0.174559, -0.231026, 0.728847, 0.728849, 0.271151
2.77, -0.151278, -0.224017, 0.728734, 0.728737, 0.271263
2.78, -0.131057, -0.217008, 0.728597, 0.7286, 0.2714
2.79, -0.113061, -0.209999, 0.728449, 0.728452, 0.271548
2.8, -0.0967762, -0.202989, 0.728294, 0.728297, 0.271703
2.81, -0.0818562, -0.19598, 0.728135, 0.728138, 0.271862
2.82, -0.0680575, -0.188971, 0.727971, 0.727975, 0.272025
2.83, -0.0552001, -0.181961, 0.727805, 0.727808, 0.272192
2.84, -0.0431469, -0.174952, 0.727634, 0.727638, 0.272362
2.85, -0.0317906, -0.167943, 0.72746, 0.727463, 0.272537
2.86, -0.0210455, -0.160933, 0.727281, 0.727284, 0.272716
2.87, -0.0108416, -0.153924, 0.727098, 0.727101, 0.272899
2.88, -0.00112145, -0.146915, 0.72691, 0.726913, 0.273087
2.89, 0.00816335, -0.139906, 0.726717, 0.726721, 0.273279
2.9, 0.0170537, -0.132896, 0.726519, 0.726523, 0.273477
2.91, 0.0255845, -0.125887, 0.726315, 0.726319, 0.273681
2.92, 0.033786, -0.118878, 0.726106, 0.72611, 0.27389
2.93, 0.0416844, -0.111868, 0.725892, 0.725896, 0.274104
2.94, 0.0493028, -0.104859, 0.725671, 0.725676, 0.274324
2.95, 0.0566613, -0.0978498, 0.725445, 0.72545, 0.27455
2.96, 0.063778, -0.0908405, 0.725213, 0.725218, 0.274782
2.97, 0.0706689, -0.0838312, 0.724975, 0.72498, 0.27502
2.98, 0.0773483, -0.0768219, 0.724732, 0.724737, 0.275263
2.99, 0.0838292, -0.0698126, 0.724482, 0.724487, 0.275513
3, 0.0901232, -0.0628033, 0.724226, 0.724231, 0.275769
3.01, 0.0962409, -0.055794, 0.723964, 0.72397, 0.27603
3.02, 0.102192, -0.0487847, 0.723697, 0.723702, 0.276298
3.03, 0.107985, -0.0417754, 0.723423, 0.723429, 0.276571
3.04, 0.113628, -0.0347661, 0.723143, 0.723149, 0.276851
3.05, 0.119129, -0.0277568, 0.722858, 0.722864, 0.277136
3.06, 0.124494, -0.0207475, 0.722567, 0.722573, 0.277427
3.07, 0.12973, -0.0137382, 0.72227, 0.722276, 0.277724
3.08, 0.134843, -0.00672892, 0.721967, 0.721973, 0.278027
3.09, 0.139837, 0.000280372, 0.721658, 0.721665, 0.278335
3.1, 0.144718, 0.00728967, 0.721344, 0.721351, 0.278649
3.11, 0.149491, 0.014299, 0.721025, 0.721031, 0.278969
3.12, 0.15416, 0.0213083, 0.7207, 0.720706, 0.279294
3.13, 0.158728, 0.0283176, 0.720369, 0.720376, 0.279624
3.14, 0.163201, 0.0353269, 0.720033, 0.72004, 0.27996
3.15, 0.167581, 0.0423361, 0.719692, 0.719699, 0.280301
3.16, 0.171872, 0.0493454, 0.719346, 0.719353, 0.280647
3.17, 0.176077, 0.0563547, 0.718995, 0.719002, 0.280998
3.18, 0.180198, 0.063364, 0.718639, 0.718646, 0.281354
3.19, 0.18424, 0.0703733, 0.718278, 0.718286, 0.281714
3.2, 0.188204, 0.0773826, 0.717913, 0.71792, 0.28208
3.21, 0.192093, 0.0843919, 0.717543, 0.71755, 0.28245
3.22, 0.195909, 0.0914012, 0.717168, 0.717175, 0.282825
3.23, 0.199656, 0.0984105, 0.716789, 0.716796, 0.283204
3.24, 0.20323, 0.10542, 0.716405, 0.716413, 0.283587
3.25, 0.199944, 0.109625, 0.716103, 0.716103, 0.283897
3.2598, 0.172597, 0.102616, 0.716074, 0.716075, 0.283925
3.26961, 0.149681, 0.0956068, 0.716011, 0.716012, 0.283988
3.27941, 0.129748, 0.0885975, 0.715934, 0.715936, 0.284064
3.28922, 0.111992, 0.0815882, 0.71585, 0.715852, 0.284148
3.29902, 0.0959122, 0.0745789, 0.715761, 0.715763, 0.284237
3.30882, 0.0811734, 0.0675696, 0.715667, 0.715669, 0.284331
3.31863, 0.0675369, 0.0605603, 0.715568, 0.71557, 0.28443
3.32843, 0.0548267, 0.053551, 0.715464, 0.715466, 0.284534
3.33824, 0.0429085, 0.0465417, 0.715355, 0.715357, 0.284643
3.34804, 0.031677, 0.0395324, 0.71524, 0.715242, 0.284758
3.35784, 0.0210481, 0.0325231, 0.71512, 0.715122, 0.284878
3.36765, 0.0109531, 0.0255138, 0.714993, 0.714996, 0.285004
3.37745, 0.00133533, 0.0185045, 0.714861, 0.714863, 0.285137
3.38725, -0.00785268, 0.0114952, 0.714722, 0.714725, 0.285275
3.39706, -0.0166512, 0.00448595, 0.714576, 0.714579, 0.285421
3.40686, -0.0250947, -0.00252335, 0.714425, 0.714428, 0.285572
3.41667, -0.0332128, -0.00953264, 0.714266, 0.714269, 0.285731
3.42647, -0.0410315, -0.0165419, 0.714101, 0.714104, 0.285896
3.43627, -0.0485734, -0.0235512, 0.713929, 0.713932, 0.286068
3.44608, -0.0558585, -0.0305605, 0.71375, 0.713753, 0.286247
3.45588, -0.0629045, -0.0375698, 0.713564, 0.713568, 0.286432
3.46569, -0.0697273, -0.0445791, 0.713371, 0.713375, 0.286625
3.47549, -0.0763409, -0.0515884, 0.713172, 0.713176, 0.286824
3.48529, -0.0827583, -0.0585977, 0.712965, 0.71297, 0.28703
3.4951, -0.0889907, -0.065607, 0.712752, 0.712757, 0.287243
3.5049, -0.0950488, -0.0726163, 0.712532, 0.712537, 0.287463
3.51471, -0.100942, -0.0796256, 0.712306, 0.71231, 0.28769
3.52451, -0.106679, -0.0866349, 0.712073, 0.712077, 0.287923
3.53431, -0.112268, -0.0936442, 0.711833, 0.711837, 0.288163
3.54412, -0.117716, -0.100653, 0.711586, 0.711591, 0.288409
3.55392, -0.123029, -0.107663, 0.711333, 0.711338, 0.288662
3.56373, -0.128215, -0.114672, 0.711074, 0.711079, 0.288921
3.57353, -0.133278, -0.121681, 0.710808, 0.710814, 0.289186
3.58333, -0.138225, -0.128691, 0.710537, 0.710542, 0.289458
3.59314, -0.143059, -0.1357, 0.710259, 0.710264, 0.289736
3.60294, -0.147786, -0.142709, 0.709975, 0.70998, 0.29002
3.61275, -0.152411, -0.149719, 0.709685, 0.70969, 0.29031
3.62255, -0.156936, -0.156728, 0.709389, 0.709395, 0.290605
3.63235, -0.161366, -0.163737, 0.709087, 0.709093, 0.290907
3.64216, -0.165704, -0.170746, 0.70878, 0.708786, 0.291214
3.65196, -0.169954, -0.177756, 0.708467, 0.708473, 0.291527
3.66176, -0.174119, -0.184765, 0.708148, 0.708155, 0.291845
3.67157, -0.178202, -0.191774, 0.707825, 0.707831, 0.292169
3.68137, -0.182205, -0.198784, 0.707496, 0.707502, 0.292498
3.69118, -0.186132, -0.205793, 0.707162, 0.707168, 0.292832
3.70098, -0.189984, -0.212802, 0.706822, 0.706829, 0.293171
3.71078, -0.193765, -0.219812, 0.706478, 0.706485, 0.293515
3.72059, -0.197475, -0.226821, 0.70613, 0.706137, 0.293863
3.73039, -0.201003, -0.23383, 0.705776, 0.705783, 0.294217
3.7402, -0.204425, -0.240839, 0.705417, 0.705425, 0.294575
3.75, -0.190708, -0.240559, 0.705249, 0.70525, 0.29475
3.75962, -0.165163, -0.23355, 0.705225, 0.705226, 0.294774
3.76923, -0.143467, -0.22654, 0.705188, 0.705189, 0.294811
3.77885, -0.124437, -0.219531, 0.705143, 0.705144, 0.294856
3.78846, -0.107389, -0.212522, 0.705094, 0.705095, 0.294905
3.79808, -0.0918875, -0.205513, 0.705039, 0.70504, 0.29496
3.80769, -0.0776344, -0.198503, 0.704978, 0.70498, 0.29502
3.81731, -0.0644151, -0.191494, 0.704913, 0.704914, 0.295086
3.82692, -0.0520697, -0.184485, 0.704842, 0.704843, 0.295157
3.83654, -0.0404747, -0.177475, 0.704764, 0.704766, 0.295234
3.84615, -0.0295331, -0.170466, 0.70468, 0.704682, 0.295318
3.85577, -0.0191665, -0.163457, 0.70459, 0.704592, 0.295408
3.86538, -0.00931096, -0.156447, 0.704492, 0.704494, 0.295506
3.875, 8.67698e-05, -0.149438, 0.704388, 0.70439, 0.29561
3.88462, 0.00907138, -0.142429, 0.704277, 0.704279, 0.295721
3.89423, 0.0176809, -0.13542, 0.704158, 0.70416, 0.29584
3.90385, 0.0259478, -0.12841, 0.704032, 0.704035, 0.295965
3.91346, 0.0339005, -0.121401, 0.703899, 0.703902, 0.296098
3.92308, 0.0415635, -0.114392, 0.703758, 0.703761, 0.296239
3.93269, 0.0489585, -0.107382, 0.70361, 0.703614, 0.296386
3.94231, 0.0561045, -0.100373, 0.703455, 0.703458, 0.296542
3.95192, 0.0630184, -0.0933638, 0.703293, 0.703296, 0.296704
3.96154, 0.0697156, -0.0863545, 0.703123, 0.703126, 0.296874
3.97115, 0.0762094, -0.0793452, 0.702945, 0.702949, 0.297051
3.98077, 0.0825122, -0.0723359, 0.702761, 0.702764, 0.297236
3.99038, 0.088635, -0.0653266, 0.702569, 0.702573, 0.297427
4, 0.094588, -0.0583173, 0.70237, 0.702374, 0.297626
4.00962, 0.10038, -0.051308, 0.702164, 0.702168, 0.297832
4.01923, 0.10602, -0.0442987, 0.701951, 0.701955, 0.298045
4.02885, 0.111515, -0.0372895, 0.701731, 0.701736, 0.298264
4.03846, 0.116873, -0.0302802, 0.701504, 0.701509, 0.298491
4.04808, 0.122099, -0.0232709, 0.701271, 0.701275, 0.298725
4.05769, 0.127201, -0.0162616, 0.70103, 0.701035, 0.298965
4.06731, 0.132183, -0.00925227, 0.700784, 0.700789, 0.299211
4.07692, 0.13705, -0.00224297, 0.70053, 0.700535, 0.299465
4.08654, 0.141808, 0.00476632, 0.70027, 0.700276, 0.299724
4.09615, 0.146461, 0.0117756, 0.700004, 0.70001, 0.29999
4.10577, 0.151013, 0.0187849, 0.699732, 0.699738, 0.300262
4.11538, 0.155468, 0.0257942, 0.699454, 0.699459, 0.300541
4.125, 0.15983, 0.0328035, 0.699169, 0.699175, 0.300825
4.13462, 0.164102, 0.0398128, 0.698879, 0.698885, 0.301115
4.14423, 0.168288, 0.0468221, 0.698583, 0.698589, 0.301411
4.15385, 0.17239, 0.0538314, 0.698282, 0.698288, 0.301712
4.16346, 0.176411, 0.0608407, 0.697974, 0.697981, 0.302019
4.17308, 0.180355, 0.06785, 0.697662, 0.697668, 0.302332
4.18269, 0.184223, 0.0748593, 0.697344, 0.69735, 0.30265
4.19231, 0.188018, 0.0818686, 0.697021, 0.697027, 0.302973
4.20192, 0.191743, 0.0888779, 0.696693, 0.696699, 0.303301
4.21154, 0.195389, 0.0958872, 0.69636, 0.696366, 0.303634
4.22115, 0.198824, 0.102896, 0.696021, 0.696028, 0.303972
4.23077, 0.202195, 0.109906, 0.695678, 0.695685, 0.304315
4.24038, 0.205504, 0.116915, 0.695331, 0.695338, 0.304662
4.25, 0.182143, 0.112149, 0.695278, 0.695279, 0.304721
4.25962, 0.158172, 0.105139, 0.695262, 0.695263, 0.304737
4.26923, 0.137574, 0.0981301, 0.69524, 0.69524, 0.30476
4.27885, 0.119373, 0.0911208, 0.695212, 0.695213, 0.304787
4.28846, 0.102984, 0.0841115, 0.69518, 0.695181, 0.304819
4.29808, 0.0880263, 0.0771023, 0.695143, 0.695144, 0.304856
4.30769, 0.0742331, 0.070093, 0.6951, 0.695101, 0.304899
4.31731, 0.0614113, 0.0630837, 0.695052, 0.695053, 0.304947
4.32692, 0.0494148, 0.0560744, 0.694997, 0.694998, 0.305002
4.33654, 0.0381303, 0.0490651, 0.694935, 0.694937, 0.305063
4.34615, 0.0274677, 0.0420558, 0.694867, 0.694868, 0.305132
4.35577, 0.0173544, 0.0350465, 0.694791, 0.694793, 0.305207
4.36538, 0.00773046, 0.0280372, 0.694708, 0.69471, 0.30529
4.375, -0.00145409, 0.0210279, 0.694618, 0.69462, 0.30538
4.38462, -0.0102413, 0.0140186, 0.69452, 0.694522, 0.305478
4.39423, -0.0186672, 0.0070093, 0.694415, 0.694417, 0.305583
4.40385, -0.0267625, -2.12182e-17, 0.694302, 0.694304, 0.305696
4.41346, -0.0345542, -0.0070093, 0.694181, 0.694184, 0.305816
4.42308, -0.0420656, -0.0140186, 0.694053, 0.694055, 0.305945
4.43269, -0.0493173, -0.0210279, 0.693917, 0.69392, 0.30608
4.44231, -0.0563277, -0.0280372, 0.693773, 0.693776, 0.306224
4.45192, -0.0631128, -0.0350465, 0.693622, 0.693625, 0.306375
4.46154, -0.0696873, -0.0420558, 0.693463, 0.693466, 0.306534
4.47115, -0.0760642, -0.0490651, 0.693297, 0.6933, 0.3067
4.48077, -0.0822552, -0.0560744, 0.693123, 0.693126, 0.306874
4.49038, -0.088271, -0.0630837, 0.692941, 0.692945, 0.307055
4.5, -0.0941212, -0.070093, 0.692753, 0.692757, 0.307243
4.50962, -0.0998148, -0.0771023, 0.692557, 0.692561, 0.307439
4.51923, -0.10536, -0.0841115, 0.692354, 0.692358, 0.307642
4.52885, -0.110764, -0.0911208, 0.692144, 0.692148, 0.307852
4.53846, -0.116033, -0.0981301, 0.691927, 0.691931, 0.308069
4.54808, -0.121174, -0.105139, 0.691703, 0.691707, 0.308293
4.55769, -0.126193, -0.112149, 0.691472, 0.691476, 0.308524
4.56731, -0.131096, -0.119158, 0.691234, 0.691239, 0.308761
4.57692, -0.135886, -0.126167, 0.69099, 0.690995, 0.309005
4.58654, -0.140569, -0.133177, 0.690739, 0.690744, 0.309256
4.59615, -0.14515, -0.140186, 0.690482, 0.690487, 0.309513
4.60577, -0.149632, -0.147195, 0.690218, 0.690224, 0.309776
4.61538, -0.154019, -0.154205, 0.689949, 0.689954, 0.310046
4.625, -0.158314, -0.161214, 0.689673, 0.689679, 0.310321
4.63462, -0.162521, -0.168223, 0.689391, 0.689397, 0.310603
4.64423, -0.166644, -0.175232, 0.689104, 0.68911, 0.31089
4.65385, -0.170685, -0.182242, 0.68881, 0.688816, 0.311184
4.66346, -0.174646, -0.189251, 0.688512, 0.688518, 0.311482
4.67308, -0.178532, -0.19626, 0.688207, 0.688213, 0.311787
4.68269, -0.182343, -0.20327, 0.687897, 0.687904, 0.312096
4.69231, -0.186083, -0.210279, 0.687582, 0.687589, 0.312411
4.70192, -0.189753, -0.217288, 0.687262, 0.687269, 0.312731
4.71154, -0.193297, -0.224297, 0.686937, 0.686943, 0.313057
4.72115, -0.19668, -0.231307, 0.686606, 0.686613, 0.313387
4.73077, -0.2, -0.238316, 0.686271, 0.686278, 0.313722
4.74038, -0.203259, -0.245325, 0.685932, 0.685938, 0.314062
4.75, -0.201851, -0.250372, 0.685643, 0.685643, 0.314357
4.75926, -0.174705, -0.243363, 0.685639, 0.685639, 0.314361
4.76852, -0.152054, -0.236353, 0.685628, 0.685629, 0.314371
4.77778, -0.132408, -0.229344, 0.685614, 0.685615, 0.314385
4.78704, -0.114942, -0.222335, 0.685596, 0.685596, 0.314404
4.7963, -0.0991482, -0.215326, 0.685573, 0.685573, 0.314427
4.80556, -0.0846864, -0.208316, 0.685544, 0.685545, 0.314455
4.81481, -0.0713176, -0.201307, 0.68551, 0.685511, 0.314489
4.82407, -0.0588657, -0.194298, 0.68547, 0.685471, 0.314529
4.83333, -0.0471964, -0.187288, 0.685423, 0.685424, 0.314576
4.84259, -0.0362048, -0.180279, 0.685369, 0.68537, 0.31463
4.85185, -0.0258073, -0.17327, 0.685307, 0.685309, 0.314691
4.86111, -0.0159357, -0.16626, 0.685239, 0.68524, 0.31476
4.87037, -0.00653375, -0.159251, 0.685162, 0.685164, 0.314836
4.87963, 0.00244553, -0.152242, 0.685079, 0.68508, 0.31492
4.88889, 0.011042, -0.145233, 0.684987, 0.684989, 0.315011
4.89815, 0.0192897, -0.138223, 0.684888, 0.68489, 0.31511
4.90741, 0.027218, -0.131214, 0.684781, 0.684783, 0.315217
4.91667, 0.0348524, -0.124205, 0.684666, 0.684668, 0.315332
4.92593, 0.0422153, -0.117195, 0.684543, 0.684546, 0.315454
4.93519, 0.0493264, -0.110186, 0.684413, 0.684415, 0.315585
4.94444, 0.0562032, -0.103177, 0.684274, 0.684277, 0.315723
4.9537, 0.0628612, -0.0961675, 0.684128, 0.684131, 0.315869
4.96296, 0.0693144, -0.0891582, 0.683975, 0.683978, 0.316022
4.97222, 0.0755753, -0.0821489, 0.683813, 0.683817, 0.316183
4.98148, 0.0816552, -0.0751397, 0.683644, 0.683648, 0.316352
4.99074, 0.0875644, -0.0681304, 0.683468, 0.683472, 0.316528
5, 0.0933122, -0.0611211, 0.683284, 0.683288, 0.316712
5.00926, 0.0989072, -0.0541118, 0.683093, 0.683097, 0.316903
5.01852, 0.104357, -0.0471025, 0.682895, 0.682899, 0.317101
5.02778, 0.109669, -0.0400932, 0.68269, 0.682694, 0.317306
5.03704, 0.11485, -0.0330839, 0.682477, 0.682481, 0.317519
5.0463, 0.119906, -0.0260746, 0.682258, 0.682262, 0.317738
5.05556, 0.124842, -0.0190653, 0.682031, 0.682036, 0.317964
5.06481, 0.129664, -0.012056, 0.681798, 0.681803, 0.318197
5.07407, 0.134377, -0.00504669, 0.681559, 0.681563, 0.318437
5.08333, 0.138984, 0.0019626, 0.681312, 0.681317, 0.318683
5.09259, 0.143492, 0.0089719, 0.68106, 0.681065, 0.318935
5.10185, 0.147902, 0.0159812, 0.680801, 0.680806, 0.319194
5.11111, 0.152219, 0.0229905, 0.680535, 0.680541, 0.319459
5.12037, 0.156447, 0.0299998, 0.680264, 0.68027, 0.31973
5.12963, 0.160589, 0.0370091, 0.679987, 0.679993, 0.320007
5.13889, 0.164647, 0.0440184, 0.679704, 0.67971, 0.32029
5.14815, 0.168625, 0.0510277, 0.679415, 0.679421, 0.320579
5.15741, 0.172526, 0.058037, 0.67912, 0.679126, 0.320874
5.16667, 0.176352, 0.0650463, 0.67882, 0.678826, 0.321174
5.17593, 0.180105, 0.0720556, 0.678515, 0.678521, 0.321479
5.18519, 0.183788, 0.0790649, 0.678204, 0.678211, 0.321789
5.19444, 0.187403, 0.0860742, 0.677889, 0.677895, 0.322105
5.2037, 0.190845, 0.0930834, 0.677568, 0.677574, 0.322426
5.21296, 0.194176, 0.100093, 0.677242, 0.677248, 0.322752
5.22222, 0.197444, 0.107102, 0.676911, 0.676918, 0.323082
5.23148, 0.200652, 0.114111, 0.676576, 0.676583, 0.323417
5.24074, 0.203802, 0.121121, 0.676236, 0.676243, 0.323757
5.25, 0.197787, 0.124205, 0.675996, 0.675996, 0.324004
5.25909, 0.171577, 0.117195, 0.675993, 0.675993, 0.324007
5.26818, 0.149586, 0.110186, 0.675987, 0.675987, 0.324013
5.27727, 0.130442, 0.103177, 0.675977, 0.675977, 0.324023
5.28636, 0.113379, 0.0961675, 0.675964, 0.675964, 0.324036
5.29545, 0.0979208, 0.0891582, 0.675945, 0.675946, 0.324054
5.30455, 0.0837483, 0.0821489, 0.675922, 0.675922, 0.324078
5.31364, 0.0706332, 0.0751397, 0.675892, 0.675893, 0.324107
5.32273, 0.0584073, 0.0681304, 0.675856, 0.675857, 0.324143
5.33182, 0.046942, 0.0611211, 0.675813, 0.675814, 0.324186
5.34091, 0.0361363, 0.0541118, 0.675763, 0.675764, 0.324236
5.35, 0.0259097, 0.0471025, 0.675706, 0.675707, 0.324293
5.35909, 0.0161963, 0.0400932, 0.675641, 0.675642, 0.324358
5.36818, 0.00694172, 0.0330839, 0.675568, 0.67557, 0.32443
5.37727, -0.00189965, 0.0260746, 0.675488, 0.67549, 0.32451
5.38636, -0.0103665, 0.0190653, 0.6754, 0.675402, 0.324598
5.39545, -0.0184918, 0.012056, 0.675304, 0.675306, 0.324694
5.40455, -0.0263042, 0.00504669, 0.6752, 0.675202, 0.324798
5.41364, -0.0338286, -0.0019626, 0.675089, 0.675091, 0.324909
5.42273, -0.0410866, -0.0089719, 0.674969, 0.674972, 0.325028
5.43182, -0.0480977, -0.0159812, 0.674842, 0.674844, 0.325156
5.44091, -0.0548787, -0.0229905, 0.674706, 0.674709, 0.325291
5.45, -0.0614449, -0.0299998, 0.674563, 0.674566, 0.325434
5.45909, -0.0678099, -0.0370091, 0.674413, 0.674416, 0.325584
5.46818, -0.0739859, -0.0440184, 0.674254, 0.674258, 0.325742
5.47727, -0.0799841, -0.0510277, 0.674089, 0.674092, 0.325908
5.48636, -0.0858145, -0.058037, 0.673915, 0.673919, 0.326081
5.49545, -0.0914862, -0.0650463, 0.673734, 0.673738, 0.326262
5.50455, -0.0970075, -0.0720556, 0.673546, 0.67355, 0.32645
5.51364, -0.102386, -0.0790649, 0.673351, 0.673355, 0.326645
5.52273, -0.107629, -0.0860742, 0.673148, 0.673152, 0.326848
5.53182, -0.112743, -0.0930834, 0.672938, 0.672943, 0.327057
5.54091, -0.117734, -0.100093, 0.672722, 0.672726, 0.327274
5.55, -0.122607, -0.107102, 0.672498, 0.672503, 0.327497
5.55909, -0.127367, -0.114111, 0.672268, 0.672272, 0.327728
5.56818, -0.13202, -0.121121, 0.672031, 0.672036, 0.327964
5.57727, -0.13657, -0.12813, 0.671787, 0.671792, 0.328208
5.58636, -0.14102, -0.135139, 0.671537, 0.671543, 0.328457
5.59545, -0.145375, -0.142149, 0.671281, 0.671286, 0.328714
5.60455, -0.149639, -0.149158, 0.671019, 0.671024, 0.328976
5.61364, -0.153814, -0.156167, 0.67075, 0.670756, 0.329244
5.62273, -0.157904, -0.163176, 0.670476, 0.670481, 0.329519
5.63182, -0.161912, -0.170186, 0.670195, 0.670201, 0.329799
5.64091, -0.165841, -0.177195, 0.669909, 0.669915, 0.330085
5.65, -0.169694, -0.184204, 0.669617, 0.669623, 0.330377
5.65909, -0.173473, -0.191214, 0.66932, 0.669326, 0.330674
5.66818, -0.17718, -0.198223, 0.669017, 0.669023, 0.330977
5.67727, -0.180818, -0.205232, 0.668709, 0.668716, 0.331284
5.68636, -0.184389, -0.212241, 0.668396, 0.668403, 0.331597
5.69545, -0.187767, -0.219251, 0.668078, 0.668084, 0.331916
5.70455, -0.191055, -0.22626, 0.667755, 0.667761, 0.332239
5.71364, -0.194282, -0.233269, 0.667427, 0.667434, 0.332566
5.72273, -0.197449, -0.240279, 0.667094, 0.667101, 0.332899
5.73182, -0.200559, -0.247288, 0.666757, 0.666764, 0.333236
5.74091, -0.203613, -0.254297, 0.666416, 0.666423, 0.333577
5.75, -0.200151, -0.258503, 0.666147, 0.666147, 0.333853
5.75877, -0.173713, -0.251494, 0.666146, 0.666146, 0.333854
5.76754, -0.151631, -0.244484, 0.666142, 0.666142, 0.333858
5.77632, -0.132459, -0.237475, 0.666135, 0.666135, 0.333865
5.78509, -0.115403, -0.230466, 0.666125, 0.666125, 0.333875
5.79386, -0.0999735, -0.223456, 0.66611, 0.66611, 0.33389
5.80263, -0.0858406, -0.216447, 0.666089, 0.66609, 0.33391
5.8114, -0.0727728, -0.209438, 0.666063, 0.666064, 0.333936
5.82018, -0.0605988, -0.202428, 0.66603, 0.666031, 0.333969
5.82895, -0.0491882, -0.195419, 0.665991, 0.665992, 0.334008
5.83772, -0.038439, -0.18841, 0.665944, 0.665945, 0.334055
5.84649, -0.0282697, -0.181401, 0.66589, 0.665891, 0.334109
5.85526, -0.018614, -0.174391, 0.665828, 0.665829, 0.334171
5.86404, -0.00941693, -0.167382, 0.665759, 0.66576, 0.33424
5.87281, -0.00063277, -0.160373, 0.665682, 0.665683, 0.334317
5.88158, 0.00777735, -0.153363, 0.665597, 0.665599, 0.334401
5.89035, 0.0158466, -0.146354, 0.665504, 0.665506, 0.334494
5.89912, 0.0236038, -0.139345, 0.665403, 0.665405, 0.334595
5.90789, 0.0310737, -0.132336, 0.665295, 0.665297, 0.334703
5.91667, 0.0382782, -0.125326, 0.665178, 0.665181, 0.334819
5.92544, 0.0452364, -0.118317, 0.665054, 0.665057, 0.334943
5.93421, 0.0519656, -0.111308, 0.664922, 0.664925, 0.335075
5.94298, 0.0584809, -0.104298, 0.664782, 0.664785, 0.335215
5.95175, 0.0647959, -0.097289, 0.664634, 0.664637, 0.335363
5.96053, 0.0709228, -0.0902797, 0.664479, 0.664482, 0.335518
5.9693, 0.0768727, -0.0832704, 0.664316, 0.664319, 0.335681
5.97807, 0.0826557, -0.0762611, 0.664146, 0.664149, 0.335851
5.98684, 0.0882808, -0.0692518, 0.663968, 0.663971, 0.336029
5.99561, 0.0937565, -0.0622425, 0.663783, 0.663786, 0.336214
6.00439, 0.0990903, -0.0552333, 0.66359, 0.663594, 0.336406
6.01316, 0.104289, -0.048224, 0.663391, 0.663395, 0.336605
6.02193, 0.10936, -0.0412147, 0.663184, 0.663188, 0.336812
6.0307, 0.114308, -0.0342054, 0.66297, 0.662975, 0.337025
6.03947, 0.119139, -0.0271961, 0.66275, 0.662754, 0.337246
6.04825, 0.123859, -0.0201868, 0.662522, 0.662527, 0.337473
6.05702, 0.128471, -0.0131775, 0.662289, 0.662293, 0.337707
6.06579, 0.132981, -0.00616818, 0.662048, 0.662053, 0.337947
6.07456, 0.137392, 0.000841115, 0.661801, 0.661806, 0.338194
6.08333, 0.141709, 0.00785041, 0.661548, 0.661553, 0.338447
6.09211, 0.145935, 0.0148597, 0.661288, 0.661294, 0.338706
6.10088, 0.150073, 0.021869, 0.661023, 0.661028, 0.338972
6.10965, 0.154126, 0.0288783, 0.660751, 0.660757, 0.339243
6.11842, 0.158099, 0.0358876, 0.660474, 0.66048, 0.33952
6.12719, 0.161993, 0.0428969, 0.660191, 0.660197, 0.339803
6.13596, 0.16581, 0.0499062, 0.659902, 0.659908, 0.340092
6.14474, 0.169555, 0.0569155, 0.659608, 0.659614, 0.340386
6.15351, 0.173229, 0.0639248, 0.659308, 0.659314, 0.340686
6.16228, 0.176833, 0.0709341, 0.659003, 0.659009, 0.340991
6.17105, 0.180372, 0.0779434, 0.658693, 0.6587, 0.3413
6.17982, 0.18373, 0.0849527, 0.658378, 0.658384, 0.341616
6.1886, 0.186986, 0.091962, 0.658058, 0.658064, 0.341936
6.19737, 0.190182, 0.0989713, 0.657733, 0.65774, 0.34226
6.20614, 0.193319, 0.105981, 0.657404, 0.65741, 0.34259
6.21491, 0.196399, 0.11299, 0.65707, 0.657076, 0.342924
6.22368, 0.199422, 0.119999, 0.656731, 0.656738, 0.343262
6.23246, 0.202392, 0.127008, 0.656389, 0.656396, 0.343604
6.24123, 0.205309, 0.134018, 0.656042, 0.656049, 0.343951
6.25, 0.184901, 0.130373, 0.655965, 0.655965, 0.344035
6.25862, 0.161423, 0.123364, 0.655963, 0.655964, 0.344036
6.26724, 0.141331, 0.116354, 0.65596, 0.65596, 0.34404
6.27586, 0.123624, 0.109345, 0.655952, 0.655953, 0.344047
6.28448, 0.107711, 0.102336, 0.655941, 0.655941, 0.344059
6.2931, 0.0932072, 0.0953264, 0.655924, 0.655925, 0.344075
6.30172, 0.0798478, 0.0883171, 0.655902, 0.655903, 0.344097
6.31034, 0.0674404, 0.0813078, 0.655873, 0.655874, 0.344126
6.31897, 0.0558401, 0.0742985, 0.655838, 0.655839, 0.344161
6.32759, 0.0449352, 0.0672892, 0.655796, 0.655797, 0.344203
6.33621, 0.0346368, 0.0602799, 0.655746, 0.655747, 0.344253
6.34483, 0.0248733, 0.0532706, 0.655689, 0.65569, 0.34431
6.35345, 0.015586, 0.0462614, 0.655624, 0.655626, 0.344374
6.36207, 0.00672591, 0.0392521, 0.655552, 0.655554, 0.344446
6.37069, -0.00174829, 0.0322428, 0.655472, 0.655473, 0.344527
6.37931, -0.00987169, 0.0252335, 0.655384, 0.655386, 0.344614
6.38793, -0.0176745, 0.0182242, 0.655288, 0.65529, 0.34471
6.39655, -0.0251829, 0.0112149, 0.655184, 0.655186, 0.344814
6.40517, -0.0324197, 0.00420558, 0.655072, 0.655074, 0.344926
6.41379, -0.039405, -0.00280372, 0.654952, 0.654955, 0.345045
6.42241, -0.0461566, -0.00981301, 0.654825, 0.654828, 0.345172
6.43103, -0.0526903, -0.0168223, 0.65469, 0.654692, 0.345308
6.43966, -0.0590202, -0.0238316, 0.654547, 0.65455, 0.34545
6.44828, -0.065159, -0.0308409, 0.654396, 0.654399, 0.345601
6.4569, -0.0711182, -0.0378502, 0.654238, 0.654241, 0.345759
6.46552, -0.076908, -0.0448595, 0.654072, 0.654075, 0.345925
6.47414, -0.0825379, -0.0518688, 0.653899, 0.653902, 0.346098
6.48276, -0.0880165, -0.0588781, 0.653718, 0.653722, 0.346278
6.49138, -0.0933516, -0.0658874, 0.65353, 0.653534, 0.346466
6.5, -0.0985504, -0.0728967, 0.653335, 0.653339, 0.346661
6.50862, -0.103619, -0.079906, 0.653133, 0.653137, 0.346863
6.51724, -0.108565, -0.0869153, 0.652924, 0.652928, 0.347072
6.52586, -0.113393, -0.0939246, 0.652708, 0.652712, 0.347288
6.53448, -0.118107, -0.100934, 0.652485, 0.652489, 0.347511
6.5431, -0.122714, -0.107943, 0.652255, 0.65226, 0.34774
6.55172, -0.127218, -0.114952, 0.652019, 0.652024, 0.347976
6.56034, -0.131623, -0.121962, 0.651777, 0.651782, 0.348218
6.56897, -0.135932, -0.128971, 0.651528, 0.651533, 0.348467
6.57759, -0.14015, -0.13598, 0.651273, 0.651278, 0.348722
6.58621, -0.14428, -0.14299, 0.651011, 0.651017, 0.348983
6.59483, -0.148325, -0.149999, 0.650744, 0.650749, 0.349251
6.60345, -0.152288, -0.157008, 0.650471, 0.650476, 0.349524
6.61207, -0.156172, -0.164018, 0.650192, 0.650197, 0.349803
6.62069, -0.15998, -0.171027, 0.649907, 0.649913, 0.350087
6.62931, -0.163715, -0.178036, 0.649617, 0.649623, 0.350377
6.63793, -0.167378, -0.185045, 0.649321, 0.649327, 0.350673
6.64655, -0.170973, -0.192055, 0.64902, 0.649026, 0.350974
6.65517, -0.1745, -0.199064, 0.648714, 0.64872, 0.35128
6.66379, -0.177916, -0.206073, 0.648403, 0.648409, 0.351591
6.67241, -0.181161, -0.213083, 0.648086, 0.648093, 0.351907
6.68103, -0.184346, -0.220092, 0.647765, 0.647772, 0.352228
6.68966, -0.187472, -0.227101, 0.64744, 0.647446, 0.352554
6.69828, -0.19054, -0.23411, 0.647109, 0.647116, 0.352884
6.7069, -0.193553, -0.24112, 0.646775, 0.646781, 0.353219
6.71552, -0.196511, -0.248129, 0.646436, 0.646443, 0.353557
6.72414, -0.199417, -0.255138, 0.646093, 0.6461, 0.3539
6.73276, -0.202272, -0.262148, 0.645746, 0.645753, 0.354247
6.74138, -0.205076, -0.269157, 0.645395, 0.645402, 0.354598
6.75, -0.187665, -0.266914, 0.645281, 0.645281, 0.354719
6.75833, -0.163978, -0.259905, 0.64528, 0.64528, 0.35472
6.76667, -0.143795, -0.252895, 0.645277, 0.645277, 0.354723
6.775, -0.126057, -0.245886, 0.645271, 0.645271, 0.354729
6.78333, -0.110146, -0.238877, 0.645261, 0.645261, 0.354739
6.79167, -0.095665, -0.231868, 0.645246, 0.645246, 0.354754
6.8, -0.0823413, -0.224858, 0.645225, 0.645225, 0.354775
6.80833, -0.0699777, -0.217849, 0.645197, 0.645198, 0.354802
6.81667, -0.0584268, -0.21084, 0.645164, 0.645164, 0.354836
6.825, -0.0475746, -0.20383, 0.645123, 0.645124, 0.354876
6.83333, -0.0373312, -0.196821, 0.645075, 0.645076, 0.354924
6.84167, -0.027624, -0.189812, 0.645019, 0.64502, 0.35498
6.85, -0.0183936, -0.182802, 0.644956, 0.644957, 0.355043
6.85833, -0.00959069, -0.175793, 0.644885, 0.644887, 0.355113
6.86667, -0.00117361, -0.168784, 0.644806, 0.644808, 0.355192
6.875, 0.00689299, -0.161775, 0.64472, 0.644722, 0.355278
6.88333, 0.0146395, -0.154765, 0.644625, 0.644627, 0.355373
6.89167, 0.0220921, -0.147756, 0.644523, 0.644525, 0.355475
6.9, 0.0292739, -0.140747, 0.644413, 0.644415, 0.355585
6.90833, 0.0362049, -0.133737, 0.644295, 0.644298, 0.355702
6.91667, 0.0429031, -0.126728, 0.644169, 0.644172, 0.355828
6.925, 0.0493841, -0.119719, 0.644036, 0.644039, 0.355961
6.93333, 0.0556622, -0.112709, 0.643895, 0.643897, 0.356103
6.94167, 0.06175, -0.1057, 0.643746, 0.643749, 0.356251
6.95, 0.0676591, -0.0986909, 0.643589, 0.643592, 0.356408
6.95833, 0.0733996, -0.0916816, 0.643425, 0.643428, 0.356572
6.96667, 0.0789811, -0.0846723, 0.643254, 0.643257, 0.356743
6.975, 0.0844121, -0.077663, 0.643075, 0.643079, 0.356921
6.98333, 0.0897003, -0.0706537, 0.642889, 0.642893, 0.357107
6.99167, 0.0948531, -0.0636444, 0.642696, 0.6427, 0.3573
7, 0.0998771, -0.0566351, 0.642495, 0.642499, 0.357501
7.00833, 0.104778, -0.0496258, 0.642288, 0.642292, 0.357708
7.01667, 0.109562, -0.0426165, 0.642074, 0.642078, 0.357922
7.025, 0.114234, -0.0356072, 0.641853, 0.641857, 0.358143
7.03333, 0.118799, -0.0285979, 0.641625, 0.64163, 0.35837
7.04167, 0.123261, -0.0215886, 0.641391, 0.641396, 0.358604
7.05, 0.127625, -0.0145793, 0.64115, 0.641155, 0.358845
7.05833, 0.131894, -0.00757004, 0.640903, 0.640908, 0.359092
7.06667, 0.136073, -0.000560744, 0.64065, 0.640655, 0.359345
7.075, 0.140164, 0.00644855, 0.640391, 0.640396, 0.359604
7.08333, 0.14417, 0.0134578, 0.640125, 0.640131, 0.359869
7.09167, 0.148096, 0.0204671, 0.639854, 0.639859, 0.360141
7.1, 0.151944, 0.0274764, 0.639577, 0.639583, 0.360417
7.10833, 0.155715, 0.0344857, 0.639294, 0.6393, 0.3607
7.11667, 0.159414, 0.041495, 0.639006, 0.639012, 0.360988
7.125, 0.163043, 0.0485043, 0.638712, 0.638718, 0.361282
7.13333, 0.166602, 0.0555136, 0.638413, 0.638419, 0.361581
7.14167, 0.170096, 0.0625229, 0.638109, 0.638115, 0.361885
7.15, 0.173494, 0.0695322, 0.6378, 0.637806, 0.362194
7.15833, 0.176706, 0.0765415, 0.637485, 0.637492, 0.362508
7.16667, 0.179858, 0.0835508, 0.637166, 0.637173, 0.362827
7.175, 0.182952, 0.0905601, 0.636843, 0.636849, 0.363151
7.18333, 0.185989, 0.0975694, 0.636514, 0.636521, 0.363479
7.19167, 0.188971, 0.104579, 0.636181, 0.636188, 0.363812
7.2, 0.191898, 0.111588, 0.635844, 0.635851, 0.364149
7.20833, 0.194774, 0.118597, 0.635503, 0.63551, 0.36449
7.21667, 0.197599, 0.125607, 0.635158, 0.635165, 0.364835
7.225, 0.200374, 0.132616, 0.634809, 0.634816, 0.365184
7.23333, 0.203101, 0.139625, 0.634456, 0.634463, 0.365537
7.24167, 0.205781, 0.146634, 0.634099, 0.634107, 0.365893
7.25, 0.181747, 0.141027, 0.634071, 0.634071, 0.365929
7.2582, 0.159182, 0.134018, 0.634069, 0.634069, 0.365931
7.26639, 0.13981, 0.127008, 0.634066, 0.634066, 0.365934
7.27459, 0.122703, 0.119999, 0.63406, 0.63406, 0.36594
7.28279, 0.107308, 0.11299, 0.634049, 0.634049, 0.365951
7.29098, 0.0932621, 0.105981, 0.634033, 0.634033, 0.365967
7.29918, 0.0803146, 0.0989713, 0.634011, 0.634011, 0.365989
7.30738, 0.0682824, 0.091962, 0.633982, 0.633983, 0.366017
7.31557, 0.0570276, 0.0849527, 0.633948, 0.633948, 0.366052
7.32377, 0.046443, 0.0779434, 0.633906, 0.633906, 0.366094
7.33197, 0.0364439, 0.0709341, 0.633856, 0.633857, 0.366143
7.34016, 0.0269615, 0.0639248, 0.633799, 0.633801, 0.366199
7.34836, 0.0179393, 0.0569155, 0.633735, 0.633736, 0.366264
7.35656, 0.00933026, 0.0499062, 0.633663, 0.633665, 0.366335
7.36475, 0.00109469, 0.0428969, 0.633583, 0.633585, 0.366415
7.37295, -0.00680125, 0.0358876, 0.633496, 0.633497, 0.366503
7.38115, -0.0143867, 0.0288783, 0.6334, 0.633402, 0.366598
7.38934, -0.0216868, 0.021869, 0.633297, 0.633299, 0.366701
7.39754, -0.0287237, 0.0148597, 0.633186, 0.633188, 0.366812
7.40574, -0.0355169, 0.00785041, 0.633067, 0.633069, 0.366931
7.41393, -0.0420833, 0.000841115, 0.63294, 0.632943, 0.367057
7.42213, -0.0484384, -0.00616818, 0.632805, 0.632808, 0.367192
7.43033, -0.0545958, -0.0131775, 0.632663, 0.632666, 0.367334
7.43852, -0.0605677, -0.0201868, 0.632514, 0.632517, 0.367483
7.44672, -0.0663653, -0.0271961, 0.632356, 0.63236, 0.36764
7.45492, -0.0719984, -0.0342054, 0.632192, 0.632195, 0.367805
7.46311, -0.0774763, -0.0412147, 0.63202, 0.632023, 0.367977
7.47131, -0.0828072, -0.048224, 0.63184, 0.631844, 0.368156
7.47951, -0.0879988, -0.0552333, 0.631654, 0.631657, 0.368343
7.4877, -0.0930579, -0.0622425, 0.63146, 0.631464, 0.368536
7.4959, -0.0979911, -0.0692518, 0.631259, 0.631263, 0.368737
7.5041, -0.102804, -0.0762611, 0.631052, 0.631056, 0.368944
7.5123, -0.107503, -0.0832704, 0.630837, 0.630842, 0.369158
7.52049, -0.112092, -0.0902797, 0.630616, 0.630621, 0.369379
7.52869, -0.116576, -0.097289, 0.630388, 0.630393, 0.369607
7.53689, -0.120959, -0.104298, 0.630154, 0.630159, 0.369841
7.54508, -0.125247, -0.111308, 0.629913, 0.629918, 0.370082
7.55328, -0.129442, -0.118317, 0.629666, 0.629671, 0.370329
7.56148, -0.133547, -0.125326, 0.629413, 0.629418, 0.370582
7.56967, -0.137568, -0.132336, 0.629154, 0.629159, 0.370841
7.57787, -0.141505, -0.139345, 0.628889, 0.628894, 0.371106
7.58607, -0.145364, -0.146354, 0.628618, 0.628623, 0.371377
7.59426, -0.149145, -0.153363, 0.628341, 0.628347, 0.371653
7.60246, -0.152852, -0.160373, 0.628059, 0.628064, 0.371936
7.61066, -0.156488, -0.167382, 0.627771, 0.627777, 0.372223
7.61885, -0.160055, -0.174391, 0.627478, 0.627484, 0.372516
7.62705, -0.163554, -0.181401, 0.627179, 0.627185, 0.372815
7.63525, -0.166989, -0.18841, 0.626876, 0.626882, 0.373118
7.64344, -0.170291, -0.195419, 0.626567, 0.626573, 0.373427
7.65164, -0.173447, -0.202428, 0.626253, 0.62626, 0.37374
7.65984, -0.176544, -0.209438, 0.625935, 0.625942, 0.374058
7.66803, -0.179583, -0.216447, 0.625612, 0.625619, 0.374381
7.67623, -0.182567, -0.223456, 0.625285, 0.625291, 0.374709
7.68443, -0.185496, -0.230466, 0.624953, 0.62496, 0.37504
7.69262, -0.188373, -0.237475, 0.624617, 0.624624, 0.375376
7.70082, -0.191198, -0.244484, 0.624277, 0.624284, 0.375716
7.70902, -0.193973, -0.251494, 0.623933, 0.623939, 0.376061
7.71721, -0.1967, -0.258503, 0.623585, 0.623592, 0.376408
7.72541, -0.199379, -0.265512, 0.623233, 0.62324, 0.37676
7.73361, -0.202012, -0.272521, 0.622878, 0.622885, 0.377115
7.7418, -0.204601, -0.279531, 0.622519, 0.622526, 0.377474
7.75, -0.193703, -0.280372, 0.622324, 0.622324, 0.377676
7.75794, -0.169309, -0.273363, 0.622323, 0.622323, 0.377677
7.76587, -0.148781, -0.266353, 0.622321, 0.622321, 0.377679
7.77381, -0.130879, -0.259344, 0.622317, 0.622317, 0.377683
7.78175, -0.114906, -0.252335, 0.622308, 0.622308, 0.377692
7.78968, -0.100425, -0.245325, 0.622295, 0.622295, 0.377705
7.79762, -0.0871412, -0.238316, 0.622276, 0.622276, 0.377724
7.80556, -0.0748436, -0.231307, 0.622251, 0.622251, 0.377749
7.81349, -0.0633762, -0.224297, 0.622219, 0.62222, 0.37778
7.82143, -0.0526196, -0.217288, 0.622181, 0.622182, 0.377818
7.82937, -0.0424801, -0.210279, 0.622136, 0.622137, 0.377863
7.8373, -0.0328823, -0.20327, 0.622083, 0.622084, 0.377916
7.84524, -0.0237651, -0.19626, 0.622022, 0.622024, 0.377976
7.85317, -0.0150775, -0.189251, 0.621954, 0.621956, 0.378044
7.86111, -0.00677714, -0.182242, 0.621879, 0.62188, 0.37812
7.86905, 0.0011722, -0.175232, 0.621795, 0.621797, 0.378203
7.87698, 0.00880144, -0.168223, 0.621704, 0.621706, 0.378294
7.88492, 0.0161373, -0.161214, 0.621605, 0.621607, 0.378393
7.89286, 0.023203, -0.154205, 0.621498, 0.6215, 0.3785
7.90079, 0.0300189, -0.147195, 0.621384, 0.621386, 0.378614
7.90873, 0.0366032, -0.140186, 0.621261, 0.621264, 0.378736
7.91667, 0.0429716, -0.133177, 0.621131, 0.621134, 0.378866
7.9246, 0.0491384, -0.126167, 0.620993, 0.620996, 0.379004
7.93254, 0.0551165, -0.119158, 0.620848, 0.620851, 0.379149
7.94048, 0.0609172, -0.112149, 0.620695, 0.620698, 0.379302
7.94841, 0.066551, -0.105139, 0.620535, 0.620538, 0.379462
7.95635, 0.0720273, -0.0981301, 0.620368, 0.620371, 0.379629
7.96429, 0.0773547, -0.0911208, 0.620193, 0.620196, 0.379804
7.97222, 0.0825409, -0.0841115, 0.620011, 0.620014, 0.379986
7.98016, 0.0875932, -0.0771023, 0.619821, 0.619825, 0.380175
7.9881, 0.0925182, -0.070093, 0.619625, 0.619629, 0.380371
7.99603, 0.0973219, -0.0630837, 0.619422, 0.619426, 0.380574
8.00397, 0.10201, -0.0560744, 0.619212, 0.619216, 0.380784
8.0119, 0.106587, -0.0490651, 0.618995, 0.619, 0.381
8.01984, 0.111059, -0.0420558, 0.618772, 0.618776, 0.381224
8.02778, 0.11543, -0.0350465, 0.618542, 0.618547, 0.381453
8.03571, 0.119704, -0.0280372, 0.618306, 0.618311, 0.381689
8.04365, 0.123884, -0.0210279, 0.618063, 0.618068, 0.381932
8.05159, 0.127975, -0.0140186, 0.617815, 0.61782, 0.38218
8.05952, 0.13198, -0.0070093, 0.61756, 0.617565, 0.382435
8.06746, 0.135903, -4.65868e-19, 0.617299, 0.617304, 0.382696
8.0754, 0.139745, 0.0070093, 0.617032, 0.617038, 0.382962
8.08333, 0.14351, 0.0140186, 0.61676, 0.616766, 0.383234
8.09127, 0.147201, 0.0210279, 0.616482, 0.616488, 0.383512
8.09921, 0.15082, 0.0280372, 0.616199, 0.616204, 0.383796
8.10714, 0.15437, 0.0350465, 0.61591, 0.615915, 0.384085
8.11508, 0.157853, 0.0420558, 0.615615, 0.615621, 0.384379
8.12302, 0.16127, 0.0490651, 0.615316, 0.615322, 0.384678
8.13095, 0.164625, 0.0560744, 0.615012, 0.615018, 0.384982
8.13889, 0.167765, 0.0630837, 0.614702, 0.614709, 0.385291
8.14683, 0.170845, 0.070093, 0.614388, 0.614395, 0.385605
8.15476, 0.173866, 0.0771023, 0.61407, 0.614076, 0.385924
8.1627, 0.176832, 0.0841115, 0.613746, 0.613753, 0.386247
8.17063, 0.179744, 0.0911208, 0.613419, 0.613425, 0.386575
8.17857, 0.182603, 0.0981301, 0.613087, 0.613093, 0.386907
8.18651, 0.185411, 0.105139, 0.61275, 0.612757, 0.387243
8.19444, 0.188169, 0.112149, 0.61241, 0.612417, 0.387583
8.20238, 0.190878, 0.119158, 0.612066, 0.612073, 0.387927
8.21032, 0.19354, 0.126167, 0.611718, 0.611725, 0.388275
8.21825, 0.196156, 0.133177, 0.611367, 0.611374, 0.388626
8.22619, 0.198727, 0.140186, 0.611012, 0.611019, 0.388981
8.23413, 0.201254, 0.147195, 0.610654, 0.610661, 0.389339
8.24206, 0.203739, 0.154205, 0.610292, 0.610299, 0.389701
8.25, 0.204352, 0.160373, 0.609957, 0.609957, 0.390043
8.25758, 0.178411, 0.153363, 0.609957, 0.609957, 0.390043
8.26515, 0.156922, 0.146354, 0.609955, 0.609955, 0.390045
8.27273, 0.138394, 0.139345, 0.609952, 0.609952, 0.390048
8.2803, 0.121988, 0.132336, 0.609945, 0.609945, 0.390055
8.28788, 0.107196, 0.125326, 0.609934, 0.609934, 0.390066
8.29545, 0.0936812, 0.118317, 0.609917, 0.609917, 0.390083
8.30303, 0.0812102, 0.111308, 0.609894, 0.609895, 0.390105
8.31061, 0.069611, 0.104298, 0.609865, 0.609866, 0.390134
8.31818, 0.0587537, 0.097289, 0.60983, 0.60983, 0.39017
8.32576, 0.0485373, 0.0902797, 0.609787, 0.609788, 0.390212
8.33333, 0.0388813, 0.0832704, 0.609737, 0.609738, 0.390262
8.34091, 0.0297206, 0.0762611, 0.609679, 0.609681, 0.390319
8.34848, 0.0210015, 0.0692518, 0.609614, 0.609616, 0.390384
8.35606, 0.0126791, 0.0622425, 0.609542, 0.609543, 0.390457
8.36364, 0.00471564, 0.0552333, 0.609461, 0.609463, 0.390537
8.37121, -0.00292124, 0.048224, 0.609373, 0.609375, 0.390625
8.37879, -0.0102593, 0.0412147, 0.609278, 0.609279, 0.390721
8.38636, -0.0173228, 0.0342054, 0.609174, 0.609176, 0.390824
8.39394, -0.0241328, 0.0271961, 0.609062, 0.609065, 0.390935
8.40152, -0.0307078, 0.0201868, 0.608943, 0.608946, 0.391054
8.40909, -0.0370644, 0.0131775, 0.608817, 0.608819, 0.391181
8.41667, -0.0432172, 0.00616818, 0.608682, 0.608685, 0.391315
8.42424, -0.0491792, -0.000841115, 0.60854, 0.608543, 0.391457
8.43182, -0.0549623, -0.00785041, 0.608391, 0.608394, 0.391606
8.43939, -0.0605772, -0.0148597, 0.608234, 0.608237, 0.391763
8.44697, -0.0660333, -0.021869, 0.608069, 0.608073, 0.391927
8.45455, -0.0713395, -0.0288783, 0.607898, 0.607901, 0.392099
8.46212, -0.0765038, -0.0358876, 0.607719, 0.607723, 0.392277
8.4697, -0.0815335, -0.0428969, 0.607533, 0.607537, 0.392463
8.47727, -0.0864352, -0.0499062, 0.60734, 0.607344, 0.392656
8.48485, -0.0912152, -0.0569155, 0.607141, 0.607145, 0.392855
8.49242, -0.0958792, -0.0639248, 0.606934, 0.606938, 0.393062
8.5, -0.100432, -0.0709341, 0.606721, 0.606725, 0.393275
8.50758, -0.10488, -0.0779434, 0.6065, 0.606505, 0.393495
8.51515, -0.109226, -0.0849527, 0.606274, 0.606279, 0.393721
8.52273, -0.113474, -0.091962, 0.606041, 0.606046, 0.393954
8.5303, -0.11763, -0.0989713, 0.605802, 0.605807, 0.394193
8.53788, -0.121696, -0.105981, 0.605556, 0.605561, 0.394439
8.54545, -0.125676, -0.11299, 0.605305, 0.60531, 0.39469
8.55303, -0.129573, -0.119999, 0.605047, 0.605052, 0.394948
8.56061, -0.133391, -0.127008, 0.604784, 0.604789, 0.395211
8.56818, -0.137131, -0.134018, 0.604515, 0.60452, 0.39548
8.57576, -0.140797, -0.141027, 0.60424, 0.604245, 0.395755
8.58333, -0.144392, -0.148036, 0.603959, 0.603965, 0.396035
8.59091, -0.147917, -0.155046, 0.603674, 0.603679, 0.396321
8.59848, -0.151375, -0.162055, 0.603382, 0.603388, 0.396612
8.60606, -0.154768, -0.169064, 0.603086, 0.603092, 0.396908
8.61364, -0.158098, -0.176074, 0.602785, 0.602791, 0.397209
8.62121, -0.161274, -0.183083, 0.602479, 0.602485, 0.397515
8.62879, -0.164329, -0.190092, 0.602167, 0.602174, 0.397826
8.63636, -0.167328, -0.197101, 0.601852, 0.601858, 0.398142
8.64394, -0.17027, -0.204111, 0.601531, 0.601538, 0.398462
8.65152, -0.173159, -0.21112, 0.601206, 0.601213, 0.398787
8.65909, -0.175995, -0.218129, 0.600877, 0.600884, 0.399116
8.66667, -0.17878, -0.225139, 0.600544, 0.60055, 0.39945
8.67424, -0.181515, -0.232148, 0.600206, 0.600213, 0.399787
8.68182, -0.184202, -0.239157, 0.599865, 0.599871, 0.400129
8.68939, -0.186842, -0.246166, 0.599519, 0.599526, 0.400474
8.69697, -0.189436, -0.253176, 0.59917, 0.599177, 0.400823
8.70455, -0.191985, -0.260185, 0.598818, 0.598825, 0.401175
8.71212, -0.194491, -0.267194, 0.598462, 0.598469, 0.401531
8.7197, -0.196954, -0.274204, 0.598103, 0.59811, 0.40189
8.72727, -0.199375, -0.281213, 0.59774, 0.597748, 0.402252
8.73485, -0.201757, -0.288222, 0.597375, 0.597382, 0.402618
8.74242, -0.204099, -0.295232, 0.597007, 0.597014, 0.402986
8.75, -0.201594, -0.299998, 0.596703, 0.596703, 0.403297
8.75725, -0.17653, -0.292989, 0.596703, 0.596703, 0.403297
8.76449, -0.15572, -0.285979, 0.596701, 0.596701, 0.403299
8.77174, -0.13772, -0.27897, 0.596697, 0.596697, 0.403303
8.77899, -0.121748, -0.271961, 0.59669, 0.59669, 0.40331
8.78623, -0.107325, -0.264951, 0.596678, 0.596678, 0.403322
8.79348, -0.0941335, -0.257942, 0.596661, 0.596661, 0.403339
8.80072, -0.0819503, -0.250933, 0.596637, 0.596638, 0.403362
8.80797, -0.0706112, -0.243923, 0.596608, 0.596608, 0.403392
8.81522, -0.0599915, -0.236914, 0.596571, 0.596572, 0.403428
8.82246, -0.0499941, -0.229905, 0.596528, 0.596529, 0.403471
8.82971, -0.0405414, -0.222896, 0.596477, 0.596478, 0.403522
8.83696, -0.0315706, -0.215886, 0.596419, 0.59642, 0.40358
8.8442, -0.0230297, -0.208877, 0.596353, 0.596355, 0.403645
8.85145, -0.0148755, -0.201868, 0.59628, 0.596282, 0.403718
8.8587, -0.0070711, -0.194858, 0.596199, 0.596201, 0.403799
8.86594, 0.000414668, -0.187849, 0.59611, 0.596112, 0.403888
8.87319, 0.00760884, -0.18084, 0.596014, 0.596016, 0.403984
8.88043, 0.0145349, -0.173831, 0.59591, 0.595912, 0.404088
8.88768, 0.0212133, -0.166821, 0.595798, 0.5958, 0.4042
8.89493, 0.0276622, -0.159812, 0.595678, 0.595681, 0.404319
8.90217, 0.0338976, -0.152803, 0.595551, 0.595554, 0.404446
8.90942, 0.0399337, -0.145793, 0.595417, 0.595419, 0.404581
8.91667, 0.0457833, -0.138784, 0.595274, 0.595277, 0.404723
8.92391, 0.0514579, -0.131775, 0.595125, 0.595128, 0.404872
8.93116, 0.0569678, -0.124765, 0.594968, 0.594971, 0.405029
8.93841, 0.0623225, -0.117756, 0.594803, 0.594807, 0.405193
8.94565, 0.0675304, -0.110747, 0.594632, 0.594635, 0.405365
8.9529, 0.0725994, -0.103738, 0.594453, 0.594456, 0.405544
8.96014, 0.0775366, -0.0967283, 0.594267, 0.594271, 0.405729
8.96739, 0.0823485, -0.089719, 0.594074, 0.594078, 0.405922
8.97464, 0.0870412, -0.0827097, 0.593875, 0.593879, 0.406121
8.98188, 0.0916202, -0.0757004, 0.593668, 0.593672, 0.406328
8.98913, 0.0960907, -0.0686911, 0.593455, 0.593459, 0.406541
8.99638, 0.100457, -0.0616818, 0.593235, 0.59324, 0.40676
9.00362, 0.104725, -0.0546725, 0.593009, 0.593014, 0.406986
9.01087, 0.108897, -0.0476632, 0.592777, 0.592781, 0.407219
9.01812, 0.112978, -0.0406539, 0.592538, 0.592543, 0.407457
9.02536, 0.116971, -0.0336446, 0.592293, 0.592298, 0.407702
9.03261, 0.12088, -0.0266353, 0.592042, 0.592047, 0.407953
9.03986, 0.124708, -0.019626, 0.591785, 0.59179, 0.40821
9.0471, 0.128457, -0.0126167, 0.591522, 0.591528, 0.408472
9.05435, 0.132131, -0.00560744, 0.591254, 0.591259, 0.408741
9.06159, 0.135732, 0.00140186, 0.59098, 0.590985, 0.409015
9.06884, 0.139263, 0.00841115, 0.5907, 0.590706, 0.409294
9.07609, 0.142725, 0.0154205, 0.590415, 0.590421, 0.409579
9.08333, 0.146122, 0.0224297, 0.590125, 0.590131, 0.409869
9.09058, 0.149456, 0.029439, 0.58983, 0.589836, 0.410164
9.09783, 0.152728, 0.0364483, 0.589529, 0.589535, 0.410465
9.10507, 0.15583, 0.0434576, 0.589224, 0.58923, 0.41077
9.11232, 0.158829, 0.0504669, 0.588914, 0.58892, 0.41108
9.11957, 0.161772, 0.0574762, 0.588599, 0.588605, 0.411395
9.12681, 0.16466, 0.0644855, 0.58828, 0.588286, 0.411714
9.13406, 0.167496, 0.0714948, 0.587956, 0.587962, 0.412038
9.1413, 0.17028, 0.0785041, 0.587628, 0.587634, 0.412366
9.14855, 0.173013, 0.0855134, 0.587296, 0.587302, 0.412698
9.1558, 0.175698, 0.0925227, 0.586959, 0.586966, 0.413034
9.16304, 0.178335, 0.099532, 0.586619, 0.586626, 0.413374
9.17029, 0.180927, 0.106541, 0.586275, 0.586282, 0.413718
9.17754, 0.183473, 0.113551, 0.585927, 0.585934, 0.414066
9.18478, 0.185975, 0.12056, 0.585576, 0.585583, 0.414417
9.19203, 0.188434, 0.127569, 0.585221, 0.585228, 0.414772
9.19928, 0.190852, 0.134578, 0.584863, 0.58487, 0.41513
9.20652, 0.193229, 0.141588, 0.584502, 0.584509, 0.415491
9.21377, 0.195567, 0.148597, 0.584138, 0.584145, 0.415855
9.22101, 0.197865, 0.155606, 0.583771, 0.583778, 0.416222
9.22826, 0.200126, 0.162616, 0.583401, 0.583409, 0.416591
9.23551, 0.202347, 0.169625, 0.583029, 0.583037, 0.416963
9.24275, 0.204528, 0.176634, 0.582656, 0.582663, 0.417337
9.25, 0.197865, 0.179438, 0.582401, 0.582401, 0.417599
9.25694, 0.173834, 0.172429, 0.5824, 0.5824, 0.4176
9.26389, 0.153762, 0.165419, 0.582399, 0.582399, 0.417601
9.27083, 0.136337, 0.15841, 0.582394, 0.582395, 0.417605
9.27778, 0.120838, 0.151401, 0.582386, 0.582387, 0.417613
9.28472, 0.106818, 0.144391, 0.582374, 0.582374, 0.417626
9.29167, 0.0939797, 0.137382, 0.582356, 0.582356, 0.417644
9.29861, 0.0821105, 0.130373, 0.582332, 0.582332, 0.417668
9.30556, 0.0710548, 0.123364, 0.582301, 0.582302, 0.417698
9.3125, 0.0606939, 0.116354, 0.582264, 0.582265, 0.417735
9.31944, 0.0509349, 0.109345, 0.582219, 0.58222, 0.41778
9.32639, 0.0417034, 0.102336, 0.582168, 0.582169, 0.417831
9.33333, 0.032939, 0.0953264, 0.582109, 0.58211, 0.41789
9.34028, 0.0245919, 0.0883171, 0.582042, 0.582044, 0.417956
9.34722, 0.0166203, 0.0813078, 0.581968, 0.58197, 0.41803
9.35417, 0.00898866, 0.0742985, 0.581886, 0.581888, 0.418112
9.36111, 0.00166689, 0.0672892, 0.581797, 0.581799, 0.418201
9.36806, -0.00537117, 0.0602799, 0.5817, 0.581702, 0.418298
9.375, -0.0121482, 0.0532706, 0.581595, 0.581597, 0.418403
9.38194, -0.0186841, 0.0462614, 0.581483, 0.581485, 0.418515
9.38889, -0.0249963, 0.0392521, 0.581363, 0.581365, 0.418635
9.39583, -0.0311004, 0.0322428, 0.581235, 0.581238, 0.418762
9.40278, -0.0370102, 0.0252335, 0.5811, 0.581103, 0.418897
9.40972, -0.0427381, 0.0182242, 0.580957, 0.58096, 0.41904
9.41667, -0.0482953, 0.0112149, 0.580807, 0.58081, 0.41919
9.42361, -0.0536918, 0.00420558, 0.58065, 0.580653, 0.419347
9.43056, -0.0589367, -0.00280372, 0.580485, 0.580488, 0.419512
9.4375, -0.0640384, -0.00981301, 0.580313, 0.580317, 0.419683
9.44444, -0.0690044, -0.0168223, 0.580134, 0.580138, 0.419862
9.45139, -0.0738417, -0.0238316, 0.579949, 0.579952, 0.420048
9.45833, -0.0785565, -0.0308409, 0.579756, 0.57976, 0.42024
9.46528, -0.0831549, -0.0378502, 0.579556, 0.57956, 0.42044
9.47222, -0.0876422, -0.0448595, 0.57935, 0.579354, 0.420646
9.47917, -0.0920235, -0.0518688, 0.579137, 0.579141, 0.420859
9.48611, -0.0963033, -0.0588781, 0.578917, 0.578922, 0.421078
9.49306, -0.100486, -0.0658874, 0.578691, 0.578696, 0.421304
9.5, -0.104576, -0.0728967, 0.578459, 0.578464, 0.421536
9.50694, -0.108576, -0.079906, 0.578221, 0.578226, 0.421774
9.51389, -0.11249, -0.0869153, 0.577976, 0.577981, 0.422019
9.52083, -0.116322, -0.0939246, 0.577726, 0.577731, 0.422269
9.52778, -0.120075, -0.100934, 0.577469, 0.577474, 0.422526
9.53472, -0.123751, -0.107943, 0.577207, 0.577212, 0.422788
9.54167, -0.127353, -0.114952, 0.576939, 0.576944, 0.423056
9.54861, -0.130884, -0.121962, 0.576665, 0.576671, 0.423329
9.55556, -0.134346, -0.128971, 0.576386, 0.576392, 0.423608
9.5625, -0.137742, -0.13598, 0.576102, 0.576108, 0.423892
9.56944, -0.141073, -0.14299, 0.575813, 0.575818, 0.424182
9.57639, -0.144342, -0.149999, 0.575518, 0.575524, 0.424476
9.58333, -0.14755, -0.157008, 0.575218, 0.575224, 0.424776
9.59028, -0.150569, -0.164018, 0.574914, 0.57492, 0.42508
9.59722, -0.153507, -0.171027, 0.574605, 0.574611, 0.425389
9.60417, -0.156391, -0.178036, 0.574291, 0.574297, 0.425703
9.61111, -0.159221, -0.185045, 0.573972, 0.573978, 0.426022
9.61806, -0.161999, -0.192055, 0.573649, 0.573656, 0.426344
9.625, -0.164726, -0.199064, 0.573322, 0.573329, 0.426671
9.63194, -0.167404, -0.206073, 0.572991, 0.572997, 0.427003
9.63889, -0.170035, -0.213083, 0.572655, 0.572662, 0.427338
9.64583, -0.172619, -0.220092, 0.572316, 0.572323, 0.427677
9.65278, -0.175158, -0.227101, 0.571973, 0.57198, 0.42802
9.65972, -0.177652, -0.23411, 0.571626, 0.571633, 0.428367
9.66667, -0.180104, -0.24112, 0.571276, 0.571283, 0.428717
9.67361, -0.182514, -0.248129, 0.570922, 0.570929, 0.429071
9.68056, -0.184883, -0.255138, 0.570565, 0.570572, 0.429428
9.6875, -0.187212, -0.262148, 0.570205, 0.570212, 0.429788
9.69444, -0.189502, -0.269157, 0.569842, 0.569849, 0.430151
9.70139, -0.191754, -0.276166, 0.569475, 0.569483, 0.430517
9.70833, -0.193969, -0.283176, 0.569107, 0.569114, 0.430886
9.71528, -0.196147, -0.290185, 0.568735, 0.568743, 0.431257
9.72222, -0.198286, -0.297194, 0.568362, 0.56837, 0.43163
9.72917, -0.200387, -0.304203, 0.567987, 0.567995, 0.432005
9.73611, -0.202451, -0.311213, 0.567611, 0.567618, 0.432382
9.74306, -0.204478, -0.318222, 0.567233, 0.567241, 0.432759
9.75, -0.200128, -0.322147, 0.566945, 0.566945, 0.433055
9.75658, -0.176047, -0.315138, 0.566945, 0.566945, 0.433055
9.76316, -0.156027, -0.308129, 0.566943, 0.566943, 0.433057
9.76974, -0.138703, -0.301119, 0.566939, 0.566939, 0.433061
9.77632, -0.123327, -0.29411, 0.566932, 0.566932, 0.433068
9.78289, -0.10944, -0.287101, 0.566919, 0.56692, 0.43308
9.78947, -0.0967378, -0.280091, 0.566902, 0.566902, 0.433098
9.79605, -0.0850053, -0.273082, 0.566878, 0.566879, 0.433121
9.80263, -0.0740852, -0.266073, 0.566848, 0.566849, 0.433151
9.80921, -0.0638576, -0.259064, 0.566812, 0.566812, 0.433188
9.81579, -0.054229, -0.252054, 0.566768, 0.566769, 0.433231
9.82237, -0.045125, -0.245045, 0.566717, 0.566718, 0.433282
9.82895, -0.036485, -0.238036, 0.566659, 0.56666, 0.43334
9.83553, -0.028259, -0.231026, 0.566593, 0.566595, 0.433405
9.84211, -0.0204052, -0.224017, 0.56652, 0.566522, 0.433478
9.84868, -0.0128884, -0.217008, 0.566439, 0.566441, 0.433559
9.85526, -0.00567846, -0.209999, 0.566351, 0.566353, 0.433647
9.86184, 0.0012507, -0.202989, 0.566255, 0.566257, 0.433743
9.86842, 0.00792165, -0.19598, 0.566151, 0.566153, 0.433847
9.875, 0.0143541, -0.188971, 0.56604, 0.566042, 0.433958
9.88158, 0.0205656, -0.181961, 0.565921, 0.565924, 0.434076
9.88816, 0.0265714, -0.174952, 0.565795, 0.565797, 0.434203
9.89474, 0.0323853, -0.167943, 0.565661, 0.565664, 0.434336
9.90132, 0.0380196, -0.160933, 0.56552, 0.565523, 0.434477
9.90789, 0.0434854, -0.153924, 0.565371, 0.565374, 0.434626
9.91447, 0.0487926, -0.146915, 0.565215, 0.565218, 0.434782
9.92105, 0.0539503, -0.139906, 0.565052, 0.565056, 0.434944
9.92763, 0.0589667, -0.132896, 0.564882, 0.564885, 0.435115
9.93421, 0.0638493, -0.125887, 0.564705, 0.564708, 0.435292
9.94079, 0.068605, -0.118878, 0.564521, 0.564524, 0.435476
9.94737, 0.0732401, -0.111868, 0.56433, 0.564333, 0.435667
9.95395, 0.0777603, -0.104859, 0.564132, 0.564136, 0.435864
9.96053, 0.0821711, -0.0978498, 0.563927, 0.563931, 0.436069
9.96711, 0.0864774, -0.0908405, 0.563716, 0.56372, 0.43628
9.97368, 0.0906838, -0.0838312, 0.563499, 0.563503, 0.436497
9.98026, 0.0947945, -0.0768219, 0.563275, 0.563279, 0.436721
9.98684, 0.0988136, -0.0698126, 0.563044, 0.563049, 0.436951
9.99342, 0.102745, -0.0628033, 0.562808, 0.562813, 0.437187
10, 0.106591, -0.055794, 0.562566, 0.56257, 0.43743
10.0066, 0.110357, -0.0487847, 0.562317, 0.562322, 0.437678
10.0132, 0.114044, -0.0417754, 0.562063, 0.562068, 0.437932
10.0197, 0.117656, -0.0347661, 0.561803, 0.561808, 0.438192
10.0263, 0.121195, -0.0277568, 0.561537, 0.561542, 0.438458
10.0329, 0.124664, -0.0207475, 0.561266, 0.561271, 0.438729
10.0395, 0.128066, -0.0137382, 0.560989, 0.560995, 0.439005
10.0461, 0.131401, -0.00672892, 0.560707, 0.560713, 0.439287
10.0526, 0.134674, 0.000280372, 0.56042, 0.560426, 0.439574
10.0592, 0.137885, 0.00728967, 0.560128, 0.560134, 0.439866
10.0658, 0.141037, 0.014299, 0.559831, 0.559837, 0.440163
10.0724, 0.144013, 0.0213083, 0.559528, 0.559534, 0.440466
10.0789, 0.146896, 0.0283176, 0.559222, 0.559228, 0.440772
10.0855, 0.149726, 0.0353269, 0.55891, 0.558916, 0.441084
10.0921, 0.152503, 0.0423361, 0.558594, 0.5586, 0.4414
10.0987, 0.155229, 0.0493454, 0.558274, 0.55828, 0.44172
10.1053, 0.157905, 0.0563547, 0.557949, 0.557955, 0.442045
10.1118, 0.160533, 0.063364, 0.55762, 0.557627, 0.442373
10.1184, 0.163114, 0.0703733, 0.557287, 0.557294, 0.442706
10.125, 0.165649, 0.0773826, 0.55695, 0.556957, 0.443043
10.1316, 0.16814, 0.0843919, 0.55661, 0.556617, 0.443383
10.1382, 0.170587, 0.0914012, 0.556265, 0.556272, 0.443728
10.1447, 0.172992, 0.0984105, 0.555918, 0.555925, 0.444075
10.1513, 0.175356, 0.10542, 0.555566, 0.555573, 0.444427
10.1579, 0.17768, 0.112429, 0.555212, 0.555219, 0.444781
10.1645, 0.179964, 0.119438, 0.554854, 0.554861, 0.445139
10.1711, 0.18221, 0.126448, 0.554493, 0.554501, 0.445499
10.1776, 0.184419, 0.133457, 0.55413, 0.554137, 0.445863
10.1842, 0.186591, 0.140466, 0.553763, 0.553771, 0.446229
10.1908, 0.188728, 0.147476, 0.553394, 0.553401, 0.446599
10.1974, 0.19083, 0.154485, 0.553023, 0.55303, 0.44697
10.2039, 0.192894, 0.161494, 0.552649, 0.552657, 0.447343
10.2105, 0.194921, 0.168503, 0.552274, 0.552282, 0.447718
10.2171, 0.196913, 0.175513, 0.551898, 0.551906, 0.448094
10.2237, 0.19887, 0.182522, 0.551521, 0.551528, 0.448472
10.2303, 0.200792, 0.189531, 0.551142, 0.55115, 0.44885
10.2368, 0.202682, 0.196541, 0.550762, 0.55077, 0.44923
10.2434, 0.204538, 0.20355, 0.550382, 0.550389, 0.449611
10.25, 0.200741, 0.207756, 0.550085, 0.550085, 0.449915
10.2562, 0.17708, 0.200746, 0.550084, 0.550084, 0.449916
10.2623, 0.157394, 0.193737, 0.550083, 0.550083, 0.449917
10.2685, 0.140374, 0.186728, 0.550079, 0.550079, 0.449921
10.2747, 0.125276, 0.179718, 0.550071, 0.550071, 0.449929
10.2809, 0.111646, 0.172709, 0.550059, 0.550059, 0.449941
10.287, 0.0991831, 0.1657, 0.550041, 0.550042, 0.449958
10.2932, 0.0876749, 0.15869, 0.550018, 0.550018, 0.449982
10.2994, 0.0769658, 0.151681, 0.549988, 0.549989, 0.450011
10.3056, 0.0669376, 0.144672, 0.549951, 0.549952, 0.450048
10.3117, 0.0574983, 0.137663, 0.549908, 0.549909, 0.450091
10.3179, 0.0485744, 0.130653, 0.549857, 0.549858, 0.450142
10.3241, 0.0401062, 0.123644, 0.549799, 0.549801, 0.450199
10.3302, 0.0320445, 0.116635, 0.549734, 0.549735, 0.450265
10.3364, 0.0243484, 0.109625, 0.549661, 0.549663, 0.450337
10.3426, 0.016983, 0.102616, 0.549581, 0.549582, 0.450418
10.3488, 0.00991868, 0.0956068, 0.549493, 0.549494, 0.450506
10.3549, 0.00312991, 0.0885975, 0.549397, 0.549399, 0.450601
10.3611, -0.00340555, 0.0815882, 0.549294, 0.549296, 0.450704
10.3673, -0.0097071, 0.0745789, 0.549183, 0.549185, 0.450815
10.3735, -0.0157919, 0.0675696, 0.549065, 0.549067, 0.450933
10.3796, -0.021675, 0.0605603, 0.548939, 0.548942, 0.451058
10.3858, -0.0273699, 0.053551, 0.548806, 0.548809, 0.451191
10.392, -0.0328888, 0.0465417, 0.548666, 0.548669, 0.451331
10.3981, -0.0382425, 0.0395324, 0.548518, 0.548521, 0.451479
10.4043, -0.0434407, 0.0325231, 0.548363, 0.548366, 0.451634
10.4105, -0.0484924, 0.0255138, 0.548201, 0.548204, 0.451796
10.4167, -0.0534056, 0.0185045, 0.548032, 0.548035, 0.451965
10.4228, -0.0581877, 0.0114952, 0.547855, 0.547859, 0.452141
10.429, -0.0628454, 0.00448595, 0.547672, 0.547676, 0.452324
10.4352, -0.0673849, -0.00252335, 0.547482, 0.547486, 0.452514
10.4414, -0.071812, -0.00953264, 0.547286, 0.54729, 0.45271
10.4475, -0.0761318, -0.0165419, 0.547082, 0.547087, 0.452913
10.4537, -0.0803492, -0.0235512, 0.546873, 0.546877, 0.453123
10.4599, -0.0844687, -0.0305605, 0.546656, 0.546661, 0.453339
10.466, -0.0884946, -0.0375698, 0.546434, 0.546438, 0.453562
10.4722, -0.0924307, -0.0445791, 0.546205, 0.54621, 0.45379
10.4784, -0.0962806, -0.0515884, 0.54597, 0.545975, 0.454025
10.4846, -0.100048, -0.0585977, 0.545729, 0.545734, 0.454266
10.4907, -0.103735, -0.065607, 0.545482, 0.545487, 0.454513
10.4969, -0.107346, -0.0726163, 0.545229, 0.545234, 0.454766
10.5031, -0.110884, -0.0796256, 0.544971, 0.544976, 0.455024
10.5093, -0.11435, -0.0866349, 0.544707, 0.544712, 0.455288
10.5154, -0.117747, -0.0936442, 0.544437, 0.544443, 0.455557
10.5216, -0.121078, -0.100653, 0.544162, 0.544168, 0.455832
10.5278, -0.124345, -0.107663, 0.543882, 0.543888, 0.456112
10.534, -0.12755, -0.114672, 0.543597, 0.543602, 0.456398
10.5401, -0.130695, -0.121681, 0.543306, 0.543312, 0.456688
10.5463, -0.133782, -0.128691, 0.543011, 0.543017, 0.456983
10.5525, -0.136697, -0.1357, 0.54271, 0.542716, 0.457284
10.5586, -0.139518, -0.142709, 0.542405, 0.542411, 0.457589
10.5648, -0.142285, -0.149719, 0.542095, 0.542102, 0.457898
10.571, -0.145002, -0.156728, 0.541781, 0.541788, 0.458212
10.5772, -0.147668, -0.163737, 0.541463, 0.541469, 0.458531
10.5833, -0.150286, -0.170746, 0.54114, 0.541146, 0.458854
10.5895, -0.152856, -0.177756, 0.540813, 0.540819, 0.459181
10.5957, -0.155381, -0.184765, 0.540482, 0.540488, 0.459512
10.6019, -0.157861, -0.191774, 0.540147, 0.540153, 0.459847
10.608, -0.160297, -0.198784, 0.539808, 0.539815, 0.460185
10.6142, -0.16269, -0.205793, 0.539465, 0.539472, 0.460528
10.6204, -0.165042, -0.212802, 0.539119, 0.539126, 0.460874
10.6265, -0.167354, -0.219812, 0.53877, 0.538777, 0.461223
10.6327, -0.169627, -0.226821, 0.538417, 0.538424, 0.461576
10.6389, -0.171861, -0.23383, 0.538061, 0.538068, 0.461932
10.6451, -0.174057, -0.240839, 0.537702, 0.537709, 0.462291
10.6512, -0.176217, -0.247849, 0.53734, 0.537347, 0.462653
10.6574, -0.178342, -0.254858, 0.536975, 0.536982, 0.463018
10.6636, -0.180431, -0.261867, 0.536607, 0.536615, 0.463385
10.6698, -0.182487, -0.268877, 0.536237, 0.536245, 0.463755
10.6759, -0.184508, -0.275886, 0.535865, 0.535872, 0.464128
10.6821, -0.186495, -0.282895, 0.535491, 0.535498, 0.464502
10.6883, -0.188447, -0.289904, 0.535115, 0.535122, 0.464878
10.6944, -0.190364, -0.296914, 0.534738, 0.534745, 0.465255
10.7006, -0.192248, -0.303923, 0.534359, 0.534367, 0.465633
10.7068, -0.1941, -0.310932, 0.53398, 0.533987, 0.466013
10.713, -0.195919, -0.317942, 0.533599, 0.533607, 0.466393
10.7191, -0.197707, -0.324951, 0.533218, 0.533226, 0.466774
10.7253, -0.199465, -0.33196, 0.532837, 0.532844, 0.467156
10.7315, -0.201192, -0.33897, 0.532455, 0.532462, 0.467538
10.7377, -0.202891, -0.345979, 0.532072, 0.53208, 0.46792
10.7438, -0.20456, -0.352988, 0.53169, 0.531697, 0.468303
10.75, -0.202928, -0.358315, 0.531361, 0.531361, 0.468639
10.7557, -0.179413, -0.351306, 0.531361, 0.531361, 0.468639
10.7614, -0.159841, -0.344297, 0.531359, 0.531359, 0.468641
10.767, -0.142981, -0.337287, 0.531355, 0.531356, 0.468644
10.7727, -0.128061, -0.330278, 0.531348, 0.531348, 0.468652
10.7784, -0.114615, -0.323269, 0.531336, 0.531337, 0.468663
10.7841, -0.102337, -0.316259, 0.531319, 0.53132, 0.46868
10.7898, -0.091011, -0.30925, 0.531296, 0.531297, 0.468703
10.7955, -0.0804799, -0.302241, 0.531267, 0.531268, 0.468732
10.8011, -0.0706252, -0.295232, 0.531231, 0.531232, 0.468768
10.8068, -0.0613544, -0.288222, 0.531188, 0.531189, 0.468811
10.8125, -0.052594, -0.281213, 0.531138, 0.531139, 0.468861
10.8182, -0.0442844, -0.274204, 0.531081, 0.531082, 0.468918
10.8239, -0.0363766, -0.267194, 0.531017, 0.531018, 0.468982
10.8295, -0.0288297, -0.260185, 0.530945, 0.530946, 0.469054
10.8352, -0.0216091, -0.253176, 0.530865, 0.530867, 0.469133
10.8409, -0.0146854, -0.246166, 0.530778, 0.53078, 0.46922
10.8466, -0.00803316, -0.239157, 0.530684, 0.530686, 0.469314
10.8523, -0.00163044, -0.232148, 0.530582, 0.530584, 0.469416
10.858, 0.00454204, -0.225139, 0.530473, 0.530475, 0.469525
10.8636, 0.0105012, -0.218129, 0.530356, 0.530358, 0.469642
10.8693, 0.0162621, -0.21112, 0.530231, 0.530234, 0.469766
10.875, 0.021838, -0.204111, 0.5301, 0.530102, 0.469898
10.8807, 0.0272408, -0.197101, 0.529961, 0.529963, 0.470037
10.8864, 0.0324813, -0.190092, 0.529814, 0.529817, 0.470183
10.892, 0.0375692, -0.183083, 0.529661, 0.529664, 0.470336
10.8977, 0.0425132, -0.176074, 0.5295, 0.529504, 0.470496
10.9034, 0.0473212, -0.169064, 0.529333, 0.529336, 0.470664
10.9091, 0.0520006, -0.162055, 0.529158, 0.529162, 0.470838
10.9148, 0.0565579, -0.155046, 0.528977, 0.528981, 0.471019
10.9205, 0.0609993, -0.148036, 0.528789, 0.528793, 0.471207
10.9261, 0.0653304, -0.141027, 0.528594, 0.528598, 0.471402
10.9318, 0.0695563, -0.134018, 0.528393, 0.528397, 0.471603
10.9375, 0.0736818, -0.127008, 0.528185, 0.528189, 0.471811
10.9432, 0.0777114, -0.119999, 0.527971, 0.527975, 0.472025
10.9489, 0.0816492, -0.11299, 0.52775, 0.527755, 0.472245
10.9545, 0.085499, -0.105981, 0.527524, 0.527528, 0.472472
10.9602, 0.0892644, -0.0989713, 0.527291, 0.527295, 0.472705
10.9659, 0.0929487, -0.091962, 0.527052, 0.527057, 0.472943
10.9716, 0.0965551, -0.0849527, 0.526807, 0.526812, 0.473188
10.9773, 0.100086, -0.0779434, 0.526557, 0.526562, 0.473438
10.983, 0.103546, -0.0709341, 0.5263, 0.526306, 0.473694
10.9886, 0.106935, -0.0639248, 0.526039, 0.526044, 0.473956
10.9943, 0.110257, -0.0569155, 0.525771, 0.525777, 0.474223
11, 0.113514, -0.0499062, 0.525499, 0.525504, 0.474496
11.0057, 0.116709, -0.0428969, 0.525221, 0.525226, 0.474774
11.0114, 0.119843, -0.0358876, 0.524938, 0.524943, 0.475057
11.017, 0.122918, -0.0288783, 0.52465, 0.524655, 0.475345
11.0227, 0.125936, -0.021869, 0.524357, 0.524362, 0.475638
11.0284, 0.128795, -0.0148597, 0.524059, 0.524065, 0.475935
11.0341, 0.13155, -0.00785041, 0.523756, 0.523762, 0.476238
11.0398, 0.134253, -0.000841115, 0.523449, 0.523455, 0.476545
11.0455, 0.136905, 0.00616818, 0.523137, 0.523143, 0.476857
11.0511, 0.139509, 0.0131775, 0.522821, 0.522827, 0.477173
11.0568, 0.142064, 0.0201868, 0.5225, 0.522507, 0.477493
11.0625, 0.144574, 0.0271961, 0.522176, 0.522182, 0.477818
11.0682, 0.147038, 0.0342054, 0.521847, 0.521854, 0.478146
11.0739, 0.149459, 0.0412147, 0.521514, 0.521521, 0.478479
11.0795, 0.151837, 0.048224, 0.521178, 0.521185, 0.478815
11.0852, 0.154173, 0.0552333, 0.520838, 0.520845, 0.479155
11.0909, 0.156469, 0.0622425, 0.520494, 0.520501, 0.479499
11.0966, 0.158726, 0.0692518, 0.520147, 0.520154, 0.479846
11.1023, 0.160944, 0.0762611, 0.519796, 0.519803, 0.480197
11.108, 0.163124, 0.0832704, 0.519443, 0.51945, 0.48055
11.1136, 0.165268, 0.0902797, 0.519086, 0.519093, 0.480907
11.1193, 0.167376, 0.097289, 0.518726, 0.518733, 0.481267
11.125, 0.169449, 0.104298, 0.518363, 0.51837, 0.48163
11.1307, 0.171488, 0.111308, 0.517998, 0.518005, 0.481995
11.1364, 0.173493, 0.118317, 0.517629, 0.517637, 0.482363
11.142, 0.175466, 0.125326, 0.517259, 0.517266, 0.482734
11.1477, 0.177407, 0.132336, 0.516886, 0.516893, 0.483107
11.1534, 0.179316, 0.139345, 0.516511, 0.516518, 0.483482
11.1591, 0.181191, 0.146354, 0.516135, 0.516142, 0.483858
11.1648, 0.183033, 0.153363, 0.515757, 0.515764, 0.484236
11.1705, 0.184843, 0.160373, 0.515378, 0.515386, 0.484614
11.1761, 0.186622, 0.167382, 0.514998, 0.515006, 0.484994
11.1818, 0.18837, 0.174391, 0.514617, 0.514625, 0.485375
11.1875, 0.190089, 0.181401, 0.514236, 0.514243, 0.485757
11.1932, 0.191778, 0.18841, 0.513854, 0.513861, 0.486139
11.1989, 0.193438, 0.195419, 0.513471, 0.513479, 0.486521
11.2045, 0.195071, 0.202428, 0.513089, 0.513096, 0.486904
11.2102, 0.196676, 0.209438, 0.512706, 0.512713, 0.487287
11.2159, 0.198254, 0.216447, 0.512323, 0.512331, 0.487669
11.2216, 0.199806, 0.223456, 0.51194, 0.511948, 0.488052
11.2273, 0.201332, 0.230466, 0.511558, 0.511566, 0.488434
11.233, 0.202833, 0.237475, 0.511176, 0.511184, 0.488816
11.2386, 0.20431, 0.244484, 0.510795, 0.510803, 0.489197
11.2443, 0.205763, 0.251494, 0.510415, 0.510423, 0.489577
11.25, 0.186575, 0.247008, 0.510354, 0.510354, 0.489646
11.2553, 0.166447, 0.239998, 0.510354, 0.510354, 0.489646
11.2605, 0.149267, 0.232989, 0.510351, 0.510351, 0.489649
11.2658, 0.134185, 0.22598, 0.510345, 0.510345, 0.489655
11.2711, 0.120669, 0.21897, 0.510334, 0.510334, 0.489666
11.2763, 0.108377, 0.211961, 0.510319, 0.510319, 0.489681
11.2816, 0.0970747, 0.204952, 0.510298, 0.510298, 0.489702
11.2868, 0.0865926, 0.197943, 0.51027, 0.510271, 0.489729
11.2921, 0.076804, 0.190933, 0.510237, 0.510237, 0.489763
11.2974, 0.0676114, 0.183924, 0.510196, 0.510197, 0.489803
11.3026, 0.0589375, 0.176915, 0.510149, 0.51015, 0.48985
11.3079, 0.0507204, 0.169905, 0.510094, 0.510095, 0.489905
11.3132, 0.0429091, 0.162896, 0.510032, 0.510033, 0.489967
11.3184, 0.0354614, 0.155887, 0.509963, 0.509964, 0.490036
11.3237, 0.0283417, 0.148877, 0.509886, 0.509888, 0.490112
11.3289, 0.0215197, 0.141868, 0.509802, 0.509804, 0.490196
11.3342, 0.0149696, 0.134859, 0.50971, 0.509712, 0.490288
11.3395, 0.00866897, 0.12785, 0.509611, 0.509613, 0.490387
11.3447, 0.00259813, 0.12084, 0.509505, 0.509507, 0.490493
11.35, -0.00326008, 0.113831, 0.509391, 0.509393, 0.490607
11.3553, -0.00892083, 0.106822, 0.50927, 0.509272, 0.490728
11.3605, -0.0143976, 0.0998124, 0.509141, 0.509144, 0.490856
11.3658, -0.0197025, 0.0928031, 0.509005, 0.509008, 0.490992
11.3711, -0.0248462, 0.0857938, 0.508862, 0.508865, 0.491135
11.3763, -0.0298385, 0.0787845, 0.508712, 0.508715, 0.491285
11.3816, -0.0346883, 0.0717752, 0.508555, 0.508558, 0.491442
11.3868, -0.0394034, 0.0647659, 0.508391, 0.508394, 0.491606
11.3921, -0.0439913, 0.0577566, 0.50822, 0.508223, 0.491777
11.3974, -0.0484584, 0.0507473, 0.508042, 0.508046, 0.491954
11.4026, -0.052811, 0.043738, 0.507858, 0.507861, 0.492139
11.4079, -0.0570547, 0.0367287, 0.507666, 0.50767, 0.49233
11.4132, -0.0611945, 0.0297194, 0.507469, 0.507473, 0.492527
11.4184, -0.0652353, 0.0227101, 0.507264, 0.507269, 0.492731
11.4237, -0.0691816, 0.0157008, 0.507054, 0.507058, 0.492942
11.4289, -0.0730373, 0.00869153, 0.506837, 0.506841, 0.493159
11.4342, -0.0768063, 0.00168223, 0.506614, 0.506619, 0.493381
11.4395, -0.0804922, -0.00532706, 0.506385, 0.50639, 0.49361
11.4447, -0.0840982, -0.0123364, 0.50615, 0.506155, 0.493845
11.45, -0.0876276, -0.0193457, 0.505909, 0.505914, 0.494086
11.4553, -0.0910832, -0.026355, 0.505662, 0.505667, 0.494333
11.4605, -0.0944676, -0.0333642, 0.50541, 0.505415, 0.494585
11.4658, -0.0977836, -0.0403735, 0.505152, 0.505157, 0.494843
11.4711, -0.101034, -0.0473828, 0.504889, 0.504894, 0.495106
11.4763, -0.10422, -0.0543921, 0.50462, 0.504626, 0.495374
11.4816, -0.107344, -0.0614014, 0.504346, 0.504352, 0.495648
11.4868, -0.110409, -0.0684107, 0.504067, 0.504073, 0.495927
11.4921, -0.113416, -0.07542, 0.503783, 0.503788, 0.496212
11.4974, -0.116367, -0.0824293, 0.503494, 0.503499, 0.496501
11.5026, -0.119207, -0.0894386, 0.5032, 0.503205, 0.496795
11.5079, -0.121897, -0.0964479, 0.502901, 0.502907, 0.497093
11.5132, -0.124536, -0.103457, 0.502597, 0.502603, 0.497397
11.5184, -0.127126, -0.110467, 0.502289, 0.502296, 0.497704
11.5237, -0.129667, -0.117476, 0.501977, 0.501983, 0.498017
11.5289, -0.132162, -0.124485, 0.501661, 0.501667, 0.498333
11.5342, -0.134611, -0.131494, 0.50134, 0.501346, 0.498654
11.5395, -0.137016, -0.138504, 0.501015, 0.501021, 0.498979
11.5447, -0.139378, -0.145513, 0.500686, 0.500693, 0.499307
11.55, -0.141699, -0.152522, 0.500353, 0.50036, 0.49964
11.5553, -0.143979, -0.159532, 0.500017, 0.500024, 0.499976
11.5605, -0.146219, -0.166541, 0.499677, 0.499684, 0.500316
11.5658, -0.14842, -0.17355, 0.499333, 0.49934, 0.50066
11.5711, -0.150583, -0.180559, 0.498986, 0.498993, 0.501007
11.5763, -0.15271, -0.187569, 0.498636, 0.498643, 0.501357
11.5816, -0.154801, -0.194578, 0.498282, 0.498289, 0.501711
11.5868, -0.156857, -0.201587, 0.497926, 0.497933, 0.502067
11.5921, -0.158878, -0.208597, 0.497566, 0.497574, 0.502426
11.5974, -0.160867, -0.215606, 0.497204, 0.497211, 0.502789
11.6026, -0.162822, -0.222615, 0.496839, 0.496846, 0.503154
11.6079, -0.164746, -0.229625, 0.496471, 0.496479, 0.503521
11.6132, -0.166638, -0.236634, 0.496101, 0.496109, 0.503891
11.6184, -0.1685, -0.243643, 0.495729, 0.495737, 0.504263
11.6237, -0.170332, -0.250652, 0.495355, 0.495362, 0.504638
11.6289, -0.172133, -0.257662, 0.494978, 0.494986, 0.505014
11.6342, -0.173904, -0.264671, 0.4946, 0.494608, 0.505392
11.6395, -0.175643, -0.27168, 0.494222, 0.494229, 0.505771
11.6447, -0.177352, -0.27869, 0.493842, 0.493849, 0.506151
11.65, -0.179032, -0.285699, 0.493461, 0.493468, 0.506532
11.6553, -0.180684, -0.292708, 0.493079, 0.493087, 0.506913
11.6605, -0.182307, -0.299717, 0.492697, 0.492705, 0.507295
11.6658, -0.183903, -0.306727, 0.492315, 0.492322, 0.507678
11.6711, -0.185472, -0.313736, 0.491932, 0.491939, 0.508061
11.6763, -0.187014, -0.320745, 0.491549, 0.491556, 0.508444
11.6816, -0.188531, -0.327755, 0.491166, 0.491173, 0.508827
11.6868, -0.190023, -0.334764, 0.490783, 0.49079, 0.50921
11.6921, -0.191489, -0.341773, 0.4904, 0.490408, 0.509592
11.6974, -0.192932, -0.348783, 0.490018, 0.490026, 0.509974
11.7026, -0.194352, -0.355792, 0.489637, 0.489644, 0.510356
11.7079, -0.195748, -0.362801, 0.489256, 0.489264, 0.510736
11.7132, -0.197121, -0.36981, 0.488876, 0.488884, 0.511116
11.7184, -0.198473, -0.37682, 0.488497, 0.488505, 0.511495
11.7237, -0.199803, -0.383829, 0.48812, 0.488127, 0.511873
11.7289, -0.201112, -0.390838, 0.487744, 0.487751, 0.512249
11.7342, -0.2024, -0.397848, 0.487369, 0.487377, 0.512623
11.7395, -0.203668, -0.404857, 0.486996, 0.487003, 0.512997
11.7447, -0.204916, -0.411866, 0.486625, 0.486632, 0.513368
11.75, -0.203627, -0.417474, 0.4863, 0.4863, 0.5137
11.7546, -0.181485, -0.410464, 0.4863, 0.4863, 0.5137
11.7593, -0.16284, -0.403455, 0.486298, 0.486298, 0.513702
11.7639, -0.14675, -0.396446, 0.486295, 0.486295, 0.513705
11.7685, -0.13255, -0.389436, 0.486288, 0.486288, 0.513712
11.7731, -0.119777, -0.382427, 0.486276, 0.486276, 0.513724
11.7778, -0.108129, -0.375418, 0.486259, 0.486259, 0.513741
11.7824, -0.0973962, -0.368409, 0.486236, 0.486237, 0.513763
11.787, -0.087426, -0.361399, 0.486207, 0.486208, 0.513792
11.7917, -0.0781031, -0.35439, 0.486172, 0.486173, 0.513827
11.7963, -0.0693381, -0.347381, 0.48613, 0.486131, 0.513869
11.8009, -0.06106, -0.340371, 0.486081, 0.486082, 0.513918
11.8056, -0.0532115, -0.333362, 0.486024, 0.486026, 0.513974
11.8102, -0.0457454, -0.326353, 0.485961, 0.485962, 0.514038
11.8148, -0.0386225, -0.319344, 0.48589, 0.485891, 0.514109
11.8194, -0.0318096, -0.312334, 0.485812, 0.485813, 0.514187
11.8241, -0.0252786, -0.305325, 0.485726, 0.485728, 0.514272
11.8287, -0.0190051, -0.298316, 0.485633, 0.485635, 0.514365
11.8333, -0.0129682, -0.291306, 0.485533, 0.485535, 0.514465
11.838, -0.00714942, -0.284297, 0.485425, 0.485427, 0.514573
11.8426, -0.00153266, -0.277288, 0.48531, 0.485312, 0.514688
11.8472, 0.00389639, -0.270278, 0.485188, 0.48519, 0.51481
11.8519, 0.00915043, -0.263269, 0.485058, 0.485061, 0.514939
11.8565, 0.0142408, -0.25626, 0.484922, 0.484924, 0.515076
11.8611, 0.0191778, -0.249251, 0.484778, 0.484781, 0.515219
11.8657, 0.0239705, -0.242241, 0.484627, 0.48463, 0.51537
11.8704, 0.0286272, -0.235232, 0.484469, 0.484473, 0.515527
11.875, 0.0331556, -0.228223, 0.484305, 0.484308, 0.515692
11.8796, 0.0375625, -0.221213, 0.484133, 0.484137, 0.515863
11.8843, 0.0418542, -0.214204, 0.483955, 0.483959, 0.516041
11.8889, 0.0460365, -0.207195, 0.483771, 0.483774, 0.516226
11.8935, 0.0501147, -0.200185, 0.483579, 0.483583, 0.516417
11.8981, 0.0540938, -0.193176, 0.483382, 0.483386, 0.516614
11.9028, 0.0579782, -0.186167, 0.483178, 0.483182, 0.516818
11.9074, 0.0617722, -0.179158, 0.482967, 0.482971, 0.517029
11.912, 0.0654796, -0.172148, 0.482751, 0.482755, 0.517245
11.9167, 0.069104, -0.165139, 0.482528, 0.482533, 0.517467
11.9213, 0.072649, -0.15813, 0.482299, 0.482304, 0.517696
11.9259, 0.0761175, -0.15112, 0.482065, 0.48207, 0.51793
11.9306, 0.0795126, -0.144111, 0.481825, 0.481829, 0.518171
11.9352, 0.0828371, -0.137102, 0.481579, 0.481584, 0.518416
11.9398, 0.0860935, -0.130093, 0.481327, 0.481332, 0.518668
11.9444, 0.0892843, -0.123083, 0.48107, 0.481075, 0.518925
11.9491, 0.0924117, -0.116074, 0.480807, 0.480813, 0.519187
11.9537, 0.095478, -0.109065, 0.48054, 0.480545, 0.519455
11.9583, 0.0984853, -0.102055, 0.480267, 0.480272, 0.519728
11.963, 0.101435, -0.0950461, 0.479989, 0.479994, 0.520006
11.9676, 0.10433, -0.0880368, 0.479706, 0.479711, 0.520289
11.9722, 0.107171, -0.0810275, 0.479418, 0.479423, 0.520577
11.9769, 0.10986, -0.0740182, 0.479125, 0.479131, 0.520869
11.9815, 0.112444, -0.0670089, 0.478827, 0.478833, 0.521167
11.9861, 0.11498, -0.0599996, 0.478525, 0.478531, 0.521469
11.9907, 0.117467, -0.0529903, 0.478219, 0.478225, 0.521775
11.9954, 0.119909, -0.045981, 0.477908, 0.477914, 0.522086
12, 0.122306, -0.0389717, 0.477593, 0.477599, 0.522401
12.0046, 0.124659, -0.0319624, 0.477273, 0.47728, 0.52272
12.0093, 0.12697, -0.0249531, 0.47695, 0.476957, 0.523043
12.0139, 0.12924, -0.0179438, 0.476623, 0.476629, 0.523371
12.0185, 0.131469, -0.0109345, 0.476292, 0.476298, 0.523702
12.0231, 0.13366, -0.00392521, 0.475957, 0.475963, 0.524037
12.0278, 0.135812, 0.00308409, 0.475618, 0.475625, 0.524375
12.0324, 0.137927, 0.0100934, 0.475276, 0.475283, 0.524717
12.037, 0.140006, 0.0171027, 0.474931, 0.474938, 0.525062
12.0417, 0.142049, 0.024112, 0.474582, 0.474589, 0.525411
12.0463, 0.144058, 0.0311213, 0.47423, 0.474237, 0.525763
12.0509, 0.146033, 0.0381306, 0.473875, 0.473882, 0.526118
12.0556, 0.147976, 0.0451399, 0.473517, 0.473524, 0.526476
12.0602, 0.149886, 0.0521492, 0.473156, 0.473163, 0.526837
12.0648, 0.151765, 0.0591585, 0.472793, 0.4728, 0.5272
12.0694, 0.153613, 0.0661678, 0.472426, 0.472434, 0.527566
12.0741, 0.155431, 0.073177, 0.472058, 0.472065, 0.527935
12.0787, 0.157219, 0.0801863, 0.471687, 0.471694, 0.528306
12.0833, 0.158979, 0.0871956, 0.471313, 0.471321, 0.528679
12.088, 0.160711, 0.0942049, 0.470938, 0.470945, 0.529055
12.0926, 0.162416, 0.101214, 0.47056, 0.470568, 0.529432
12.0972, 0.164092, 0.108224, 0.470181, 0.470189, 0.529811
12.1019, 0.165739, 0.115233, 0.469801, 0.469809, 0.530191
12.1065, 0.167357, 0.122242, 0.46942, 0.469428, 0.530572
12.1111, 0.168948, 0.129251, 0.469038, 0.469046, 0.530954
12.1157, 0.170512, 0.136261, 0.468655, 0.468663, 0.531337
12.1204, 0.17205, 0.14327, 0.468272, 0.468279, 0.531721
12.125, 0.173561, 0.150279, 0.467888, 0.467896, 0.532104
12.1296, 0.175047, 0.157289, 0.467504, 0.467511, 0.532489
12.1343, 0.176508, 0.164298, 0.467119, 0.467127, 0.532873
12.1389, 0.177945, 0.171307, 0.466735, 0.466743, 0.533257
12.1435, 0.179358, 0.178316, 0.466351, 0.466359, 0.533641
12.1481, 0.180748, 0.185326, 0.465967, 0.465975, 0.534025
12.1528, 0.182115, 0.192335, 0.465584, 0.465591, 0.534409
12.1574, 0.18346, 0.199344, 0.465201, 0.465208, 0.534792
12.162, 0.184783, 0.206354, 0.464818, 0.464826, 0.535174
12.1667, 0.186084, 0.213363, 0.464437, 0.464445, 0.535555
12.1713, 0.187365, 0.220372, 0.464057, 0.464064, 0.535936
12.1759, 0.188625, 0.227382, 0.463677, 0.463685, 0.536315
12.1806, 0.189865, 0.234391, 0.4633, 0.463307, 0.536693
12.1852, 0.191086, 0.2414, 0.462923, 0.462931, 0.537069
12.1898, 0.192287, 0.248409, 0.462548, 0.462556, 0.537444
12.1944, 0.19347, 0.255419, 0.462175, 0.462182, 0.537818
12.1991, 0.194634, 0.262428, 0.461804, 0.461811, 0.538189
12.2037, 0.195781, 0.269437, 0.461434, 0.461442, 0.538558
12.2083, 0.196909, 0.276447, 0.461067, 0.461075, 0.538925
12.213, 0.198021, 0.283456, 0.460703, 0.46071, 0.53929
12.2176, 0.199116, 0.290465, 0.46034, 0.460348, 0.539652
12.2222, 0.200195, 0.297475, 0.459981, 0.459988, 0.540012
12.2269, 0.201257, 0.304484, 0.459624, 0.459631, 0.540369
12.2315, 0.202304, 0.311493, 0.45927, 0.459277, 0.540723
12.2361, 0.203336, 0.318502, 0.458919, 0.458926, 0.541074
12.2407, 0.204352, 0.325512, 0.458572, 0.458579, 0.541421
12.2454, 0.205355, 0.332521, 0.458228, 0.458234, 0.541766
12.25, 0.198309, 0.334764, 0.458009, 0.458009, 0.541991
12.2539, 0.178085, 0.327755, 0.458009, 0.458009, 0.541991
12.2579, 0.160825, 0.320745, 0.458007, 0.458007, 0.541993
12.2618, 0.145738, 0.313736, 0.458003, 0.458003, 0.541997
12.2657, 0.132371, 0.306727, 0.457995, 0.457995, 0.542005
12.2697, 0.120317, 0.299717, 0.457982, 0.457982, 0.542018
12.2736, 0.109305, 0.292708, 0.457964, 0.457964, 0.542036
12.2776, 0.0991435, 0.285699, 0.45794, 0.457941, 0.542059
12.2815, 0.0896938, 0.27869, 0.45791, 0.457911, 0.542089
12.2854, 0.0808495, 0.27168, 0.457873, 0.457874, 0.542126
12.2894, 0.0725281, 0.264671, 0.45783, 0.457831, 0.542169
12.2933, 0.064664, 0.257662, 0.457779, 0.45778, 0.54222
12.2972, 0.0572038, 0.250652, 0.457722, 0.457723, 0.542277
12.3012, 0.0501038, 0.243643, 0.457657, 0.457659, 0.542341
12.3051, 0.0433272, 0.236634, 0.457585, 0.457587, 0.542413
12.3091, 0.0368432, 0.229625, 0.457506, 0.457508, 0.542492
12.313, 0.0306253, 0.222615, 0.45742, 0.457421, 0.542579
12.3169, 0.0246508, 0.215606, 0.457326, 0.457328, 0.542672
12.3209, 0.0189, 0.208597, 0.457225, 0.457227, 0.542773
12.3248, 0.0133557, 0.201587, 0.457116, 0.457119, 0.542881
12.3287, 0.00800252, 0.194578, 0.457001, 0.457003, 0.542997
12.3327, 0.00282716, 0.187569, 0.456878, 0.456881, 0.543119
12.3366, -0.00218236, 0.180559, 0.456748, 0.456751, 0.543249
12.3406, -0.00703676, 0.17355, 0.456612, 0.456614, 0.543386
12.3445, -0.0117456, 0.166541, 0.456468, 0.456471, 0.543529
12.3484, -0.0163177, 0.159532, 0.456317, 0.45632, 0.54368
12.3524, -0.0207607, 0.152522, 0.456159, 0.456163, 0.543837
12.3563, -0.0250819, 0.145513, 0.455995, 0.455998, 0.544002
12.3602, -0.0292878, 0.138504, 0.455824, 0.455828, 0.544172
12.3642, -0.0333843, 0.131494, 0.455646, 0.45565, 0.54435
12.3681, -0.0373768, 0.124485, 0.455462, 0.455466, 0.544534
12.372, -0.0412705, 0.117476, 0.455272, 0.455276, 0.544724
12.376, -0.0450699, 0.110467, 0.455075, 0.455079, 0.544921
12.3799, -0.0487794, 0.103457, 0.454871, 0.454876, 0.545124
12.3839, -0.0524029, 0.0964479, 0.454662, 0.454666, 0.545334
12.3878, -0.055944, 0.0894386, 0.454447, 0.454451, 0.545549
12.3917, -0.0594063, 0.0824293, 0.454225, 0.45423, 0.54577
12.3957, -0.062793, 0.07542, 0.453998, 0.454002, 0.545998
12.3996, -0.0661069, 0.0684107, 0.453765, 0.453769, 0.546231
12.4035, -0.069351, 0.0614014, 0.453526, 0.453531, 0.546469
12.4075, -0.0725278, 0.0543921, 0.453281, 0.453286, 0.546714
12.4114, -0.0756399, 0.0473828, 0.453031, 0.453036, 0.546964
12.4154, -0.0786895, 0.0403735, 0.452776, 0.452781, 0.547219
12.4193, -0.0816788, 0.0333642, 0.452515, 0.45252, 0.54748
12.4232, -0.0846099, 0.026355, 0.452249, 0.452254, 0.547746
12.4272, -0.0874847, 0.0193457, 0.451978, 0.451983, 0.548017
12.4311, -0.0903051, 0.0123364, 0.451702, 0.451707, 0.548293
12.435, -0.0930727, 0.00532706, 0.451421, 0.451426, 0.548574
12.439, -0.0957893, -0.00168223, 0.451135, 0.451141, 0.548859
12.4429, -0.0983191, -0.00869153, 0.450844, 0.45085, 0.54915
12.4469, -0.100783, -0.0157008, 0.450549, 0.450555, 0.549445
12.4508, -0.103201, -0.0227101, 0.450249, 0.450255, 0.549745
12.4547, -0.105574, -0.0297194, 0.449945, 0.449951, 0.550049
12.4587, -0.107902, -0.0367287, 0.449636, 0.449642, 0.550358
12.4626, -0.110188, -0.043738, 0.449323, 0.44933, 0.55067
12.4665, -0.112433, -0.0507473, 0.449006, 0.449013, 0.550987
12.4705, -0.114636, -0.0577566, 0.448685, 0.448692, 0.551308
12.4744, -0.116801, -0.0647659, 0.44836, 0.448367, 0.551633
12.4783, -0.118927, -0.0717752, 0.448031, 0.448038, 0.551962
12.4823, -0.121016, -0.0787845, 0.447699, 0.447706, 0.552294
12.4862, -0.123069, -0.0857938, 0.447363, 0.44737, 0.55263
12.4902, -0.125086, -0.0928031, 0.447023, 0.44703, 0.55297
12.4941, -0.127068, -0.0998124, 0.44668, 0.446687, 0.553313
12.498, -0.129017, -0.106822, 0.446334, 0.446341, 0.553659
12.502, -0.130933, -0.113831, 0.445984, 0.445991, 0.554009
12.5059, -0.132816, -0.12084, 0.445631, 0.445638, 0.554362
12.5098, -0.134668, -0.12785, 0.445276, 0.445283, 0.554717
12.5138, -0.136489, -0.134859, 0.444917, 0.444924, 0.555076
12.5177, -0.138281, -0.141868, 0.444556, 0.444563, 0.555437
12.5217, -0.140043, -0.148877, 0.444192, 0.444199, 0.555801
12.5256, -0.141776, -0.155887, 0.443825, 0.443832, 0.556168
12.5295, -0.143481, -0.162896, 0.443456, 0.443463, 0.556537
12.5335, -0.145159, -0.169905, 0.443085, 0.443092, 0.556908
12.5374, -0.14681, -0.176915, 0.442711, 0.442718, 0.557282
12.5413, -0.148435, -0.183924, 0.442335, 0.442343, 0.557657
12.5453, -0.150034, -0.190933, 0.441957, 0.441965, 0.558035
12.5492, -0.151608, -0.197943, 0.441578, 0.441585, 0.558415
12.5531, -0.153157, -0.204952, 0.441197, 0.441204, 0.558796
12.5571, -0.15468, -0.211961, 0.440814, 0.440822, 0.559178
12.561, -0.156177, -0.21897, 0.440431, 0.440438, 0.559562
12.565, -0.157649, -0.22598, 0.440046, 0.440054, 0.559946
12.5689, -0.159096, -0.232989, 0.439662, 0.439669, 0.560331
12.5728, -0.160518, -0.239998, 0.439276, 0.439284, 0.560716
12.5768, -0.161917, -0.247008, 0.43889, 0.438898, 0.561102
12.5807, -0.163292, -0.254017, 0.438504, 0.438512, 0.561488
12.5846, -0.164644, -0.261026, 0.438118, 0.438126, 0.561874
12.5886, -0.165974, -0.268035, 0.437732, 0.43774, 0.56226
12.5925, -0.167282, -0.275045, 0.437346, 0.437354, 0.562646
12.5965, -0.168569, -0.282054, 0.436961, 0.436969, 0.563031
12.6004, -0.169835, -0.289063, 0.436576, 0.436584, 0.563416
12.6043, -0.17108, -0.296073, 0.436191, 0.436199, 0.563801
12.6083, -0.172305, -0.303082, 0.435808, 0.435815, 0.564185
12.6122, -0.17351, -0.310091, 0.435425, 0.435432, 0.564568
12.6161, -0.174696, -0.317101, 0.435043, 0.43505, 0.56495
12.6201, -0.175863, -0.32411, 0.434662, 0.43467, 0.56533
12.624, -0.177012, -0.331119, 0.434283, 0.43429, 0.56571
12.628, -0.178143, -0.338128, 0.433905, 0.433912, 0.566088
12.6319, -0.179256, -0.345138, 0.433528, 0.433536, 0.566464
12.6358, -0.180351, -0.352147, 0.433153, 0.433161, 0.566839
12.6398, -0.18143, -0.359156, 0.43278, 0.432788, 0.567212
12.6437, -0.182492, -0.366166, 0.432409, 0.432417, 0.567583
12.6476, -0.183538, -0.373175, 0.432041, 0.432048, 0.567952
12.6516, -0.184568, -0.380184, 0.431674, 0.431681, 0.568319
12.6555, -0.185583, -0.387193, 0.43131, 0.431317, 0.568683
12.6594, -0.186582, -0.394203, 0.430948, 0.430956, 0.569044
12.6634, -0.187567, -0.401212, 0.43059, 0.430597, 0.569403
12.6673, -0.188537, -0.408221, 0.430234, 0.430241, 0.569759
12.6713, -0.189493, -0.415231, 0.429881, 0.429888, 0.570112
12.6752, -0.190436, -0.42224, 0.429531, 0.429538, 0.570462
12.6791, -0.191364, -0.429249, 0.429184, 0.429191, 0.570809
12.6831, -0.19228, -0.436259, 0.428841, 0.428848, 0.571152
12.687, -0.193183, -0.443268, 0.428502, 0.428509, 0.571491
12.6909, -0.194073, -0.450277, 0.428166, 0.428173, 0.571827
12.6949, -0.194951, -0.457286, 0.427834, 0.427841, 0.572159
12.6988, -0.195818, -0.464296, 0.427507, 0.427513, 0.572487
12.7028, -0.196672, -0.471305, 0.427183, 0.42719, 0.57281
12.7067, -0.197516, -0.478314, 0.426864, 0.426871, 0.573129
12.7106, -0.198348, -0.485324, 0.42655, 0.426556, 0.573444
12.7146, -0.19917, -0.492333, 0.42624, 0.426246, 0.573754
12.7185, -0.199981, -0.499342, 0.425935, 0.425941, 0.574059
12.7224, -0.200782, -0.506352, 0.425636, 0.425641, 0.574359
12.7264, -0.201574, -0.513361, 0.425341, 0.425347, 0.574653
12.7303, -0.202356, -0.52037, 0.425052, 0.425058, 0.574942
12.7343, -0.203129, -0.527379, 0.424768, 0.424774, 0.575226
12.7382, -0.203893, -0.534389, 0.424491, 0.424496, 0.575504
12.7421, -0.204648, -0.541398, 0.424219, 0.424224, 0.575776
12.7461, -0.205395, -0.548407, 0.423954, 0.423959, 0.576041
12.75, -0.202205, -0.552893, 0.423746, 0.423746, 0.576254
12.7531, -0.182776, -0.545884, 0.423745, 0.423745, 0.576255
12.7562, -0.166121, -0.538875, 0.423744, 0.423744, 0.576256
12.7593, -0.151484, -0.531865, 0.42374, 0.423741, 0.576259
12.7623, -0.138417, -0.524856, 0.423733, 0.423733, 0.576267
12.7654, -0.126674, -0.517847, 0.423722, 0.423722, 0.576278
12.7685, -0.115982, -0.510837, 0.423705, 0.423705, 0.576295
12.7716, -0.106142, -0.503828, 0.423682, 0.423683, 0.576317
12.7747, -0.0970103, -0.496819, 0.423654, 0.423654, 0.576346
12.7778, -0.0884785, -0.48981, 0.423619, 0.423619, 0.576381
12.7809, -0.0804628, -0.4828, 0.423577, 0.423578, 0.576422
12.784, -0.0728967, -0.475791, 0.423528, 0.423529, 0.576471
12.787, -0.0657268, -0.468782, 0.423473, 0.423474, 0.576526
12.7901, -0.058909, -0.461772, 0.42341, 0.423412, 0.576588
12.7932, -0.052407, -0.454763, 0.42334, 0.423342, 0.576658
12.7963, -0.04619, -0.447754, 0.423263, 0.423265, 0.576735
12.7994, -0.0402317, -0.440745, 0.423179, 0.423181, 0.576819
12.8025, -0.0345097, -0.433735, 0.423088, 0.42309, 0.57691
12.8056, -0.0290045, -0.426726, 0.42299, 0.422992, 0.577008
12.8086, -0.0236993, -0.419717, 0.422884, 0.422886, 0.577114
12.8117, -0.0185789, -0.412707, 0.422771, 0.422773, 0.577227
12.8148, -0.0136303, -0.405698, 0.422651, 0.422654, 0.577346
12.8179, -0.00884171, -0.398689, 0.422525, 0.422527, 0.577473
12.821, -0.00420271, -0.391679, 0.422391, 0.422393, 0.577607
12.8241, 0.000296105, -0.38467, 0.42225, 0.422253, 0.577747
12.8272, 0.00466319, -0.377661, 0.422103, 0.422106, 0.577894
12.8302, 0.0089062, -0.370652, 0.421948, 0.421951, 0.578049
12.8333, 0.0130321, -0.363642, 0.421787, 0.421791, 0.578209
12.8364, 0.0170472, -0.356633, 0.42162, 0.421623, 0.578377
12.8395, 0.0209572, -0.349624, 0.421446, 0.421449, 0.578551
12.8426, 0.0247676, -0.342614, 0.421265, 0.421269, 0.578731
12.8457, 0.028483, -0.335605, 0.421078, 0.421082, 0.578918
12.8488, 0.0321082, -0.328596, 0.420885, 0.420889, 0.579111
12.8519, 0.0356471, -0.321586, 0.420686, 0.42069, 0.57931
12.8549, 0.0391037, -0.314577, 0.42048, 0.420484, 0.579516
12.858, 0.0424815, -0.307568, 0.420269, 0.420273, 0.579727
12.8611, 0.0457838, -0.300559, 0.420051, 0.420056, 0.579944
12.8642, 0.0490137, -0.293549, 0.419828, 0.419833, 0.580167
12.8673, 0.052174, -0.28654, 0.419599, 0.419604, 0.580396
12.8704, 0.0552676, -0.279531, 0.419365, 0.419369, 0.580631
12.8735, 0.0582969, -0.272521, 0.419124, 0.419129, 0.580871
12.8765, 0.0612643, -0.265512, 0.418879, 0.418884, 0.581116
12.8796, 0.064172, -0.258503, 0.418628, 0.418633, 0.581367
12.8827, 0.0670221, -0.251494, 0.418371, 0.418376, 0.581624
12.8858, 0.0698167, -0.244484, 0.41811, 0.418115, 0.581885
12.8889, 0.0725574, -0.237475, 0.417843, 0.417848, 0.582152
12.892, 0.0752463, -0.230466, 0.417571, 0.417577, 0.582423
12.8951, 0.0778848, -0.223456, 0.417295, 0.4173, 0.5827
12.8981, 0.0804746, -0.216447, 0.417013, 0.417019, 0.582981
12.9012, 0.0829045, -0.209438, 0.416727, 0.416733, 0.583267
12.9043, 0.0852465, -0.202428, 0.416436, 0.416442, 0.583558
12.9074, 0.0875441, -0.195419, 0.416141, 0.416147, 0.583853
12.9105, 0.0897985, -0.18841, 0.415841, 0.415847, 0.584153
12.9136, 0.092011, -0.181401, 0.415537, 0.415543, 0.584457
12.9167, 0.0941828, -0.174391, 0.415228, 0.415234, 0.584766
12.9198, 0.096315, -0.167382, 0.414916, 0.414922, 0.585078
12.9228, 0.0984086, -0.160373, 0.414599, 0.414605, 0.585395
12.9259, 0.100465, -0.153363, 0.414278, 0.414285, 0.585715
12.929, 0.102484, -0.146354, 0.413954, 0.41396, 0.58604
12.9321, 0.104468, -0.139345, 0.413625, 0.413632, 0.586368
12.9352, 0.106417, -0.132336, 0.413293, 0.4133, 0.5867
12.9383, 0.108333, -0.125326, 0.412958, 0.412964, 0.587036
12.9414, 0.110215, -0.118317, 0.412619, 0.412625, 0.587375
12.9444, 0.112065, -0.111308, 0.412276, 0.412283, 0.587717
12.9475, 0.113884, -0.104298, 0.41193, 0.411937, 0.588063
12.9506, 0.115672, -0.097289, 0.411581, 0.411588, 0.588412
12.9537, 0.11743, -0.0902797, 0.411229, 0.411236, 0.588764
12.9568, 0.119159, -0.0832704, 0.410874, 0.410881, 0.589119
12.9599, 0.120859, -0.0762611, 0.410516, 0.410523, 0.589477
12.963, 0.122531, -0.0692518, 0.410155, 0.410163, 0.589837
12.966, 0.124176, -0.0622425, 0.409792, 0.409799, 0.590201
12.9691, 0.125794, -0.0552333, 0.409426, 0.409433, 0.590567
12.9722, 0.127386, -0.048224, 0.409057, 0.409064, 0.590936
12.9753, 0.128952, -0.0412147, 0.408686, 0.408693, 0.591307
12.9784, 0.130494, -0.0342054, 0.408313, 0.40832, 0.59168
12.9815, 0.13201, -0.0271961, 0.407937, 0.407945, 0.592055
12.9846, 0.133503, -0.0201868, 0.40756, 0.407567, 0.592433
12.9877, 0.134972, -0.0131775, 0.40718, 0.407188, 0.592812
12.9907, 0.136418, -0.00616818, 0.406799, 0.406806, 0.593194
12.9938, 0.137841, 0.000841115, 0.406415, 0.406423, 0.593577
12.9969, 0.139243, 0.00785041, 0.40603, 0.406038, 0.593962
13, 0.140622, 0.0148597, 0.405644, 0.405652, 0.594348
13.0031, 0.14198, 0.021869, 0.405256, 0.405264, 0.594736
13.0062, 0.143315, 0.0288783, 0.404868, 0.404876, 0.595124
13.0093, 0.144627, 0.0358876, 0.404479, 0.404487, 0.595513
13.0123, 0.145917, 0.0428969, 0.40409, 0.404097, 0.595903
13.0154, 0.147186, 0.0499062, 0.4037, 0.403708, 0.596292
13.0185, 0.148434, 0.0569155, 0.40331, 0.403318, 0.596682
13.0216, 0.149661, 0.0639248, 0.40292, 0.402927, 0.597073
13.0247, 0.150869, 0.0709341, 0.40253, 0.402537, 0.597463
13.0278, 0.152056, 0.0779434, 0.40214, 0.402147, 0.597853
13.0309, 0.153224, 0.0849527, 0.40175, 0.401758, 0.598242
13.034, 0.154373, 0.091962, 0.401361, 0.401368, 0.598632
13.037, 0.155503, 0.0989713, 0.400972, 0.40098, 0.59902
13.0401, 0.156616, 0.105981, 0.400584, 0.400592, 0.599408
13.0432, 0.15771, 0.11299, 0.400197, 0.400205, 0.599795
13.0463, 0.158787, 0.119999, 0.399811, 0.399818, 0.600182
13.0494, 0.159847, 0.127008, 0.399425, 0.399433, 0.600567
13.0525, 0.16089, 0.134018, 0.399041, 0.399049, 0.600951
13.0556, 0.161917, 0.141027, 0.398659, 0.398666, 0.601334
13.0586, 0.162927, 0.148036, 0.398277, 0.398285, 0.601715
13.0617, 0.163922, 0.155046, 0.397898, 0.397905, 0.602095
13.0648, 0.164902, 0.162055, 0.39752, 0.397527, 0.602473
13.0679, 0.165866, 0.169064, 0.397144, 0.397151, 0.602849
13.071, 0.166816, 0.176074, 0.39677, 0.396777, 0.603223
13.0741, 0.167752, 0.183083, 0.396398, 0.396405, 0.603595
13.0772, 0.168673, 0.190092, 0.396028, 0.396035, 0.603965
13.0802, 0.16958, 0.197101, 0.395661, 0.395668, 0.604332
13.0833, 0.170474, 0.204111, 0.395296, 0.395303, 0.604697
13.0864, 0.171355, 0.21112, 0.394934, 0.394941, 0.605059
13.0895, 0.172223, 0.218129, 0.394574, 0.394581, 0.605419
13.0926, 0.173079, 0.225139, 0.394218, 0.394225, 0.605775
13.0957, 0.173922, 0.232148, 0.393864, 0.393871, 0.606129
13.0988, 0.174753, 0.239157, 0.393514, 0.393521, 0.606479
13.1019, 0.175573, 0.246166, 0.393167, 0.393174, 0.606826
13.1049, 0.176381, 0.253176, 0.392824, 0.392831, 0.607169
13.108, 0.177178, 0.260185, 0.392484, 0.392491, 0.607509
13.1111, 0.177964, 0.267194, 0.392148, 0.392155, 0.607845
13.1142, 0.178739, 0.274204, 0.391816, 0.391823, 0.608177
13.1173, 0.179504, 0.281213, 0.391488, 0.391495, 0.608505
13.1204, 0.180259, 0.288222, 0.391164, 0.391171, 0.608829
13.1235, 0.181005, 0.295232, 0.390845, 0.390851, 0.609149
13.1265, 0.181741, 0.302241, 0.39053, 0.390536, 0.609464
13.1296, 0.182467, 0.30925, 0.39022, 0.390226, 0.609774
13.1327, 0.183185, 0.316259, 0.389915, 0.389921, 0.610079
13.1358, 0.183894, 0.323269, 0.389614, 0.38962, 0.61038
13.1389, 0.184594, 0.330278, 0.389319, 0.389325, 0.610675
13.142, 0.185286, 0.337287, 0.389029, 0.389035, 0.610965
13.1451, 0.18597, 0.344297, 0.388745, 0.388751, 0.611249
13.1481, 0.186647, 0.351306, 0.388466, 0.388472, 0.611528
13.1512, 0.187316, 0.358315, 0.388193, 0.388199, 0.611801
13.1543, 0.187978, 0.365324, 0.387927, 0.387932, 0.612068
13.1574, 0.188633, 0.372334, 0.387666, 0.387671, 0.612329
13.1605, 0.189282, 0.379343, 0.387412, 0.387417, 0.612583
13.1636, 0.189924, 0.386352, 0.387164, 0.387169, 0.612831
13.1667, 0.19056, 0.393362, 0.386923, 0.386928, 0.613072
13.1698, 0.19119, 0.400371, 0.386689, 0.386694, 0.613306
13.1728, 0.191814, 0.40738, 0.386462, 0.386467, 0.613533
13.1759, 0.192433, 0.41439, 0.386243, 0.386247, 0.613753
13.179, 0.193047, 0.421399, 0.386031, 0.386035, 0.613965
13.1821, 0.193656, 0.428408, 0.385827, 0.385831, 0.614169
13.1852, 0.194261, 0.435417, 0.385631, 0.385635, 0.614365
13.1883, 0.194861, 0.442427, 0.385444, 0.385447, 0.614553
13.1914, 0.195457, 0.449436, 0.385265, 0.385268, 0.614732
13.1944, 0.19605, 0.456445, 0.385094, 0.385097, 0.614903
13.1975, 0.196639, 0.463455, 0.384933, 0.384936, 0.615064
13.2006, 0.197224, 0.470464, 0.384781, 0.384784, 0.615216
13.2037, 0.197807, 0.477473, 0.384638, 0.384641, 0.615359
13.2068, 0.198387, 0.484483, 0.384505, 0.384508, 0.615492
13.2099, 0.198965, 0.491492, 0.384383, 0.384385, 0.615615
13.213, 0.19954, 0.498501, 0.38427, 0.384272, 0.615728
13.216, 0.200114, 0.50551, 0.384169, 0.384171, 0.615829
13.2191, 0.200686, 0.51252, 0.384078, 0.38408, 0.61592
13.2222, 0.201257, 0.519529, 0.383999, 0.384, 0.616
13.2253, 0.201828, 0.526538, 0.383931, 0.383932, 0.616068
13.2284, 0.202397, 0.533548, 0.383876, 0.383877, 0.616123
13.2315, 0.202967, 0.540557, 0.383833, 0.383833, 0.616167
13.2346, 0.203536, 0.547566, 0.383802, 0.383803, 0.616197
13.2377, 0.204106, 0.554575, 0.383785, 0.383785, 0.616215
13.2407, 0.204678, 0.561585, 0.383784, 0.383783, 0.616217
13.2438, 0.205283, 0.568594, 0.38384, 0.383839, 0.616161
13.2469, 0.205934, 0.575603, 0.383972, 0.383968, 0.616032
13.25, 0.189513, 0.569996, 0.383985, 0.383985, 0.616015
13.2528, 0.172044, 0.562987, 0.383984, 0.383984, 0.616016
13.2556, 0.155804, 0.555977, 0.383981, 0.383981, 0.616019
13.2583, 0.140916, 0.548968, 0.383974, 0.383974, 0.616026
13.2611, 0.127371, 0.541959, 0.383961, 0.383961, 0.616039
13.2639, 0.115158, 0.534949, 0.38394, 0.383941, 0.616059
13.2667, 0.104093, 0.52794, 0.383911, 0.383911, 0.616089
13.2694, 0.0939917, 0.520931, 0.383872, 0.383873, 0.616127
13.2722, 0.0847051, 0.513922, 0.383823, 0.383824, 0.616176
13.275, 0.0761115, 0.506912, 0.383765, 0.383766, 0.616234
13.2778, 0.0681128, 0.499903, 0.383695, 0.383697, 0.616303
13.2806, 0.0606295, 0.492894, 0.383616, 0.383617, 0.616383
13.2833, 0.0535964, 0.485884, 0.383525, 0.383527, 0.616473
13.2861, 0.0469598, 0.478875, 0.383425, 0.383427, 0.616573
13.2889, 0.040675, 0.471866, 0.383314, 0.383316, 0.616684
13.2917, 0.0347045, 0.464856, 0.383193, 0.383195, 0.616805
13.2944, 0.0290165, 0.457847, 0.383061, 0.383064, 0.616936
13.2972, 0.023584, 0.450838, 0.38292, 0.382923, 0.617077
13.3, 0.0183838, 0.443829, 0.382769, 0.382772, 0.617228
13.3028, 0.0133958, 0.436819, 0.382608, 0.382611, 0.617389
13.3056, 0.00860247, 0.42981, 0.382438, 0.382441, 0.617559
13.3083, 0.0039886, 0.422801, 0.382258, 0.382262, 0.617738
13.3111, -0.000459333, 0.415791, 0.38207, 0.382073, 0.617927
13.3139, -0.00475324, 0.408782, 0.381872, 0.381876, 0.618124
13.3167, -0.00890371, 0.401773, 0.381665, 0.38167, 0.61833
13.3194, -0.0129202, 0.394764, 0.38145, 0.381454, 0.618546
13.3222, -0.0168113, 0.387754, 0.381226, 0.381231, 0.618769
13.325, -0.0205845, 0.380745, 0.380994, 0.380999, 0.619001
13.3278, -0.0242469, 0.373736, 0.380754, 0.380759, 0.619241
13.3306, -0.0278047, 0.366726, 0.380506, 0.380511, 0.619489
13.3333, -0.0312635, 0.359717, 0.38025, 0.380255, 0.619745
13.3361, -0.0346286, 0.352708, 0.379986, 0.379991, 0.620009
13.3389, -0.0379049, 0.345698, 0.379714, 0.37972, 0.62028
13.3417, -0.0410966, 0.338689, 0.379436, 0.379441, 0.620559
13.3444, -0.0442078, 0.33168, 0.37915, 0.379155, 0.620845
13.3472, -0.0472423, 0.324671, 0.378857, 0.378863, 0.621137
13.35, -0.0502034, 0.317661, 0.378557, 0.378563, 0.621437
13.3528, -0.0530944, 0.310652, 0.37825, 0.378256, 0.621744
13.3556, -0.0559183, 0.303643, 0.377936, 0.377943, 0.622057
13.3583, -0.0586777, 0.296633, 0.377616, 0.377623, 0.622377
13.3611, -0.0613754, 0.289624, 0.37729, 0.377297, 0.622703
13.3639, -0.0640137, 0.282615, 0.376958, 0.376964, 0.623036
13.3667, -0.0665948, 0.275606, 0.376619, 0.376626, 0.623374
13.3694, -0.0691209, 0.268596, 0.376275, 0.376282, 0.623718
13.3722, -0.071594, 0.261587, 0.375925, 0.375932, 0.624068
13.375, -0.0740159, 0.254578, 0.375569, 0.375576, 0.624424
13.3778, -0.0763884, 0.247568, 0.375207, 0.375215, 0.624785
13.3806, -0.0787132, 0.240559, 0.374841, 0.374848, 0.625152
13.3833, -0.0809225, 0.23355, 0.374469, 0.374476, 0.625524
13.3861, -0.0830017, 0.22654, 0.374092, 0.374099, 0.625901
13.3889, -0.0850376, 0.219531, 0.37371, 0.373717, 0.626283
13.3917, -0.0870316, 0.212522, 0.373323, 0.373331, 0.626669
13.3944, -0.0889849, 0.205513, 0.372931, 0.372939, 0.627061
13.3972, -0.0908987, 0.198503, 0.372535, 0.372543, 0.627457
13.4, -0.0927743, 0.191494, 0.372135, 0.372143, 0.627857
13.4028, -0.0946127, 0.184485, 0.37173, 0.371738, 0.628262
13.4056, -0.0964149, 0.177475, 0.371321, 0.371329, 0.628671
13.4083, -0.098182, 0.170466, 0.370908, 0.370917, 0.629083
13.4111, -0.0999149, 0.163457, 0.370491, 0.3705, 0.6295
13.4139, -0.101615, 0.156447, 0.370071, 0.370079, 0.629921
13.4167, -0.103282, 0.149438, 0.369647, 0.369655, 0.630345
13.4194, -0.104917, 0.142429, 0.369219, 0.369228, 0.630772
13.4222, -0.106522, 0.13542, 0.368788, 0.368797, 0.631203
13.425, -0.108097, 0.12841, 0.368354, 0.368362, 0.631638
13.4278, -0.109643, 0.121401, 0.367916, 0.367925, 0.632075
13.4306, -0.11116, 0.114392, 0.367476, 0.367485, 0.632515
13.4333, -0.11265, 0.107382, 0.367033, 0.367042, 0.632958
13.4361, -0.114112, 0.100373, 0.366587, 0.366596, 0.633404
13.4389, -0.115548, 0.0933638, 0.366139, 0.366148, 0.633852
13.4417, -0.116958, 0.0863545, 0.365688, 0.365697, 0.634303
13.4444, -0.118343, 0.0793452, 0.365235, 0.365244, 0.634756
13.4472, -0.119703, 0.0723359, 0.364779, 0.364788, 0.635212
13.45, -0.121038, 0.0653266, 0.364322, 0.364331, 0.635669
13.4528, -0.122351, 0.0583173, 0.363863, 0.363872, 0.636128
13.4556, -0.12364, 0.051308, 0.363402, 0.363411, 0.636589
13.4583, -0.124907, 0.0442987, 0.362939, 0.362948, 0.637052
13.4611, -0.126152, 0.0372895, 0.362475, 0.362484, 0.637516
13.4639, -0.127374, 0.0302802, 0.36201, 0.362019, 0.637981
13.4667, -0.128574, 0.0232709, 0.361544, 0.361554, 0.638446
13.4694, -0.129751, 0.0162616, 0.361078, 0.361088, 0.638912
13.4722, -0.130907, 0.00925227, 0.360612, 0.360622, 0.639378
13.475, -0.13204, 0.00224297, 0.360146, 0.360156, 0.639844
13.4778, -0.133153, -0.00476632, 0.35968, 0.35969, 0.64031
13.4806, -0.134246, -0.0117756, 0.359215, 0.359224, 0.640776
13.4833, -0.135319, -0.0187849, 0.35875, 0.358759, 0.641241
13.4861, -0.136372, -0.0257942, 0.358285, 0.358295, 0.641705
13.4889, -0.137406, -0.0328035, 0.357822, 0.357831, 0.642169
13.4917, -0.138421, -0.0398128, 0.357359, 0.357368, 0.642632
13.4944, -0.139418, -0.0468221, 0.356898, 0.356907, 0.643093
13.4972, -0.140397, -0.0538314, 0.356437, 0.356446, 0.643554
13.5, -0.141359, -0.0608407, 0.355979, 0.355988, 0.644012
13.5028, -0.142304, -0.06785, 0.355521, 0.35553, 0.64447
13.5056, -0.143232, -0.0748593, 0.355066, 0.355075, 0.644925
13.5083, -0.144144, -0.0818686, 0.354612, 0.354621, 0.645379
13.5111, -0.145041, -0.0888779, 0.354161, 0.35417, 0.64583
13.5139, -0.145921, -0.0958872, 0.353712, 0.353721, 0.646279
13.5167, -0.146787, -0.102896, 0.353265, 0.353274, 0.646726
13.5194, -0.147638, -0.109906, 0.352821, 0.35283, 0.64717
13.5222, -0.148475, -0.116915, 0.352379, 0.352388, 0.647612
13.525, -0.149297, -0.123924, 0.35194, 0.351949, 0.648051
13.5278, -0.150106, -0.130934, 0.351505, 0.351513, 0.648487
13.5306, -0.150902, -0.137943, 0.351072, 0.351081, 0.648919
13.5333, -0.151684, -0.144952, 0.350643, 0.350652, 0.649348
13.5361, -0.152454, -0.151962, 0.350218, 0.350226, 0.649774
13.5389, -0.153212, -0.158971, 0.349796, 0.349804, 0.650196
13.5417, -0.153958, -0.16598, 0.349378, 0.349386, 0.650614
13.5444, -0.154691, -0.172989, 0.348964, 0.348972, 0.651028
13.5472, -0.155414, -0.179999, 0.348554, 0.348562, 0.651438
13.55, -0.156126, -0.187008, 0.348148, 0.348156, 0.651844
13.5528, -0.156826, -0.194017, 0.347747, 0.347755, 0.652245
13.5556, -0.157517, -0.201027, 0.347351, 0.347359, 0.652641
13.5583, -0.158197, -0.208036, 0.346959, 0.346967, 0.653033
13.5611, -0.158867, -0.215045, 0.346573, 0.346581, 0.653419
13.5639, -0.159528, -0.222054, 0.346192, 0.346199, 0.653801
13.5667, -0.16018, -0.229064, 0.345816, 0.345823, 0.654177
13.5694, -0.160823, -0.236073, 0.345446, 0.345453, 0.654547
13.5722, -0.161457, -0.243082, 0.345081, 0.345089, 0.654911
13.575, -0.162083, -0.250092, 0.344723, 0.34473, 0.65527
13.5778, -0.1627, -0.257101, 0.344371, 0.344378, 0.655622
13.5806, -0.16331, -0.26411, 0.344025, 0.344031, 0.655969
13.5833, -0.163913, -0.27112, 0.343685, 0.343692, 0.656308
13.5861, -0.164508, -0.278129, 0.343352, 0.343359, 0.656641
13.5889, -0.165097, -0.285138, 0.343026, 0.343033, 0.656967
13.5917, -0.165678, -0.292147, 0.342708, 0.342714, 0.657286
13.5944, -0.166254, -0.299157, 0.342397, 0.342403, 0.657597
13.5972, -0.166823, -0.306166, 0.342093, 0.342099, 0.657901
13.6, -0.167387, -0.313175, 0.341797, 0.341803, 0.658197
13.6028, -0.167945, -0.320185, 0.341509, 0.341515, 0.658485
13.6056, -0.168498, -0.327194, 0.341229, 0.341235, 0.658765
13.6083, -0.169046, -0.334203, 0.340958, 0.340963, 0.659037
13.6111, -0.16959, -0.341213, 0.340696, 0.340701, 0.659299
13.6139, -0.170129, -0.348222, 0.340442, 0.340447, 0.659553
13.6167, -0.170664, -0.355231, 0.340198, 0.340203, 0.659797
13.6194, -0.171196, -0.36224, 0.339963, 0.339968, 0.660032
13.6222, -0.171724, -0.36925, 0.339738, 0.339743, 0.660257
13.625, -0.172249, -0.376259, 0.339524, 0.339528, 0.660472
13.6278, -0.172771, -0.383268, 0.339319, 0.339323, 0.660677
13.6306, -0.17329, -0.390278, 0.339125, 0.339129, 0.660871
13.6333, -0.173808, -0.397287, 0.338942, 0.338946, 0.661054
13.6361, -0.174323, -0.404296, 0.33877, 0.338774, 0.661226
13.6389, -0.174837, -0.411305, 0.33861, 0.338613, 0.661387
13.6417, -0.17535, -0.418315, 0.338462, 0.338465, 0.661535
13.6444, -0.175861, -0.425324, 0.338326, 0.338329, 0.661671
13.6472, -0.176372, -0.432333, 0.338203, 0.338205, 0.661795
13.65, -0.176883, -0.439343, 0.338093, 0.338095, 0.661905
13.6528, -0.177394, -0.446352, 0.337996, 0.337998, 0.662002
13.6556, -0.177905, -0.453361, 0.337913, 0.337914, 0.662086
13.6583, -0.178418, -0.460371, 0.337844, 0.337845, 0.662155
13.6611, -0.178931, -0.46738, 0.33779, 0.337791, 0.662209
13.6639, -0.179446, -0.474389, 0.337751, 0.337751, 0.662249
13.6667, -0.179963, -0.481398, 0.337727, 0.337727, 0.662273
13.6694, -0.180482, -0.488408, 0.33772, 0.33772, 0.66228
13.6722, -0.181017, -0.495417, 0.33776, 0.337758, 0.662242
13.675, -0.181578, -0.502426, 0.33787, 0.337867, 0.662133
13.6778, -0.182164, -0.509436, 0.338046, 0.338042, 0.661958
13.6806, -0.182775, -0.516445, 0.338286, 0.338281, 0.661719
13.6833, -0.18341, -0.523454, 0.338588, 0.338581, 0.661419
13.6861, -0.184077, -0.530464, 0.338949, 0.338941, 0.661059
13.6889, -0.184777, -0.537473, 0.339369, 0.33936, 0.66064
13.6917, -0.185509, -0.544482, 0.339845, 0.339835, 0.660165
13.6944, -0.186271, -0.551491, 0.340378, 0.340367, 0.659633
13.6972, -0.187062, -0.558501, 0.340966, 0.340954, 0.659046
13.7, -0.187883, -0.56551, 0.341608, 0.341594, 0.658406
13.7028, -0.188731, -0.572519, 0.342302, 0.342288, 0.657712
13.7056, -0.189606, -0.579529, 0.343048, 0.343032, 0.656968
13.7083, -0.190508, -0.586538, 0.343844, 0.343827, 0.656173
13.7111, -0.191435, -0.593547, 0.344689, 0.344671, 0.655329
13.7139, -0.192386, -0.600556, 0.345582, 0.345564, 0.654436
13.7167, -0.193362, -0.607566, 0.346522, 0.346503, 0.653497
13.7194, -0.194361, -0.614575, 0.347508, 0.347488, 0.652512
13.7222, -0.195383, -0.621584, 0.348538, 0.348517, 0.651483
13.725, -0.196427, -0.628594, 0.349613, 0.349591, 0.650409
13.7278, -0.197493, -0.635603, 0.350729, 0.350707, 0.649293
13.7306, -0.19858, -0.642612, 0.351888, 0.351864, 0.648136
13.7333, -0.199687, -0.649622, 0.353087, 0.353062, 0.646938
13.7361, -0.200815, -0.656631, 0.354325, 0.3543, 0.6457
13.7389, -0.201961, -0.66364, 0.355602, 0.355576, 0.644424
13.7417, -0.203127, -0.670649, 0.356917, 0.35689, 0.64311
13.7444, -0.204312, -0.677659, 0.358269, 0.358241, 0.641759
13.7472, -0.205514, -0.684668, 0.359656, 0.359628, 0.640372
13.75, -0.197058, -0.683266, 0.360193, 0.360193, 0.639807
13.7526, -0.181574, -0.676257, 0.36019, 0.36019, 0.63981
13.7551, -0.165753, -0.669248, 0.360182, 0.360182, 0.639818
13.7577, -0.150016, -0.662238, 0.360163, 0.360163, 0.639837
13.7603, -0.134752, -0.655229, 0.360126, 0.360127, 0.639873
13.7628, -0.120266, -0.64822, 0.360065, 0.360066, 0.639934
13.7654, -0.106854, -0.64121, 0.359972, 0.359974, 0.640026
13.7679, -0.0945365, -0.634201, 0.359842, 0.359845, 0.640155
13.7705, -0.0832342, -0.627192, 0.359673, 0.359677, 0.640323
13.7731, -0.0728499, -0.620182, 0.359462, 0.359467, 0.640533
13.7756, -0.0632835, -0.613173, 0.359209, 0.359214, 0.640786
13.7782, -0.0544404, -0.606164, 0.358912, 0.358918, 0.641082
13.7808, -0.0462353, -0.599155, 0.358573, 0.35858, 0.64142
13.7833, -0.0385935, -0.592145, 0.358192, 0.3582, 0.6418
13.7859, -0.0314503, -0.585136, 0.357771, 0.35778, 0.64222
13.7885, -0.0247502, -0.578127, 0.357311, 0.357321, 0.642679
13.791, -0.0184459, -0.571117, 0.356814, 0.356824, 0.643176
13.7936, -0.0124965, -0.564108, 0.35628, 0.356291, 0.643709
13.7962, -0.0068671, -0.557099, 0.355711, 0.355723, 0.644277
13.7987, -0.00152757, -0.55009, 0.355109, 0.355121, 0.644879
13.8013, 0.00354816, -0.54308, 0.354475, 0.354488, 0.645512
13.8038, 0.00838277, -0.536071, 0.35381, 0.353823, 0.646177
13.8064, 0.0129961, -0.529062, 0.353115, 0.353129, 0.646871
13.809, 0.0174054, -0.522052, 0.352391, 0.352406, 0.647594
13.8115, 0.0216261, -0.515043, 0.35164, 0.351656, 0.648344
13.8141, 0.0256717, -0.508034, 0.350863, 0.350879, 0.649121
13.8167, 0.0295543, -0.501024, 0.350061, 0.350077, 0.649923
13.8192, 0.0332847, -0.494015, 0.349234, 0.349251, 0.650749
13.8218, 0.0368724, -0.487006, 0.348384, 0.348401, 0.651599
13.8244, 0.0403263, -0.479997, 0.347511, 0.347529, 0.652471
13.8269, 0.0436541, -0.472987, 0.346618, 0.346636, 0.653364
13.8295, 0.046863, -0.465978, 0.345703, 0.345722, 0.654278
13.8321, 0.0499594, -0.458969, 0.344769, 0.344788, 0.655212
13.8346, 0.0529493, -0.451959, 0.343816, 0.343835, 0.656165
13.8372, 0.055838, -0.44495, 0.342845, 0.342865, 0.657135
13.8397, 0.0586306, -0.437941, 0.341857, 0.341877, 0.658123
13.8423, 0.0613316, -0.430932, 0.340852, 0.340872, 0.659128
13.8449, 0.0639453, -0.423922, 0.339831, 0.339852, 0.660148
13.8474, 0.0664755, -0.416913, 0.338795, 0.338816, 0.661184
13.85, 0.0689259, -0.409904, 0.337745, 0.337766, 0.662234
13.8526, 0.0712998, -0.402894, 0.336681, 0.336702, 0.663298
13.8551, 0.0736005, -0.395885, 0.335604, 0.335625, 0.664375
13.8577, 0.0758309, -0.388876, 0.334514, 0.334536, 0.665464
13.8603, 0.0779937, -0.381866, 0.333413, 0.333435, 0.666565
13.8628, 0.0800915, -0.374857, 0.332301, 0.332323, 0.667677
13.8654, 0.0821267, -0.367848, 0.331178, 0.331201, 0.668799
13.8679, 0.0841018, -0.360839, 0.330046, 0.330068, 0.669932
13.8705, 0.0860187, -0.353829, 0.328904, 0.328927, 0.671073
13.8731, 0.0878569, -0.34682, 0.327753, 0.327776, 0.672224
13.8756, 0.089509, -0.339811, 0.326595, 0.326618, 0.673382
13.8782, 0.0911089, -0.332801, 0.325428, 0.325452, 0.674548
13.8808, 0.0926584, -0.325792, 0.324255, 0.324279, 0.675721
13.8833, 0.0941591, -0.318783, 0.323076, 0.3231, 0.6769
13.8859, 0.0956127, -0.311773, 0.321891, 0.321914, 0.678086
13.8885, 0.0970206, -0.304764, 0.3207, 0.320724, 0.679276
13.891, 0.0983844, -0.297755, 0.319505, 0.319529, 0.680471
13.8936, 0.0997055, -0.290746, 0.318305, 0.318329, 0.681671
13.8962, 0.100985, -0.283736, 0.317102, 0.317126, 0.682874
13.8987, 0.102225, -0.276727, 0.315896, 0.31592, 0.68408
13.9013, 0.103425, -0.269718, 0.314687, 0.314711, 0.685289
13.9038, 0.104588, -0.262708, 0.313476, 0.313501, 0.686499
13.9064, 0.105715, -0.255699, 0.312264, 0.312288, 0.687712
13.909, 0.106806, -0.24869, 0.311051, 0.311075, 0.688925
13.9115, 0.107863, -0.241681, 0.309837, 0.309861, 0.690139
13.9141, 0.108887, -0.234671, 0.308624, 0.308648, 0.691352
13.9167, 0.109878, -0.227662, 0.307412, 0.307436, 0.692564
13.9192, 0.110835, -0.220653, 0.306204, 0.306229, 0.693771
13.9218, 0.111761, -0.213643, 0.305001, 0.305025, 0.694975
13.9244, 0.112655, -0.206634, 0.303801, 0.303825, 0.696175
13.9269, 0.113521, -0.199625, 0.302607, 0.302631, 0.697369
13.9295, 0.114357, -0.192615, 0.301419, 0.301442, 0.698558
13.9321, 0.115166, -0.185606, 0.300236, 0.30026, 0.69974
13.9346, 0.115949, -0.178597, 0.299061, 0.299084, 0.700916
13.9372, 0.116705, -0.171588, 0.297893, 0.297916, 0.702084
13.9397, 0.117437, -0.164578, 0.296732, 0.296755, 0.703245
13.9423, 0.118145, -0.157569, 0.29558, 0.295603, 0.704397
13.9449, 0.11883, -0.15056, 0.294436, 0.294459, 0.705541
13.9474, 0.119493, -0.14355, 0.293302, 0.293325, 0.706675
13.95, 0.120135, -0.136541, 0.292178, 0.292201, 0.707799
13.9526, 0.120756, -0.129532, 0.291064, 0.291086, 0.708914
13.9551, 0.121358, -0.122522, 0.289961, 0.289983, 0.710017
13.9577, 0.121941, -0.115513, 0.288869, 0.288891, 0.711109
13.9603, 0.122506, -0.108504, 0.28779, 0.287811, 0.712189
13.9628, 0.123054, -0.101495, 0.286722, 0.286743, 0.713257
13.9654, 0.123585, -0.0944853, 0.285667, 0.285688, 0.714312
13.9679, 0.124101, -0.087476, 0.284626, 0.284647, 0.715353
13.9705, 0.124602, -0.0804667, 0.283599, 0.283619, 0.716381
13.9731, 0.125089, -0.0734574, 0.282586, 0.282606, 0.717394
13.9756, 0.125563, -0.0664481, 0.281587, 0.281607, 0.718393
13.9782, 0.126024, -0.0594388, 0.280604, 0.280624, 0.719376
13.9808, 0.126473, -0.0524295, 0.279637, 0.279657, 0.720343
13.9833, 0.126911, -0.0454202, 0.278687, 0.278706, 0.721294
13.9859, 0.127339, -0.0384109, 0.277753, 0.277771, 0.722229
13.9885, 0.127757, -0.0314016, 0.276837, 0.276855, 0.723145
13.991, 0.128165, -0.0243923, 0.275938, 0.275956, 0.724044
13.9936, 0.128566, -0.0173831, 0.275058, 0.275076, 0.724924
13.9962, 0.128959, -0.0103738, 0.274197, 0.274214, 0.725786
13.9987, 0.129345, -0.00336446, 0.273356, 0.273373, 0.726627
14.0013, 0.129724, 0.00364483, 0.272535, 0.272551, 0.727449
14.0038, 0.130098, 0.0106541, 0.271734, 0.27175, 0.72825
14.0064, 0.130467, 0.0176634, 0.270955, 0.270971, 0.729029
14.009, 0.130832, 0.0246727, 0.270198, 0.270213, 0.729787
14.0115, 0.131194, 0.031682, 0.269463, 0.269478, 0.730522
14.0141, 0.131553, 0.0386913, 0.268752, 0.268766, 0.731234
14.0167, 0.131909, 0.0457006, 0.268064, 0.268077, 0.731923
14.0192, 0.132265, 0.0527099, 0.2674, 0.267413, 0.732587
14.0218, 0.132619, 0.0597192, 0.266762, 0.266774, 0.733226
14.0244, 0.132974, 0.0667285, 0.266149, 0.266161, 0.733839
14.0269, 0.13333, 0.0737378, 0.265563, 0.265575, 0.734425
14.0295, 0.133687, 0.0807471, 0.265004, 0.265015, 0.734985
14.0321, 0.134046, 0.0877564, 0.264474, 0.264484, 0.735516
14.0346, 0.134408, 0.0947657, 0.263972, 0.263982, 0.736018
14.0372, 0.134774, 0.101775, 0.2635, 0.263509, 0.736491
14.0397, 0.135145, 0.108784, 0.263058, 0.263067, 0.736933
14.0423, 0.135521, 0.115794, 0.262648, 0.262656, 0.737344
14.0449, 0.135903, 0.122803, 0.26227, 0.262278, 0.737722
14.0474, 0.136292, 0.129812, 0.261926, 0.261933, 0.738067
14.05, 0.136689, 0.136821, 0.261616, 0.261622, 0.738378
14.0526, 0.137095, 0.143831, 0.261341, 0.261347, 0.738653
14.0551, 0.137511, 0.15084, 0.261104, 0.261108, 0.738892
14.0577, 0.137937, 0.157849, 0.260903, 0.260907, 0.739093
14.0603, 0.138374, 0.164859, 0.260742, 0.260745, 0.739255
14.0628, 0.138824, 0.171868, 0.260621, 0.260623, 0.739377
14.0654, 0.139288, 0.178877, 0.260542, 0.260543, 0.739457
14.0679, 0.139766, 0.185887, 0.260505, 0.260506, 0.739494
14.0705, 0.140262, 0.192896, 0.260519, 0.260518, 0.739482
14.0731, 0.140779, 0.199905, 0.260598, 0.260596, 0.739404
14.0756, 0.141317, 0.206914, 0.260741, 0.260738, 0.739262
14.0782, 0.141876, 0.213924, 0.260945, 0.26094, 0.73906
14.0808, 0.142455, 0.220933, 0.261206, 0.2612, 0.7388
14.0833, 0.143053, 0.227942, 0.261522, 0.261516, 0.738484
14.0859, 0.14367, 0.234952, 0.261891, 0.261883, 0.738117
14.0885, 0.144305, 0.241961, 0.26231, 0.262301, 0.737699
14.091, 0.144958, 0.24897, 0.262777, 0.262767, 0.737233
14.0936, 0.145627, 0.255979, 0.263289, 0.263279, 0.736721
14.0962, 0.146313, 0.262989, 0.263845, 0.263834, 0.736166
14.0987, 0.147014, 0.269998, 0.264443, 0.264431, 0.735569
14.1013, 0.147731, 0.277007, 0.26508, 0.265067, 0.734933
14.1038, 0.148462, 0.284017, 0.265756, 0.265742, 0.734258
14.1064, 0.149207, 0.291026, 0.266467, 0.266453, 0.733547
14.109, 0.149966, 0.298035, 0.267214, 0.267198, 0.732802
14.1115, 0.150738, 0.305045, 0.267993, 0.267977, 0.732023
14.1141, 0.151522, 0.312054, 0.268805, 0.268788, 0.731212
14.1167, 0.152319, 0.319063, 0.269647, 0.26963, 0.73037
14.1192, 0.153128, 0.326072, 0.270518, 0.2705, 0.7295
14.1218, 0.153948, 0.333082, 0.271417, 0.271399, 0.728601
14.1244, 0.154779, 0.340091, 0.272343, 0.272324, 0.727676
14.1269, 0.155621, 0.3471, 0.273297, 0.273278, 0.726722
14.1295, 0.156475, 0.35411, 0.274278, 0.274258, 0.725742
14.1321, 0.15734, 0.361119, 0.275285, 0.275264, 0.724736
14.1346, 0.158217, 0.368128, 0.276317, 0.276296, 0.723704
14.1372, 0.159104, 0.375138, 0.277374, 0.277353, 0.722647
14.1397, 0.160001, 0.382147, 0.278456, 0.278434, 0.721566
14.1423, 0.160909, 0.389156, 0.27956, 0.279537, 0.720463
14.1449, 0.161826, 0.396165, 0.280686, 0.280664, 0.719336
14.1474, 0.162754, 0.403175, 0.281835, 0.281812, 0.718188
14.15, 0.16369, 0.410184, 0.283004, 0.282981, 0.717019
14.1526, 0.164636, 0.417193, 0.284194, 0.28417, 0.71583
14.1551, 0.165591, 0.424203, 0.285403, 0.285379, 0.714621
14.1577, 0.166555, 0.431212, 0.286632, 0.286607, 0.713393
14.1603, 0.167527, 0.438221, 0.287879, 0.287854, 0.712146
14.1628, 0.168507, 0.44523, 0.289143, 0.289118, 0.710882
14.1654, 0.169496, 0.45224, 0.290425, 0.290399, 0.709601
14.1679, 0.170492, 0.459249, 0.291724, 0.291697, 0.708303
14.1705, 0.171495, 0.466258, 0.293038, 0.293012, 0.706988
14.1731, 0.172506, 0.473268, 0.294368, 0.294341, 0.705659
14.1756, 0.173524, 0.480277, 0.295713, 0.295686, 0.704314
14.1782, 0.174549, 0.487286, 0.297073, 0.297045, 0.702955
14.1808, 0.175581, 0.494296, 0.298446, 0.298419, 0.701581
14.1833, 0.176619, 0.501305, 0.299834, 0.299806, 0.700194
14.1859, 0.177663, 0.508314, 0.301234, 0.301206, 0.698794
14.1885, 0.178714, 0.515323, 0.302648, 0.302619, 0.697381
14.191, 0.179771, 0.522333, 0.304074, 0.304045, 0.695955
14.1936, 0.180835, 0.529342, 0.305513, 0.305484, 0.694516
14.1962, 0.181907, 0.536351, 0.306966, 0.306937, 0.693063
14.1987, 0.182988, 0.543361, 0.308433, 0.308404, 0.691596
14.2013, 0.184076, 0.55037, 0.309914, 0.309884, 0.690116
14.2038, 0.185171, 0.557379, 0.311407, 0.311377, 0.688623
14.2064, 0.186275, 0.564388, 0.312914, 0.312884, 0.687116
14.209, 0.187385, 0.571398, 0.314434, 0.314403, 0.685597
14.2115, 0.188504, 0.578407, 0.315966, 0.315936, 0.684064
14.2141, 0.189629, 0.585416, 0.317512, 0.317481, 0.682519
14.2167, 0.190762, 0.592426, 0.319069, 0.319038, 0.680962
14.2192, 0.191902, 0.599435, 0.320639, 0.320608, 0.679392
14.2218, 0.193049, 0.606444, 0.322221, 0.32219, 0.67781
14.2244, 0.194204, 0.613454, 0.323815, 0.323783, 0.676217
14.2269, 0.195365, 0.620463, 0.325421, 0.325389, 0.674611
14.2295, 0.196533, 0.627472, 0.327039, 0.327007, 0.672993
14.2321, 0.197708, 0.634481, 0.328669, 0.328636, 0.671364
14.2346, 0.19889, 0.641491, 0.33031, 0.330277, 0.669723
14.2372, 0.200078, 0.6485, 0.331962, 0.331929, 0.668071
14.2397, 0.201273, 0.655509, 0.333626, 0.333592, 0.666408
14.2423, 0.202475, 0.662519, 0.335301, 0.335267, 0.664733
14.2449, 0.203683, 0.669528, 0.336986, 0.336953, 0.663047
14.2474, 0.204898, 0.676537, 0.338683, 0.338649, 0.661351
14.25, 0.205144, 0.682425, 0.340218, 0.340219, 0.659781
14.2515, 0.193771, 0.675416, 0.340215, 0.340216, 0.659784
14.253, 0.181983, 0.668406, 0.340195, 0.340196, 0.659804
14.2546, 0.170037, 0.661397, 0.34015, 0.340151, 0.659849
14.2561, 0.158186, 0.654388, 0.340067, 0.340069, 0.659931
14.2576, 0.146648, 0.647379, 0.339936, 0.339939, 0.660061
14.2591, 0.135593, 0.640369, 0.339742, 0.339747, 0.660253
14.2607, 0.125125, 0.63336, 0.339476, 0.339483, 0.660517
14.2622, 0.115291, 0.626351, 0.339131, 0.339138, 0.660862
14.2637, 0.106151, 0.619341, 0.338703, 0.338713, 0.661287
14.2652, 0.0976737, 0.612332, 0.338195, 0.338206, 0.661794
14.2668, 0.0897888, 0.605323, 0.337604, 0.337617, 0.662383
14.2683, 0.0824324, 0.598313, 0.336935, 0.336949, 0.663051
14.2698, 0.075547, 0.591304, 0.336187, 0.336203, 0.663797
14.2713, 0.0690819, 0.584295, 0.335365, 0.335382, 0.664618
14.2729, 0.0629932, 0.577286, 0.334471, 0.334489, 0.665511
14.2744, 0.0572427, 0.570276, 0.333507, 0.333527, 0.666473
14.2759, 0.0517977, 0.563267, 0.332477, 0.332498, 0.667502
14.2774, 0.0466296, 0.556258, 0.331383, 0.331406, 0.668594
14.279, 0.0417139, 0.549248, 0.330228, 0.330252, 0.669748
14.2805, 0.0370293, 0.542239, 0.329015, 0.32904, 0.67096
14.282, 0.032557, 0.53523, 0.327746, 0.327772, 0.672228
14.2835, 0.0282809, 0.528221, 0.326423, 0.32645, 0.67355
14.2851, 0.0241865, 0.521211, 0.325049, 0.325077, 0.674923
14.2866, 0.0202613, 0.514202, 0.323626, 0.323655, 0.676345
14.2881, 0.016494, 0.507193, 0.322156, 0.322186, 0.677814
14.2896, 0.0128746, 0.500183, 0.320641, 0.320672, 0.679328
14.2912, 0.00939418, 0.493174, 0.319083, 0.319115, 0.680885
14.2927, 0.00604478, 0.486165, 0.317484, 0.317517, 0.682483
14.2942, 0.00281918, 0.479155, 0.315846, 0.315879, 0.684121
14.2957, -0.000289167, 0.472146, 0.31417, 0.314204, 0.685796
14.2973, -0.00328616, 0.465137, 0.312458, 0.312492, 0.687508
14.2988, -0.00617721, 0.458128, 0.310711, 0.310746, 0.689254
14.3003, -0.00896722, 0.451118, 0.308931, 0.308967, 0.691033
14.3018, -0.0116607, 0.444109, 0.30712, 0.307157, 0.692843
14.3034, -0.0142619, 0.4371, 0.305279, 0.305316, 0.694684
14.3049, -0.0167745, 0.43009, 0.30341, 0.303447, 0.696553
14.3064, -0.0192022, 0.423081, 0.301513, 0.301551, 0.698449
14.3079, -0.0215482, 0.416072, 0.29959, 0.299628, 0.700372
14.3095, -0.0238155, 0.409063, 0.297642, 0.297681, 0.702319
14.311, -0.0260071, 0.402053, 0.295671, 0.295711, 0.704289
14.3125, -0.0281256, 0.395044, 0.293678, 0.293718, 0.706282
14.314, -0.0301735, 0.388035, 0.291663, 0.291704, 0.708296
14.3155, -0.0321532, 0.381025, 0.289629, 0.28967, 0.71033
14.3171, -0.0340669, 0.374016, 0.287576, 0.287617, 0.712383
14.3186, -0.0359167, 0.367007, 0.285506, 0.285547, 0.714453
14.3201, -0.0377046, 0.359997, 0.283418, 0.28346, 0.71654
14.3216, -0.0394324, 0.352988, 0.281315, 0.281357, 0.718643
14.3232, -0.041102, 0.345979, 0.279198, 0.27924, 0.72076
14.3247, -0.0426179, 0.33897, 0.277067, 0.27711, 0.72289
14.3262, -0.0440212, 0.33196, 0.274923, 0.274966, 0.725034
14.3277, -0.0453711, 0.324951, 0.272768, 0.272811, 0.727189
14.3293, -0.0466692, 0.317942, 0.270602, 0.270646, 0.729354
14.3308, -0.0479168, 0.310932, 0.268427, 0.26847, 0.73153
14.3323, -0.0491153, 0.303923, 0.266242, 0.266286, 0.733714
14.3338, -0.0502661, 0.296914, 0.26405, 0.264094, 0.735906
14.3354, -0.0513704, 0.289904, 0.261851, 0.261895, 0.738105
14.3369, -0.0524294, 0.282895, 0.259645, 0.25969, 0.74031
14.3384, -0.0534444, 0.275886, 0.257435, 0.257479, 0.742521
14.3399, -0.0544164, 0.268877, 0.255219, 0.255264, 0.744736
14.3415, -0.0553466, 0.261867, 0.253, 0.253045, 0.746955
14.343, -0.0562361, 0.254858, 0.250778, 0.250823, 0.749177
14.3445, -0.0570859, 0.247849, 0.248554, 0.248599, 0.751401
14.346, -0.0578971, 0.240839, 0.246329, 0.246373, 0.753627
14.3476, -0.0586706, 0.23383, 0.244103, 0.244147, 0.755853
14.3491, -0.0594074, 0.226821, 0.241877, 0.241921, 0.758079
14.3506, -0.0601084, 0.219812, 0.239652, 0.239696, 0.760304
14.3521, -0.0607747, 0.212802, 0.237429, 0.237473, 0.762527
14.3537, -0.061407, 0.205793, 0.235207, 0.235252, 0.764748
14.3552, -0.0620063, 0.198784, 0.232989, 0.233034, 0.766966
14.3567, -0.0625735, 0.191774, 0.230775, 0.230819, 0.769181
14.3582, -0.0631093, 0.184765, 0.228565, 0.228609, 0.771391
14.3598, -0.0636147, 0.177756, 0.22636, 0.226404, 0.773596
14.3613, -0.0640904, 0.170746, 0.224161, 0.224205, 0.775795
14.3628, -0.0645373, 0.163737, 0.221969, 0.222012, 0.777988
14.3643, -0.0649561, 0.156728, 0.219783, 0.219826, 0.780174
14.3659, -0.0653476, 0.149719, 0.217605, 0.217648, 0.782352
14.3674, -0.0657126, 0.142709, 0.215435, 0.215478, 0.784522
14.3689, -0.0660518, 0.1357, 0.213274, 0.213317, 0.786683
14.3704, -0.0663661, 0.128691, 0.211122, 0.211165, 0.788835
14.372, -0.0666561, 0.121681, 0.208981, 0.209023, 0.790977
14.3735, -0.0669225, 0.114672, 0.20685, 0.206892, 0.793108
14.375, -0.0671661, 0.107663, 0.20473, 0.204772, 0.795228
14.3765, -0.0673876, 0.100653, 0.202622, 0.202664, 0.797336
14.378, -0.0675876, 0.0936442, 0.200527, 0.200569, 0.799431
14.3796, -0.067767, 0.0866349, 0.198444, 0.198486, 0.801514
14.3811, -0.0679263, 0.0796256, 0.196375, 0.196416, 0.803584
14.3826, -0.0680662, 0.0726163, 0.19432, 0.194361, 0.805639
14.3841, -0.0681875, 0.065607, 0.19228, 0.19232, 0.80768
14.3857, -0.0682907, 0.0585977, 0.190254, 0.190295, 0.809705
14.3872, -0.0683767, 0.0515884, 0.188245, 0.188285, 0.811715
14.3887, -0.0684458, 0.0445791, 0.186254, 0.186294, 0.813706
14.3902, -0.0684989, 0.0375698, 0.184283, 0.184323, 0.815677
14.3918, -0.0685366, 0.0305605, 0.182333, 0.182372, 0.817628
14.3933, -0.0685597, 0.0235512, 0.180404, 0.180442, 0.819558
14.3948, -0.0685689, 0.0165419, 0.178496, 0.178534, 0.821466
14.3963, -0.0685648, 0.00953264, 0.17661, 0.176648, 0.823352
14.3979, -0.0685482, 0.00252335, 0.174747, 0.174784, 0.825216
14.3994, -0.0685198, -0.00448595, 0.172906, 0.172943, 0.827057
14.4009, -0.0684802, -0.0114952, 0.171089, 0.171125, 0.828875
14.4024, -0.0684301, -0.0185045, 0.169296, 0.169332, 0.830668
14.404, -0.0683701, -0.0255138, 0.167527, 0.167562, 0.832438
14.4055, -0.0683011, -0.0325231, 0.165783, 0.165818, 0.834182
14.407, -0.0682235, -0.0395324, 0.164064, 0.164098, 0.835902
14.4085, -0.068138, -0.0465417, 0.16237, 0.162404, 0.837596
14.4101, -0.0680454, -0.053551, 0.160703, 0.160736, 0.839264
14.4116, -0.0679462, -0.0605603, 0.159062, 0.159094, 0.840906
14.4131, -0.0678411, -0.0675696, 0.157447, 0.157479, 0.842521
14.4146, -0.0677307, -0.0745789, 0.15586, 0.155892, 0.844108
14.4162, -0.0676156, -0.0815882, 0.154301, 0.154332, 0.845668
14.4177, -0.0674964, -0.0885975, 0.15277, 0.1528, 0.8472
14.4192, -0.0673739, -0.0956068, 0.151267, 0.151296, 0.848704
14.4207, -0.0672486, -0.102616, 0.149792, 0.149822, 0.850178
14.4223, -0.0671211, -0.109625, 0.148347, 0.148376, 0.851624
14.4238, -0.066992, -0.116635, 0.146932, 0.14696, 0.85304
14.4253, -0.066862, -0.123644, 0.145547, 0.145574, 0.854426
14.4268, -0.0667316, -0.130653, 0.144192, 0.144219, 0.855781
14.4284, -0.0666015, -0.137663, 0.142869, 0.142895, 0.857105
14.4299, -0.0664724, -0.144672, 0.141576, 0.141602, 0.858398
14.4314, -0.0663447, -0.151681, 0.140315, 0.14034, 0.85966
14.4329, -0.0662192, -0.15869, 0.139087, 0.139111, 0.860889
14.4345, -0.0660964, -0.1657, 0.137891, 0.137915, 0.862085
14.436, -0.065977, -0.172709, 0.136728, 0.136751, 0.863249
14.4375, -0.0658617, -0.179718, 0.135599, 0.135621, 0.864379
14.439, -0.0657509, -0.186728, 0.134504, 0.134526, 0.865474
14.4405, -0.0656455, -0.193737, 0.133444, 0.133465, 0.866535
14.4421, -0.065546, -0.200746, 0.132419, 0.132439, 0.867561
14.4436, -0.0654531, -0.207756, 0.131429, 0.131449, 0.868551
14.4451, -0.0653674, -0.214765, 0.130476, 0.130495, 0.869505
14.4466, -0.0652897, -0.221774, 0.12956, 0.129578, 0.870422
14.4482, -0.0652206, -0.228783, 0.128681, 0.128698, 0.871302
14.4497, -0.0651608, -0.235793, 0.127841, 0.127857, 0.872143
14.4512, -0.0651111, -0.242802, 0.127039, 0.127055, 0.872945
14.4527, -0.0650722, -0.249811, 0.126277, 0.126292, 0.873708
14.4543, -0.0650448, -0.256821, 0.125556, 0.12557, 0.87443
14.4558, -0.0650297, -0.26383, 0.124876, 0.124889, 0.875111
14.4573, -0.0650277, -0.270839, 0.124238, 0.12425, 0.87575
14.4588, -0.0650397, -0.277848, 0.123643, 0.123654, 0.876346
14.4604, -0.0650664, -0.284858, 0.123092, 0.123102, 0.876898
14.4619, -0.0651087, -0.291867, 0.122586, 0.122595, 0.877405
14.4634, -0.0651676, -0.298876, 0.122126, 0.122135, 0.877865
14.4649, -0.065244, -0.305886, 0.121713, 0.121721, 0.878279
14.4665, -0.0653388, -0.312895, 0.121349, 0.121356, 0.878644
14.468, -0.0654531, -0.319904, 0.121035, 0.12104, 0.87896
14.4695, -0.065588, -0.326914, 0.120771, 0.120776, 0.879224
14.471, -0.0657444, -0.333923, 0.12056, 0.120564, 0.879436
14.4726, -0.0659236, -0.340932, 0.120404, 0.120406, 0.879594
14.4741, -0.0661268, -0.347941, 0.120303, 0.120304, 0.879696
14.4756, -0.0663552, -0.354951, 0.120259, 0.12026, 0.87974
14.4771, -0.0666075, -0.36196, 0.12027, 0.12027, 0.87973
14.4787, -0.066877, -0.368969, 0.120324, 0.120323, 0.879677
14.4802, -0.0671628, -0.375979, 0.120418, 0.120415, 0.879585
14.4817, -0.0674637, -0.382988, 0.120549, 0.120546, 0.879454
14.4832, -0.0677791, -0.389997, 0.120715, 0.120711, 0.879289
14.4848, -0.0681082, -0.397007, 0.120915, 0.12091, 0.87909
14.4863, -0.0684501, -0.404016, 0.121145, 0.12114, 0.87886
14.4878, -0.0688043, -0.411025, 0.121405, 0.1214, 0.8786
14.4893, -0.0691699, -0.418034, 0.121693, 0.121687, 0.878313
14.4909, -0.0695465, -0.425044, 0.122007, 0.122, 0.878
14.4924, -0.0699333, -0.432053, 0.122345, 0.122338, 0.877662
14.4939, -0.0703298, -0.439062, 0.122706, 0.122698, 0.877302
14.4954, -0.0707355, -0.446072, 0.123088, 0.123081, 0.876919
14.497, -0.0711497, -0.453081, 0.123492, 0.123483, 0.876517
14.4985, -0.0715721, -0.46009, 0.123914, 0.123905, 0.876095
14.5, -0.0720022, -0.467099, 0.124354, 0.124345, 0.875655
14.5015, -0.0724395, -0.474109, 0.124811, 0.124802, 0.875198
14.503, -0.0728835, -0.481118, 0.125284, 0.125274, 0.874726
14.5046, -0.073334, -0.488127, 0.125772, 0.125762, 0.874238
14.5061, -0.0737904, -0.495137, 0.126274, 0.126264, 0.873736
14.5076, -0.0742525, -0.502146, 0.126789, 0.126779, 0.873221
14.5091, -0.0747199, -0.509155, 0.127317, 0.127306, 0.872694
14.5107, -0.0751923, -0.516165, 0.127856, 0.127845, 0.872155
14.5122, -0.0756693, -0.523174, 0.128407, 0.128395, 0.871605
14.5137, -0.0761507, -0.530183, 0.128967, 0.128956, 0.871044
14.5152, -0.0766363, -0.537192, 0.129537, 0.129526, 0.870474
14.5168, -0.0771256, -0.544202, 0.130117, 0.130105, 0.869895
14.5183, -0.0776186, -0.551211, 0.130704, 0.130693, 0.869307
14.5198, -0.0781149, -0.55822, 0.1313, 0.131288, 0.868712
14.5213, -0.0786143, -0.56523, 0.131903, 0.131891, 0.868109
14.5229, -0.0791166, -0.572239, 0.132514, 0.132501, 0.867499
14.5244, -0.0796217, -0.579248, 0.133131, 0.133118, 0.866882
14.5259, -0.0801293, -0.586257, 0.133754, 0.133741, 0.866259
14.5274, -0.0806392, -0.593267, 0.134382, 0.13437, 0.86563
14.529, -0.0811517, -0.600276, 0.135017, 0.135004, 0.864996
14.5305, -0.0816708, -0.607285, 0.135665, 0.135652, 0.864348
14.532, -0.0821974, -0.614295, 0.136328, 0.136315, 0.863685
14.5335, -0.0827317, -0.621304, 0.137006, 0.136992, 0.863008
14.5351, -0.0832736, -0.628313, 0.137699, 0.137685, 0.862315
14.5366, -0.0838234, -0.635323, 0.138406, 0.138392, 0.861608
14.5381, -0.0843809, -0.642332, 0.139128, 0.139114, 0.860886
14.5396, -0.0849462, -0.649341, 0.139865, 0.13985, 0.86015
14.5412, -0.0855193, -0.65635, 0.140617, 0.140602, 0.859398
14.5427, -0.0861003, -0.66336, 0.141383, 0.141368, 0.858632
14.5442, -0.0866891, -0.670369, 0.142164, 0.142148, 0.857852
14.5457, -0.0872858, -0.677378, 0.142959, 0.142943, 0.857057
14.5473, -0.0878902, -0.684388, 0.143768, 0.143752, 0.856248
14.5488, -0.0885023, -0.691397, 0.144592, 0.144575, 0.855425
14.5503, -0.0891221, -0.698406, 0.14543, 0.145413, 0.854587
14.5518, -0.0897495, -0.705416, 0.146281, 0.146264, 0.853736
14.5534, -0.0903845, -0.712425, 0.147145, 0.147128, 0.852872
14.5549, -0.0910268, -0.719434, 0.148024, 0.148006, 0.851994
14.5564, -0.0916765, -0.726443, 0.148915, 0.148897, 0.851103
14.5579, -0.0923334, -0.733453, 0.149819, 0.1498, 0.8502
14.5595, -0.0929974, -0.740462, 0.150735, 0.150717, 0.849283
14.561, -0.0936684, -0.747471, 0.151664, 0.151645, 0.848355
14.5625, -0.0943461, -0.754481, 0.152604, 0.152585, 0.847415
14.564, -0.0950304, -0.76149, 0.153557, 0.153537, 0.846463
14.5655, -0.0957213, -0.768499, 0.15452, 0.154501, 0.845499
14.5671, -0.0964185, -0.775508, 0.155495, 0.155475, 0.844525
14.5686, -0.0971218, -0.782518, 0.15648, 0.15646, 0.84354
14.5701, -0.0978311, -0.789527, 0.157475, 0.157455, 0.842545
14.5716, -0.0985462, -0.796536, 0.158481, 0.158461, 0.841539
14.5732, -0.0992669, -0.803546, 0.159496, 0.159476, 0.840524
14.5747, -0.099993, -0.810555, 0.16052, 0.1605, 0.8395
14.5762, -0.100724, -0.817564, 0.161554, 0.161533, 0.838467
14.5777, -0.101461, -0.824574, 0.162596, 0.162575, 0.837425
14.5793, -0.102202, -0.831583, 0.163646, 0.163625, 0.836375
14.5808, -0.102948, -0.838592, 0.164704, 0.164683, 0.835317
14.5823, -0.103699, -0.845601, 0.16577, 0.165749, 0.834251
14.5838, -0.104454, -0.852611, 0.166843, 0.166822, 0.833178
14.5854, -0.105213, -0.85962, 0.167924, 0.167902, 0.832098
14.5869, -0.105976, -0.866629, 0.169011, 0.168989, 0.831011
14.5884, -0.106743, -0.873639, 0.170104, 0.170082, 0.829918
14.5899, -0.107514, -0.880648, 0.171204, 0.171182, 0.828818
14.5915, -0.108289, -0.887657, 0.17231, 0.172288, 0.827712
14.593, -0.109067, -0.894667, 0.173422, 0.1734, 0.8266
14.5945, -0.109849, -0.901676, 0.17454, 0.174517, 0.825483
14.596, -0.110634, -0.908685, 0.175663, 0.17564, 0.82436
14.5976, -0.111422, -0.915694, 0.176791, 0.176768, 0.823232
14.5991, -0.112213, -0.922704, 0.177924, 0.177902, 0.822098
14.6006, -0.113008, -0.929713, 0.179063, 0.17904, 0.82096
14.6021, -0.113805, -0.936722, 0.180206, 0.180183, 0.819817
14.6037, -0.114606, -0.943732, 0.181355, 0.181332, 0.818668
14.6052, -0.11541, -0.950741, 0.182508, 0.182485, 0.817515
14.6067, -0.116217, -0.95775, 0.183668, 0.183645, 0.816355
14.6082, -0.117029, -0.964759, 0.184833, 0.18481, 0.81519
14.6098, -0.117844, -0.971769, 0.186004, 0.185981, 0.814019
14.6113, -0.118663, -0.978778, 0.187181, 0.187157, 0.812843
14.6128, -0.119485, -0.985787, 0.188363, 0.18834, 0.81166
14.6143, -0.120311, -0.992797, 0.189551, 0.189528, 0.810472
14.6159, -0.121141, -0.999806, 0.190745, 0.190721, 0.809279
14.6174, -0.121974, -1.00682, 0.191944, 0.19192, 0.80808
14.6189, -0.122811, -1.01382, 0.193149, 0.193124, 0.806876
14.6204, -0.123651, -1.02083, 0.194359, 0.194334, 0.805666
14.622, -0.124495, -1.02784, 0.195574, 0.19555, 0.80445
14.6235, -0.125342, -1.03485, 0.196795, 0.19677, 0.80323
14.625, -0.126193, -1.04186, 0.198021, 0.197996, 0.802004
14.6265, -0.127047, -1.04887, 0.199252, 0.199228, 0.800772
14.628, -0.127905, -1.05588, 0.200489, 0.200464, 0.799536
14.6296, -0.128766, -1.06289, 0.201731, 0.201706, 0.798294
14.6311, -0.129631, -1.0699, 0.202978, 0.202953, 0.797047
14.6326, -0.130499, -1.07691, 0.204231, 0.204205, 0.795795
14.6341, -0.13137, -1.08392, 0.205488, 0.205463, 0.794537
14.6357, -0.132245, -1.09093, 0.206751, 0.206725, 0.793275
14.6372, -0.133123, -1.09794, 0.208018, 0.207993, 0.792007
14.6387, -0.134004, -1.10495, 0.209291, 0.209265, 0.790735
14.6402, -0.134888, -1.11195, 0.210569, 0.210543, 0.789457
14.6418, -0.135776, -1.11896, 0.211851, 0.211826, 0.788174
14.6433, -0.136667, -1.12597, 0.213139, 0.213113, 0.786887
14.6448, -0.137561, -1.13298, 0.214432, 0.214406, 0.785594
14.6463, -0.138459, -1.13999, 0.215729, 0.215703, 0.784297
14.6479, -0.13936, -1.147, 0.217032, 0.217006, 0.782994
14.6494, -0.140264, -1.15401, 0.218339, 0.218313, 0.781687
14.6509, -0.141171, -1.16102, 0.219651, 0.219625, 0.780375
14.6524, -0.142081, -1.16803, 0.220968, 0.220941, 0.779059
14.654, -0.142994, -1.17504, 0.222289, 0.222263, 0.777737
14.6555, -0.143911, -1.18205, 0.223616, 0.223589, 0.776411
14.657, -0.14483, -1.18906, 0.224947, 0.22492, 0.77508
14.6585, -0.145753, -1.19607, 0.226283, 0.226256, 0.773744
14.6601, -0.146678, -1.20308, 0.227623, 0.227596, 0.772404
14.6616, -0.147607, -1.21008, 0.228968, 0.228941, 0.771059
14.6631, -0.148539, -1.21709, 0.230318, 0.230291, 0.769709
14.6646, -0.149474, -1.2241, 0.231672, 0.231645, 0.768355
14.6662, -0.150412, -1.23111, 0.233031, 0.233004, 0.766996
14.6677, -0.151352, -1.23812, 0.234394, 0.234367, 0.765633
14.6692, -0.152296, -1.24513, 0.235762, 0.235735, 0.764265
14.6707, -0.153243, -1.25214, 0.237135, 0.237107, 0.762893
14.6723, -0.154193, -1.25915, 0.238512, 0.238484, 0.761516
14.6738, -0.155145, -1.26616, 0.239893, 0.239865, 0.760135
14.6753, -0.156101, -1.27317, 0.241279, 0.241251, 0.758749
14.6768, -0.157059, -1.28018, 0.242669, 0.242641, 0.757359
14.6784, -0.15802, -1.28719, 0.244063, 0.244035, 0.755965
14.6799, -0.158985, -1.2942, 0.245462, 0.245434, 0.754566
14.6814, -0.159952, -1.30121, 0.246866, 0.246838, 0.753162
14.6829, -0.160922, -1.30821, 0.248273, 0.248245, 0.751755
14.6845, -0.161894, -1.31522, 0.249685, 0.249657, 0.750343
14.686, -0.16287, -1.32223, 0.251101, 0.251073, 0.748927
14.6875, -0.163848, -1.32924, 0.252522, 0.252493, 0.747507
14.689, -0.164829, -1.33625, 0.253947, 0.253918, 0.746082
14.6905, -0.165813, -1.34326, 0.255376, 0.255347, 0.744653
14.6921, -0.1668, -1.35027, 0.256809, 0.25678, 0.74322
14.6936, -0.16779, -1.35728, 0.258246, 0.258217, 0.741783
14.6951, -0.168782, -1.36429, 0.259688, 0.259659, 0.740341
14.6966, -0.169777, -1.3713, 0.261133, 0.261105, 0.738895
14.6982, -0.170774, -1.37831, 0.262583, 0.262554, 0.737446
14.6997, -0.171775, -1.38532, 0.264037, 0.264008, 0.735992
14.7012, -0.172778, -1.39233, 0.265495, 0.265466, 0.734534
14.7027, -0.173783, -1.39934, 0.266957, 0.266928, 0.733072
14.7043, -0.174792, -1.40635, 0.268424, 0.268394, 0.731606
14.7058, -0.175803, -1.41335, 0.269894, 0.269865, 0.730135
14.7073, -0.176817, -1.42036, 0.271368, 0.271339, 0.728661
14.7088, -0.177833, -1.42737, 0.272847, 0.272817, 0.727183
14.7104, -0.178852, -1.43438, 0.274329, 0.274299, 0.725701
14.7119, -0.179874, -1.44139, 0.275815, 0.275786, 0.724214
14.7134, -0.180898, -1.4484, 0.277306, 0.277276, 0.722724
14.7149, -0.181925, -1.45541, 0.2788, 0.27877, 0.72123
14.7165, -0.182954, -1.46242, 0.280298, 0.280268, 0.719732
14.718, -0.183986, -1.46943, 0.2818, 0.28177, 0.71823
14.7195, -0.18502, -1.47644, 0.283306, 0.283276, 0.716724
14.721, -0.186057, -1.48345, 0.284816, 0.284786, 0.715214
14.7226, -0.187097, -1.49046, 0.28633, 0.286299, 0.713701
14.7241, -0.188139, -1.49747, 0.287847, 0.287817, 0.712183
14.7256, -0.189184, -1.50448, 0.289369, 0.289338, 0.710662
14.7271, -0.190231, -1.51148, 0.290894, 0.290864, 0.709136
14.7287, -0.19128, -1.51849, 0.292423, 0.292393, 0.707607
14.7302, -0.192332, -1.5255, 0.293956, 0.293926, 0.706074
14.7317, -0.193387, -1.53251, 0.295493, 0.295462, 0.704538
14.7332, -0.194444, -1.53952, 0.297034, 0.297003, 0.702997
14.7348, -0.195503, -1.54653, 0.298578, 0.298547, 0.701453
14.7363, -0.196565, -1.55354, 0.300126, 0.300095, 0.699905
14.7378, -0.19763, -1.56055, 0.301678, 0.301647, 0.698353
14.7393, -0.198696, -1.56756, 0.303233, 0.303202, 0.696798
14.7409, -0.199766, -1.57457, 0.304793, 0.304761, 0.695239
14.7424, -0.200837, -1.58158, 0.306356, 0.306324, 0.693676
14.7439, -0.201911, -1.58859, 0.307922, 0.307891, 0.692109
14.7454, -0.202987, -1.5956, 0.309493, 0.309461, 0.690539
14.747, -0.204066, -1.60261, 0.311067, 0.311035, 0.688965
14.7485, -0.205147, -1.60961, 0.312644, 0.312613, 0.687387
14.75, -0.204486, -1.61382, 0.313877, 0.313877, 0.686123
14.751, -0.19647, -1.60681, 0.313834, 0.313836, 0.686164
14.752, -0.188058, -1.5998, 0.313649, 0.313654, 0.686346
14.753, -0.179394, -1.59279, 0.31328, 0.31329, 0.68671
14.754, -0.170619, -1.58578, 0.312685, 0.3127, 0.6873
14.755, -0.161864, -1.57877, 0.311823, 0.311843, 0.688157
14.756, -0.15324, -1.57176, 0.310658, 0.310684, 0.689316
14.7569, -0.14483, -1.56476, 0.309165, 0.309198, 0.690802
14.7579, -0.136691, -1.55775, 0.307329, 0.307369, 0.692631
14.7589, -0.128857, -1.55074, 0.305147, 0.305194, 0.694806
14.7599, -0.121343, -1.54373, 0.302623, 0.302677, 0.697323
14.7609, -0.11415, -1.53672, 0.299769, 0.299829, 0.700171
14.7619, -0.107273, -1.52971, 0.296601, 0.296667, 0.703333
14.7629, -0.100701, -1.5227, 0.293137, 0.293209, 0.706791
14.7639, -0.0944459, -1.51569, 0.289415, 0.289491, 0.710509
14.7649, -0.0884994, -1.50868, 0.285462, 0.285543, 0.714457
14.7659, -0.0828382, -1.50167, 0.281299, 0.281384, 0.718616
14.7669, -0.0774421, -1.49466, 0.276944, 0.277033, 0.722967
14.7679, -0.0722934, -1.48765, 0.272414, 0.272506, 0.727494
14.7688, -0.0673771, -1.48064, 0.267725, 0.267821, 0.732179
14.7698, -0.0626797, -1.47363, 0.262893, 0.262991, 0.737009
14.7708, -0.0581898, -1.46663, 0.257932, 0.258033, 0.741967
14.7718, -0.0538971, -1.45962, 0.252856, 0.252959, 0.747041
14.7728, -0.0497926, -1.45261, 0.247678, 0.247782, 0.752218
14.7738, -0.0458681, -1.4456, 0.242408, 0.242515, 0.757485
14.7748, -0.0421164, -1.43859, 0.237061, 0.237168, 0.762832
14.7758, -0.0385308, -1.43158, 0.231645, 0.231754, 0.768246
14.7768, -0.0351053, -1.42457, 0.226172, 0.226281, 0.773719
14.7778, -0.0318345, -1.41756, 0.220651, 0.220761, 0.779239
14.7788, -0.0287131, -1.41055, 0.215091, 0.215203, 0.784797
14.7798, -0.0257365, -1.40354, 0.209503, 0.209615, 0.790385
14.7808, -0.0229002, -1.39653, 0.203894, 0.204006, 0.795994
14.7817, -0.0201998, -1.38952, 0.198273, 0.198385, 0.801615
14.7827, -0.0176315, -1.38251, 0.192647, 0.192759, 0.807241
14.7837, -0.0151912, -1.3755, 0.187024, 0.187137, 0.812863
14.7847, -0.0128755, -1.36849, 0.181412, 0.181524, 0.818476
14.7857, -0.0106806, -1.36149, 0.175817, 0.175929, 0.824071
14.7867, -0.00860329, -1.35448, 0.170247, 0.170358, 0.829642
14.7877, -0.00664005, -1.34747, 0.164707, 0.164817, 0.835183
14.7887, -0.00478767, -1.34046, 0.159203, 0.159313, 0.840687
14.7897, -0.00304295, -1.33345, 0.153742, 0.153851, 0.846149
14.7907, -0.00140273, -1.32644, 0.148329, 0.148437, 0.851563
14.7917, 0.000136093, -1.31943, 0.14297, 0.143076, 0.856924
14.7927, 0.00157658, -1.31242, 0.137669, 0.137774, 0.862226
14.7937, 0.00292176, -1.30541, 0.132432, 0.132536, 0.867464
14.7946, 0.00417465, -1.2984, 0.127263, 0.127366, 0.872634
14.7956, 0.00533824, -1.29139, 0.122167, 0.122268, 0.877732
14.7966, 0.00641549, -1.28438, 0.117148, 0.117248, 0.882752
14.7976, 0.00740937, -1.27737, 0.11221, 0.112308, 0.887692
14.7986, 0.00820821, -1.27036, 0.10739, 0.107484, 0.892516
14.7996, 0.00889923, -1.26336, 0.102857, 0.102944, 0.897056
14.8006, 0.00952844, -1.25635, 0.0986122, 0.0986944, 0.901306
14.8016, 0.0101013, -1.24934, 0.0946336, 0.0947107, 0.905289
14.8026, 0.0106228, -1.24233, 0.0908999, 0.0909723, 0.909028
14.8036, 0.0110975, -1.23532, 0.0873923, 0.0874604, 0.91254
14.8046, 0.0115295, -1.22831, 0.0840937, 0.0841577, 0.915842
14.8056, 0.0119224, -1.2213, 0.0809884, 0.0810487, 0.918951
14.8065, 0.0122797, -1.21429, 0.0780622, 0.078119, 0.921881
14.8075, 0.0126045, -1.20728, 0.0753022, 0.0753558, 0.924644
14.8085, 0.0128996, -1.20027, 0.0726965, 0.0727472, 0.927253
14.8095, 0.0131676, -1.19326, 0.0702345, 0.0702824, 0.929718
14.8105, 0.0134106, -1.18625, 0.0679061, 0.0679514, 0.932049
14.8115, 0.013631, -1.17924, 0.0657022, 0.0657451, 0.934255
14.8125, 0.0138307, -1.17223, 0.0636147, 0.0636553, 0.936345
14.8135, 0.0140114, -1.16523, 0.0616357, 0.0616743, 0.938326
14.8145, 0.0141747, -1.15822, 0.0597584, 0.059795, 0.940205
14.8155, 0.0143222, -1.15121, 0.0579761, 0.0580108, 0.941989
14.8165, 0.0144551, -1.1442, 0.0562829, 0.0563159, 0.943684
14.8175, 0.0145748, -1.13719, 0.0546733, 0.0547047, 0.945295
14.8185, 0.0146823, -1.13018, 0.0531421, 0.053172, 0.946828
14.8194, 0.0147788, -1.12317, 0.0516847, 0.0517132, 0.948287
14.8204, 0.0148652, -1.11616, 0.0502967, 0.0503238, 0.949676
14.8214, 0.0149424, -1.10915, 0.0489739, 0.0489998, 0.951
14.8224, 0.0150111, -1.10214, 0.0477128, 0.0477374, 0.952263
14.8234, 0.0150721, -1.09513, 0.0465097, 0.0465332, 0.953467
14.8244, 0.0151262, -1.08812, 0.0453614, 0.0453838, 0.954616
14.8254, 0.0151739, -1.08111, 0.0442649, 0.0442863, 0.955714
14.8264, 0.0152158, -1.0741, 0.0432174, 0.0432379, 0.956762
14.8274, 0.0152525, -1.0671, 0.0422163, 0.0422359, 0.957764
14.8284, 0.0152844, -1.06009, 0.0412591, 0.0412778, 0.958722
14.8294, 0.0153121, -1.05308, 0.0403435, 0.0403614, 0.959639
14.8304, 0.0153359, -1.04607, 0.0394675, 0.0394847, 0.960515
14.8313, 0.0153562, -1.03906, 0.0386291, 0.0386455, 0.961355
14.8323, 0.0153735, -1.03205, 0.0378263, 0.037842, 0.962158
14.8333, 0.015388, -1.02504, 0.0370575, 0.0370725, 0.962927
14.8343, 0.0154001, -1.01803, 0.036321, 0.0363355, 0.963665
14.8353, 0.01541, -1.01102, 0.0356154, 0.0356292, 0.964371
14.8363, 0.0154181, -1.00401, 0.0349392, 0.0349525, 0.965048
14.8373, 0.0154246, -0.997002, 0.0342911, 0.0343038, 0.965696
14.8383, 0.0154298, -0.989993, 0.0336699, 0.0336821, 0.966318
14.8393, 0.0154338, -0.982984, 0.0330747, 0.0330863, 0.966914
14.8403, 0.0154369, -0.975974, 0.0325054, 0.0325165, 0.967483
14.8413, 0.0154394, -0.968965, 0.0319611, 0.0319717, 0.968028
14.8423, 0.0154413, -0.961956, 0.0314406, 0.0314508, 0.968549
14.8433, 0.0154429, -0.954946, 0.030943, 0.0309527, 0.969047
14.8442, 0.0154444, -0.947937, 0.0304673, 0.0304767, 0.969523
14.8452, 0.0154459, -0.940928, 0.0300128, 0.0300217, 0.969978
14.8462, 0.0154477, -0.933919, 0.0295785, 0.029587, 0.970413
14.8472, 0.0154498, -0.926909, 0.0291637, 0.0291718, 0.970828
14.8482, 0.0154525, -0.9199, 0.0287678, 0.0287755, 0.971224
14.8492, 0.0154558, -0.912891, 0.0283901, 0.0283974, 0.971603
14.8502, 0.0154599, -0.905881, 0.0280299, 0.0280369, 0.971963
14.8512, 0.015465, -0.898872, 0.0276867, 0.0276934, 0.972307
14.8522, 0.0154712, -0.891863, 0.0273601, 0.0273665, 0.972633
14.8532, 0.0154787, -0.884853, 0.0270496, 0.0270556, 0.972944
14.8542, 0.0154876, -0.877844, 0.0267547, 0.0267604, 0.97324
14.8552, 0.015498, -0.870835, 0.026475, 0.0264805, 0.97352
14.8562, 0.0155101, -0.863826, 0.0262103, 0.0262155, 0.973785
14.8571, 0.0155242, -0.856816, 0.0259603, 0.0259652, 0.974035
14.8581, 0.0155403, -0.849807, 0.0257247, 0.0257293, 0.974271
14.8591, 0.0155586, -0.842798, 0.0255033, 0.0255076, 0.974492
14.8601, 0.0155794, -0.835788, 0.0252961, 0.0253001, 0.9747
14.8611, 0.0156028, -0.828779, 0.0251028, 0.0251065, 0.974893
14.8621, 0.015629, -0.82177, 0.0249235, 0.0249269, 0.975073
14.8631, 0.0156584, -0.814761, 0.0247581, 0.0247613, 0.975239
14.8641, 0.0156911, -0.807751, 0.0246068, 0.0246097, 0.97539
14.8651, 0.0157275, -0.800742, 0.0244698, 0.0244724, 0.975528
14.8661, 0.0157679, -0.793733, 0.0243471, 0.0243494, 0.975651
14.8671, 0.0158127, -0.786723, 0.0242391, 0.0242412, 0.975759
14.8681, 0.0158621, -0.779714, 0.0241463, 0.024148, 0.975852
14.869, 0.0159168, -0.772705, 0.0240691, 0.0240705, 0.97593
14.87, 0.0159773, -0.765695, 0.0240081, 0.0240092, 0.975991
14.871, 0.016044, -0.758686, 0.0239641, 0.0239648, 0.976035
14.872, 0.0161176, -0.751677, 0.0239379, 0.0239382, 0.976062
14.873, 0.016199, -0.744668, 0.0239307, 0.0239306, 0.976069
14.874, 0.0162914, -0.737658, 0.0239489, 0.0239483, 0.976052
14.875, 0.0163959, -0.730649, 0.0239941, 0.023993, 0.976007
14.876, 0.0165114, -0.72364, 0.0240638, 0.0240621, 0.975938
14.877, 0.0166371, -0.71663, 0.0241556, 0.0241535, 0.975846
14.878, 0.0167721, -0.709621, 0.0242676, 0.0242652, 0.975735
14.879, 0.0169157, -0.702612, 0.0243981, 0.0243953, 0.975605
14.88, 0.0170673, -0.695603, 0.0245455, 0.0245424, 0.975458
14.881, 0.0172263, -0.688593, 0.0247084, 0.024705, 0.975295
14.8819, 0.0173921, -0.681584, 0.0248855, 0.0248818, 0.975118
14.8829, 0.0175641, -0.674575, 0.0250756, 0.0250716, 0.974928
14.8839, 0.0177421, -0.667565, 0.0252775, 0.0252734, 0.974727
14.8849, 0.0179254, -0.660556, 0.0254905, 0.0254861, 0.974514
14.8859, 0.0181137, -0.653547, 0.0257134, 0.0257089, 0.974291
14.8869, 0.0183067, -0.646537, 0.0259456, 0.0259409, 0.974059
14.8879, 0.0185039, -0.639528, 0.0261862, 0.0261813, 0.973819
14.8889, 0.018705, -0.632519, 0.0264345, 0.0264295, 0.97357
14.8899, 0.0189098, -0.62551, 0.0266899, 0.0266848, 0.973315
14.8909, 0.0191179, -0.6185, 0.0269518, 0.0269465, 0.973053
14.8919, 0.0193291, -0.611491, 0.0272196, 0.0272142, 0.972786
14.8929, 0.0195431, -0.604482, 0.0274927, 0.0274872, 0.972513
14.8938, 0.0197596, -0.597472, 0.0277707, 0.0277651, 0.972235
14.8948, 0.0199785, -0.590463, 0.0280532, 0.0280475, 0.971953
14.8958, 0.0201995, -0.583454, 0.0283396, 0.0283338, 0.971666
14.8968, 0.0204224, -0.576444, 0.0286296, 0.0286238, 0.971376
14.8978, 0.020647, -0.569435, 0.0289229, 0.028917, 0.971083
14.8988, 0.0208731, -0.562426, 0.029219, 0.0292131, 0.970787
14.8998, 0.0211006, -0.555417, 0.0295177, 0.0295117, 0.970488
14.9008, 0.0213293, -0.548407, 0.0298186, 0.0298126, 0.970187
14.9018, 0.0215591, -0.541398, 0.0301215, 0.0301154, 0.969885
14.9028, 0.0217897, -0.534389, 0.0304261, 0.03042, 0.96958
14.9038, 0.0220211, -0.527379, 0.0307321, 0.030726, 0.969274
14.9048, 0.0222531, -0.52037, 0.0310394, 0.0310332, 0.968967
14.9058, 0.0224857, -0.513361, 0.0313477, 0.0313415, 0.968659
14.9067, 0.0227187, -0.506352, 0.0316567, 0.0316505, 0.968349
14.9077, 0.0229519, -0.499342, 0.0319664, 0.0319602, 0.96804
14.9087, 0.0231853, -0.492333, 0.0322766, 0.0322704, 0.96773
14.9097, 0.0234189, -0.485324, 0.032587, 0.0325808, 0.967419
14.9107, 0.0236524, -0.478314, 0.0328976, 0.0328914, 0.967109
14.9117, 0.0238859, -0.471305, 0.0332082, 0.033202, 0.966798
14.9127, 0.0241192, -0.464296, 0.0335186, 0.0335124, 0.966488
14.9137, 0.0243523, -0.457286, 0.0338288, 0.0338226, 0.966177
14.9147, 0.0245852, -0.450277, 0.0341387, 0.0341325, 0.965868
14.9157, 0.0248176, -0.443268, 0.0344481, 0.0344419, 0.965558
14.9167, 0.0250497, -0.436259, 0.0347569, 0.0347507, 0.965249
14.9177, 0.0252813, -0.429249, 0.0350651, 0.0350589, 0.964941
14.9187, 0.0255124, -0.42224, 0.0353725, 0.0353664, 0.964634
14.9196, 0.0257429, -0.415231, 0.0356792, 0.035673, 0.964327
14.9206, 0.0259728, -0.408221, 0.035985, 0.0359789, 0.964021
14.9216, 0.026202, -0.401212, 0.0362898, 0.0362838, 0.963716
14.9226, 0.0264306, -0.394203, 0.0365937, 0.0365877, 0.963412
14.9236, 0.0266585, -0.387193, 0.0368966, 0.0368905, 0.963109
14.9246, 0.0268856, -0.380184, 0.0371984, 0.0371923, 0.962808
14.9256, 0.0271119, -0.373175, 0.037499, 0.037493, 0.962507
14.9266, 0.0273374, -0.366166, 0.0377985, 0.0377925, 0.962207
14.9276, 0.0275621, -0.359156, 0.0380968, 0.0380908, 0.961909
14.9286, 0.0277859, -0.352147, 0.0383939, 0.0383879, 0.961612
14.9296, 0.0280088, -0.345138, 0.0386897, 0.0386838, 0.961316
14.9306, 0.0282309, -0.338128, 0.0389842, 0.0389783, 0.961022
14.9315, 0.0284521, -0.331119, 0.0392774, 0.0392716, 0.960728
14.9325, 0.0286723, -0.32411, 0.0395694, 0.0395635, 0.960436
14.9335, 0.0288916, -0.317101, 0.0398599, 0.0398541, 0.960146
14.9345, 0.02911, -0.310091, 0.0401493, 0.0401435, 0.959856
14.9355, 0.0293295, -0.303082, 0.0404406, 0.0404348, 0.959565
14.9365, 0.029551, -0.296073, 0.0407355, 0.0407295, 0.95927
14.9375, 0.0297747, -0.289063, 0.0410338, 0.0410278, 0.958972
14.9385, 0.0300005, -0.282054, 0.0413358, 0.0413297, 0.95867
14.9395, 0.0302285, -0.275045, 0.0416414, 0.0416352, 0.958365
14.9405, 0.0304588, -0.268035, 0.0419506, 0.0419444, 0.958056
14.9415, 0.0306913, -0.261026, 0.0422636, 0.0422573, 0.957743
14.9425, 0.0309261, -0.254017, 0.0425804, 0.042574, 0.957426
14.9435, 0.0311632, -0.247008, 0.0429009, 0.0428945, 0.957106
14.9444, 0.0314027, -0.239998, 0.0432253, 0.0432188, 0.956781
14.9454, 0.0316445, -0.232989, 0.0435536, 0.043547, 0.956453
14.9464, 0.0318889, -0.22598, 0.0438859, 0.0438792, 0.956121
14.9474, 0.0321357, -0.21897, 0.0442221, 0.0442154, 0.955785
14.9484, 0.0323849, -0.211961, 0.0445624, 0.0445556, 0.955444
14.9494, 0.0326368, -0.204952, 0.0449068, 0.0448999, 0.9551
14.9504, 0.0328912, -0.197943, 0.0452553, 0.0452483, 0.954752
14.9514, 0.0331482, -0.190933, 0.0456079, 0.0456009, 0.954399
14.9524, 0.0334079, -0.183924, 0.0459648, 0.0459576, 0.954042
14.9534, 0.0336702, -0.176915, 0.0463259, 0.0463187, 0.953681
14.9544, 0.0339352, -0.169905, 0.0466913, 0.046684, 0.953316
14.9554, 0.034203, -0.162896, 0.0470611, 0.0470537, 0.952946
14.9563, 0.0344736, -0.155887, 0.0474352, 0.0474277, 0.952572
14.9573, 0.0347469, -0.148877, 0.0478138, 0.0478061, 0.952194
14.9583, 0.0350231, -0.141868, 0.0481967, 0.048189, 0.951811
14.9593, 0.0353021, -0.134859, 0.0485842, 0.0485764, 0.951424
14.9603, 0.0355841, -0.12785, 0.0489762, 0.0489683, 0.951032
14.9613, 0.0358689, -0.12084, 0.0493728, 0.0493648, 0.950635
14.9623, 0.0361567, -0.113831, 0.049774, 0.0497659, 0.950234
14.9633, 0.0364475, -0.106822, 0.0501798, 0.0501716, 0.949828
14.9643, 0.0367412, -0.0998124, 0.0505903, 0.050582, 0.949418
14.9653, 0.037038, -0.0928031, 0.0510054, 0.0509971, 0.949003
14.9663, 0.0373378, -0.0857938, 0.0514253, 0.0514169, 0.948583
14.9673, 0.0376407, -0.0787845, 0.05185, 0.0518415, 0.948159
14.9683, 0.0379467, -0.0717752, 0.0522794, 0.0522708, 0.947729
14.9692, 0.0382557, -0.0647659, 0.0527136, 0.0527049, 0.947295
14.9702, 0.0385679, -0.0577566, 0.0531526, 0.0531438, 0.946856
14.9712, 0.0388832, -0.0507473, 0.0535965, 0.0535875, 0.946412
14.9722, 0.0392016, -0.043738, 0.0540451, 0.0540361, 0.945964
14.9732, 0.0395232, -0.0367287, 0.0544986, 0.0544895, 0.94551
14.9742, 0.0398479, -0.0297194, 0.054957, 0.0549478, 0.945052
14.9752, 0.0401758, -0.0227101, 0.0554202, 0.0554109, 0.944589
14.9762, 0.0405069, -0.0157008, 0.0558884, 0.0558789, 0.944121
14.9772, 0.0408412, -0.00869153, 0.0563614, 0.0563519, 0.943648
14.9782, 0.0411786, -0.00168223, 0.0568392, 0.0568296, 0.94317
14.9792, 0.0415193, 0.00532706, 0.057322, 0.0573123, 0.942688
14.9802, 0.0418632, 0.0123364, 0.0578097, 0.0577999, 0.9422
14.9812, 0.0422102, 0.0193457, 0.0583023, 0.0582924, 0.941708
14.9821, 0.0425605, 0.026355, 0.0587998, 0.0587898, 0.94121
14.9831, 0.042914, 0.0333642, 0.0593021, 0.059292, 0.940708
14.9841, 0.0432706, 0.0403735, 0.0598094, 0.0597992, 0.940201
14.9851, 0.0436305, 0.0473828, 0.0603216, 0.0603113, 0.939689
14.9861, 0.0439936, 0.0543921, 0.0608386, 0.0608282, 0.939172
14.9871, 0.0443599, 0.0614014, 0.0613605, 0.06135, 0.93865
14.9881, 0.0447294, 0.0684107, 0.0618873, 0.0618767, 0.938123
14.9891, 0.0451021, 0.07542, 0.0624189, 0.0624082, 0.937592
14.9901, 0.045478, 0.0824293, 0.0629554, 0.0629446, 0.937055
14.9911, 0.045857, 0.0894386, 0.0634967, 0.0634858, 0.936514
14.9921, 0.0462392, 0.0964479, 0.0640428, 0.0640318, 0.935968
14.9931, 0.0466246, 0.103457, 0.0645937, 0.0645826, 0.935417
14.994, 0.0470131, 0.110467, 0.0651494, 0.0651382, 0.934862
14.995, 0.0474048, 0.117476, 0.0657098, 0.0656986, 0.934301
14.996, 0.0477995, 0.124485, 0.066275, 0.0662636, 0.933736
14.997, 0.0481974, 0.131494, 0.0668449, 0.0668334, 0.933167
14.998, 0.0485984, 0.138504, 0.0674195, 0.0674079, 0.932592
14.999, 0.0490024, 0.145513, 0.0679987, 0.0679871, 0.932013
15, 0.0494095, 0.152522, 0.0685826, 0.0685709, 0.931429
15.001, 0.0498196, 0.159532, 0.0691711, 0.0691593, 0.930841
15.002, 0.0502324, 0.166541, 0.0697642, 0.0697523, 0.930248
15.003, 0.0506479, 0.17355, 0.070362, 0.07035, 0.92965
15.004, 0.051066, 0.180559, 0.0709644, 0.0709523, 0.929048
15.005, 0.0514868, 0.187569, 0.0715713, 0.0715591, 0.928441
15.006, 0.0519102, 0.194578, 0.0721827, 0.0721704, 0.92783
15.0069, 0.0523362, 0.201587, 0.0727986, 0.0727863, 0.927214
15.0079, 0.0527649, 0.208597, 0.073419, 0.0734065, 0.926593
15.0089, 0.0531962, 0.215606, 0.0740437, 0.0740312, 0.925969
15.0099, 0.0536301, 0.222615, 0.0746728, 0.0746602, 0.92534
15.0109, 0.0540666, 0.229625, 0.0753062, 0.0752935, 0.924706
15.0119, 0.0545057, 0.236634, 0.0759439, 0.0759311, 0.924069
15.0129, 0.0549473, 0.243643, 0.0765858, 0.076573, 0.923427
15.0139, 0.0553915, 0.250652, 0.077232, 0.077219, 0.922781
15.0149, 0.0558382, 0.257662, 0.0778822, 0.0778692, 0.922131
15.0159, 0.0562874, 0.264671, 0.0785366, 0.0785235, 0.921476
15.0169, 0.0567392, 0.27168, 0.0791951, 0.0791819, 0.920818
15.0179, 0.0571933, 0.27869, 0.0798576, 0.0798443, 0.920156
15.0188, 0.05765, 0.285699, 0.0805241, 0.0805107, 0.919489
15.0198, 0.0581091, 0.292708, 0.0811945, 0.0811811, 0.918819
15.0208, 0.0585706, 0.299717, 0.0818688, 0.0818553, 0.918145
15.0218, 0.0590345, 0.306727, 0.082547, 0.0825334, 0.917467
15.0228, 0.0595007, 0.313736, 0.083229, 0.0832153, 0.916785
15.0238, 0.0599693, 0.320745, 0.0839148, 0.083901, 0.916099
15.0248, 0.0604402, 0.327755, 0.0846043, 0.0845905, 0.91541
15.0258, 0.0609135, 0.334764, 0.0852975, 0.0852836, 0.914716
15.0268, 0.061389, 0.341773, 0.0859943, 0.0859803, 0.91402
15.0278, 0.0618667, 0.348783, 0.0866947, 0.0866807, 0.913319
15.0288, 0.0623467, 0.355792, 0.0873987, 0.0873846, 0.912615
15.0298, 0.0628289, 0.362801, 0.0881062, 0.0880921, 0.911908
15.0308, 0.0633133, 0.36981, 0.0888172, 0.088803, 0.911197
15.0317, 0.0637998, 0.37682, 0.0895317, 0.0895173, 0.910483
15.0327, 0.0642885, 0.383829, 0.0902495, 0.0902351, 0.909765
15.0337, 0.0647793, 0.390838, 0.0909707, 0.0909562, 0.909044
15.0347, 0.0652722, 0.397848, 0.0916951, 0.0916806, 0.908319
15.0357, 0.0657672, 0.404857, 0.0924229, 0.0924083, 0.907592
15.0367, 0.0662642, 0.411866, 0.0931539, 0.0931392, 0.906861
15.0377, 0.0667632, 0.418876, 0.0938881, 0.0938734, 0.906127
15.0387, 0.0672642, 0.425885, 0.0946254, 0.0946107, 0.905389
15.0397, 0.0677672, 0.432894, 0.0953659, 0.0953511, 0.904649
15.0407, 0.0682722, 0.439903, 0.0961095, 0.0960946, 0.903905
15.0417, 0.0687791, 0.446913, 0.0968561, 0.0968411, 0.903159
15.0427, 0.0692879, 0.453922, 0.0976057, 0.0975907, 0.902409
15.0437, 0.0697986, 0.460931, 0.0983583, 0.0983432, 0.901657
15.0446, 0.0703112, 0.467941, 0.0991138, 0.0990987, 0.900901
15.0456, 0.0708256, 0.47495, 0.0998722, 0.099857, 0.900143
15.0466, 0.0713419, 0.481959, 0.100634, 0.100618, 0.899382
15.0476, 0.07186, 0.488968, 0.101398, 0.101382, 0.898618
15.0486, 0.0723798, 0.495978, 0.102165, 0.102149, 0.897851
15.0496, 0.0729015, 0.502987, 0.102934, 0.102919, 0.897081
15.0506, 0.0734248, 0.509996, 0.103707, 0.103691, 0.896309
15.0516, 0.07395, 0.517006, 0.104482, 0.104467, 0.895533
15.0526, 0.0744768, 0.524015, 0.10526, 0.105244, 0.894756
15.0536, 0.0750054, 0.531024, 0.106041, 0.106025, 0.893975
15.0546, 0.0755356, 0.538034, 0.106824, 0.106808, 0.893192
15.0556, 0.0760675, 0.545043, 0.10761, 0.107594, 0.892406
15.0565, 0.0766011, 0.552052, 0.108398, 0.108382, 0.891618
15.0575, 0.0771363, 0.559061, 0.109189, 0.109173, 0.890827
15.0585, 0.0776731, 0.566071, 0.109982, 0.109967, 0.890033
15.0595, 0.0782116, 0.57308, 0.110778, 0.110763, 0.889237
15.0605, 0.0787516, 0.580089, 0.111577, 0.111561, 0.888439
15.0615, 0.0792932, 0.587099, 0.112378, 0.112362, 0.887638
15.0625, 0.0798364, 0.594108, 0.113181, 0.113165, 0.886835
15.0635, 0.0803812, 0.601117, 0.113987, 0.113971, 0.886029
15.0645, 0.0809275, 0.608126, 0.114795, 0.114779, 0.885221
15.0655, 0.0814753, 0.615136, 0.115606, 0.11559, 0.88441
15.0665, 0.0820247, 0.622145, 0.116419, 0.116403, 0.883597
15.0675, 0.0825756, 0.629154, 0.117234, 0.117218, 0.882782
15.0685, 0.0831279, 0.636164, 0.118052, 0.118036, 0.881964
15.0694, 0.0836818, 0.643173, 0.118872, 0.118856, 0.881144
15.0704, 0.0842372, 0.650182, 0.119694, 0.119678, 0.880322
15.0714, 0.084794, 0.657192, 0.120519, 0.120502, 0.879498
15.0724, 0.0853523, 0.664201, 0.121346, 0.121329, 0.878671
15.0734, 0.0859121, 0.67121, 0.122175, 0.122158, 0.877842
15.0744, 0.0864733, 0.678219, 0.123006, 0.12299, 0.87701
15.0754, 0.087036, 0.685229, 0.12384, 0.123823, 0.876177
15.0764, 0.0876001, 0.692238, 0.124676, 0.124659, 0.875341
15.0774, 0.0881657, 0.699247, 0.125514, 0.125497, 0.874503
15.0784, 0.0887327, 0.706257, 0.126354, 0.126337, 0.873663
15.0794, 0.0893011, 0.713266, 0.127197, 0.12718, 0.87282
15.0804, 0.0898709, 0.720275, 0.128041, 0.128025, 0.871975
15.0813, 0.0904422, 0.727285, 0.128888, 0.128871, 0.871129
15.0823, 0.0910148, 0.734294, 0.129737, 0.12972, 0.87028
15.0833, 0.0915889, 0.741303, 0.130589, 0.130572, 0.869428
15.0843, 0.0921644, 0.748312, 0.131442, 0.131425, 0.868575
15.0853, 0.0927413, 0.755322, 0.132298, 0.13228, 0.86772
15.0863, 0.0933195, 0.762331, 0.133155, 0.133138, 0.866862
15.0873, 0.0938992, 0.76934, 0.134015, 0.133998, 0.866002
15.0883, 0.0944803, 0.77635, 0.134877, 0.13486, 0.86514
15.0893, 0.0950628, 0.783359, 0.135741, 0.135724, 0.864276
15.0903, 0.0956467, 0.790368, 0.136608, 0.13659, 0.86341
15.0913, 0.0962321, 0.797377, 0.137476, 0.137459, 0.862541
15.0923, 0.096819, 0.804387, 0.138347, 0.13833, 0.86167
15.0933, 0.0974074, 0.811396, 0.13922, 0.139203, 0.860797
15.0942, 0.0979973, 0.818405, 0.140096, 0.140078, 0.859922
15.0952, 0.0985887, 0.825415, 0.140974, 0.140956, 0.859044
15.0962, 0.0991816, 0.832424, 0.141854, 0.141836, 0.858164
15.0972, 0.099776, 0.839433, 0.142736, 0.142719, 0.857281
15.0982, 0.100372, 0.846443, 0.143621, 0.143603, 0.856397
15.0992, 0.100969, 0.853452, 0.144508, 0.14449, 0.85551
15.1002, 0.101568, 0.860461, 0.145397, 0.145379, 0.854621
15.1012, 0.102169, 0.86747, 0.146288, 0.146271, 0.853729
15.1022, 0.10277, 0.87448, 0.147182, 0.147164, 0.852836
15.1032, 0.103374, 0.881489, 0.148078, 0.14806, 0.85194
15.1042, 0.103979, 0.888498, 0.148977, 0.148959, 0.851041
15.1052, 0.104585, 0.895508, 0.149877, 0.149859, 0.850141
15.1062, 0.105193, 0.902517, 0.15078, 0.150762, 0.849238
15.1071, 0.105802, 0.909526, 0.151685, 0.151667, 0.848333
15.1081, 0.106413, 0.916536, 0.152592, 0.152574, 0.847426
15.1091, 0.107025, 0.923545, 0.153502, 0.153484, 0.846516
15.1101, 0.107639, 0.930554, 0.154414, 0.154395, 0.845605
15.1111, 0.108255, 0.937563, 0.155328, 0.155309, 0.844691
15.1121, 0.108871, 0.944573, 0.156244, 0.156226, 0.843774
15.1131, 0.10949, 0.951582, 0.157162, 0.157144, 0.842856
15.1141, 0.110109, 0.958591, 0.158083, 0.158065, 0.841935
15.1151, 0.110731, 0.965601, 0.159006, 0.158988, 0.841012
15.1161, 0.111344, 0.97261, 0.159931, 0.159913, 0.840087
15.1171, 0.111959, 0.979619, 0.160858, 0.16084, 0.83916
15.1181, 0.112576, 0.986628, 0.161788, 0.161769, 0.838231
15.119, 0.113194, 0.993638, 0.162719, 0.1627, 0.8373
15.12, 0.113813, 1.00065, 0.163653, 0.163634, 0.836366
15.121, 0.114434, 1.00766, 0.164589, 0.16457, 0.83543
15.122, 0.115056, 1.01467, 0.165527, 0.165509, 0.834491
15.123, 0.115679, 1.02167, 0.166468, 0.166449, 0.833551
15.124, 0.116304, 1.02868, 0.167411, 0.167392, 0.832608
15.125, 0.116931, 1.03569, 0.168356, 0.168337, 0.831663
15.126, 0.117559, 1.0427, 0.169303, 0.169284, 0.830716
15.127, 0.118188, 1.04971, 0.170253, 0.170234, 0.829766
15.128, 0.118818, 1.05672, 0.171205, 0.171186, 0.828814
15.129, 0.11945, 1.06373, 0.172159, 0.17214, 0.82786
15.13, 0.120084, 1.07074, 0.173115, 0.173096, 0.826904
15.131, 0.120719, 1.07775, 0.174074, 0.174054, 0.825946
15.1319, 0.121355, 1.08476, 0.175034, 0.175015, 0.824985
15.1329, 0.121993, 1.09177, 0.175997, 0.175978, 0.824022
15.1339, 0.122632, 1.09878, 0.176962, 0.176943, 0.823057
15.1349, 0.123272, 1.10579, 0.17793, 0.17791, 0.82209
15.1359, 0.123914, 1.1128, 0.178899, 0.17888, 0.82112
15.1369, 0.124557, 1.11981, 0.179871, 0.179852, 0.820148
15.1379, 0.125202, 1.12681, 0.180845, 0.180825, 0.819175
15.1389, 0.125848, 1.13382, 0.181821, 0.181802, 0.818198
15.1399, 0.126495, 1.14083, 0.182799, 0.18278, 0.81722
15.1409, 0.127144, 1.14784, 0.18378, 0.18376, 0.81624
15.1419, 0.127794, 1.15485, 0.184763, 0.184743, 0.815257
15.1429, 0.128446, 1.16186, 0.185748, 0.185728, 0.814272
15.1438, 0.129099, 1.16887, 0.186735, 0.186715, 0.813285
15.1448, 0.129753, 1.17588, 0.187724, 0.187705, 0.812295
15.1458, 0.130409, 1.18289, 0.188716, 0.188696, 0.811304
15.1468, 0.131066, 1.1899, 0.18971, 0.18969, 0.81031
15.1478, 0.131724, 1.19691, 0.190706, 0.190686, 0.809314
15.1488, 0.132384, 1.20392, 0.191704, 0.191684, 0.808316
15.1498, 0.133045, 1.21093, 0.192704, 0.192684, 0.807316
15.1508, 0.133708, 1.21794, 0.193707, 0.193687, 0.806313
15.1518, 0.134372, 1.22494, 0.194711, 0.194691, 0.805309
15.1528, 0.135037, 1.23195, 0.195718, 0.195698, 0.804302
15.1538, 0.135704, 1.23896, 0.196727, 0.196707, 0.803293
15.1548, 0.136372, 1.24597, 0.197738, 0.197718, 0.802282
15.1558, 0.137041, 1.25298, 0.198752, 0.198731, 0.801269
15.1567, 0.137712, 1.25999, 0.199767, 0.199747, 0.800253
15.1577, 0.138384, 1.267, 0.200785, 0.200765, 0.799235
15.1587, 0.139058, 1.27401, 0.201805, 0.201784, 0.798216
15.1597, 0.139733, 1.28102, 0.202827, 0.202806, 0.797194
15.1607, 0.140409, 1.28803, 0.203851, 0.203831, 0.796169
15.1617, 0.141087, 1.29504, 0.204877, 0.204857, 0.795143
15.1627, 0.141765, 1.30205, 0.205906, 0.205885, 0.794115
15.1637, 0.142446, 1.30906, 0.206937, 0.206916, 0.793084
15.1647, 0.143127, 1.31607, 0.207969, 0.207949, 0.792051
15.1657, 0.14381, 1.32307, 0.209004, 0.208984, 0.791016
15.1667, 0.144495, 1.33008, 0.210041, 0.210021, 0.789979
15.1677, 0.14518, 1.33709, 0.211081, 0.21106, 0.78894
15.1687, 0.145867, 1.3441, 0.212122, 0.212101, 0.787899
15.1696, 0.146556, 1.35111, 0.213165, 0.213145, 0.786855
15.1706, 0.147246, 1.35812, 0.214211, 0.21419, 0.78581
15.1716, 0.147937, 1.36513, 0.215259, 0.215238, 0.784762
15.1726, 0.148629, 1.37214, 0.216309, 0.216288, 0.783712
15.1736, 0.149323, 1.37915, 0.217361, 0.21734, 0.78266
15.1746, 0.150018, 1.38616, 0.218415, 0.218394, 0.781606
15.1756, 0.150714, 1.39317, 0.219471, 0.21945, 0.78055
15.1766, 0.151412, 1.40018, 0.22053, 0.220509, 0.779491
15.1776, 0.152111, 1.40719, 0.22159, 0.221569, 0.778431
15.1786, 0.152811, 1.4142, 0.222653, 0.222632, 0.777368
15.1796, 0.153513, 1.4212, 0.223718, 0.223697, 0.776303
15.1806, 0.154216, 1.42821, 0.224785, 0.224764, 0.775236
15.1815, 0.15492, 1.43522, 0.225854, 0.225833, 0.774167
15.1825, 0.155626, 1.44223, 0.226925, 0.226904, 0.773096
15.1835, 0.156333, 1.44924, 0.227998, 0.227977, 0.772023
15.1845, 0.157042, 1.45625, 0.229074, 0.229052, 0.770948
15.1855, 0.157751, 1.46326, 0.230151, 0.23013, 0.76987
15.1865, 0.158462, 1.47027, 0.231231, 0.231209, 0.768791
15.1875, 0.159174, 1.47728, 0.232313, 0.232291, 0.767709
15.1885, 0.159888, 1.48429, 0.233396, 0.233375, 0.766625
15.1895, 0.160603, 1.4913, 0.234482, 0.234461, 0.765539
15.1905, 0.161319, 1.49831, 0.23557, 0.235549, 0.764451
15.1915, 0.162037, 1.50532, 0.23666, 0.236639, 0.763361
15.1925, 0.162756, 1.51233, 0.237753, 0.237731, 0.762269
15.1935, 0.163476, 1.51933, 0.238847, 0.238825, 0.761175
15.1944, 0.164197, 1.52634, 0.239943, 0.239921, 0.760079
15.1954, 0.16492, 1.53335, 0.241042, 0.24102, 0.75898
15.1964, 0.165644, 1.54036, 0.242142, 0.24212, 0.75788
15.1974, 0.16637, 1.54737, 0.243245, 0.243223, 0.756777
15.1984, 0.167096, 1.55438, 0.24435, 0.244328, 0.755672
15.1994, 0.167824, 1.56139, 0.245456, 0.245434, 0.754566
15.2004, 0.168553, 1.5684, 0.246565, 0.246543, 0.753457
15.2014, 0.169284, 1.57541, 0.247676, 0.247654, 0.752346
15.2024, 0.170016, 1.58242, 0.248789, 0.248767, 0.751233
15.2034, 0.170749, 1.58943, 0.249904, 0.249882, 0.750118
15.2044, 0.171484, 1.59644, 0.251022, 0.250999, 0.749001
15.2054, 0.172219, 1.60345, 0.252141, 0.252118, 0.747882
15.2063, 0.172956, 1.61046, 0.253262, 0.25324, 0.74676
15.2073, 0.173695, 1.61747, 0.254385, 0.254363, 0.745637
15.2083, 0.174434, 1.62447, 0.255511, 0.255488, 0.744512
15.2093, 0.175175, 1.63148, 0.256638, 0.256616, 0.743384
15.2103, 0.175917, 1.63849, 0.257768, 0.257745, 0.742255
15.2113, 0.176661, 1.6455, 0.2589, 0.258877, 0.741123
15.2123, 0.177405, 1.65251, 0.260033, 0.260011, 0.739989
15.2133, 0.178151, 1.65952, 0.261169, 0.261146, 0.738854
15.2143, 0.178899, 1.66653, 0.262307, 0.262284, 0.737716
15.2153, 0.179647, 1.67354, 0.263447, 0.263424, 0.736576
15.2163, 0.180397, 1.68055, 0.264588, 0.264566, 0.735434
15.2173, 0.181148, 1.68756, 0.265732, 0.265709, 0.734291
15.2183, 0.181901, 1.69457, 0.266878, 0.266855, 0.733145
15.2192, 0.182654, 1.70158, 0.268026, 0.268003, 0.731997
15.2202, 0.183409, 1.70859, 0.269176, 0.269153, 0.730847
15.2212, 0.184165, 1.7156, 0.270328, 0.270305, 0.729695
15.2222, 0.184923, 1.7226, 0.271482, 0.271459, 0.728541
15.2232, 0.185682, 1.72961, 0.272639, 0.272615, 0.727385
15.2242, 0.186442, 1.73662, 0.273797, 0.273774, 0.726226
15.2252, 0.187203, 1.74363, 0.274957, 0.274934, 0.725066
15.2262, 0.187965, 1.75064, 0.276119, 0.276096, 0.723904
15.2272, 0.188729, 1.75765, 0.277284, 0.27726, 0.72274
15.2282, 0.189494, 1.76466, 0.27845, 0.278426, 0.721574
15.2292, 0.19026, 1.77167, 0.279618, 0.279595, 0.720405
15.2302, 0.191028, 1.77868, 0.280788, 0.280765, 0.719235
15.2312, 0.191797, 1.78569, 0.281961, 0.281937, 0.718063
15.2321, 0.192567, 1.7927, 0.283135, 0.283112, 0.716888
15.2331, 0.193338, 1.79971, 0.284312, 0.284288, 0.715712
15.2341, 0.194111, 1.80672, 0.28549, 0.285466, 0.714534
15.2351, 0.194885, 1.81373, 0.28667, 0.286647, 0.713353
15.2361, 0.19566, 1.82073, 0.287853, 0.287829, 0.712171
15.2371, 0.196436, 1.82774, 0.289037, 0.289014, 0.710986
15.2381, 0.197213, 1.83475, 0.290224, 0.2902, 0.7098
15.2391, 0.197992, 1.84176, 0.291412, 0.291388, 0.708612
15.2401, 0.198772, 1.84877, 0.292603, 0.292579, 0.707421
15.2411, 0.199553, 1.85578, 0.293795, 0.293771, 0.706229
15.2421, 0.200336, 1.86279, 0.29499, 0.294966, 0.705034
15.2431, 0.20112, 1.8698, 0.296186, 0.296162, 0.703838
15.244, 0.201905, 1.87681, 0.297384, 0.29736, 0.70264
15.245, 0.202691, 1.88382, 0.298585, 0.298561, 0.701439
15.246, 0.203478, 1.89083, 0.299787, 0.299763, 0.700237
15.247, 0.204267, 1.89784, 0.300992, 0.300968, 0.699032
15.248, 0.205057, 1.90485, 0.302198, 0.302174, 0.697826
15.249, 0.205848, 1.91186, 0.303407, 0.303382, 0.696618
15.25, 0.200927, 1.90765, 0.303601, 0.303604, 0.696396
15.2501, 0.194275, 1.90064, 0.303312, 0.303321, 0.696679
15.2501, 0.187414, 1.89363, 0.302655, 0.302672, 0.697328
15.2502, 0.18042, 1.88662, 0.301597, 0.301622, 0.698378
15.2502, 0.173364, 1.87961, 0.30011, 0.300144, 0.699856
15.2503, 0.166304, 1.8726, 0.298178, 0.298221, 0.701779
15.2504, 0.159287, 1.86559, 0.295796, 0.295848, 0.704152
15.2504, 0.152351, 1.85858, 0.292969, 0.29303, 0.70697
15.2505, 0.145523, 1.85158, 0.289708, 0.289777, 0.710223
15.2505, 0.138824, 1.84457, 0.286031, 0.286109, 0.713891
15.2506, 0.132267, 1.83756, 0.281963, 0.282048, 0.717952
15.2507, 0.125864, 1.83055, 0.277529, 0.277621, 0.722379
15.2507, 0.11962, 1.82354, 0.272757, 0.272856, 0.727144
15.2508, 0.113541, 1.81653, 0.267676, 0.26778, 0.73222
15.2508, 0.107628, 1.80952, 0.262312, 0.262422, 0.737578
15.2509, 0.101883, 1.80251, 0.256696, 0.25681, 0.74319
15.251, 0.0963069, 1.7955, 0.250852, 0.250971, 0.749029
15.251, 0.0909002, 1.78849, 0.244807, 0.24493, 0.75507
15.2511, 0.0856623, 1.78148, 0.238586, 0.238712, 0.761288
15.2511, 0.0805927, 1.77447, 0.232213, 0.232342, 0.767658
15.2512, 0.0756962, 1.76746, 0.225717, 0.225848, 0.774152
15.2513, 0.0709839, 1.76045, 0.21914, 0.219272, 0.780728
15.2513, 0.0664513, 1.75345, 0.212498, 0.212632, 0.787368
15.2514, 0.0620935, 1.74644, 0.20581, 0.205944, 0.794056
15.2514, 0.057906, 1.73943, 0.199089, 0.199223, 0.800777
15.2515, 0.0538847, 1.73242, 0.19235, 0.192485, 0.807515
15.2516, 0.0500257, 1.72541, 0.185607, 0.185741, 0.814259
15.2516, 0.0463256, 1.7184, 0.178872, 0.179006, 0.820994
15.2517, 0.042781, 1.71139, 0.172157, 0.172291, 0.827709
15.2517, 0.0393887, 1.70438, 0.165475, 0.165608, 0.834392
15.2518, 0.0361455, 1.69737, 0.158835, 0.158967, 0.841033
15.2518, 0.0330486, 1.69036, 0.152247, 0.152379, 0.847621
15.2519, 0.0300949, 1.68335, 0.145722, 0.145852, 0.854148
15.252, 0.0272816, 1.67634, 0.139269, 0.139397, 0.860603
15.252, 0.0246058, 1.66933, 0.132895, 0.133022, 0.866978
15.2521, 0.0220647, 1.66232, 0.12661, 0.126735, 0.873265
15.2521, 0.0196554, 1.65532, 0.120422, 0.120545, 0.879455
15.2522, 0.0173749, 1.64831, 0.114338, 0.114458, 0.885542
15.2523, 0.0152216, 1.6413, 0.108374, 0.108491, 0.891509
15.2523, 0.0132177, 1.63429, 0.102736, 0.102845, 0.897155
15.2524, 0.0113635, 1.62728, 0.0974816, 0.0975831, 0.902417
15.2524, 0.00964728, 1.62027, 0.0925824, 0.0926771, 0.907323
15.2525, 0.00805804, 1.61326, 0.0880128, 0.0881011, 0.911899
15.2526, 0.00658556, 1.60625, 0.0837487, 0.0838311, 0.916169
15.2526, 0.00522031, 1.59924, 0.0797675, 0.0798445, 0.920155
15.2527, 0.0039535, 1.59223, 0.0760486, 0.0761206, 0.923879
15.2527, 0.00277697, 1.58522, 0.0725727, 0.0726399, 0.92736
15.2528, 0.00168321, 1.57821, 0.0693218, 0.0693847, 0.930615
15.2529, 0.000719112, 1.5712, 0.0662794, 0.0663383, 0.933662
15.2529, -7.45175e-05, 1.56419, 0.0634301, 0.0634853, 0.936515
15.253, -0.000804509, 1.55719, 0.0607601, 0.0608118, 0.939188
15.253, -0.00147623, 1.55018, 0.0582563, 0.0583048, 0.941695
15.2531, -0.00209458, 1.54317, 0.0559068, 0.0559523, 0.944048
15.2532, -0.00266408, 1.53616, 0.0537004, 0.0537432, 0.946257
15.2532, -0.00318884, 1.52915, 0.051627, 0.0516673, 0.948333
15.2533, -0.00367262, 1.52214, 0.0496772, 0.0497151, 0.950285
15.2533, -0.00411888, 1.51513, 0.0478423, 0.0478779, 0.952122
15.2534, -0.00453076, 1.50812, 0.0461142, 0.0461478, 0.953852
15.2535, -0.00491113, 1.50111, 0.0444856, 0.0445173, 0.955483
15.2535, -0.00526263, 1.4941, 0.0429497, 0.0429795, 0.95702
15.2536, -0.00558765, 1.48709, 0.0415001, 0.0415283, 0.958472
15.2536, -0.00588839, 1.48008, 0.0401311, 0.0401578, 0.959842
15.2537, -0.00616686, 1.47307, 0.0388373, 0.0388625, 0.961137
15.2538, -0.00642489, 1.46606, 0.0376138, 0.0376376, 0.962362
15.2538, -0.00666415, 1.45906, 0.0364559, 0.0364784, 0.963522
15.2539, -0.00688618, 1.45205, 0.0353594, 0.0353808, 0.964619
15.2539, -0.00709238, 1.44504, 0.0343204, 0.0343407, 0.965659
15.254, -0.00728403, 1.43803, 0.0333353, 0.0333545, 0.966645
15.2541, -0.00746231, 1.43102, 0.0324007, 0.0324189, 0.967581
15.2541, -0.00762829, 1.42401, 0.0315135, 0.0315308, 0.968469
15.2542, -0.00778297, 1.417, 0.0306707, 0.0306871, 0.969313
15.2542, -0.00792723, 1.40999, 0.0298697, 0.0298854, 0.970115
15.2543, -0.00806192, 1.40298, 0.0291081, 0.0291229, 0.970877
15.2544, -0.0081878, 1.39597, 0.0283834, 0.0283975, 0.971602
15.2544, -0.00830556, 1.38896, 0.0276935, 0.027707, 0.972293
15.2545, -0.00841585, 1.38195, 0.0270365, 0.0270493, 0.972951
15.2545, -0.00851925, 1.37494, 0.0264104, 0.0264226, 0.973577
15.2546, -0.00861631, 1.36793, 0.0258135, 0.0258252, 0.974175
15.2547, -0.00870753, 1.36092, 0.0252442, 0.0252553, 0.974745
15.2547, -0.00879337, 1.35392, 0.0247009, 0.0247116, 0.975288
15.2548, -0.00887425, 1.34691, 0.0241823, 0.0241925, 0.975808
15.2548, -0.00895056, 1.3399, 0.023687, 0.0236967, 0.976303
15.2549, -0.00902267, 1.33289, 0.0232138, 0.0232231, 0.976777
15.2549, -0.0090909, 1.32588, 0.0227615, 0.0227704, 0.97723
15.255, -0.00915556, 1.31887, 0.0223291, 0.0223376, 0.977662
15.2551, -0.00921693, 1.31186, 0.0219155, 0.0219236, 0.978076
15.2551, -0.00927529, 1.30485, 0.0215198, 0.0215275, 0.978472
15.2552, -0.00933087, 1.29784, 0.0211411, 0.0211485, 0.978852
15.2552, -0.00938389, 1.29083, 0.0207785, 0.0207856, 0.979214
15.2553, -0.00943457, 1.28382, 0.0204313, 0.0204381, 0.979562
15.2554, -0.00948309, 1.27681, 0.0200987, 0.0201052, 0.979895
15.2554, -0.00952964, 1.2698, 0.0197801, 0.0197863, 0.980214
15.2555, -0.00957438, 1.26279, 0.0194748, 0.0194808, 0.980519
15.2555, -0.00961747, 1.25579, 0.0191821, 0.0191879, 0.980812
15.2556, -0.00965905, 1.24878, 0.0189016, 0.0189071, 0.981093
15.2557, -0.00969926, 1.24177, 0.0186326, 0.0186379, 0.981362
15.2557, -0.00973822, 1.23476, 0.0183747, 0.0183798, 0.98162
15.2558, -0.00977605, 1.22775, 0.0181274, 0.0181323, 0.981868
15.2558, -0.00981286, 1.22074, 0.0178903, 0.0178949, 0.982105
15.2559, -0.00984875, 1.21373, 0.0176628, 0.0176672, 0.982333
15.256, -0.00988382, 1.20672, 0.0174447, 0.0174489, 0.982551
15.256, -0.00991812, 1.19971, 0.0172358, 0.0172398, 0.98276
15.2561, -0.00995169, 1.1927, 0.0170359, 0.0170398, 0.98296
15.2561, -0.00998462, 1.18569, 0.0168448, 0.0168486, 0.983151
15.2562, -0.010017, 1.17868, 0.0166621, 0.0166656, 0.983334
15.2563, -0.0100488, 1.17167, 0.0164874, 0.0164908, 0.983509
15.2563, -0.0100803, 1.16466, 0.0163204, 0.0163236, 0.983676
15.2564, -0.0101114, 1.15766, 0.0161608, 0.0161639, 0.983836
15.2564, -0.0101422, 1.15065, 0.0160084, 0.0160114, 0.983989
15.2565, -0.0101727, 1.14364, 0.0158629, 0.0158658, 0.984134
15.2566, -0.0102031, 1.13663, 0.0157241, 0.0157269, 0.984273
15.2566, -0.0102334, 1.12962, 0.0155918, 0.0155944, 0.984406
15.2567, -0.0102636, 1.12261, 0.0154657, 0.0154682, 0.984532
15.2567, -0.0102938, 1.1156, 0.0153457, 0.015348, 0.984652
15.2568, -0.0103241, 1.10859, 0.0152315, 0.0152338, 0.984766
15.2569, -0.0103544, 1.10158, 0.0151231, 0.0151252, 0.984875
15.2569, -0.010385, 1.09457, 0.0150203, 0.0150223, 0.984978
15.257, -0.0104157, 1.08756, 0.014923, 0.0149248, 0.985075
15.257, -0.0104468, 1.08055, 0.014831, 0.0148327, 0.985167
15.2571, -0.0104782, 1.07354, 0.0147442, 0.0147459, 0.985254
15.2572, -0.01051, 1.06653, 0.0146626, 0.0146642, 0.985336
15.2572, -0.0105422, 1.05953, 0.0145862, 0.0145877, 0.985412
15.2573, -0.0105751, 1.05252, 0.0145148, 0.0145162, 0.985484
15.2573, -0.0106086, 1.04551, 0.0144485, 0.0144498, 0.98555
15.2574, -0.0106428, 1.0385, 0.0143872, 0.0143884, 0.985612
15.2575, -0.0106778, 1.03149, 0.014331, 0.0143321, 0.985668
15.2575, -0.0107138, 1.02448, 0.0142799, 0.0142809, 0.985719
15.2576, -0.0107508, 1.01747, 0.014234, 0.0142349, 0.985765
15.2576, -0.0107889, 1.01046, 0.0141934, 0.0141942, 0.985806
15.2577, -0.0108284, 1.00345, 0.0141582, 0.0141589, 0.985841
15.2578, -0.0108694, 0.996441, 0.0141286, 0.0141292, 0.985871
15.2578, -0.0109121, 0.989432, 0.0141049, 0.0141053, 0.985895
15.2579, -0.0109567, 0.982423, 0.0140872, 0.0140875, 0.985912
15.2579, -0.0110035, 0.975414, 0.014076, 0.0140762, 0.985924
15.258, -0.0110526, 0.968404, 0.0140716, 0.0140717, 0.985928
15.258, -0.0111073, 0.961395, 0.0140801, 0.0140798, 0.98592
15.2581, -0.0111709, 0.954386, 0.014108, 0.0141073, 0.985893
15.2582, -0.0112427, 0.947376, 0.0141531, 0.014152, 0.985848
15.2582, -0.0113217, 0.940367, 0.0142134, 0.0142121, 0.985788
15.2583, -0.0114073, 0.933358, 0.0142875, 0.0142859, 0.985714
15.2583, -0.0114989, 0.926349, 0.0143739, 0.014372, 0.985628
15.2584, -0.0115959, 0.919339, 0.0144713, 0.0144693, 0.985531
15.2585, -0.011698, 0.91233, 0.0145789, 0.0145767, 0.985423
15.2585, -0.0118046, 0.905321, 0.0146957, 0.0146933, 0.985307
15.2586, -0.0119155, 0.898311, 0.0148208, 0.0148182, 0.985182
15.2586, -0.0120302, 0.891302, 0.0149536, 0.0149508, 0.985049
15.2587, -0.0121486, 0.884293, 0.0150933, 0.0150904, 0.98491
15.2588, -0.0122703, 0.877283, 0.0152394, 0.0152364, 0.984764
15.2588, -0.012395, 0.870274, 0.0153913, 0.0153882, 0.984612
15.2589, -0.0125226, 0.863265, 0.0155485, 0.0155453, 0.984455
15.2589, -0.0126528, 0.856256, 0.0157107, 0.0157074, 0.984293
15.259, -0.0127854, 0.849246, 0.0158772, 0.0158739, 0.984126
15.2591, -0.0129202, 0.842237, 0.0160479, 0.0160444, 0.983956
15.2591, -0.013057, 0.835228, 0.0162222, 0.0162187, 0.983781
15.2592, -0.0131957, 0.828218, 0.0163999, 0.0163963, 0.983604
15.2592, -0.0133361, 0.821209, 0.0165807, 0.016577, 0.983423
15.2593, -0.0134781, 0.8142, 0.0167642, 0.0167605, 0.98324
15.2594, -0.0136214, 0.80719, 0.0169502, 0.0169464, 0.983054
15.2594, -0.0137661, 0.800181, 0.0171384, 0.0171346, 0.982865
15.2595, -0.0139118, 0.793172, 0.0173286, 0.0173248, 0.982675
15.2595, -0.0140586, 0.786163, 0.0175206, 0.0175167, 0.982483
15.2596, -0.0142063, 0.779153, 0.0177141, 0.0177102, 0.98229
15.2597, -0.0143548, 0.772144, 0.017909, 0.0179051, 0.982095
15.2597, -0.0145039, 0.765135, 0.0181051, 0.0181011, 0.981899
15.2598, -0.0146537, 0.758125, 0.0183021, 0.0182982, 0.981702
15.2598, -0.0148039, 0.751116, 0.0185001, 0.0184961, 0.981504
15.2599, -0.0149546, 0.744107, 0.0186987, 0.0186947, 0.981305
15.26, -0.0151056, 0.737098, 0.0188978, 0.0188938, 0.981106
15.26, -0.0152568, 0.730088, 0.0190974, 0.0190934, 0.980907
15.2601, -0.0154083, 0.723079, 0.0192973, 0.0192933, 0.980707
15.2601, -0.0155598, 0.71607, 0.0194973, 0.0194933, 0.980507
15.2602, -0.0157114, 0.70906, 0.0196974, 0.0196934, 0.980307
15.2603, -0.0158629, 0.702051, 0.0198976, 0.0198936, 0.980106
15.2603, -0.0160144, 0.695042, 0.0200976, 0.0200936, 0.979906
15.2604, -0.0161657, 0.688032, 0.0202974, 0.0202934, 0.979707
15.2604, -0.0163169, 0.681023, 0.0204969, 0.0204929, 0.979507
15.2605, -0.0164678, 0.674014, 0.020696, 0.020692, 0.979308
15.2606, -0.0166184, 0.667005, 0.0208948, 0.0208908, 0.979109
15.2606, -0.0167688, 0.659995, 0.021093, 0.0210891, 0.978911
15.2607, -0.0169187, 0.652986, 0.0212907, 0.0212868, 0.978713
15.2607, -0.0170683, 0.645977, 0.0214878, 0.0214839, 0.978516
15.2608, -0.0172175, 0.638967, 0.0216843, 0.0216804, 0.97832
15.2609, -0.0173661, 0.631958, 0.0218801, 0.0218762, 0.978124
15.2609, -0.0175143, 0.624949, 0.0220751, 0.0220712, 0.977929
15.261, -0.017662, 0.61794, 0.0222694, 0.0222655, 0.977734
15.261, -0.0178092, 0.61093, 0.0224629, 0.022459, 0.977541
15.2611, -0.0179558, 0.603921, 0.0226555, 0.0226517, 0.977348
15.2611, -0.0181018, 0.596912, 0.0228473, 0.0228435, 0.977157
15.2612, -0.0182472, 0.589902, 0.0230382, 0.0230344, 0.976966
15.2613, -0.0183919, 0.582893, 0.0232282, 0.0232244, 0.976776
15.2613, -0.0185361, 0.575884, 0.0234172, 0.0234134, 0.976587
15.2614, -0.0186796, 0.568874, 0.0236053, 0.0236015, 0.976398
15.2614, -0.0188224, 0.561865, 0.0237924, 0.0237887, 0.976211
15.2615, -0.0189645, 0.554856, 0.0239786, 0.0239749, 0.976025
15.2616, -0.019106, 0.547847, 0.0241637, 0.02416, 0.97584
15.2616, -0.0192468, 0.540837, 0.0243479, 0.0243442, 0.975656
15.2617, -0.0193868, 0.533828, 0.024531, 0.0245274, 0.975473
15.2617, -0.0195261, 0.526819, 0.0247132, 0.0247095, 0.97529
15.2618, -0.0196648, 0.519809, 0.0248943, 0.0248906, 0.975109
15.2619, -0.0198026, 0.5128, 0.0250743, 0.0250707, 0.974929
15.2619, -0.0199398, 0.505791, 0.0252534, 0.0252498, 0.97475
15.262, -0.0200762, 0.498781, 0.0254314, 0.0254278, 0.974572
15.262, -0.0202119, 0.491772, 0.0256083, 0.0256048, 0.974395
15.2621, -0.0203468, 0.484763, 0.0257843, 0.0257808, 0.974219
15.2622, -0.020481, 0.477754, 0.0259592, 0.0259557, 0.974044
15.2622, -0.0206144, 0.470744, 0.026133, 0.0261296, 0.97387
15.2623, -0.0207471, 0.463735, 0.0263059, 0.0263024, 0.973698
15.2623, -0.0208791, 0.456726, 0.0264777, 0.0264743, 0.973526
15.2624, -0.0210102, 0.449716, 0.0266485, 0.0266451, 0.973355
15.2625, -0.0211407, 0.442707, 0.0268182, 0.0268148, 0.973185
15.2625, -0.0212704, 0.435698, 0.026987, 0.0269836, 0.973016
15.2626, -0.0213993, 0.428689, 0.0271547, 0.0271513, 0.972849
15.2626, -0.0215275, 0.421679, 0.0273214, 0.0273181, 0.972682
15.2627, -0.021655, 0.41467, 0.0274871, 0.0274838, 0.972516
15.2628, -0.0217817, 0.407661, 0.0276518, 0.0276486, 0.972351
15.2628, -0.0219076, 0.400651, 0.0278156, 0.0278123, 0.972188
15.2629, -0.0220329, 0.393642, 0.0279783, 0.0279751, 0.972025
15.2629, -0.0221574, 0.386633, 0.0281401, 0.0281369, 0.971863
15.263, -0.0222811, 0.379623, 0.0283009, 0.0282977, 0.971702
15.2631, -0.0224041, 0.372614, 0.0284608, 0.0284576, 0.971542
15.2631, -0.0225265, 0.365605, 0.0286197, 0.0286165, 0.971383
15.2632, -0.022648, 0.358596, 0.0287777, 0.0287745, 0.971225
15.2632, -0.0227689, 0.351586, 0.0289347, 0.0289316, 0.971068
15.2633, -0.0228891, 0.344577, 0.0290908, 0.0290877, 0.970912
15.2634, -0.0230085, 0.337568, 0.029246, 0.0292429, 0.970757
15.2634, -0.0231273, 0.330558, 0.0294002, 0.0293972, 0.970603
15.2635, -0.0232453, 0.323549, 0.0295536, 0.0295505, 0.970449
15.2635, -0.0233626, 0.31654, 0.0297061, 0.029703, 0.970297
15.2636, -0.0234793, 0.309531, 0.0298577, 0.0298547, 0.970145
15.2637, -0.0235952, 0.302521, 0.0300084, 0.0300054, 0.969995
15.2637, -0.0237105, 0.295512, 0.0301583, 0.0301553, 0.969845
15.2638, -0.0238251, 0.288503, 0.0303072, 0.0303043, 0.969696
15.2638, -0.023939, 0.281493, 0.0304554, 0.0304524, 0.969548
15.2639, -0.0240523, 0.274484, 0.0306027, 0.0305998, 0.9694
15.264, -0.0241649, 0.267475, 0.0307492, 0.0307463, 0.969254
15.264, -0.0242768, 0.260465, 0.0308948, 0.0308919, 0.969108
15.2641, -0.0243881, 0.253456, 0.0310397, 0.0310368, 0.968963
15.2641, -0.0244987, 0.246447, 0.0311837, 0.0311808, 0.968819
15.2642, -0.0246087, 0.239438, 0.0313269, 0.0313241, 0.968676
15.2642, -0.024718, 0.232428, 0.0314694, 0.0314666, 0.968533
15.2643, -0.0248273, 0.225419, 0.0316119, 0.0316091, 0.968391
15.2644, -0.0249371, 0.21841, 0.0317554, 0.0317525, 0.968247
15.2644, -0.0250473, 0.2114, 0.0318999, 0.031897, 0.968103
15.2645, -0.0251581, 0.204391, 0.0320453, 0.0320423, 0.967958
15.2645, -0.0252694, 0.197382, 0.0321916, 0.0321887, 0.967811
15.2646, -0.0253813, 0.190372, 0.032339, 0.032336, 0.967664
15.2647, -0.0254937, 0.183363, 0.0324873, 0.0324843, 0.967516
15.2647, -0.0256066, 0.176354, 0.0326366, 0.0326336, 0.967366
15.2648, -0.0257201, 0.169345, 0.0327869, 0.0327839, 0.967216
15.2648, -0.0258341, 0.162335, 0.0329382, 0.0329352, 0.967065
15.2649, -0.0259487, 0.155326, 0.0330906, 0.0330875, 0.966912
15.265, -0.0260639, 0.148317, 0.0332439, 0.0332409, 0.966759
15.265, -0.0261794, 0.141307, 0.0333983, 0.0333952, 0.966605
15.2651, -0.0262952, 0.134298, 0.0335538, 0.0335507, 0.966449
15.2651, -0.0264114, 0.127289, 0.0337103, 0.0337072, 0.966293
15.2652, -0.0265279, 0.12028, 0.0338679, 0.0338648, 0.966135
15.2653, -0.0266447, 0.11327, 0.0340266, 0.0340234, 0.965977
15.2653, -0.0267619, 0.106261, 0.0341864, 0.0341832, 0.965817
15.2654, -0.0268796, 0.0992516, 0.0343472, 0.034344, 0.965656
15.2654, -0.0269977, 0.0922423, 0.0345092, 0.0345059, 0.965494
15.2655, -0.0271162, 0.085233, 0.0346722, 0.034669, 0.965331
15.2656, -0.0272352, 0.0782237, 0.0348364, 0.0348331, 0.965167
15.2656, -0.0273547, 0.0712144, 0.0350017, 0.0349984, 0.965002
15.2657, -0.0274747, 0.0642051, 0.0351681, 0.0351648, 0.964835
15.2657, -0.0275953, 0.0571959, 0.0353357, 0.0353323, 0.964668
15.2658, -0.0277164, 0.0501866, 0.0355044, 0.035501, 0.964499
15.2659, -0.0278381, 0.0431773, 0.0356742, 0.0356708, 0.964329
15.2659, -0.0279603, 0.036168, 0.0358452, 0.0358418, 0.964158
15.266, -0.0280831, 0.0291587, 0.0360174, 0.0360139, 0.963986
15.266, -0.0282066, 0.0221494, 0.0361907, 0.0361872, 0.963813
15.2661, -0.0283307, 0.0151401, 0.0363653, 0.0363618, 0.963638
15.2662, -0.0284554, 0.00813078, 0.036541, 0.0365375, 0.963463
15.2662, -0.0285807, 0.00112149, 0.0367179, 0.0367144, 0.963286
15.2663, -0.0287068, -0.00588781, 0.0368961, 0.0368925, 0.963108
15.2663, -0.0288335, -0.0128971, 0.0370754, 0.0370718, 0.962928
15.2664, -0.0289609, -0.0199064, 0.037256, 0.0372524, 0.962748
15.2665, -0.029089, -0.0269157, 0.0374379, 0.0374342, 0.962566
15.2665, -0.0292178, -0.033925, 0.037621, 0.0376173, 0.962383
15.2666, -0.0293474, -0.0409343, 0.0378053, 0.0378016, 0.962198
15.2666, -0.0294777, -0.0479436, 0.0379909, 0.0379872, 0.962013
15.2667, -0.0296087, -0.0549529, 0.0381778, 0.0381741, 0.961826
15.2668, -0.0297405, -0.0619622, 0.038366, 0.0383623, 0.961638
15.2668, -0.0298731, -0.0689715, 0.0385555, 0.0385517, 0.961448
15.2669, -0.0300064, -0.0759808, 0.0387463, 0.0387425, 0.961258
15.2669, -0.0301406, -0.0829901, 0.0389384, 0.0389346, 0.961065
15.267, -0.0302756, -0.0899994, 0.0391319, 0.039128, 0.960872
15.2671, -0.0304113, -0.0970087, 0.0393267, 0.0393228, 0.960677
15.2671, -0.0305479, -0.104018, 0.0395228, 0.0395189, 0.960481
15.2672, -0.0306854, -0.111027, 0.0397203, 0.0397164, 0.960284
15.2672, -0.0308237, -0.118037, 0.0399192, 0.0399152, 0.960085
15.2673, -0.0309628, -0.125046, 0.0401195, 0.0401154, 0.959885
15.2674, -0.0311028, -0.132055, 0.0403211, 0.0403171, 0.959683
15.2674, -0.0312437, -0.139064, 0.0405242, 0.0405201, 0.95948
15.2675, -0.0313855, -0.146074, 0.0407286, 0.0407245, 0.959275
15.2675, -0.0315282, -0.153083, 0.0409345, 0.0409304, 0.95907
15.2676, -0.0316717, -0.160092, 0.0411418, 0.0411377, 0.958862
15.2676, -0.0318162, -0.167102, 0.0413506, 0.0413464, 0.958654
15.2677, -0.0319616, -0.174111, 0.0415608, 0.0415566, 0.958443
15.2678, -0.032108, -0.18112, 0.0417725, 0.0417683, 0.958232
15.2678, -0.0322553, -0.188129, 0.0419857, 0.0419814, 0.958019
15.2679, -0.0324035, -0.195139, 0.0422003, 0.042196, 0.957804
15.2679, -0.0325527, -0.202148, 0.0424165, 0.0424121, 0.957588
15.268, -0.0327029, -0.209157, 0.0426341, 0.0426298, 0.95737
15.2681, -0.032854, -0.216167, 0.0428533, 0.0428489, 0.957151
15.2681, -0.0330062, -0.223176, 0.043074, 0.0430696, 0.95693
15.2682, -0.0331593, -0.230185, 0.0432963, 0.0432918, 0.956708
15.2682, -0.0333134, -0.237195, 0.0435201, 0.0435156, 0.956484
15.2683, -0.0334686, -0.244204, 0.0437455, 0.0437409, 0.956259
15.2684, -0.0336248, -0.251213, 0.0439724, 0.0439679, 0.956032
15.2684, -0.033782, -0.258222, 0.044201, 0.0441964, 0.955804
15.2685, -0.0339402, -0.265232, 0.0444311, 0.0444265, 0.955574
15.2685, -0.0340996, -0.272241, 0.0446629, 0.0446582, 0.955342
15.2686, -0.0342599, -0.27925, 0.0448962, 0.0448915, 0.955108
15.2687, -0.0344214, -0.28626, 0.0451312, 0.0451265, 0.954873
15.2687, -0.0345839, -0.293269, 0.0453679, 0.0453631, 0.954637
15.2688, -0.0347475, -0.300278, 0.0456062, 0.0456014, 0.954399
15.2688, -0.0349121, -0.307288, 0.0458461, 0.0458413, 0.954159
15.2689, -0.0350779, -0.314297, 0.0460878, 0.0460829, 0.953917
15.269, -0.0352448, -0.321306, 0.0463311, 0.0463262, 0.953674
15.269, -0.0354129, -0.328315, 0.0465761, 0.0465712, 0.953429
15.2691, -0.035582, -0.335325, 0.0468229, 0.0468179, 0.953182
15.2691, -0.0357523, -0.342334, 0.0470713, 0.0470664, 0.952934
15.2692, -0.0359237, -0.349343, 0.0473215, 0.0473165, 0.952683
15.2693, -0.0360963, -0.356353, 0.0475735, 0.0475684, 0.952432
15.2693, -0.0362701, -0.363362, 0.0478272, 0.0478221, 0.952178
15.2694, -0.036445, -0.370371, 0.0480827, 0.0480775, 0.951922
15.2694, -0.0366211, -0.37738, 0.0483399, 0.0483348, 0.951665
15.2695, -0.0367984, -0.38439, 0.048599, 0.0485938, 0.951406
15.2696, -0.0369769, -0.391399, 0.0488598, 0.0488546, 0.951145
15.2696, -0.0371566, -0.398408, 0.0491225, 0.0491172, 0.950883
15.2697, -0.0373375, -0.405418, 0.049387, 0.0493817, 0.950618
15.2697, -0.0375196, -0.412427, 0.0496533, 0.0496479, 0.950352
15.2698, -0.0377029, -0.419436, 0.0499215, 0.0499161, 0.950084
15.2699, -0.0378875, -0.426446, 0.0501915, 0.0501861, 0.949814
15.2699, -0.0380734, -0.433455, 0.0504634, 0.0504579, 0.949542
15.27, -0.0382605, -0.440464, 0.0507372, 0.0507317, 0.949268
15.27, -0.0384488, -0.447473, 0.0510129, 0.0510073, 0.948993
15.2701, -0.0386385, -0.454483, 0.0512904, 0.0512849, 0.948715
15.2702, -0.0388294, -0.461492, 0.05157, 0.0515643, 0.948436
15.2702, -0.0390216, -0.468501, 0.0518514, 0.0518457, 0.948154
15.2703, -0.0392151, -0.475511, 0.0521348, 0.0521291, 0.947871
15.2703, -0.0394099, -0.48252, 0.0524201, 0.0524144, 0.947586
15.2704, -0.039606, -0.489529, 0.0527074, 0.0527016, 0.947298
15.2705, -0.0398034, -0.496539, 0.0529966, 0.0529908, 0.947009
15.2705, -0.0400022, -0.503548, 0.0532879, 0.053282, 0.946718
15.2706, -0.0402023, -0.510557, 0.0535811, 0.0535752, 0.946425
15.2706, -0.0404037, -0.517566, 0.0538764, 0.0538704, 0.94613
15.2707, -0.0406065, -0.524576, 0.0541736, 0.0541677, 0.945832
15.2707, -0.0408106, -0.531585, 0.0544729, 0.0544669, 0.945533
15.2708, -0.0410162, -0.538594, 0.0547742, 0.0547682, 0.945232
15.2709, -0.041223, -0.545604, 0.0550776, 0.0550715, 0.944928
15.2709, -0.0414313, -0.552613, 0.0553831, 0.055377, 0.944623
15.271, -0.041641, -0.559622, 0.0556906, 0.0556844, 0.944316
15.271, -0.0418521, -0.566631, 0.0560002, 0.055994, 0.944006
15.2711, -0.0420645, -0.573641, 0.0563119, 0.0563057, 0.943694
15.2712, -0.0422784, -0.58065, 0.0566257, 0.0566194, 0.943381
15.2712, -0.0424938, -0.587659, 0.0569416, 0.0569353, 0.943065
15.2713, -0.0427105, -0.594669, 0.0572597, 0.0572533, 0.942747
15.2713, -0.0429287, -0.601678, 0.0575799, 0.0575735, 0.942427
15.2714, -0.0431483, -0.608687, 0.0579022, 0.0578957, 0.942104
15.2715, -0.0433694, -0.615697, 0.0582267, 0.0582202, 0.94178
15.2715, -0.0435919, -0.622706, 0.0585534, 0.0585468, 0.941453
15.2716, -0.0438159, -0.629715, 0.0588822, 0.0588756, 0.941124
15.2716, -0.0440414, -0.636724, 0.0592132, 0.0592066, 0.940793
15.2717, -0.0442684, -0.643734, 0.0595465, 0.0595398, 0.94046
15.2718, -0.0444968, -0.650743, 0.0598819, 0.0598752, 0.940125
15.2718, -0.0447268, -0.657752, 0.0602196, 0.0602128, 0.939787
15.2719, -0.0449583, -0.664762, 0.0605594, 0.0605526, 0.939447
15.2719, -0.0451912, -0.671771, 0.0609016, 0.0608947, 0.939105
15.272, -0.0454257, -0.67878, 0.0612459, 0.061239, 0.938761
15.2721, -0.0456617, -0.685789, 0.0615926, 0.0615856, 0.938414
15.2721, -0.0458993, -0.692799, 0.0619415, 0.0619345, 0.938066
15.2722, -0.0461383, -0.699808, 0.0622927, 0.0622856, 0.937714
15.2722, -0.046379, -0.706817, 0.0626461, 0.062639, 0.937361
15.2723, -0.0466211, -0.713827, 0.0630019, 0.0629947, 0.937005
15.2724, -0.0468649, -0.720836, 0.0633599, 0.0633527, 0.936647
15.2724, -0.0471102, -0.727845, 0.0637203, 0.0637131, 0.936287
15.2725, -0.0473571, -0.734855, 0.064083, 0.0640757, 0.935924
15.2725, -0.0476055, -0.741864, 0.064448, 0.0644407, 0.935559
15.2726, -0.0478556, -0.748873, 0.0648154, 0.064808, 0.935192
15.2727, -0.0481066, -0.755882, 0.0651851, 0.0651777, 0.934822
15.2727, -0.0483569, -0.762892, 0.065557, 0.0655496, 0.93445
15.2728, -0.0486088, -0.769901, 0.0659314, 0.0659239, 0.934076
15.2728, -0.0488623, -0.77691, 0.0663081, 0.0663006, 0.933699
15.2729, -0.0491173, -0.78392, 0.0666872, 0.0666796, 0.93332
15.273, -0.0493739, -0.790929, 0.0670687, 0.0670611, 0.932939
15.273, -0.0496321, -0.797938, 0.0674526, 0.0674449, 0.932555
15.2731, -0.049892, -0.804948, 0.0678389, 0.0678312, 0.932169
15.2731, -0.0501534, -0.811957, 0.0682277, 0.0682199, 0.93178
15.2732, -0.0504164, -0.818966, 0.0686188, 0.068611, 0.931389
15.2733, -0.050681, -0.825975, 0.0690124, 0.0690045, 0.930995
15.2733, -0.0509473, -0.832985, 0.0694084, 0.0694005, 0.930599
15.2734, -0.0512152, -0.839994, 0.0698069, 0.0697989, 0.930201
15.2734, -0.0514847, -0.847003, 0.0702079, 0.0701998, 0.9298
15.2735, -0.0517558, -0.854013, 0.0706113, 0.0706032, 0.929397
15.2736, -0.0520286, -0.861022, 0.0710171, 0.071009, 0.928991
15.2736, -0.052303, -0.868031, 0.0714255, 0.0714173, 0.928583
15.2737, -0.0525791, -0.87504, 0.0718363, 0.071828, 0.928172
15.2737, -0.0528568, -0.88205, 0.0722496, 0.0722413, 0.927759
15.2738, -0.0531362, -0.889059, 0.0726654, 0.0726571, 0.927343
15.2738, -0.0534172, -0.896068, 0.0730837, 0.0730753, 0.926925
15.2739, -0.0536998, -0.903078, 0.0735045, 0.0734961, 0.926504
15.274, -0.0539842, -0.910087, 0.0739278, 0.0739193, 0.926081
15.274, -0.0542702, -0.917096, 0.0743537, 0.0743451, 0.925655
15.2741, -0.0545578, -0.924106, 0.074782, 0.0747734, 0.925227
15.2741, -0.0548472, -0.931115, 0.0752129, 0.0752043, 0.924796
15.2742, -0.0551382, -0.938124, 0.0756463, 0.0756376, 0.924362
15.2743, -0.0554309, -0.945133, 0.0760823, 0.0760735, 0.923926
15.2743, -0.0557252, -0.952143, 0.0765208, 0.076512, 0.923488
15.2744, -0.0560213, -0.959152, 0.0769618, 0.0769529, 0.923047
15.2744, -0.056319, -0.966161, 0.0774054, 0.0773965, 0.922604
15.2745, -0.0566184, -0.973171, 0.0778515, 0.0778425, 0.922157
15.2746, -0.0569195, -0.98018, 0.0783002, 0.0782912, 0.921709
15.2746, -0.0572223, -0.987189, 0.0787514, 0.0787424, 0.921258
15.2747, -0.0575268, -0.994199, 0.0792052, 0.0791961, 0.920804
15.2747, -0.057833, -1.00121, 0.0796616, 0.0796525, 0.920348
15.2748, -0.0581409, -1.00822, 0.0801206, 0.0801113, 0.919889
15.2749, -0.0584505, -1.01523, 0.0805821, 0.0805728, 0.919427
15.2749, -0.0587618, -1.02224, 0.0810462, 0.0810369, 0.918963
15.275, -0.0590748, -1.02924, 0.0815128, 0.0815035, 0.918497
15.275, -0.0593894, -1.03625, 0.0819821, 0.0819727, 0.918027
15.2751, -0.0597058, -1.04326, 0.0824539, 0.0824445, 0.917556
15.2752, -0.0600239, -1.05027, 0.0829283, 0.0829188, 0.917081
15.2752, -0.0603438, -1.05728, 0.0834053, 0.0833958, 0.916604
15.2753, -0.0606653, -1.06429, 0.0838849, 0.0838753, 0.916125
15.2753, -0.0609885, -1.0713, 0.0843671, 0.0843574, 0.915643
15.2754, -0.0613134, -1.07831, 0.0848519, 0.0848422, 0.915158
15.2755, -0.0616401, -1.08532, 0.0853392, 0.0853295, 0.914671
15.2755, -0.0619684, -1.09233, 0.0858292, 0.0858194, 0.914181
15.2756, -0.0622985, -1.09934, 0.0863218, 0.0863119, 0.913688
15.2756, -0.0626302, -1.10635, 0.0868169, 0.086807, 0.913193
15.2757, -0.0629637, -1.11336, 0.0873147, 0.0873047, 0.912695
15.2758, -0.0632989, -1.12037, 0.087815, 0.087805, 0.912195
15.2758, -0.0636358, -1.12738, 0.0883179, 0.0883078, 0.911692
15.2759, -0.0639744, -1.13438, 0.0888235, 0.0888133, 0.911187
15.2759, -0.0643147, -1.14139, 0.0893316, 0.0893214, 0.910679
15.276, -0.0646567, -1.1484, 0.0898423, 0.0898321, 0.910168
15.2761, -0.0650005, -1.15541, 0.0903556, 0.0903453, 0.909655
15.2761, -0.0653459, -1.16242, 0.0908715, 0.0908612, 0.909139
15.2762, -0.0656931, -1.16943, 0.09139, 0.0913796, 0.90862
15.2762, -0.0660419, -1.17644, 0.0919111, 0.0919007, 0.908099
15.2763, -0.0663924, -1.18345, 0.0924348, 0.0924243, 0.907576
15.2764, -0.0667447, -1.19046, 0.0929611, 0.0929505, 0.907049
15.2764, -0.0670987, -1.19747, 0.09349, 0.0934794, 0.906521
15.2765, -0.0674543, -1.20448, 0.0940214, 0.0940107, 0.905989
15.2765, -0.0678117, -1.21149, 0.0945554, 0.0945447, 0.905455
15.2766, -0.0681707, -1.2185, 0.0950921, 0.0950813, 0.904919
15.2767, -0.0685314, -1.22551, 0.0956313, 0.0956204, 0.90438
15.2767, -0.0688939, -1.23251, 0.096173, 0.0961622, 0.903838
15.2768, -0.069258, -1.23952, 0.0967174, 0.0967065, 0.903294
15.2768, -0.0696238, -1.24653, 0.0972643, 0.0972533, 0.902747
15.2769, -0.0699913, -1.25354, 0.0978138, 0.0978028, 0.902197
15.2769, -0.0703605, -1.26055, 0.0983658, 0.0983548, 0.901645
15.277, -0.0707314, -1.26756, 0.0989205, 0.0989093, 0.901091
15.2771, -0.0711039, -1.27457, 0.0994776, 0.0994665, 0.900534
15.2771, -0.0714781, -1.28158, 0.100037, 0.100026, 0.899974
15.2772, -0.071854, -1.28859, 0.1006, 0.100588, 0.899412
15.2772, -0.0722316, -1.2956, 0.101165, 0.101153, 0.898847
15.2773, -0.0726108, -1.30261, 0.101732, 0.101721, 0.898279
15.2774, -0.0729917, -1.30962, 0.102302, 0.10229, 0.89771
15.2774, -0.0733743, -1.31663, 0.102874, 0.102863, 0.897137
15.2775, -0.0737585, -1.32364, 0.103449, 0.103438, 0.896562
15.2775, -0.0741444, -1.33064, 0.104027, 0.104015, 0.895985
15.2776, -0.0745319, -1.33765, 0.104607, 0.104595, 0.895405
15.2777, -0.0749211, -1.34466, 0.10519, 0.105178, 0.894822
15.2777, -0.0753119, -1.35167, 0.105775, 0.105763, 0.894237
15.2778, -0.0757044, -1.35868, 0.106362, 0.10635, 0.89365
15.2778, -0.0760985, -1.36569, 0.106952, 0.106941, 0.893059
15.2779, -0.0764942, -1.3727, 0.107545, 0.107533, 0.892467
15.278, -0.0768916, -1.37971, 0.10814, 0.108128, 0.891872
15.278, -0.0772906, -1.38672, 0.108738, 0.108726, 0.891274
15.2781, -0.0776912, -1.39373, 0.109338, 0.109326, 0.890674
15.2781, -0.0780935, -1.40074, 0.10994, 0.109928, 0.890072
15.2782, -0.0784974, -1.40775, 0.110545, 0.110533, 0.889467
15.2783, -0.0789028, -1.41476, 0.111153, 0.111141, 0.888859
15.2783, -0.0793099, -1.42177, 0.111763, 0.111751, 0.888249
15.2784, -0.0797186, -1.42877, 0.112375, 0.112363, 0.887637
15.2784, -0.0801289, -1.43578, 0.11299, 0.112978, 0.887022
15.2785, -0.0805408, -1.44279, 0.113608, 0.113595, 0.886405
15.2786, -0.0809543, -1.4498, 0.114228, 0.114215, 0.885785
15.2786, -0.0813693, -1.45681, 0.11485, 0.114837, 0.885163
15.2787, -0.081786, -1.46382, 0.115474, 0.115462, 0.884538
15.2787, -0.0822042, -1.47083, 0.116102, 0.116089, 0.883911
15.2788, -0.082624, -1.47784, 0.116731, 0.116718, 0.883282
15.2789, -0.0830454, -1.48485, 0.117363, 0.11735, 0.88265
15.2789, -0.0834684, -1.49186, 0.117997, 0.117985, 0.882015
15.279, -0.0838929, -1.49887, 0.118634, 0.118621, 0.881379
15.279, -0.0843189, -1.50588, 0.119273, 0.11926, 0.88074
15.2791, -0.0847465, -1.51289, 0.119915, 0.119902, 0.880098
15.2792, -0.0851757, -1.5199, 0.120558, 0.120546, 0.879454
15.2792, -0.0856064, -1.5269, 0.121205, 0.121192, 0.878808
15.2793, -0.0860386, -1.53391, 0.121853, 0.12184, 0.87816
15.2793, -0.0864724, -1.54092, 0.122504, 0.122491, 0.877509
15.2794, -0.0869077, -1.54793, 0.123158, 0.123144, 0.876856
15.2795, -0.0873445, -1.55494, 0.123813, 0.1238, 0.8762
15.2795, -0.0877828, -1.56195, 0.124471, 0.124458, 0.875542
15.2796, -0.0882227, -1.56896, 0.125131, 0.125118, 0.874882
15.2796, -0.088664, -1.57597, 0.125794, 0.125781, 0.874219
15.2797, -0.0891069, -1.58298, 0.126459, 0.126446, 0.873554
15.2798, -0.0895512, -1.58999, 0.127126, 0.127113, 0.872887
15.2798, -0.0899971, -1.597, 0.127796, 0.127782, 0.872218
15.2799, -0.0904444, -1.60401, 0.128468, 0.128454, 0.871546
15.2799, -0.0908932, -1.61102, 0.129142, 0.129128, 0.870872
15.28, -0.0913435, -1.61803, 0.129818, 0.129805, 0.870195
15.2801, -0.0917953, -1.62504, 0.130497, 0.130483, 0.869517
15.2801, -0.0922485, -1.63204, 0.131178, 0.131164, 0.868836
15.2802, -0.0927032, -1.63905, 0.131861, 0.131848, 0.868152
15.2802, -0.0931594, -1.64606, 0.132547, 0.132533, 0.867467
15.2803, -0.093617, -1.65307, 0.133234, 0.133221, 0.866779
15.2803, -0.094076, -1.66008, 0.133924, 0.133911, 0.866089
15.2804, -0.0945365, -1.66709, 0.134617, 0.134603, 0.865397
15.2805, -0.0949985, -1.6741, 0.135311, 0.135297, 0.864703
15.2805, -0.0954618, -1.68111, 0.136008, 0.135994, 0.864006
15.2806, -0.0959266, -1.68812, 0.136706, 0.136692, 0.863308
15.2806, -0.0963929, -1.69513, 0.137407, 0.137393, 0.862607
15.2807, -0.0968605, -1.70214, 0.138111, 0.138097, 0.861903
15.2808, -0.0973295, -1.70915, 0.138816, 0.138802, 0.861198
15.2808, -0.0978, -1.71616, 0.139524, 0.13951, 0.86049
15.2809, -0.0982718, -1.72317, 0.140233, 0.140219, 0.859781
15.2809, -0.0987451, -1.73017, 0.140945, 0.140931, 0.859069
15.281, -0.0992197, -1.73718, 0.141659, 0.141645, 0.858355
15.2811, -0.0996957, -1.74419, 0.142376, 0.142361, 0.857639
15.2811, -0.100173, -1.7512, 0.143094, 0.14308, 0.85692
15.2812, -0.100652, -1.75821, 0.143815, 0.1438, 0.8562
15.2812, -0.101132, -1.76522, 0.144537, 0.144523, 0.855477
15.2813, -0.101614, -1.77223, 0.145262, 0.145247, 0.854753
15.2814, -0.102096, -1.77924, 0.145989, 0.145974, 0.854026
15.2814, -0.102581, -1.78625, 0.146718, 0.146703, 0.853297
15.2815, -0.103066, -1.79326, 0.147449, 0.147434, 0.852566
15.2815, -0.103553, -1.80027, 0.148182, 0.148167, 0.851833
15.2816, -0.104041, -1.80728, 0.148917, 0.148903, 0.851097
15.2817, -0.104531, -1.81429, 0.149655, 0.14964, 0.85036
15.2817, -0.105022, -1.8213, 0.150394, 0.150379, 0.849621
15.2818, -0.105514, -1.8283, 0.151135, 0.151121, 0.848879
15.2818, -0.106008, -1.83531, 0.151879, 0.151864, 0.848136
15.2819, -0.106503, -1.84232, 0.152624, 0.15261, 0.84739
15.282, -0.106999, -1.84933, 0.153372, 0.153357, 0.846643
15.282, -0.107496, -1.85634, 0.154122, 0.154107, 0.845893
15.2821, -0.107995, -1.86335, 0.154873, 0.154858, 0.845142
15.2821, -0.108495, -1.87036, 0.155627, 0.155612, 0.844388
15.2822, -0.108997, -1.87737, 0.156383, 0.156368, 0.843632
15.2823, -0.109499, -1.88438, 0.15714, 0.157125, 0.842875
15.2823, -0.110003, -1.89139, 0.1579, 0.157885, 0.842115
15.2824, -0.110509, -1.8984, 0.158662, 0.158646, 0.841354
15.2824, -0.111015, -1.90541, 0.159425, 0.15941, 0.84059
15.2825, -0.111523, -1.91242, 0.160191, 0.160176, 0.839824
15.2826, -0.112032, -1.91943, 0.160959, 0.160943, 0.839057
15.2826, -0.112542, -1.92643, 0.161728, 0.161713, 0.838287
15.2827, -0.113054, -1.93344, 0.1625, 0.162484, 0.837516
15.2827, -0.113567, -1.94045, 0.163273, 0.163258, 0.836742
15.2828, -0.114081, -1.94746, 0.164049, 0.164033, 0.835967
15.2829, -0.114596, -1.95447, 0.164826, 0.164811, 0.835189
15.2829, -0.115113, -1.96148, 0.165605, 0.16559, 0.83441
15.283, -0.11563, -1.96849, 0.166387, 0.166371, 0.833629
15.283, -0.116149, -1.9755, 0.16717, 0.167154, 0.832846
15.2831, -0.11667, -1.98251, 0.167955, 0.167939, 0.832061
15.2832, -0.117191, -1.98952, 0.168742, 0.168726, 0.831274
15.2832, -0.117714, -1.99653, 0.169531, 0.169515, 0.830485
15.2833, -0.118238, -2.00354, 0.170321, 0.170306, 0.829694
15.2833, -0.118763, -2.01055, 0.171114, 0.171098, 0.828902
15.2834, -0.119289, -2.01756, 0.171909, 0.171893, 0.828107
15.2834, -0.119816, -2.02456, 0.172705, 0.172689, 0.827311
15.2835, -0.120345, -2.03157, 0.173503, 0.173487, 0.826513
15.2836, -0.120875, -2.03858, 0.174303, 0.174287, 0.825713
15.2836, -0.121406, -2.04559, 0.175105, 0.175089, 0.824911
15.2837, -0.121938, -2.0526, 0.175909, 0.175893, 0.824107
15.2837, -0.122471, -2.05961, 0.176715, 0.176699, 0.823301
15.2838, -0.123006, -2.06662, 0.177522, 0.177506, 0.822494
15.2839, -0.123542, -2.07363, 0.178332, 0.178316, 0.821684
15.2839, -0.124079, -2.08064, 0.179143, 0.179127, 0.820873
15.284, -0.124617, -2.08765, 0.179956, 0.17994, 0.82006
15.284, -0.125156, -2.09466, 0.180771, 0.180755, 0.819245
15.2841, -0.125696, -2.10167, 0.181588, 0.181571, 0.818429
15.2842, -0.126238, -2.10868, 0.182406, 0.18239, 0.81761
15.2842, -0.12678, -2.11569, 0.183226, 0.18321, 0.81679
15.2843, -0.127324, -2.1227, 0.184048, 0.184032, 0.815968
15.2843, -0.127869, -2.1297, 0.184872, 0.184856, 0.815144
15.2844, -0.128415, -2.13671, 0.185698, 0.185681, 0.814319
15.2845, -0.128962, -2.14372, 0.186525, 0.186509, 0.813491
15.2845, -0.12951, -2.15073, 0.187354, 0.187338, 0.812662
15.2846, -0.13006, -2.15774, 0.188185, 0.188169, 0.811831
15.2846, -0.13061, -2.16475, 0.189018, 0.189001, 0.810999
15.2847, -0.131162, -2.17176, 0.189852, 0.189836, 0.810164
15.2848, -0.131715, -2.17877, 0.190688, 0.190672, 0.809328
15.2848, -0.132269, -2.18578, 0.191526, 0.19151, 0.80849
15.2849, -0.132824, -2.19279, 0.192366, 0.192349, 0.807651
15.2849, -0.13338, -2.1998, 0.193207, 0.193191, 0.806809
15.285, -0.133937, -2.20681, 0.194051, 0.194034, 0.805966
15.2851, -0.134495, -2.21382, 0.194895, 0.194879, 0.805121
15.2851, -0.135054, -2.22083, 0.195742, 0.195725, 0.804275
15.2852, -0.135615, -2.22783, 0.19659, 0.196573, 0.803427
15.2852, -0.136176, -2.23484, 0.19744, 0.197423, 0.802577
15.2853, -0.136739, -2.24185, 0.198292, 0.198275, 0.801725
15.2854, -0.137303, -2.24886, 0.199146, 0.199128, 0.800872
15.2854, -0.137867, -2.25587, 0.200001, 0.199984, 0.800016
15.2855, -0.138433, -2.26288, 0.200857, 0.20084, 0.79916
15.2855, -0.139, -2.26989, 0.201716, 0.201699, 0.798301
15.2856, -0.139568, -2.2769, 0.202576, 0.202559, 0.797441
15.2857, -0.140137, -2.28391, 0.203438, 0.203421, 0.796579
15.2857, -0.140707, -2.29092, 0.204302, 0.204284, 0.795716
15.2858, -0.141278, -2.29793, 0.205167, 0.205149, 0.794851
15.2858, -0.14185, -2.30494, 0.206034, 0.206016, 0.793984
15.2859, -0.142424, -2.31195, 0.206902, 0.206885, 0.793115
15.286, -0.142998, -2.31896, 0.207772, 0.207755, 0.792245
15.286, -0.143573, -2.32596, 0.208644, 0.208627, 0.791373
15.2861, -0.14415, -2.33297, 0.209518, 0.2095, 0.7905
15.2861, -0.144727, -2.33998, 0.210393, 0.210375, 0.789625
15.2862, -0.145305, -2.34699, 0.21127, 0.211252, 0.788748
15.2863, -0.145885, -2.354, 0.212148, 0.21213, 0.78787
15.2863, -0.146465, -2.36101, 0.213028, 0.21301, 0.78699
15.2864, -0.147047, -2.36802, 0.21391, 0.213892, 0.786108
15.2864, -0.147629, -2.37503, 0.214793, 0.214775, 0.785225
15.2865, -0.148213, -2.38204, 0.215678, 0.21566, 0.78434
15.2865, -0.148798, -2.38905, 0.216565, 0.216547, 0.783453
15.2866, -0.149383, -2.39606, 0.217453, 0.217435, 0.782565
15.2867, -0.14997, -2.40307, 0.218342, 0.218325, 0.781675
15.2867, -0.150557, -2.41008, 0.219234, 0.219216, 0.780784
15.2868, -0.151146, -2.41709, 0.220127, 0.220109, 0.779891
15.2868, -0.151736, -2.42409, 0.221021, 0.221003, 0.778997
15.2869, -0.152326, -2.4311, 0.221917, 0.2219, 0.7781
15.287, -0.152918, -2.43811, 0.222815, 0.222797, 0.777203
15.287, -0.15351, -2.44512, 0.223715, 0.223697, 0.776303
15.2871, -0.154104, -2.45213, 0.224615, 0.224597, 0.775403
15.2871, -0.154699, -2.45914, 0.225518, 0.2255, 0.7745
15.2872, -0.155294, -2.46615, 0.226422, 0.226404, 0.773596
15.2873, -0.155891, -2.47316, 0.227328, 0.22731, 0.77269
15.2873, -0.156488, -2.48017, 0.228235, 0.228217, 0.771783
15.2874, -0.157087, -2.48718, 0.229144, 0.229125, 0.770875
15.2874, -0.157686, -2.49419, 0.230054, 0.230036, 0.769964
15.2875, -0.158287, -2.5012, 0.230966, 0.230948, 0.769052
15.2876, -0.158888, -2.50821, 0.231879, 0.231861, 0.768139
15.2876, -0.159491, -2.51522, 0.232794, 0.232776, 0.767224
15.2877, -0.160094, -2.52222, 0.233711, 0.233693, 0.766307
15.2877, -0.160699, -2.52923, 0.234629, 0.234611, 0.765389
15.2878, -0.161304, -2.53624, 0.235549, 0.23553, 0.76447
15.2879, -0.161911, -2.54325, 0.23647, 0.236452, 0.763548
15.2879, -0.162518, -2.55026, 0.237393, 0.237374, 0.762626
15.288, -0.163126, -2.55727, 0.238317, 0.238299, 0.761701
15.288, -0.163735, -2.56428, 0.239243, 0.239224, 0.760776
15.2881, -0.164346, -2.57129, 0.24017, 0.240152, 0.759848
15.2882, -0.164957, -2.5783, 0.241099, 0.241081, 0.758919
15.2882, -0.165569, -2.58531, 0.24203, 0.242011, 0.757989
15.2883, -0.166182, -2.59232, 0.242962, 0.242943, 0.757057
15.2883, -0.166796, -2.59933, 0.243895, 0.243876, 0.756124
15.2884, -0.167411, -2.60634, 0.24483, 0.244811, 0.755189
15.2885, -0.168027, -2.61335, 0.245766, 0.245748, 0.754252
15.2885, -0.168644, -2.62036, 0.246704, 0.246686, 0.753314
15.2886, -0.169261, -2.62736, 0.247644, 0.247625, 0.752375
15.2886, -0.16988, -2.63437, 0.248585, 0.248566, 0.751434
15.2887, -0.1705, -2.64138, 0.249527, 0.249509, 0.750491
15.2888, -0.17112, -2.64839, 0.250471, 0.250453, 0.749547
15.2888, -0.171742, -2.6554, 0.251417, 0.251398, 0.748602
15.2889, -0.172364, -2.66241, 0.252364, 0.252345, 0.747655
15.2889, -0.172988, -2.66942, 0.253313, 0.253294, 0.746706
15.289, -0.173612, -2.67643, 0.254263, 0.254244, 0.745756
15.2891, -0.174237, -2.68344, 0.255214, 0.255195, 0.744805
15.2891, -0.174864, -2.69045, 0.256167, 0.256148, 0.743852
15.2892, -0.175491, -2.69746, 0.257121, 0.257102, 0.742898
15.2892, -0.176119, -2.70447, 0.258077, 0.258058, 0.741942
15.2893, -0.176748, -2.71148, 0.259035, 0.259016, 0.740984
15.2894, -0.177378, -2.71849, 0.259994, 0.259975, 0.740025
15.2894, -0.178008, -2.72549, 0.260954, 0.260935, 0.739065
15.2895, -0.17864, -2.7325, 0.261916, 0.261897, 0.738103
15.2895, -0.179273, -2.73951, 0.262879, 0.26286, 0.73714
15.2896, -0.179906, -2.74652, 0.263844, 0.263825, 0.736175
15.2896, -0.180541, -2.75353, 0.264811, 0.264791, 0.735209
15.2897, -0.181176, -2.76054, 0.265778, 0.265759, 0.734241
15.2898, -0.181813, -2.76755, 0.266747, 0.266728, 0.733272
15.2898, -0.18245, -2.77456, 0.267718, 0.267699, 0.732301
15.2899, -0.183088, -2.78157, 0.26869, 0.268671, 0.731329
15.2899, -0.183727, -2.78858, 0.269664, 0.269644, 0.730356
15.29, -0.184367, -2.79559, 0.270639, 0.270619, 0.729381
15.2901, -0.185008, -2.8026, 0.271616, 0.271596, 0.728404
15.2901, -0.18565, -2.80961, 0.272593, 0.272574, 0.727426
15.2902, -0.186292, -2.81662, 0.273573, 0.273553, 0.726447
15.2902, -0.186936, -2.82362, 0.274554, 0.274534, 0.725466
15.2903, -0.18758, -2.83063, 0.275536, 0.275516, 0.724484
15.2904, -0.188226, -2.83764, 0.27652, 0.2765, 0.7235
15.2904, -0.188872, -2.84465, 0.277505, 0.277485, 0.722515
15.2905, -0.189519, -2.85166, 0.278492, 0.278472, 0.721528
15.2905, -0.190167, -2.85867, 0.27948, 0.27946, 0.72054
15.2906, -0.190816, -2.86568, 0.280469, 0.28045, 0.71955
15.2907, -0.191466, -2.87269, 0.28146, 0.281441, 0.718559
15.2907, -0.192117, -2.8797, 0.282453, 0.282433, 0.717567
15.2908, -0.192768, -2.88671, 0.283447, 0.283427, 0.716573
15.2908, -0.193421, -2.89372, 0.284442, 0.284422, 0.715578
15.2909, -0.194074, -2.90073, 0.285439, 0.285419, 0.714581
15.291, -0.194729, -2.90774, 0.286437, 0.286417, 0.713583
15.291, -0.195384, -2.91475, 0.287436, 0.287416, 0.712584
15.2911, -0.19604, -2.92175, 0.288437, 0.288417, 0.711583
15.2911, -0.196697, -2.92876, 0.28944, 0.28942, 0.71058
15.2912, -0.197355, -2.93577, 0.290444, 0.290424, 0.709576
15.2913, -0.198013, -2.94278, 0.291449, 0.291429, 0.708571
15.2913, -0.198673, -2.94979, 0.292456, 0.292435, 0.707565
15.2914, -0.199333, -2.9568, 0.293464, 0.293444, 0.706556
15.2914, -0.199995, -2.96381, 0.294473, 0.294453, 0.705547
15.2915, -0.200657, -2.97082, 0.295484, 0.295464, 0.704536
15.2916, -0.20132, -2.97783, 0.296497, 0.296476, 0.703524
15.2916, -0.201984, -2.98484, 0.29751, 0.29749, 0.70251
15.2917, -0.202649, -2.99185, 0.298526, 0.298505, 0.701495
15.2917, -0.203315, -2.99886, 0.299542, 0.299522, 0.700478
15.2918, -0.203434, -3.00012, 0.299705, 0.299705, 0.700295
15.2919, -0.203434, -3.00012, 0.299705, 0.299705, 0.700295
15.2919, -0.203434, -3.00012, 0.299705, 0.299705, 0.700295
15.292, -0.203434, -3.00012, 0.299705, 0.299705, 0.700295
15.292, -0.203434, -3.00012, 0.299705, 0.299705, 0.700295
15.2921, -0.203434, -3.00012, 0.299705, 0.299705, 0.700295
15.2922, -0.203434, -3.00012, 0.299705, 0.299705, 0.700295
15.2922, -0.203434, -3.00012, 0.299705, 0.299705, 0.700295
15.2923, -0.203434, -3.00012, 0.299705, 0.299705, 0.700295
15.2923, -0.203434, -3.00012, 0.299705, 0.299705, 0.700295
15.2924, -0.203434, -3.00012, 0.299705, 0.299705, 0.700295
15.2925, -0.203434, -3.00012, 0.299705, 0.299705, 0.700295
15.2925, -0.203434, -3.00012, 0.299705, 0.299705, 0.700295
15.2926, -0.203434, -3.00012, 0.299705, 0.299705, 0.700295
15.2926, -0.203434, -3.00012, 0.299705, 0.299705, 0.700295
15.2927, -0.203434, -3.00012, 0.299705, 0.299705, 0.700295
15.2927, -0.203434, -3.00012, 0.299705, 0.299705, 0.700295
15.2928, -0.203434, -3.00012, 0.299705, 0.299705, 0.700295
15.2929, -0.203434, -3.00012, 0.299705, 0.299705, 0.700295
15.2929, -0.203434, -3.00012, 0.299705, 0.299705, 0.700295
15.293, -0.203434, -3.00012, 0.299705, 0.299705, 0.700295
15.293, -0.203448, -3.00026, 0.299725, 0.299725, 0.700275
15.2931, -0.203448, -3.00026, 0.299725, 0.299725, 0.700275
15.2932, -0.203448, -3.00026, 0.299725, 0.299725, 0.700275
15.2932, -0.203448, -3.00026, 0.299725, 0.299725, 0.700275
15.2933, -0.203448, -3.00026, 0.299725, 0.299725, 0.700275
15.2933, -0.203448, -3.00026, 0.299725, 0.299725, 0.700275
15.2934, -0.203448, -3.00026, 0.299725, 0.299725, 0.700275
15.2935, -0.203448, -3.00026, 0.299725, 0.299725, 0.700275
15.2935, -0.203448, -3.00026, 0.299725, 0.299725, 0.700275
15.2936, -0.203461, -3.0004, 0.299746, 0.299746, 0.700254
15.2936, -0.203461, -3.0004, 0.299746, 0.299746, 0.700254
15.2937, -0.203461, -3.0004, 0.299746, 0.299746, 0.700254
15.2938, -0.203461, -3.0004, 0.299746, 0.299746, 0.700254
15.2938, -0.203461, -3.0004, 0.299746, 0.299746, 0.700254
15.2939, -0.203461, -3.0004, 0.299746, 0.299746, 0.700254
15.2939, -0.203461, -3.0004, 0.299746, 0.299746, 0.700254
15.294, -0.203461, -3.0004, 0.299746, 0.299746, 0.700254
15.2941, -0.203461, -3.0004, 0.299746, 0.299746, 0.700254
15.2941, -0.203461, -3.0004, 0.299746, 0.299746, 0.700254
15.2942, -0.203461, -3.0004, 0.299746, 0.299746, 0.700254
15.2942, -0.203461, -3.0004, 0.299746, 0.299746, 0.700254
15.2943, -0.203461, -3.0004, 0.299746, 0.299746, 0.700254
15.2944, -0.203461, -3.0004, 0.299746, 0.299746, 0.700254
15.2944, -0.203461, -3.0004, 0.299746, 0.299746, 0.700254
15.2945, -0.203461, -3.0004, 0.299746, 0.299746, 0.700254
15.2945, -0.203461, -3.0004, 0.299746, 0.299746, 0.700254
15.2946, -0.203461, -3.0004, 0.299746, 0.299746, 0.700254
15.2947, -0.203461, -3.0004, 0.299746, 0.299746, 0.700254
15.2947, -0.203461, -3.0004, 0.299746, 0.299746, 0.700254
15.2948, -0.203461, -3.0004, 0.299746, 0.299746, 0.700254
15.2948, -0.203461, -3.0004, 0.299746, 0.299746, 0.700254
15.2949, -0.203461, -3.0004, 0.299746, 0.299746, 0.700254
15.295, -0.203461, -3.0004, 0.299746, 0.299746, 0.700254
15.295, -0.203461, -3.0004, 0.299746, 0.299746, 0.700254
15.2951, -0.203461, -3.0004, 0.299746, 0.299746, 0.700254
15.2951, -0.203461, -3.0004, 0.299746, 0.299746, 0.700254
15.2952, -0.203461, -3.0004, 0.299746, 0.299746, 0.700254
15.2953, -0.203461, -3.0004, 0.299746, 0.299746, 0.700254
15.2953, -0.203461, -3.0004, 0.299746, 0.299746, 0.700254
15.2954, -0.203461, -3.0004, 0.299746, 0.299746, 0.700254
15.2954, -0.203461, -3.0004, 0.299746, 0.299746, 0.700254
15.2955, -0.203461, -3.0004, 0.299746, 0.299746, 0.700254
15.2956, -0.203461, -3.0004, 0.299746, 0.299746, 0.700254
15.2956, -0.203461, -3.0004, 0.299746, 0.299746, 0.700254
15.2957, -0.203461, -3.0004, 0.299746, 0.299746, 0.700254
15.2957, -0.203461, -3.0004, 0.299746, 0.299746, 0.700254
15.2958, -0.203461, -3.0004, 0.299746, 0.299746, 0.700254
15.2959, -0.203474, -3.00054, 0.299766, 0.299766, 0.700234
15.2959, -0.203474, -3.00054, 0.299766, 0.299766, 0.700234
15.296, -0.203474, -3.00054, 0.299766, 0.299766, 0.700234
15.296, -0.203474, -3.00054, 0.299766, 0.299766, 0.700234
15.2961, -0.203474, -3.00054, 0.299766, 0.299766, 0.700234
15.2961, -0.203474, -3.00054, 0.299766, 0.299766, 0.700234
15.2962, -0.203474, -3.00054, 0.299766, 0.299766, 0.700234
15.2963, -0.203474, -3.00054, 0.299766, 0.299766, 0.700234
15.2963, -0.203474, -3.00054, 0.299766, 0.299766, 0.700234
15.2964, -0.203474, -3.00054, 0.299766, 0.299766, 0.700234
15.2964, -0.203474, -3.00054, 0.299766, 0.299766, 0.700234
15.2965, -0.203474, -3.00054, 0.299766, 0.299766, 0.700234
15.2966, -0.203474, -3.00054, 0.299766, 0.299766, 0.700234
15.2966, -0.203474, -3.00054, 0.299766, 0.299766, 0.700234
15.2967, -0.203488, -3.00068, 0.299786, 0.299786, 0.700214
15.2967, -0.203488, -3.00068, 0.299786, 0.299786, 0.700214
15.2968, -0.203488, -3.00068, 0.299786, 0.299786, 0.700214
15.2969, -0.203488, -3.00068, 0.299786, 0.299786, 0.700214
15.2969, -0.203488, -3.00068, 0.299786, 0.299786, 0.700214
15.297, -0.203488, -3.00068, 0.299786, 0.299786, 0.700214
15.297, -0.203488, -3.00068, 0.299786, 0.299786, 0.700214
15.2971, -0.203488, -3.00068, 0.299786, 0.299786, 0.700214
15.2972, -0.203488, -3.00068, 0.299786, 0.299786, 0.700214
15.2972, -0.203488, -3.00068, 0.299786, 0.299786, 0.700214
15.2973, -0.203488, -3.00068, 0.299786, 0.299786, 0.700214
15.2973, -0.203488, -3.00068, 0.299786, 0.299786, 0.700214
15.2974, -0.203488, -3.00068, 0.299786, 0.299786, 0.700214
15.2975, -0.203488, -3.00068, 0.299786, 0.299786, 0.700214
15.2975, -0.203488, -3.00068, 0.299786, 0.299786, 0.700214
15.2976, -0.203488, -3.00068, 0.299786, 0.299786, 0.700214
15.2976, -0.203488, -3.00068, 0.299786, 0.299786, 0.700214
15.2977, -0.203488, -3.00068, 0.299786, 0.299786, 0.700214
15.2978, -0.203488, -3.00068, 0.299786, 0.299786, 0.700214
15.2978, -0.203488, -3.00068, 0.299786, 0.299786, 0.700214
15.2979, -0.203488, -3.00068, 0.299786, 0.299786, 0.700214
15.2979, -0.203488, -3.00068, 0.299786, 0.299786, 0.700214
15.298, -0.203488, -3.00068, 0.299786, 0.299786, 0.700214
15.2981, -0.203488, -3.00068, 0.299786, 0.299786, 0.700214
15.2981, -0.203488, -3.00068, 0.299786, 0.299786, 0.700214
15.2982, -0.203488, -3.00068, 0.299786, 0.299786, 0.700214
15.2982, -0.203488, -3.00068, 0.299786, 0.299786, 0.700214
15.2983, -0.203488, -3.00068, 0.299786, 0.299786, 0.700214
15.2984, -0.203488, -3.00068, 0.299786, 0.299786, 0.700214
15.2984, -0.203488, -3.00068, 0.299786, 0.299786, 0.700214
15.2985, -0.203488, -3.00068, 0.299786, 0.299786, 0.700214
15.2985, -0.203488, -3.00068, 0.299786, 0.299786, 0.700214
15.2986, -0.203488, -3.00068, 0.299786, 0.299786, 0.700214
15.2987, -0.203488, -3.00068, 0.299786, 0.299786, 0.700214
15.2987, -0.203488, -3.00068, 0.299786, 0.299786, 0.700214
15.2988, -0.203488, -3.00068, 0.299786, 0.299786, 0.700214
15.2988, -0.203488, -3.00068, 0.299786, 0.299786, 0.700214
15.2989, -0.203488, -3.00068, 0.299786, 0.299786, 0.700214
15.299, -0.203488, -3.00068, 0.299786, 0.299786, 0.700214
15.299, -0.203488, -3.00068, 0.299786, 0.299786, 0.700214
15.2991, -0.203488, -3.00068, 0.299786, 0.299786, 0.700214
15.2991, -0.203488, -3.00068, 0.299786, 0.299786, 0.700214
15.2992, -0.203488, -3.00068, 0.299786, 0.299786, 0.700214
15.2992, -0.203488, -3.00068, 0.299786, 0.299786, 0.700214
15.2993, -0.203488, -3.00068, 0.299786, 0.299786, 0.700214
15.2994, -0.203488, -3.00068, 0.299786, 0.299786, 0.700214
15.2994, -0.203488, -3.00068, 0.299786, 0.299786, 0.700214
15.2995, -0.203488, -3.00068, 0.299786, 0.299786, 0.700214
15.2995, -0.203488, -3.00068, 0.299786, 0.299786, 0.700214
15.2996, -0.203488, -3.00068, 0.299786, 0.299786, 0.700214
15.2997, -0.203488, -3.00068, 0.299786, 0.299786, 0.700214
15.2997, -0.203488, -3.00068, 0.299786, 0.299786, 0.700214
15.2998, -0.203488, -3.00068, 0.299786, 0.299786, 0.700214
15.2998, -0.203488, -3.00068, 0.299786, 0.299786, 0.700214
15.2999, -0.203488, -3.00068, 0.299786, 0.299786, 0.700214
15.3, -0.203488, -3.00068, 0.299786, 0.299786, 0.700214
15.3, -0.203488, -3.00068, 0.299786, 0.299786, 0.700214
15.3001, -0.203501, -3.00082, 0.299807, 0.299807, 0.700193
15.3001, -0.203501, -3.00082, 0.299807, 0.299807, 0.700193
15.3002, -0.203501, -3.00082, 0.299807, 0.299807, 0.700193
15.3003, -0.203501, -3.00082, 0.299807, 0.299807, 0.700193
15.3003, -0.203501, -3.00082, 0.299807, 0.299807, 0.700193
15.3004, -0.203501, -3.00082, 0.299807, 0.299807, 0.700193
15.3004, -0.203501, -3.00082, 0.299807, 0.299807, 0.700193
15.3005, -0.203501, -3.00082, 0.299807, 0.299807, 0.700193
15.3006, -0.203514, -3.00096, 0.299827, 0.299827, 0.700173
15.3006, -0.203514, -3.00096, 0.299827, 0.299827, 0.700173
15.3007, -0.203514, -3.00096, 0.299827, 0.299827, 0.700173
15.3007, -0.203514, -3.00096, 0.299827, 0.299827, 0.700173
15.3008, -0.203514, -3.00096, 0.299827, 0.299827, 0.700173
15.3009, -0.203514, -3.00096, 0.299827, 0.299827, 0.700173
15.3009, -0.203514, -3.00096, 0.299827, 0.299827, 0.700173
15.301, -0.203514, -3.00096, 0.299827, 0.299827, 0.700173
15.301, -0.203514, -3.00096, 0.299827, 0.299827, 0.700173
15.3011, -0.203514, -3.00096, 0.299827, 0.299827, 0.700173
15.3012, -0.203514, -3.00096, 0.299827, 0.299827, 0.700173
15.3012, -0.203514, -3.00096, 0.299827, 0.299827, 0.700173
15.3013, -0.203514, -3.00096, 0.299827, 0.299827, 0.700173
15.3013, -0.203514, -3.00096, 0.299827, 0.299827, 0.700173
15.3014, -0.203514, -3.00096, 0.299827, 0.299827, 0.700173
15.3015, -0.203514, -3.00096, 0.299827, 0.299827, 0.700173
15.3015, -0.203514, -3.00096, 0.299827, 0.299827, 0.700173
15.3016, -0.203514, -3.00096, 0.299827, 0.299827, 0.700173
15.3016, -0.203514, -3.00096, 0.299827, 0.299827, 0.700173
15.3017, -0.203514, -3.00096, 0.299827, 0.299827, 0.700173
15.3018, -0.203514, -3.00096, 0.299827, 0.299827, 0.700173
15.3018, -0.203514, -3.00096, 0.299827, 0.299827, 0.700173
15.3019, -0.203514, -3.00096, 0.299827, 0.299827, 0.700173
15.3019, -0.203514, -3.00096, 0.299827, 0.299827, 0.700173
15.302, -0.203514, -3.00096, 0.299827, 0.299827, 0.700173
15.3021, -0.203514, -3.00096, 0.299827, 0.299827, 0.700173
15.3021, -0.203514, -3.00096, 0.299827, 0.299827, 0.700173
15.3022, -0.203514, -3.00096, 0.299827, 0.299827, 0.700173
15.3022, -0.203514, -3.00096, 0.299827, 0.299827, 0.700173
15.3023, -0.203514, -3.00096, 0.299827, 0.299827, 0.700173
15.3023, -0.203514, -3.00096, 0.299827, 0.299827, 0.700173
15.3024, -0.203514, -3.00096, 0.299827, 0.299827, 0.700173
15.3025, -0.203514, -3.00096, 0.299827, 0.299827, 0.700173
15.3025, -0.203514, -3.00096, 0.299827, 0.299827, 0.700173
15.3026, -0.203514, -3.00096, 0.299827, 0.299827, 0.700173
15.3026, -0.203514, -3.00096, 0.299827, 0.299827, 0.700173
15.3027, -0.203514, -3.00096, 0.299827, 0.299827, 0.700173
15.3028, -0.203514, -3.00096, 0.299827, 0.299827, 0.700173
15.3028, -0.203514, -3.00096, 0.299827, 0.299827, 0.700173
15.3029, -0.203514, -3.00096, 0.299827, 0.299827, 0.700173
15.3029, -0.203514, -3.00096, 0.299827, 0.299827, 0.700173
15.303, -0.203514, -3.00096, 0.299827, 0.299827, 0.700173
15.3031, -0.203514, -3.00096, 0.299827, 0.299827, 0.700173
15.3031, -0.203514, -3.00096, 0.299827, 0.299827, 0.700173
15.3032, -0.203514, -3.00096, 0.299827, 0.299827, 0.700173
15.3032, -0.203514, -3.00096, 0.299827, 0.299827, 0.700173
15.3033, -0.203514, -3.00096, 0.299827, 0.299827, 0.700173
15.3034, -0.203514, -3.00096, 0.299827, 0.299827, 0.700173
15.3034, -0.203514, -3.00096, 0.299827, 0.299827, 0.700173
15.3035, -0.203514, -3.00096, 0.299827, 0.299827, 0.700173
15.3035, -0.203514, -3.00096, 0.299827, 0.299827, 0.700173
15.3036, -0.203514, -3.00096, 0.299827, 0.299827, 0.700173
15.3037, -0.203514, -3.00096, 0.299827, 0.299827, 0.700173
15.3037, -0.203514, -3.00096, 0.299827, 0.299827, 0.700173
15.3038, -0.203514, -3.00096, 0.299827, 0.299827, 0.700173
15.3038, -0.203514, -3.00096, 0.299827, 0.299827, 0.700173
15.3039, -0.203514, -3.00096, 0.299827, 0.299827, 0.700173
15.304, -0.203514, -3.00096, 0.299827, 0.299827, 0.700173
15.304, -0.203514, -3.00096, 0.299827, 0.299827, 0.700173
15.3041, -0.203514, -3.00096, 0.299827, 0.299827, 0.700173
15.3041, -0.203514, -3.00096, 0.299827, 0.299827, 0.700173
15.3042, -0.203514, -3.00096, 0.299827, 0.299827, 0.700173
15.3043, -0.203514, -3.00096, 0.299827, 0.299827, 0.700173
15.3043, -0.203514, -3.00096, 0.299827, 0.299827, 0.700173
15.3044, -0.203528, -3.0011, 0.299847, 0.299847, 0.700153
15.3044, -0.203528, -3.0011, 0.299847, 0.299847, 0.700153
15.3045, -0.203528, -3.0011, 0.299847, 0.299847, 0.700153
15.3046, -0.203541, -3.00124, 0.299868, 0.299868, 0.700132
15.3046, -0.203541, -3.00124, 0.299868, 0.299868, 0.700132
15.3047, -0.203541, -3.00124, 0.299868, 0.299868, 0.700132
15.3047, -0.203541, -3.00124, 0.299868, 0.299868, 0.700132
15.3048, -0.203541, -3.00124, 0.299868, 0.299868, 0.700132
15.3049, -0.203541, -3.00124, 0.299868, 0.299868, 0.700132
15.3049, -0.203541, -3.00124, 0.299868, 0.299868, 0.700132
15.305, -0.203541, -3.00124, 0.299868, 0.299868, 0.700132
15.305, -0.203541, -3.00124, 0.299868, 0.299868, 0.700132
15.3051, -0.203541, -3.00124, 0.299868, 0.299868, 0.700132
15.3052, -0.203541, -3.00124, 0.299868, 0.299868, 0.700132
15.3052, -0.203541, -3.00124, 0.299868, 0.299868, 0.700132
15.3053, -0.203541, -3.00124, 0.299868, 0.299868, 0.700132
15.3053, -0.203541, -3.00124, 0.299868, 0.299868, 0.700132
15.3054, -0.203541, -3.00124, 0.299868, 0.299868, 0.700132
15.3054, -0.203541, -3.00124, 0.299868, 0.299868, 0.700132
15.3055, -0.203541, -3.00124, 0.299868, 0.299868, 0.700132
15.3056, -0.203541, -3.00124, 0.299868, 0.299868, 0.700132
15.3056, -0.203541, -3.00124, 0.299868, 0.299868, 0.700132
15.3057, -0.203541, -3.00124, 0.299868, 0.299868, 0.700132
15.3057, -0.203541, -3.00124, 0.299868, 0.299868, 0.700132
15.3058, -0.203541, -3.00124, 0.299868, 0.299868, 0.700132
15.3059, -0.203541, -3.00124, 0.299868, 0.299868, 0.700132
15.3059, -0.203541, -3.00124, 0.299868, 0.299868, 0.700132
15.306, -0.203541, -3.00124, 0.299868, 0.299868, 0.700132
15.306, -0.203541, -3.00124, 0.299868, 0.299868, 0.700132
15.3061, -0.203541, -3.00124, 0.299868, 0.299868, 0.700132
15.3062, -0.203541, -3.00124, 0.299868, 0.299868, 0.700132
15.3062, -0.203541, -3.00124, 0.299868, 0.299868, 0.700132
15.3063, -0.203541, -3.00124, 0.299868, 0.299868, 0.700132
15.3063, -0.203541, -3.00124, 0.299868, 0.299868, 0.700132
15.3064, -0.203541, -3.00124, 0.299868, 0.299868, 0.700132
15.3065, -0.203541, -3.00124, 0.299868, 0.299868, 0.700132
15.3065, -0.203541, -3.00124, 0.299868, 0.299868, 0.700132
15.3066, -0.203541, -3.00124, 0.299868, 0.299868, 0.700132
15.3066, -0.203541, -3.00124, 0.299868, 0.299868, 0.700132
15.3067, -0.203541, -3.00124, 0.299868, 0.299868, 0.700132
15.3068, -0.203541, -3.00124, 0.299868, 0.299868, 0.700132
15.3068, -0.203541, -3.00124, 0.299868, 0.299868, 0.700132
15.3069, -0.203541, -3.00124, 0.299868, 0.299868, 0.700132
15.3069, -0.203541, -3.00124, 0.299868, 0.299868, 0.700132
15.307, -0.203541, -3.00124, 0.299868, 0.299868, 0.700132
15.3071, -0.203541, -3.00124, 0.299868, 0.299868, 0.700132
15.3071, -0.203541, -3.00124, 0.299868, 0.299868, 0.700132
15.3072, -0.203541, -3.00124, 0.299868, 0.299868, 0.700132
15.3072, -0.203541, -3.00124, 0.299868, 0.299868, 0.700132
15.3073, -0.203541, -3.00124, 0.299868, 0.299868, 0.700132
15.3074, -0.203541, -3.00124, 0.299868, 0.299868, 0.700132
15.3074, -0.203541, -3.00124, 0.299868, 0.299868, 0.700132
15.3075, -0.203541, -3.00124, 0.299868, 0.299868, 0.700132
15.3075, -0.203541, -3.00124, 0.299868, 0.299868, 0.700132
15.3076, -0.203541, -3.00124, 0.299868, 0.299868, 0.700132
15.3077, -0.203541, -3.00124, 0.299868, 0.299868, 0.700132
15.3077, -0.203541, -3.00124, 0.299868, 0.299868, 0.700132
15.3078, -0.203541, -3.00124, 0.299868, 0.299868, 0.700132
15.3078, -0.203541, -3.00124, 0.299868, 0.299868, 0.700132
15.3079, -0.203541, -3.00124, 0.299868, 0.299868, 0.700132
15.308, -0.203541, -3.00124, 0.299868, 0.299868, 0.700132
15.308, -0.203541, -3.00124, 0.299868, 0.299868, 0.700132
15.3081, -0.203541, -3.00124, 0.299868, 0.299868, 0.700132
15.3081, -0.203541, -3.00124, 0.299868, 0.299868, 0.700132
15.3082, -0.203541, -3.00124, 0.299868, 0.299868, 0.700132
15.3083, -0.203541, -3.00124, 0.299868, 0.299868, 0.700132
15.3083, -0.203541, -3.00124, 0.299868, 0.299868, 0.700132
15.3084, -0.203541, -3.00124, 0.299868, 0.299868, 0.700132
15.3084, -0.203541, -3.00124, 0.299868, 0.299868, 0.700132
15.3085, -0.203541, -3.00124, 0.299868, 0.299868, 0.700132
15.3085, -0.203541, -3.00124, 0.299868, 0.299868, 0.700132
15.3086, -0.203554, -3.00138, 0.299888, 0.299888, 0.700112
15.3087, -0.203554, -3.00138, 0.299888, 0.299888, 0.700112
15.3087, -0.203554, -3.00138, 0.299888, 0.299888, 0.700112
15.3088, -0.203554, -3.00138, 0.299888, 0.299888, 0.700112
15.3088, -0.203567, -3.00152, 0.299908, 0.299908, 0.700092
15.3089, -0.203567, -3.00152, 0.299908, 0.299908, 0.700092
15.309, -0.203567, -3.00152, 0.299908, 0.299908, 0.700092
15.309, -0.203567, -3.00152, 0.299908, 0.299908, 0.700092
15.3091, -0.203567, -3.00152, 0.299908, 0.299908, 0.700092
15.3091, -0.203567, -3.00152, 0.299908, 0.299908, 0.700092
15.3092, -0.203567, -3.00152, 0.299908, 0.299908, 0.700092
15.3093, -0.203567, -3.00152, 0.299908, 0.299908, 0.700092
15.3093, -0.203567, -3.00152, 0.299908, 0.299908, 0.700092
15.3094, -0.203567, -3.00152, 0.299908, 0.299908, 0.700092
15.3094, -0.203567, -3.00152, 0.299908, 0.299908, 0.700092
15.3095, -0.203567, -3.00152, 0.299908, 0.299908, 0.700092
15.3096, -0.203567, -3.00152, 0.299908, 0.299908, 0.700092
15.3096, -0.203567, -3.00152, 0.299908, 0.299908, 0.700092
15.3097, -0.203567, -3.00152, 0.299908, 0.299908, 0.700092
15.3097, -0.203567, -3.00152, 0.299908, 0.299908, 0.700092
15.3098, -0.203567, -3.00152, 0.299908, 0.299908, 0.700092
15.3099, -0.203567, -3.00152, 0.299908, 0.299908, 0.700092
15.3099, -0.203567, -3.00152, 0.299908, 0.299908, 0.700092
15.31, -0.203567, -3.00152, 0.299908, 0.299908, 0.700092
15.31, -0.203567, -3.00152, 0.299908, 0.299908, 0.700092
15.3101, -0.203567, -3.00152, 0.299908, 0.299908, 0.700092
15.3102, -0.203567, -3.00152, 0.299908, 0.299908, 0.700092
15.3102, -0.203567, -3.00152, 0.299908, 0.299908, 0.700092
15.3103, -0.203567, -3.00152, 0.299908, 0.299908, 0.700092
15.3103, -0.203567, -3.00152, 0.299908, 0.299908, 0.700092
15.3104, -0.203567, -3.00152, 0.299908, 0.299908, 0.700092
15.3105, -0.203567, -3.00152, 0.299908, 0.299908, 0.700092
15.3105, -0.203567, -3.00152, 0.299908, 0.299908, 0.700092
15.3106, -0.203567, -3.00152, 0.299908, 0.299908, 0.700092
15.3106, -0.203567, -3.00152, 0.299908, 0.299908, 0.700092
15.3107, -0.203567, -3.00152, 0.299908, 0.299908, 0.700092
15.3108, -0.203567, -3.00152, 0.299908, 0.299908, 0.700092
15.3108, -0.203567, -3.00152, 0.299908, 0.299908, 0.700092
15.3109, -0.203567, -3.00152, 0.299908, 0.299908, 0.700092
15.3109, -0.203567, -3.00152, 0.299908, 0.299908, 0.700092
15.311, -0.203567, -3.00152, 0.299908, 0.299908, 0.700092
15.3111, -0.203567, -3.00152, 0.299908, 0.299908, 0.700092
15.3111, -0.203567, -3.00152, 0.299908, 0.299908, 0.700092
15.3112, -0.203567, -3.00152, 0.299908, 0.299908, 0.700092
15.3112, -0.203567, -3.00152, 0.299908, 0.299908, 0.700092
15.3113, -0.203567, -3.00152, 0.299908, 0.299908, 0.700092
15.3114, -0.203567, -3.00152, 0.299908, 0.299908, 0.700092
15.3114, -0.203567, -3.00152, 0.299908, 0.299908, 0.700092
15.3115, -0.203567, -3.00152, 0.299908, 0.299908, 0.700092
15.3115, -0.203567, -3.00152, 0.299908, 0.299908, 0.700092
15.3116, -0.203567, -3.00152, 0.299908, 0.299908, 0.700092
15.3117, -0.203567, -3.00152, 0.299908, 0.299908, 0.700092
15.3117, -0.203567, -3.00152, 0.299908, 0.299908, 0.700092
15.3118, -0.203567, -3.00152, 0.299908, 0.299908, 0.700092
15.3118, -0.203567, -3.00152, 0.299908, 0.299908, 0.700092
15.3119, -0.203567, -3.00152, 0.299908, 0.299908, 0.700092
15.3119, -0.203567, -3.00152, 0.299908, 0.299908, 0.700092
15.312, -0.203567, -3.00152, 0.299908, 0.299908, 0.700092
15.3121, -0.203567, -3.00152, 0.299908, 0.299908, 0.700092
15.3121, -0.203567, -3.00152, 0.299908, 0.299908, 0.700092
15.3122, -0.203567, -3.00152, 0.299908, 0.299908, 0.700092
15.3122, -0.203567, -3.00152, 0.299908, 0.299908, 0.700092
15.3123, -0.203567, -3.00152, 0.299908, 0.299908, 0.700092
15.3124, -0.203567, -3.00152, 0.299908, 0.299908, 0.700092
15.3124, -0.203567, -3.00152, 0.299908, 0.299908, 0.700092
15.3125, -0.203567, -3.00152, 0.299908, 0.299908, 0.700092
15.3125, -0.203567, -3.00152, 0.299908, 0.299908, 0.700092
15.3126, -0.203567, -3.00152, 0.299908, 0.299908, 0.700092
15.3127, -0.203567, -3.00152, 0.299908, 0.299908, 0.700092
15.3127, -0.203567, -3.00152, 0.299908, 0.299908, 0.700092
15.3128, -0.203567, -3.00152, 0.299908, 0.299908, 0.700092
15.3128, -0.203581, -3.00166, 0.299929, 0.299929, 0.700071
15.3129, -0.203581, -3.00166, 0.299929, 0.299929, 0.700071
15.313, -0.203581, -3.00166, 0.299929, 0.299929, 0.700071
15.313, -0.203581, -3.00166, 0.299929, 0.299929, 0.700071
15.3131, -0.203581, -3.00166, 0.299929, 0.299929, 0.700071
15.3131, -0.203581, -3.00166, 0.299929, 0.299929, 0.700071
15.3132, -0.203581, -3.00166, 0.299929, 0.299929, 0.700071
15.3133, -0.203581, -3.00166, 0.299929, 0.299929, 0.700071
15.3133, -0.203581, -3.00166, 0.299929, 0.299929, 0.700071
15.3134, -0.203581, -3.00166, 0.299929, 0.299929, 0.700071
15.3134, -0.203594, -3.0018, 0.299949, 0.299949, 0.700051
15.3135, -0.203594, -3.0018, 0.299949, 0.299949, 0.700051
15.3136, -0.203594, -3.0018, 0.299949, 0.299949, 0.700051
15.3136, -0.203594, -3.0018, 0.299949, 0.299949, 0.700051
15.3137, -0.203594, -3.0018, 0.299949, 0.299949, 0.700051
15.3137, -0.203594, -3.0018, 0.299949, 0.299949, 0.700051
15.3138, -0.203594, -3.0018, 0.299949, 0.299949, 0.700051
15.3139, -0.203594, -3.0018, 0.299949, 0.299949, 0.700051
15.3139, -0.203594, -3.0018, 0.299949, 0.299949, 0.700051
15.314, -0.203594, -3.0018, 0.299949, 0.299949, 0.700051
15.314, -0.203594, -3.0018, 0.299949, 0.299949, 0.700051
15.3141, -0.203594, -3.0018, 0.299949, 0.299949, 0.700051
15.3142, -0.203594, -3.0018, 0.299949, 0.299949, 0.700051
15.3142, -0.203594, -3.0018, 0.299949, 0.299949, 0.700051
15.3143, -0.203594, -3.0018, 0.299949, 0.299949, 0.700051
15.3143, -0.203594, -3.0018, 0.299949, 0.299949, 0.700051
15.3144, -0.203594, -3.0018, 0.299949, 0.299949, 0.700051
15.3145, -0.203594, -3.0018, 0.299949, 0.299949, 0.700051
15.3145, -0.203594, -3.0018, 0.299949, 0.299949, 0.700051
15.3146, -0.203594, -3.0018, 0.299949, 0.299949, 0.700051
15.3146, -0.203594, -3.0018, 0.299949, 0.299949, 0.700051
15.3147, -0.203594, -3.0018, 0.299949, 0.299949, 0.700051
15.3148, -0.203594, -3.0018, 0.299949, 0.299949, 0.700051
15.3148, -0.203594, -3.0018, 0.299949, 0.299949, 0.700051
15.3149, -0.203594, -3.0018, 0.299949, 0.299949, 0.700051
15.3149, -0.203594, -3.0018, 0.299949, 0.299949, 0.700051
15.315, -0.203594, -3.0018, 0.299949, 0.299949, 0.700051
15.315, -0.203594, -3.0018, 0.299949, 0.299949, 0.700051
15.3151, -0.203594, -3.0018, 0.299949, 0.299949, 0.700051
15.3152, -0.203594, -3.0018, 0.299949, 0.299949, 0.700051
15.3152, -0.203594, -3.0018, 0.299949, 0.299949, 0.700051
15.3153, -0.203594, -3.0018, 0.299949, 0.299949, 0.700051
15.3153, -0.203594, -3.0018, 0.299949, 0.299949, 0.700051
15.3154, -0.203594, -3.0018, 0.299949, 0.299949, 0.700051
15.3155, -0.203594, -3.0018, 0.299949, 0.299949, 0.700051
15.3155, -0.203594, -3.0018, 0.299949, 0.299949, 0.700051
15.3156, -0.203594, -3.0018, 0.299949, 0.299949, 0.700051
15.3156, -0.203594, -3.0018, 0.299949, 0.299949, 0.700051
15.3157, -0.203594, -3.0018, 0.299949, 0.299949, 0.700051
15.3158, -0.203594, -3.0018, 0.299949, 0.299949, 0.700051
15.3158, -0.203594, -3.0018, 0.299949, 0.299949, 0.700051
15.3159, -0.203594, -3.0018, 0.299949, 0.299949, 0.700051
15.3159, -0.203594, -3.0018, 0.299949, 0.299949, 0.700051
15.316, -0.203594, -3.0018, 0.299949, 0.299949, 0.700051
15.3161, -0.203594, -3.0018, 0.299949, 0.299949, 0.700051
15.3161, -0.203594, -3.0018, 0.299949, 0.299949, 0.700051
15.3162, -0.203594, -3.0018, 0.299949, 0.299949, 0.700051
15.3162, -0.203594, -3.0018, 0.299949, 0.299949, 0.700051
15.3163, -0.203594, -3.0018, 0.299949, 0.299949, 0.700051
15.3164, -0.203594, -3.0018, 0.299949, 0.299949, 0.700051
15.3164, -0.203594, -3.0018, 0.299949, 0.299949, 0.700051
15.3165, -0.203594, -3.0018, 0.299949, 0.299949, 0.700051
15.3165, -0.203594, -3.0018, 0.299949, 0.299949, 0.700051
15.3166, -0.203594, -3.0018, 0.299949, 0.299949, 0.700051
15.3167, -0.203594, -3.0018, 0.299949, 0.299949, 0.700051
15.3167, -0.203594, -3.0018, 0.299949, 0.299949, 0.700051
15.3168, -0.203594, -3.0018, 0.299949, 0.299949, 0.700051
15.3168, -0.203594, -3.0018, 0.299949, 0.299949, 0.700051
15.3169, -0.203594, -3.0018, 0.299949, 0.299949, 0.700051
15.317, -0.203594, -3.0018, 0.299949, 0.299949, 0.700051
15.317, -0.203594, -3.0018, 0.299949, 0.299949, 0.700051
15.3171, -0.203594, -3.0018, 0.299949, 0.299949, 0.700051
15.3171, -0.203607, -3.00194, 0.29997, 0.29997, 0.70003
15.3172, -0.203607, -3.00194, 0.29997, 0.29997, 0.70003
15.3173, -0.203607, -3.00194, 0.29997, 0.29997, 0.70003
15.3173, -0.203607, -3.00194, 0.29997, 0.29997, 0.70003
15.3174, -0.203607, -3.00194, 0.29997, 0.29997, 0.70003
15.3174, -0.203607, -3.00194, 0.29997, 0.29997, 0.70003
15.3175, -0.203607, -3.00194, 0.29997, 0.29997, 0.70003
15.3176, -0.203607, -3.00194, 0.29997, 0.29997, 0.70003
15.3176, -0.203607, -3.00194, 0.29997, 0.29997, 0.70003
15.3177, -0.203607, -3.00194, 0.29997, 0.29997, 0.70003
15.3177, -0.203607, -3.00194, 0.29997, 0.29997, 0.70003
15.3178, -0.203607, -3.00194, 0.29997, 0.29997, 0.70003
15.3179, -0.203607, -3.00194, 0.29997, 0.29997, 0.70003
15.3179, -0.203607, -3.00194, 0.29997, 0.29997, 0.70003
15.318, -0.203607, -3.00194, 0.29997, 0.29997, 0.70003
15.318, -0.203607, -3.00194, 0.29997, 0.29997, 0.70003
15.3181, -0.203607, -3.00194, 0.29997, 0.29997, 0.70003
15.3181, -0.203607, -3.00194, 0.29997, 0.29997, 0.70003
15.3182, -0.203607, -3.00194, 0.29997, 0.29997, 0.70003
15.3183, -0.203607, -3.00194, 0.29997, 0.29997, 0.70003
15.3183, -0.203607, -3.00194, 0.29997, 0.29997, 0.70003
15.3184, -0.203607, -3.00194, 0.29997, 0.29997, 0.70003
15.3184, -0.203621, -3.00208, 0.29999, 0.29999, 0.70001
15.3185, -0.203621, -3.00208, 0.29999, 0.29999, 0.70001
15.3186, -0.203621, -3.00208, 0.29999, 0.29999, 0.70001
15.3186, -0.203621, -3.00208, 0.29999, 0.29999, 0.70001
15.3187, -0.203621, -3.00208, 0.29999, 0.29999, 0.70001
15.3187, -0.203621, -3.00208, 0.29999, 0.29999, 0.70001
15.3188, -0.203621, -3.00208, 0.29999, 0.29999, 0.70001
15.3189, -0.203621, -3.00208, 0.29999, 0.29999, 0.70001
15.3189, -0.203621, -3.00208, 0.29999, 0.29999, 0.70001
15.319, -0.203621, -3.00208, 0.29999, 0.29999, 0.70001
15.319, -0.203621, -3.00208, 0.29999, 0.29999, 0.70001
15.3191, -0.203621, -3.00208, 0.29999, 0.29999, 0.70001
15.3192, -0.203621, -3.00208, 0.29999, 0.29999, 0.70001
15.3192, -0.203621, -3.00208, 0.29999, 0.29999, 0.70001
15.3193, -0.203621, -3.00208, 0.29999, 0.29999, 0.70001
15.3193, -0.203621, -3.00208, 0.29999, 0.29999, 0.70001
15.3194, -0.203621, -3.00208, 0.29999, 0.29999, 0.70001
15.3195, -0.203621, -3.00208, 0.29999, 0.29999, 0.70001
15.3195, -0.203621, -3.00208, 0.29999, 0.29999, 0.70001
15.3196, -0.203621, -3.00208, 0.29999, 0.29999, 0.70001
15.3196, -0.203621, -3.00208, 0.29999, 0.29999, 0.70001
15.3197, -0.203621, -3.00208, 0.29999, 0.29999, 0.70001
15.3198, -0.203621, -3.00208, 0.29999, 0.29999, 0.70001
15.3198, -0.203621, -3.00208, 0.29999, 0.29999, 0.70001
15.3199, -0.203621, -3.00208, 0.29999, 0.29999, 0.70001
15.3199, -0.203621, -3.00208, 0.29999, 0.29999, 0.70001
15.32, -0.203621, -3.00208, 0.29999, 0.29999, 0.70001
15.3201, -0.203621, -3.00208, 0.29999, 0.29999, 0.70001
15.3201, -0.203621, -3.00208, 0.29999, 0.29999, 0.70001
15.3202, -0.203621, -3.00208, 0.29999, 0.29999, 0.70001
15.3202, -0.203621, -3.00208, 0.29999, 0.29999, 0.70001
15.3203, -0.203621, -3.00208, 0.29999, 0.29999, 0.70001
15.3204, -0.203621, -3.00208, 0.29999, 0.29999, 0.70001
15.3204, -0.203621, -3.00208, 0.29999, 0.29999, 0.70001
15.3205, -0.203621, -3.00208, 0.29999, 0.29999, 0.70001
15.3205, -0.203621, -3.00208, 0.29999, 0.29999, 0.70001
15.3206, -0.203621, -3.00208, 0.29999, 0.29999, 0.70001
15.3207, -0.203621, -3.00208, 0.29999, 0.29999, 0.70001
15.3207, -0.203621, -3.00208, 0.29999, 0.29999, 0.70001
15.3208, -0.203621, -3.00208, 0.29999, 0.29999, 0.70001
15.3208, -0.203621, -3.00208, 0.29999, 0.29999, 0.70001
15.3209, -0.203621, -3.00208, 0.29999, 0.29999, 0.70001
15.321, -0.203621, -3.00208, 0.29999, 0.29999, 0.70001
15.321, -0.203621, -3.00208, 0.29999, 0.29999, 0.70001
15.3211, -0.203621, -3.00208, 0.29999, 0.29999, 0.70001
15.3211, -0.203621, -3.00208, 0.29999, 0.29999, 0.70001
15.3212, -0.203621, -3.00208, 0.29999, 0.29999, 0.70001
15.3212, -0.203621, -3.00208, 0.29999, 0.29999, 0.70001
15.3213, -0.203621, -3.00208, 0.29999, 0.29999, 0.70001
15.3214, -0.203634, -3.00222, 0.30001, 0.30001, 0.69999
15.3214, -0.203634, -3.00222, 0.30001, 0.30001, 0.69999
15.3215, -0.203634, -3.00222, 0.30001, 0.30001, 0.69999
15.3215, -0.203634, -3.00222, 0.30001, 0.30001, 0.69999
15.3216, -0.203634, -3.00222, 0.30001, 0.30001, 0.69999
15.3217, -0.203634, -3.00222, 0.30001, 0.30001, 0.69999
15.3217, -0.203634, -3.00222, 0.30001, 0.30001, 0.69999
15.3218, -0.203634, -3.00222, 0.30001, 0.30001, 0.69999
15.3218, -0.203634, -3.00222, 0.30001, 0.30001, 0.69999
15.3219, -0.203634, -3.00222, 0.30001, 0.30001, 0.69999
15.322, -0.203634, -3.00222, 0.30001, 0.30001, 0.69999
15.322, -0.203634, -3.00222, 0.30001, 0.30001, 0.69999
15.3221, -0.203647, -3.00236, 0.300031, 0.300031, 0.699969
15.3221, -0.203647, -3.00236, 0.300031, 0.300031, 0.699969
15.3222, -0.203647, -3.00236, 0.300031, 0.300031, 0.699969
15.3223, -0.203647, -3.00236, 0.300031, 0.300031, 0.699969
15.3223, -0.203647, -3.00236, 0.300031, 0.300031, 0.699969
15.3224, -0.203647, -3.00236, 0.300031, 0.300031, 0.699969
15.3224, -0.203647, -3.00236, 0.300031, 0.300031, 0.699969
15.3225, -0.203647, -3.00236, 0.300031, 0.300031, 0.699969
15.3226, -0.203647, -3.00236, 0.300031, 0.300031, 0.699969
15.3226, -0.203647, -3.00236, 0.300031, 0.300031, 0.699969
15.3227, -0.203647, -3.00236, 0.300031, 0.300031, 0.699969
15.3227, -0.203647, -3.00236, 0.300031, 0.300031, 0.699969
15.3228, -0.203647, -3.00236, 0.300031, 0.300031, 0.699969
15.3229, -0.203647, -3.00236, 0.300031, 0.300031, 0.699969
15.3229, -0.203647, -3.00236, 0.300031, 0.300031, 0.699969
15.323, -0.203647, -3.00236, 0.300031, 0.300031, 0.699969
15.323, -0.203647, -3.00236, 0.300031, 0.300031, 0.699969
15.3231, -0.203647, -3.00236, 0.300031, 0.300031, 0.699969
15.3232, -0.203647, -3.00236, 0.300031, 0.300031, 0.699969
15.3232, -0.203647, -3.00236, 0.300031, 0.300031, 0.699969
15.3233, -0.203647, -3.00236, 0.300031, 0.300031, 0.699969
15.3233, -0.203647, -3.00236, 0.300031, 0.300031, 0.699969
15.3234, -0.203647, -3.00236, 0.300031, 0.300031, 0.699969
15.3235, -0.203647, -3.00236, 0.300031, 0.300031, 0.699969
15.3235, -0.203647, -3.00236, 0.300031, 0.300031, 0.699969
15.3236, -0.203647, -3.00236, 0.300031, 0.300031, 0.699969
15.3236, -0.203647, -3.00236, 0.300031, 0.300031, 0.699969
15.3237, -0.203647, -3.00236, 0.300031, 0.300031, 0.699969
15.3238, -0.203647, -3.00236, 0.300031, 0.300031, 0.699969
15.3238, -0.203647, -3.00236, 0.300031, 0.300031, 0.699969
15.3239, -0.203647, -3.00236, 0.300031, 0.300031, 0.699969
15.3239, -0.203647, -3.00236, 0.300031, 0.300031, 0.699969
15.324, -0.203647, -3.00236, 0.300031, 0.300031, 0.699969
15.3241, -0.203647, -3.00236, 0.300031, 0.300031, 0.699969
15.3241, -0.203661, -3.0025, 0.300051, 0.300051, 0.699949
15.3242, -0.203661, -3.0025, 0.300051, 0.300051, 0.699949
15.3242, -0.203661, -3.0025, 0.300051, 0.300051, 0.699949
15.3243, -0.203661, -3.0025, 0.300051, 0.300051, 0.699949
15.3244, -0.203661, -3.0025, 0.300051, 0.300051, 0.699949
15.3244, -0.203661, -3.0025, 0.300051, 0.300051, 0.699949
15.3245, -0.203661, -3.0025, 0.300051, 0.300051, 0.699949
15.3245, -0.203661, -3.0025, 0.300051, 0.300051, 0.699949
15.3246, -0.203661, -3.0025, 0.300051, 0.300051, 0.699949
15.3246, -0.203661, -3.0025, 0.300051, 0.300051, 0.699949
15.3247, -0.203661, -3.0025, 0.300051, 0.300051, 0.699949
15.3248, -0.203661, -3.0025, 0.300051, 0.300051, 0.699949
15.3248, -0.203661, -3.0025, 0.300051, 0.300051, 0.699949
15.3249, -0.203661, -3.0025, 0.300051, 0.300051, 0.699949
15.3249, -0.203661, -3.0025, 0.300051, 0.300051, 0.699949
15.325, -0.203661, -3.0025, 0.300051, 0.300051, 0.699949
15.3251, -0.203661, -3.0025, 0.300051, 0.300051, 0.699949
15.3251, -0.203661, -3.0025, 0.300051, 0.300051, 0.699949
15.3252, -0.203661, -3.0025, 0.300051, 0.300051, 0.699949
15.3252, -0.203661, -3.0025, 0.300051, 0.300051, 0.699949
15.3253, -0.203661, -3.0025, 0.300051, 0.300051, 0.699949
15.3254, -0.203661, -3.0025, 0.300051, 0.300051, 0.699949
15.3254, -0.203661, -3.0025, 0.300051, 0.300051, 0.699949
15.3255, -0.203661, -3.0025, 0.300051, 0.300051, 0.699949
15.3255, -0.203661, -3.0025, 0.300051, 0.300051, 0.699949
15.3256, -0.203674, -3.00264, 0.300071, 0.300071, 0.699929
15.3257, -0.203674, -3.00264, 0.300071, 0.300071, 0.699929
15.3257, -0.203674, -3.00264, 0.300071, 0.300071, 0.699929
15.3258, -0.203674, -3.00264, 0.300071, 0.300071, 0.699929
15.3258, -0.203674, -3.00264, 0.300071, 0.300071, 0.699929
15.3259, -0.203674, -3.00264, 0.300071, 0.300071, 0.699929
15.326, -0.203674, -3.00264, 0.300071, 0.300071, 0.699929
15.326, -0.203674, -3.00264, 0.300071, 0.300071, 0.699929
15.3261, -0.203674, -3.00264, 0.300071, 0.300071, 0.699929
15.3261, -0.203674, -3.00264, 0.300071, 0.300071, 0.699929
15.3262, -0.203674, -3.00264, 0.300071, 0.300071, 0.699929
15.3263, -0.203674, -3.00264, 0.300071, 0.300071, 0.699929
15.3263, -0.203674, -3.00264, 0.300071, 0.300071, 0.699929
15.3264, -0.203674, -3.00264, 0.300071, 0.300071, 0.699929
15.3264, -0.203674, -3.00264, 0.300071, 0.300071, 0.699929
15.3265, -0.203674, -3.00264, 0.300071, 0.300071, 0.699929
15.3266, -0.203674, -3.00264, 0.300071, 0.300071, 0.699929
15.3266, -0.203674, -3.00264, 0.300071, 0.300071, 0.699929
15.3267, -0.203674, -3.00264, 0.300071, 0.300071, 0.699929
15.3267, -0.203674, -3.00264, 0.300071, 0.300071, 0.699929
15.3268, -0.203674, -3.00264, 0.300071, 0.300071, 0.699929
15.3269, -0.203674, -3.00264, 0.300071, 0.300071, 0.699929
15.3269, -0.203674, -3.00264, 0.300071, 0.300071, 0.699929
15.327, -0.203674, -3.00264, 0.300071, 0.300071, 0.699929
15.327, -0.203674, -3.00264, 0.300071, 0.300071, 0.699929
15.3271, -0.203674, -3.00264, 0.300071, 0.300071, 0.699929
15.3272, -0.203674, -3.00264, 0.300071, 0.300071, 0.699929
15.3272, -0.203674, -3.00264, 0.300071, 0.300071, 0.699929
15.3273, -0.203674, -3.00264, 0.300071, 0.300071, 0.699929
15.3273, -0.203674, -3.00264, 0.300071, 0.300071, 0.699929
15.3274, -0.203674, -3.00264, 0.300071, 0.300071, 0.699929
15.3275, -0.203674, -3.00264, 0.300071, 0.300071, 0.699929
15.3275, -0.203674, -3.00264, 0.300071, 0.300071, 0.699929
15.3276, -0.203674, -3.00264, 0.300071, 0.300071, 0.699929
15.3276, -0.203674, -3.00264, 0.300071, 0.300071, 0.699929
15.3277, -0.203674, -3.00264, 0.300071, 0.300071, 0.699929
15.3277, -0.203674, -3.00264, 0.300071, 0.300071, 0.699929
15.3278, -0.203674, -3.00264, 0.300071, 0.300071, 0.699929
15.3279, -0.203674, -3.00264, 0.300071, 0.300071, 0.699929
15.3279, -0.203674, -3.00264, 0.300071, 0.300071, 0.699929
15.328, -0.203674, -3.00264, 0.300071, 0.300071, 0.699929
15.328, -0.203674, -3.00264, 0.300071, 0.300071, 0.699929
15.3281, -0.203674, -3.00264, 0.300071, 0.300071, 0.699929
15.3282, -0.203674, -3.00264, 0.300071, 0.300071, 0.699929
15.3282, -0.203674, -3.00264, 0.300071, 0.300071, 0.699929
15.3283, -0.203674, -3.00264, 0.300071, 0.300071, 0.699929
15.3283, -0.203674, -3.00264, 0.300071, 0.300071, 0.699929
15.3284, -0.203674, -3.00264, 0.300071, 0.300071, 0.699929
15.3285, -0.203674, -3.00264, 0.300071, 0.300071, 0.699929
15.3285, -0.203674, -3.00264, 0.300071, 0.300071, 0.699929
15.3286, -0.203674, -3.00264, 0.300071, 0.300071, 0.699929
15.3286, -0.203674, -3.00264, 0.300071, 0.300071, 0.699929
15.3287, -0.203674, -3.00264, 0.300071, 0.300071, 0.699929
15.3288, -0.203674, -3.00264, 0.300071, 0.300071, 0.699929
15.3288, -0.203674, -3.00264, 0.300071, 0.300071, 0.699929
15.3289, -0.203674, -3.00264, 0.300071, 0.300071, 0.699929
15.3289, -0.203674, -3.00264, 0.300071, 0.300071, 0.699929
15.329, -0.203674, -3.00264, 0.300071, 0.300071, 0.699929
15.3291, -0.203674, -3.00264, 0.300071, 0.300071, 0.699929
15.3291, -0.203674, -3.00264, 0.300071, 0.300071, 0.699929
15.3292, -0.203674, -3.00264, 0.300071, 0.300071, 0.699929
15.3292, -0.203674, -3.00264, 0.300071, 0.300071, 0.699929
15.3293, -0.203674, -3.00264, 0.300071, 0.300071, 0.699929
15.3294, -0.203674, -3.00264, 0.300071, 0.300071, 0.699929
15.3294, -0.203674, -3.00264, 0.300071, 0.300071, 0.699929
15.3295, -0.203674, -3.00264, 0.300071, 0.300071, 0.699929
15.3295, -0.203674, -3.00264, 0.300071, 0.300071, 0.699929
15.3296, -0.203674, -3.00264, 0.300071, 0.300071, 0.699929
15.3297, -0.203674, -3.00264, 0.300071, 0.300071, 0.699929
15.3297, -0.203674, -3.00264, 0.300071, 0.300071, 0.699929
15.3298, -0.203674, -3.00264, 0.300071, 0.300071, 0.699929
15.3298, -0.203674, -3.00264, 0.300071, 0.300071, 0.699929
15.3299, -0.203687, -3.00278, 0.300092, 0.300092, 0.699908
15.33, -0.203687, -3.00278, 0.300092, 0.300092, 0.699908
15.33, -0.203687, -3.00278, 0.300092, 0.300092, 0.699908
15.3301, -0.203687, -3.00278, 0.300092, 0.300092, 0.699908
15.3301, -0.203687, -3.00278, 0.300092, 0.300092, 0.699908
15.3302, -0.203687, -3.00278, 0.300092, 0.300092, 0.699908
15.3303, -0.203687, -3.00278, 0.300092, 0.300092, 0.699908
15.3303, -0.203687, -3.00278, 0.300092, 0.300092, 0.699908
15.3304, -0.203687, -3.00278, 0.300092, 0.300092, 0.699908
15.3304, -0.203687, -3.00278, 0.300092, 0.300092, 0.699908
15.3305, -0.203687, -3.00278, 0.300092, 0.300092, 0.699908
15.3306, -0.203687, -3.00278, 0.300092, 0.300092, 0.699908
15.3306, -0.203701, -3.00292, 0.300112, 0.300112, 0.699888
15.3307, -0.203701, -3.00292, 0.300112, 0.300112, 0.699888
15.3307, -0.203701, -3.00292, 0.300112, 0.300112, 0.699888
15.3308, -0.203701, -3.00292, 0.300112, 0.300112, 0.699888
15.3308, -0.203701, -3.00292, 0.300112, 0.300112, 0.699888
15.3309, -0.203701, -3.00292, 0.300112, 0.300112, 0.699888
15.331, -0.203701, -3.00292, 0.300112, 0.300112, 0.699888
15.331, -0.203701, -3.00292, 0.300112, 0.300112, 0.699888
15.3311, -0.203701, -3.00292, 0.300112, 0.300112, 0.699888
15.3311, -0.203701, -3.00292, 0.300112, 0.300112, 0.699888
15.3312, -0.203701, -3.00292, 0.300112, 0.300112, 0.699888
15.3313, -0.203701, -3.00292, 0.300112, 0.300112, 0.699888
15.3313, -0.203701, -3.00292, 0.300112, 0.300112, 0.699888
15.3314, -0.203701, -3.00292, 0.300112, 0.300112, 0.699888
15.3314, -0.203701, -3.00292, 0.300112, 0.300112, 0.699888
15.3315, -0.203701, -3.00292, 0.300112, 0.300112, 0.699888
15.3316, -0.203701, -3.00292, 0.300112, 0.300112, 0.699888
15.3316, -0.203701, -3.00292, 0.300112, 0.300112, 0.699888
15.3317, -0.203701, -3.00292, 0.300112, 0.300112, 0.699888
15.3317, -0.203701, -3.00292, 0.300112, 0.300112, 0.699888
15.3318, -0.203701, -3.00292, 0.300112, 0.300112, 0.699888
15.3319, -0.203701, -3.00292, 0.300112, 0.300112, 0.699888
15.3319, -0.203701, -3.00292, 0.300112, 0.300112, 0.699888
15.332, -0.203701, -3.00292, 0.300112, 0.300112, 0.699888
15.332, -0.203701, -3.00292, 0.300112, 0.300112, 0.699888
15.3321, -0.203701, -3.00292, 0.300112, 0.300112, 0.699888
15.3322, -0.203701, -3.00292, 0.300112, 0.300112, 0.699888
15.3322, -0.203701, -3.00292, 0.300112, 0.300112, 0.699888
15.3323, -0.203701, -3.00292, 0.300112, 0.300112, 0.699888
15.3323, -0.203701, -3.00292, 0.300112, 0.300112, 0.699888
15.3324, -0.203701, -3.00292, 0.300112, 0.300112, 0.699888
15.3325, -0.203701, -3.00292, 0.300112, 0.300112, 0.699888
15.3325, -0.203701, -3.00292, 0.300112, 0.300112, 0.699888
15.3326, -0.203701, -3.00292, 0.300112, 0.300112, 0.699888
15.3326, -0.203701, -3.00292, 0.300112, 0.300112, 0.699888
15.3327, -0.203701, -3.00292, 0.300112, 0.300112, 0.699888
15.3328, -0.203701, -3.00292, 0.300112, 0.300112, 0.699888
15.3328, -0.203701, -3.00292, 0.300112, 0.300112, 0.699888
15.3329, -0.203701, -3.00292, 0.300112, 0.300112, 0.699888
15.3329, -0.203701, -3.00292, 0.300112, 0.300112, 0.699888
15.333, -0.203701, -3.00292, 0.300112, 0.300112, 0.699888
15.3331, -0.203701, -3.00292, 0.300112, 0.300112, 0.699888
15.3331, -0.203701, -3.00292, 0.300112, 0.300112, 0.699888
15.3332, -0.203701, -3.00292, 0.300112, 0.300112, 0.699888
15.3332, -0.203701, -3.00292, 0.300112, 0.300112, 0.699888
15.3333, -0.203701, -3.00292, 0.300112, 0.300112, 0.699888
15.3334, -0.203701, -3.00292, 0.300112, 0.300112, 0.699888
15.3334, -0.203701, -3.00292, 0.300112, 0.300112, 0.699888
15.3335, -0.203701, -3.00292, 0.300112, 0.300112, 0.699888
15.3335, -0.203701, -3.00292, 0.300112, 0.300112, 0.699888
15.3336, -0.203701, -3.00292, 0.300112, 0.300112, 0.699888
15.3337, -0.203701, -3.00292, 0.300112, 0.300112, 0.699888
15.3337, -0.203701, -3.00292, 0.300112, 0.300112, 0.699888
15.3338, -0.203701, -3.00292, 0.300112, 0.300112, 0.699888
15.3338, -0.203701, -3.00292, 0.300112, 0.300112, 0.699888
15.3339, -0.203701, -3.00292, 0.300112, 0.300112, 0.699888
15.3339, -0.203701, -3.00292, 0.300112, 0.300112, 0.699888
15.334, -0.203701, -3.00292, 0.300112, 0.300112, 0.699888
15.3341, -0.203701, -3.00292, 0.300112, 0.300112, 0.699888
15.3341, -0.203714, -3.00306, 0.300132, 0.300132, 0.699868
15.3342, -0.203714, -3.00306, 0.300132, 0.300132, 0.699868
15.3342, -0.203714, -3.00306, 0.300132, 0.300132, 0.699868
15.3343, -0.203714, -3.00306, 0.300132, 0.300132, 0.699868
15.3344, -0.203714, -3.00306, 0.300132, 0.300132, 0.699868
15.3344, -0.203714, -3.00306, 0.300132, 0.300132, 0.699868
15.3345, -0.203714, -3.00306, 0.300132, 0.300132, 0.699868
15.3345, -0.203714, -3.00306, 0.300132, 0.300132, 0.699868
15.3346, -0.203714, -3.00306, 0.300132, 0.300132, 0.699868
15.3347, -0.203714, -3.00306, 0.300132, 0.300132, 0.699868
15.3347, -0.203714, -3.00306, 0.300132, 0.300132, 0.699868
15.3348, -0.203714, -3.00306, 0.300132, 0.300132, 0.699868
15.3348, -0.203714, -3.00306, 0.300132, 0.300132, 0.699868
15.3349, -0.203714, -3.00306, 0.300132, 0.300132, 0.699868
15.335, -0.203714, -3.00306, 0.300132, 0.300132, 0.699868
15.335, -0.203714, -3.00306, 0.300132, 0.300132, 0.699868
15.3351, -0.203714, -3.00306, 0.300132, 0.300132, 0.699868
15.3351, -0.203714, -3.00306, 0.300132, 0.300132, 0.699868
15.3352, -0.203714, -3.00306, 0.300132, 0.300132, 0.699868
15.3353, -0.203714, -3.00306, 0.300132, 0.300132, 0.699868
15.3353, -0.203714, -3.00306, 0.300132, 0.300132, 0.699868
15.3354, -0.203714, -3.00306, 0.300132, 0.300132, 0.699868
15.3354, -0.203714, -3.00306, 0.300132, 0.300132, 0.699868
15.3355, -0.203714, -3.00306, 0.300132, 0.300132, 0.699868
15.3356, -0.203714, -3.00306, 0.300132, 0.300132, 0.699868
15.3356, -0.203714, -3.00306, 0.300132, 0.300132, 0.699868
15.3357, -0.203714, -3.00306, 0.300132, 0.300132, 0.699868
15.3357, -0.203714, -3.00306, 0.300132, 0.300132, 0.699868
15.3358, -0.203714, -3.00306, 0.300132, 0.300132, 0.699868
15.3359, -0.203714, -3.00306, 0.300132, 0.300132, 0.699868
15.3359, -0.203714, -3.00306, 0.300132, 0.300132, 0.699868
15.336, -0.203714, -3.00306, 0.300132, 0.300132, 0.699868
15.336, -0.203714, -3.00306, 0.300132, 0.300132, 0.699868
15.3361, -0.203714, -3.00306, 0.300132, 0.300132, 0.699868
15.3362, -0.203714, -3.00306, 0.300132, 0.300132, 0.699868
15.3362, -0.203714, -3.00306, 0.300132, 0.300132, 0.699868
15.3363, -0.203714, -3.00306, 0.300132, 0.300132, 0.699868
15.3363, -0.203714, -3.00306, 0.300132, 0.300132, 0.699868
15.3364, -0.203714, -3.00306, 0.300132, 0.300132, 0.699868
15.3365, -0.203714, -3.00306, 0.300132, 0.300132, 0.699868
15.3365, -0.203714, -3.00306, 0.300132, 0.300132, 0.699868
15.3366, -0.203714, -3.00306, 0.300132, 0.300132, 0.699868
15.3366, -0.203714, -3.00306, 0.300132, 0.300132, 0.699868
15.3367, -0.203714, -3.00306, 0.300132, 0.300132, 0.699868
15.3368, -0.203714, -3.00306, 0.300132, 0.300132, 0.699868
15.3368, -0.203714, -3.00306, 0.300132, 0.300132, 0.699868
15.3369, -0.203714, -3.00306, 0.300132, 0.300132, 0.699868
15.3369, -0.203714, -3.00306, 0.300132, 0.300132, 0.699868
15.337, -0.203714, -3.00306, 0.300132, 0.300132, 0.699868
15.337, -0.203714, -3.00306, 0.300132, 0.300132, 0.699868
15.3371, -0.203714, -3.00306, 0.300132, 0.300132, 0.699868
15.3372, -0.203714, -3.00306, 0.300132, 0.300132, 0.699868
15.3372, -0.203714, -3.00306, 0.300132, 0.300132, 0.699868
15.3373, -0.203714, -3.00306, 0.300132, 0.300132, 0.699868
15.3373, -0.203714, -3.00306, 0.300132, 0.300132, 0.699868
15.3374, -0.203714, -3.00306, 0.300132, 0.300132, 0.699868
15.3375, -0.203714, -3.00306, 0.300132, 0.300132, 0.699868
15.3375, -0.203714, -3.00306, 0.300132, 0.300132, 0.699868
15.3376, -0.203714, -3.00306, 0.300132, 0.300132, 0.699868
15.3376, -0.203714, -3.00306, 0.300132, 0.300132, 0.699868
15.3377, -0.203714, -3.00306, 0.300132, 0.300132, 0.699868
15.3378, -0.203714, -3.00306, 0.300132, 0.300132, 0.699868
15.3378, -0.203714, -3.00306, 0.300132, 0.300132, 0.699868
15.3379, -0.203714, -3.00306, 0.300132, 0.300132, 0.699868
15.3379, -0.203714, -3.00306, 0.300132, 0.300132, 0.699868
15.338, -0.203714, -3.00306, 0.300132, 0.300132, 0.699868
15.3381, -0.203714, -3.00306, 0.300132, 0.300132, 0.699868
15.3381, -0.203714, -3.00306, 0.300132, 0.300132, 0.699868
15.3382, -0.203714, -3.00306, 0.300132, 0.300132, 0.699868
15.3382, -0.203714, -3.00306, 0.300132, 0.300132, 0.699868
15.3383, -0.203714, -3.00306, 0.300132, 0.300132, 0.699868
15.3384, -0.203728, -3.0032, 0.300153, 0.300153, 0.699847
15.3384, -0.203727, -3.0032, 0.300153, 0.300153, 0.699847
15.3385, -0.203727, -3.0032, 0.300153, 0.300153, 0.699847
15.3385, -0.203727, -3.0032, 0.300153, 0.300153, 0.699847
15.3386, -0.203727, -3.0032, 0.300153, 0.300153, 0.699847
15.3387, -0.203741, -3.00334, 0.300173, 0.300173, 0.699827
15.3387, -0.203741, -3.00334, 0.300173, 0.300173, 0.699827
15.3388, -0.203741, -3.00334, 0.300173, 0.300173, 0.699827
15.3388, -0.203741, -3.00334, 0.300173, 0.300173, 0.699827
15.3389, -0.203741, -3.00334, 0.300173, 0.300173, 0.699827
15.339, -0.203741, -3.00334, 0.300173, 0.300173, 0.699827
15.339, -0.203741, -3.00334, 0.300173, 0.300173, 0.699827
15.3391, -0.203741, -3.00334, 0.300173, 0.300173, 0.699827
15.3391, -0.203741, -3.00334, 0.300173, 0.300173, 0.699827
15.3392, -0.203741, -3.00334, 0.300173, 0.300173, 0.699827
15.3393, -0.203741, -3.00334, 0.300173, 0.300173, 0.699827
15.3393, -0.203741, -3.00334, 0.300173, 0.300173, 0.699827
15.3394, -0.203741, -3.00334, 0.300173, 0.300173, 0.699827
15.3394, -0.203741, -3.00334, 0.300173, 0.300173, 0.699827
15.3395, -0.203741, -3.00334, 0.300173, 0.300173, 0.699827
15.3396, -0.203741, -3.00334, 0.300173, 0.300173, 0.699827
15.3396, -0.203741, -3.00334, 0.300173, 0.300173, 0.699827
15.3397, -0.203741, -3.00334, 0.300173, 0.300173, 0.699827
15.3397, -0.203741, -3.00334, 0.300173, 0.300173, 0.699827
15.3398, -0.203741, -3.00334, 0.300173, 0.300173, 0.699827
15.3399, -0.203741, -3.00334, 0.300173, 0.300173, 0.699827
15.3399, -0.203741, -3.00334, 0.300173, 0.300173, 0.699827
15.34, -0.203741, -3.00334, 0.300173, 0.300173, 0.699827
15.34, -0.203741, -3.00334, 0.300173, 0.300173, 0.699827
15.3401, -0.203741, -3.00334, 0.300173, 0.300173, 0.699827
15.3402, -0.203741, -3.00334, 0.300173, 0.300173, 0.699827
15.3402, -0.203741, -3.00334, 0.300173, 0.300173, 0.699827
15.3403, -0.203741, -3.00334, 0.300173, 0.300173, 0.699827
15.3403, -0.203741, -3.00334, 0.300173, 0.300173, 0.699827
15.3404, -0.203741, -3.00334, 0.300173, 0.300173, 0.699827
15.3404, -0.203741, -3.00334, 0.300173, 0.300173, 0.699827
15.3405, -0.203741, -3.00334, 0.300173, 0.300173, 0.699827
15.3406, -0.203741, -3.00334, 0.300173, 0.300173, 0.699827
15.3406, -0.203741, -3.00334, 0.300173, 0.300173, 0.699827
15.3407, -0.203741, -3.00334, 0.300173, 0.300173, 0.699827
15.3407, -0.203741, -3.00334, 0.300173, 0.300173, 0.699827
15.3408, -0.203741, -3.00334, 0.300173, 0.300173, 0.699827
15.3409, -0.203741, -3.00334, 0.300173, 0.300173, 0.699827
15.3409, -0.203741, -3.00334, 0.300173, 0.300173, 0.699827
15.341, -0.203741, -3.00334, 0.300173, 0.300173, 0.699827
15.341, -0.203741, -3.00334, 0.300173, 0.300173, 0.699827
15.3411, -0.203741, -3.00334, 0.300173, 0.300173, 0.699827
15.3412, -0.203741, -3.00334, 0.300173, 0.300173, 0.699827
15.3412, -0.203741, -3.00334, 0.300173, 0.300173, 0.699827
15.3413, -0.203741, -3.00334, 0.300173, 0.300173, 0.699827
15.3413, -0.203741, -3.00334, 0.300173, 0.300173, 0.699827
15.3414, -0.203741, -3.00334, 0.300173, 0.300173, 0.699827
15.3415, -0.203741, -3.00334, 0.300173, 0.300173, 0.699827
15.3415, -0.203741, -3.00334, 0.300173, 0.300173, 0.699827
15.3416, -0.203741, -3.00334, 0.300173, 0.300173, 0.699827
15.3416, -0.203741, -3.00334, 0.300173, 0.300173, 0.699827
15.3417, -0.203741, -3.00334, 0.300173, 0.300173, 0.699827
15.3418, -0.203741, -3.00334, 0.300173, 0.300173, 0.699827
15.3418, -0.203741, -3.00334, 0.300173, 0.300173, 0.699827
15.3419, -0.203741, -3.00334, 0.300173, 0.300173, 0.699827
15.3419, -0.203741, -3.00334, 0.300173, 0.300173, 0.699827
15.342, -0.203741, -3.00334, 0.300173, 0.300173, 0.699827
15.3421, -0.203741, -3.00334, 0.300173, 0.300173, 0.699827
15.3421, -0.203741, -3.00334, 0.300173, 0.300173, 0.699827
15.3422, -0.203741, -3.00334, 0.300173, 0.300173, 0.699827
15.3422, -0.203741, -3.00334, 0.300173, 0.300173, 0.699827
15.3423, -0.203741, -3.00334, 0.300173, 0.300173, 0.699827
15.3424, -0.203741, -3.00334, 0.300173, 0.300173, 0.699827
15.3424, -0.203741, -3.00334, 0.300173, 0.300173, 0.699827
15.3425, -0.203741, -3.00334, 0.300173, 0.300173, 0.699827
15.3425, -0.203741, -3.00334, 0.300173, 0.300173, 0.699827
15.3426, -0.203741, -3.00334, 0.300173, 0.300173, 0.699827
15.3427, -0.203754, -3.00348, 0.300194, 0.300194, 0.699806
15.3427, -0.203754, -3.00348, 0.300194, 0.300194, 0.699806
15.3428, -0.203754, -3.00348, 0.300194, 0.300194, 0.699806
15.3428, -0.203754, -3.00348, 0.300194, 0.300194, 0.699806
15.3429, -0.203754, -3.00348, 0.300194, 0.300194, 0.699806
15.343, -0.203754, -3.00348, 0.300194, 0.300194, 0.699806
15.343, -0.203754, -3.00348, 0.300194, 0.300194, 0.699806
15.3431, -0.203754, -3.00348, 0.300194, 0.300194, 0.699806
15.3431, -0.203754, -3.00348, 0.300194, 0.300194, 0.699806
15.3432, -0.203754, -3.00348, 0.300194, 0.300194, 0.699806
15.3433, -0.203754, -3.00348, 0.300194, 0.300194, 0.699806
15.3433, -0.203754, -3.00348, 0.300194, 0.300194, 0.699806
15.3434, -0.203754, -3.00348, 0.300194, 0.300194, 0.699806
15.3434, -0.203754, -3.00348, 0.300194, 0.300194, 0.699806
15.3435, -0.203754, -3.00348, 0.300194, 0.300194, 0.699806
15.3435, -0.203754, -3.00348, 0.300194, 0.300194, 0.699806
15.3436, -0.203754, -3.00348, 0.300194, 0.300194, 0.699806
15.3437, -0.203754, -3.00348, 0.300194, 0.300194, 0.699806
15.3437, -0.203754, -3.00348, 0.300194, 0.300194, 0.699806
15.3438, -0.203754, -3.00348, 0.300194, 0.300194, 0.699806
15.3438, -0.203754, -3.00348, 0.300194, 0.300194, 0.699806
15.3439, -0.203754, -3.00348, 0.300194, 0.300194, 0.699806
15.344, -0.203754, -3.00348, 0.300194, 0.300194, 0.699806
15.344, -0.203754, -3.00348, 0.300194, 0.300194, 0.699806
15.3441, -0.203754, -3.00348, 0.300194, 0.300194, 0.699806
15.3441, -0.203754, -3.00348, 0.300194, 0.300194, 0.699806
15.3442, -0.203754, -3.00348, 0.300194, 0.300194, 0.699806
15.3443, -0.203754, -3.00348, 0.300194, 0.300194, 0.699806
15.3443, -0.203754, -3.00348, 0.300194, 0.300194, 0.699806
15.3444, -0.203754, -3.00348, 0.300194, 0.300194, 0.699806
15.3444, -0.203754, -3.00348, 0.300194, 0.300194, 0.699806
15.3445, -0.203754, -3.00348, 0.300194, 0.300194, 0.699806
15.3446, -0.203754, -3.00348, 0.300194, 0.300194, 0.699806
15.3446, -0.203754, -3.00348, 0.300194, 0.300194, 0.699806
15.3447, -0.203754, -3.00348, 0.300194, 0.300194, 0.699806
15.3447, -0.203754, -3.00348, 0.300194, 0.300194, 0.699806
15.3448, -0.203754, -3.00348, 0.300194, 0.300194, 0.699806
15.3449, -0.203754, -3.00348, 0.300194, 0.300194, 0.699806
15.3449, -0.203754, -3.00348, 0.300194, 0.300194, 0.699806
15.345, -0.203754, -3.00348, 0.300194, 0.300194, 0.699806
15.345, -0.203754, -3.00348, 0.300194, 0.300194, 0.699806
15.3451, -0.203754, -3.00348, 0.300194, 0.300194, 0.699806
15.3452, -0.203754, -3.00348, 0.300194, 0.300194, 0.699806
15.3452, -0.203754, -3.00348, 0.300194, 0.300194, 0.699806
15.3453, -0.203754, -3.00348, 0.300194, 0.300194, 0.699806
15.3453, -0.203754, -3.00348, 0.300194, 0.300194, 0.699806
15.3454, -0.203754, -3.00348, 0.300194, 0.300194, 0.699806
15.3455, -0.203754, -3.00348, 0.300194, 0.300194, 0.699806
15.3455, -0.203754, -3.00348, 0.300194, 0.300194, 0.699806
15.3456, -0.203754, -3.00348, 0.300194, 0.300194, 0.699806
15.3456, -0.203754, -3.00348, 0.300194, 0.300194, 0.699806
15.3457, -0.203754, -3.00348, 0.300194, 0.300194, 0.699806
15.3458, -0.203754, -3.00348, 0.300194, 0.300194, 0.699806
15.3458, -0.203754, -3.00348, 0.300194, 0.300194, 0.699806
15.3459, -0.203754, -3.00348, 0.300194, 0.300194, 0.699806
15.3459, -0.203754, -3.00348, 0.300194, 0.300194, 0.699806
15.346, -0.203754, -3.00348, 0.300194, 0.300194, 0.699806
15.3461, -0.203754, -3.00348, 0.300194, 0.300194, 0.699806
15.3461, -0.203754, -3.00348, 0.300194, 0.300194, 0.699806
15.3462, -0.203754, -3.00348, 0.300194, 0.300194, 0.699806
15.3462, -0.203754, -3.00348, 0.300194, 0.300194, 0.699806
15.3463, -0.203754, -3.00348, 0.300194, 0.300194, 0.699806
15.3464, -0.203754, -3.00348, 0.300194, 0.300194, 0.699806
15.3464, -0.203754, -3.00348, 0.300194, 0.300194, 0.699806
15.3465, -0.203754, -3.00348, 0.300194, 0.300194, 0.699806
15.3465, -0.203754, -3.00348, 0.300194, 0.300194, 0.699806
15.3466, -0.203754, -3.00348, 0.300194, 0.300194, 0.699806
15.3466, -0.203754, -3.00348, 0.300194, 0.300194, 0.699806
15.3467, -0.203754, -3.00348, 0.300194, 0.300194, 0.699806
15.3468, -0.203754, -3.00348, 0.300194, 0.300194, 0.699806
15.3468, -0.203754, -3.00348, 0.300194, 0.300194, 0.699806
15.3469, -0.203767, -3.00362, 0.300214, 0.300214, 0.699786
15.3469, -0.203767, -3.00362, 0.300214, 0.300214, 0.699786
15.347, -0.203767, -3.00362, 0.300214, 0.300214, 0.699786
15.3471, -0.203767, -3.00362, 0.300214, 0.300214, 0.699786
15.3471, -0.203767, -3.00362, 0.300214, 0.300214, 0.699786
15.3472, -0.203767, -3.00362, 0.300214, 0.300214, 0.699786
15.3472, -0.203767, -3.00362, 0.300214, 0.300214, 0.699786
15.3473, -0.203767, -3.00362, 0.300214, 0.300214, 0.699786
15.3474, -0.203767, -3.00362, 0.300214, 0.300214, 0.699786
15.3474, -0.203767, -3.00362, 0.300214, 0.300214, 0.699786
15.3475, -0.203767, -3.00362, 0.300214, 0.300214, 0.699786
15.3475, -0.203767, -3.00362, 0.300214, 0.300214, 0.699786
15.3476, -0.203781, -3.00376, 0.300234, 0.300234, 0.699766
15.3477, -0.203781, -3.00376, 0.300234, 0.300234, 0.699766
15.3477, -0.203781, -3.00376, 0.300234, 0.300234, 0.699766
15.3478, -0.203781, -3.00376, 0.300234, 0.300234, 0.699766
15.3478, -0.203781, -3.00376, 0.300234, 0.300234, 0.699766
15.3479, -0.203781, -3.00376, 0.300234, 0.300234, 0.699766
15.348, -0.203781, -3.00376, 0.300234, 0.300234, 0.699766
15.348, -0.203781, -3.00376, 0.300234, 0.300234, 0.699766
15.3481, -0.203781, -3.00376, 0.300234, 0.300234, 0.699766
15.3481, -0.203781, -3.00376, 0.300234, 0.300234, 0.699766
15.3482, -0.203781, -3.00376, 0.300234, 0.300234, 0.699766
15.3483, -0.203781, -3.00376, 0.300234, 0.300234, 0.699766
15.3483, -0.203781, -3.00376, 0.300234, 0.300234, 0.699766
15.3484, -0.203781, -3.00376, 0.300234, 0.300234, 0.699766
15.3484, -0.203781, -3.00376, 0.300234, 0.300234, 0.699766
15.3485, -0.203781, -3.00376, 0.300234, 0.300234, 0.699766
15.3486, -0.203781, -3.00376, 0.300234, 0.300234, 0.699766
15.3486, -0.203781, -3.00376, 0.300234, 0.300234, 0.699766
15.3487, -0.203781, -3.00376, 0.300234, 0.300234, 0.699766
15.3487, -0.203781, -3.00376, 0.300234, 0.300234, 0.699766
15.3488, -0.203781, -3.00376, 0.300234, 0.300234, 0.699766
15.3489, -0.203781, -3.00376, 0.300234, 0.300234, 0.699766
15.3489, -0.203781, -3.00376, 0.300234, 0.300234, 0.699766
15.349, -0.203781, -3.00376, 0.300234, 0.300234, 0.699766
15.349, -0.203781, -3.00376, 0.300234, 0.300234, 0.699766
15.3491, -0.203781, -3.00376, 0.300234, 0.300234, 0.699766
15.3492, -0.203781, -3.00376, 0.300234, 0.300234, 0.699766
15.3492, -0.203781, -3.00376, 0.300234, 0.300234, 0.699766
15.3493, -0.203781, -3.00376, 0.300234, 0.300234, 0.699766
15.3493, -0.203781, -3.00376, 0.300234, 0.300234, 0.699766
15.3494, -0.203781, -3.00376, 0.300234, 0.300234, 0.699766
15.3495, -0.203781, -3.00376, 0.300234, 0.300234, 0.699766
15.3495, -0.203781, -3.00376, 0.300234, 0.300234, 0.699766
15.3496, -0.203781, -3.00376, 0.300234, 0.300234, 0.699766
15.3496, -0.203781, -3.00376, 0.300234, 0.300234, 0.699766
15.3497, -0.203781, -3.00376, 0.300234, 0.300234, 0.699766
15.3497, -0.203781, -3.00376, 0.300234, 0.300234, 0.699766
15.3498, -0.203781, -3.00376, 0.300234, 0.300234, 0.699766
15.3499, -0.203781, -3.00376, 0.300234, 0.300234, 0.699766
15.3499, -0.203781, -3.00376, 0.300234, 0.300234, 0.699766
15.35, -0.203781, -3.00376, 0.300234, 0.300234, 0.699766
15.35, -0.203781, -3.00376, 0.300234, 0.300234, 0.699766
15.3501, -0.203781, -3.00376, 0.300234, 0.300234, 0.699766
15.3502, -0.203781, -3.00376, 0.300234, 0.300234, 0.699766
15.3502, -0.203781, -3.00376, 0.300234, 0.300234, 0.699766
15.3503, -0.203781, -3.00376, 0.300234, 0.300234, 0.699766
15.3503, -0.203781, -3.00376, 0.300234, 0.300234, 0.699766
15.3504, -0.203781, -3.00376, 0.300234, 0.300234, 0.699766
15.3505, -0.203781, -3.00376, 0.300234, 0.300234, 0.699766
15.3505, -0.203781, -3.00376, 0.300234, 0.300234, 0.699766
15.3506, -0.203781, -3.00376, 0.300234, 0.300234, 0.699766
15.3506, -0.203781, -3.00376, 0.300234, 0.300234, 0.699766
15.3507, -0.203781, -3.00376, 0.300234, 0.300234, 0.699766
15.3508, -0.203781, -3.00376, 0.300234, 0.300234, 0.699766
15.3508, -0.203781, -3.00376, 0.300234, 0.300234, 0.699766
15.3509, -0.203781, -3.00376, 0.300234, 0.300234, 0.699766
15.3509, -0.203781, -3.00376, 0.300234, 0.300234, 0.699766
15.351, -0.203781, -3.00376, 0.300234, 0.300234, 0.699766
15.3511, -0.203781, -3.00376, 0.300234, 0.300234, 0.699766
15.3511, -0.203781, -3.00376, 0.300255, 0.300234, 0.699766
15.3512, -0.203794, -3.0039, 0.300255, 0.300255, 0.699745
15.3512, -0.203794, -3.0039, 0.300255, 0.300255, 0.699745
15.3513, -0.203794, -3.0039, 0.300255, 0.300255, 0.699745
15.3514, -0.203794, -3.0039, 0.300255, 0.300255, 0.699745
15.3514, -0.203794, -3.0039, 0.300255, 0.300255, 0.699745
15.3515, -0.203794, -3.0039, 0.300255, 0.300255, 0.699745
15.3515, -0.203794, -3.0039, 0.300255, 0.300255, 0.699745
15.3516, -0.203794, -3.0039, 0.300255, 0.300255, 0.699745
15.3517, -0.203794, -3.0039, 0.300255, 0.300255, 0.699745
15.3517, -0.203794, -3.0039, 0.300255, 0.300255, 0.699745
15.3518, -0.203794, -3.0039, 0.300255, 0.300255, 0.699745
15.3518, -0.203794, -3.0039, 0.300255, 0.300255, 0.699745
15.3519, -0.203794, -3.0039, 0.300255, 0.300255, 0.699745
15.352, -0.203794, -3.0039, 0.300255, 0.300255, 0.699745
15.352, -0.203794, -3.0039, 0.300255, 0.300255, 0.699745
15.3521, -0.203794, -3.0039, 0.300255, 0.300255, 0.699745
15.3521, -0.203794, -3.0039, 0.300255, 0.300255, 0.699745
15.3522, -0.203794, -3.0039, 0.300255, 0.300255, 0.699745
15.3523, -0.203794, -3.0039, 0.300255, 0.300255, 0.699745
15.3523, -0.203794, -3.0039, 0.300255, 0.300255, 0.699745
15.3524, -0.203794, -3.0039, 0.300255, 0.300255, 0.699745
15.3524, -0.203794, -3.0039, 0.300255, 0.300255, 0.699745
15.3525, -0.203794, -3.0039, 0.300255, 0.300255, 0.699745
15.3526, -0.203794, -3.0039, 0.300255, 0.300255, 0.699745
15.3526, -0.203794, -3.0039, 0.300255, 0.300255, 0.699745
15.3527, -0.203794, -3.0039, 0.300255, 0.300255, 0.699745
15.3527, -0.203794, -3.0039, 0.300255, 0.300255, 0.699745
15.3528, -0.203794, -3.0039, 0.300255, 0.300255, 0.699745
15.3528, -0.203794, -3.0039, 0.300255, 0.300255, 0.699745
15.3529, -0.203794, -3.0039, 0.300255, 0.300255, 0.699745
15.353, -0.203794, -3.0039, 0.300255, 0.300255, 0.699745
15.353, -0.203794, -3.0039, 0.300255, 0.300255, 0.699745
15.3531, -0.203794, -3.0039, 0.300255, 0.300255, 0.699745
15.3531, -0.203794, -3.0039, 0.300255, 0.300255, 0.699745
15.3532, -0.203794, -3.0039, 0.300255, 0.300255, 0.699745
15.3533, -0.203794, -3.0039, 0.300255, 0.300255, 0.699745
15.3533, -0.203794, -3.0039, 0.300255, 0.300255, 0.699745
15.3534, -0.203794, -3.0039, 0.300255, 0.300255, 0.699745
15.3534, -0.203794, -3.0039, 0.300255, 0.300255, 0.699745
15.3535, -0.203794, -3.0039, 0.300255, 0.300255, 0.699745
15.3536, -0.203794, -3.0039, 0.300255, 0.300255, 0.699745
15.3536, -0.203794, -3.0039, 0.300255, 0.300255, 0.699745
15.3537, -0.203794, -3.0039, 0.300255, 0.300255, 0.699745
15.3537, -0.203794, -3.0039, 0.300255, 0.300255, 0.699745
15.3538, -0.203794, -3.0039, 0.300255, 0.300255, 0.699745
15.3539, -0.203794, -3.0039, 0.300255, 0.300255, 0.699745
15.3539, -0.203794, -3.0039, 0.300255, 0.300255, 0.699745
15.354, -0.203794, -3.0039, 0.300255, 0.300255, 0.699745
15.354, -0.203794, -3.0039, 0.300255, 0.300255, 0.699745
15.3541, -0.203794, -3.0039, 0.300255, 0.300255, 0.699745
15.3542, -0.203794, -3.0039, 0.300255, 0.300255, 0.699745
15.3542, -0.203794, -3.0039, 0.300255, 0.300255, 0.699745
15.3543, -0.203794, -3.0039, 0.300255, 0.300255, 0.699745
15.3543, -0.203794, -3.0039, 0.300255, 0.300255, 0.699745
15.3544, -0.203794, -3.0039, 0.300255, 0.300255, 0.699745
15.3545, -0.203794, -3.0039, 0.300255, 0.300255, 0.699745
15.3545, -0.203794, -3.0039, 0.300255, 0.300255, 0.699745
15.3546, -0.203794, -3.0039, 0.300255, 0.300255, 0.699745
15.3546, -0.203794, -3.0039, 0.300255, 0.300255, 0.699745
15.3547, -0.203794, -3.0039, 0.300255, 0.300255, 0.699745
15.3548, -0.203794, -3.0039, 0.300255, 0.300255, 0.699745
15.3548, -0.203794, -3.0039, 0.300255, 0.300255, 0.699745
15.3549, -0.203794, -3.0039, 0.300255, 0.300255, 0.699745
15.3549, -0.203794, -3.0039, 0.300255, 0.300255, 0.699745
15.355, -0.203794, -3.0039, 0.300255, 0.300255, 0.699745
15.3551, -0.203794, -3.0039, 0.300255, 0.300255, 0.699745
15.3551, -0.203794, -3.0039, 0.300255, 0.300255, 0.699745
15.3552, -0.203794, -3.0039, 0.300255, 0.300255, 0.699745
15.3552, -0.203794, -3.0039, 0.300255, 0.300255, 0.699745
15.3553, -0.203794, -3.0039, 0.300255, 0.300255, 0.699745
15.3554, -0.203794, -3.0039, 0.300255, 0.300255, 0.699745
15.3554, -0.203808, -3.00404, 0.300275, 0.300275, 0.699725
15.3555, -0.203808, -3.00404, 0.300275, 0.300275, 0.699725
15.3555, -0.203808, -3.00404, 0.300275, 0.300275, 0.699725
15.3556, -0.203808, -3.00404, 0.300275, 0.300275, 0.699725
15.3557, -0.203808, -3.00404, 0.300275, 0.300275, 0.699725
15.3557, -0.203808, -3.00404, 0.300275, 0.300275, 0.699725
15.3558, -0.203808, -3.00404, 0.300275, 0.300275, 0.699725
15.3558, -0.203808, -3.00404, 0.300275, 0.300275, 0.699725
15.3559, -0.203808, -3.00404, 0.300275, 0.300275, 0.699725
15.356, -0.203808, -3.00404, 0.300275, 0.300275, 0.699725
15.356, -0.203808, -3.00404, 0.300275, 0.300275, 0.699725
15.3561, -0.203808, -3.00404, 0.300275, 0.300275, 0.699725
15.3561, -0.203808, -3.00404, 0.300275, 0.300275, 0.699725
15.3562, -0.203808, -3.00404, 0.300275, 0.300275, 0.699725
15.3562, -0.203808, -3.00404, 0.300275, 0.300275, 0.699725
15.3563, -0.203808, -3.00404, 0.300275, 0.300275, 0.699725
15.3564, -0.203808, -3.00404, 0.300275, 0.300275, 0.699725
15.3564, -0.203808, -3.00404, 0.300275, 0.300275, 0.699725
15.3565, -0.203808, -3.00404, 0.300275, 0.300275, 0.699725
15.3565, -0.203808, -3.00404, 0.300295, 0.300275, 0.699725
15.3566, -0.203821, -3.00418, 0.300295, 0.300295, 0.699705
15.3567, -0.203821, -3.00418, 0.300295, 0.300295, 0.699705
15.3567, -0.203821, -3.00418, 0.300295, 0.300295, 0.699705
15.3568, -0.203821, -3.00418, 0.300295, 0.300295, 0.699705
15.3568, -0.203821, -3.00418, 0.300295, 0.300295, 0.699705
15.3569, -0.203821, -3.00418, 0.300295, 0.300295, 0.699705
15.357, -0.203821, -3.00418, 0.300295, 0.300295, 0.699705
15.357, -0.203821, -3.00418, 0.300295, 0.300295, 0.699705
15.3571, -0.203821, -3.00418, 0.300295, 0.300295, 0.699705
15.3571, -0.203821, -3.00418, 0.300295, 0.300295, 0.699705
15.3572, -0.203821, -3.00418, 0.300295, 0.300295, 0.699705
15.3573, -0.203821, -3.00418, 0.300295, 0.300295, 0.699705
15.3573, -0.203821, -3.00418, 0.300295, 0.300295, 0.699705
15.3574, -0.203821, -3.00418, 0.300295, 0.300295, 0.699705
15.3574, -0.203821, -3.00418, 0.300295, 0.300295, 0.699705
15.3575, -0.203821, -3.00418, 0.300295, 0.300295, 0.699705
15.3576, -0.203821, -3.00418, 0.300295, 0.300295, 0.699705
15.3576, -0.203821, -3.00418, 0.300295, 0.300295, 0.699705
15.3577, -0.203821, -3.00418, 0.300295, 0.300295, 0.699705
15.3577, -0.203821, -3.00418, 0.300295, 0.300295, 0.699705
15.3578, -0.203821, -3.00418, 0.300295, 0.300295, 0.699705
15.3579, -0.203821, -3.00418, 0.300295, 0.300295, 0.699705
15.3579, -0.203821, -3.00418, 0.300295, 0.300295, 0.699705
15.358, -0.203821, -3.00418, 0.300295, 0.300295, 0.699705
15.358, -0.203821, -3.00418, 0.300295, 0.300295, 0.699705
15.3581, -0.203821, -3.00418, 0.300295, 0.300295, 0.699705
15.3582, -0.203821, -3.00418, 0.300295, 0.300295, 0.699705
15.3582, -0.203821, -3.00418, 0.300295, 0.300295, 0.699705
15.3583, -0.203821, -3.00418, 0.300295, 0.300295, 0.699705
15.3583, -0.203821, -3.00418, 0.300295, 0.300295, 0.699705
15.3584, -0.203821, -3.00418, 0.300295, 0.300295, 0.699705
15.3585, -0.203821, -3.00418, 0.300295, 0.300295, 0.699705
15.3585, -0.203821, -3.00418, 0.300295, 0.300295, 0.699705
15.3586, -0.203821, -3.00418, 0.300295, 0.300295, 0.699705
15.3586, -0.203821, -3.00418, 0.300295, 0.300295, 0.699705
15.3587, -0.203821, -3.00418, 0.300295, 0.300295, 0.699705
15.3588, -0.203821, -3.00418, 0.300295, 0.300295, 0.699705
15.3588, -0.203821, -3.00418, 0.300295, 0.300295, 0.699705
15.3589, -0.203821, -3.00418, 0.300295, 0.300295, 0.699705
15.3589, -0.203821, -3.00418, 0.300295, 0.300295, 0.699705
15.359, -0.203821, -3.00418, 0.300295, 0.300295, 0.699705
15.3591, -0.203821, -3.00418, 0.300295, 0.300295, 0.699705
15.3591, -0.203821, -3.00418, 0.300295, 0.300295, 0.699705
15.3592, -0.203821, -3.00418, 0.300295, 0.300295, 0.699705
15.3592, -0.203821, -3.00418, 0.300295, 0.300295, 0.699705
15.3593, -0.203821, -3.00418, 0.300295, 0.300295, 0.699705
15.3593, -0.203821, -3.00418, 0.300295, 0.300295, 0.699705
15.3594, -0.203821, -3.00418, 0.300295, 0.300295, 0.699705
15.3595, -0.203821, -3.00418, 0.300295, 0.300295, 0.699705
15.3595, -0.203821, -3.00418, 0.300295, 0.300295, 0.699705
15.3596, -0.203821, -3.00418, 0.300295, 0.300295, 0.699705
15.3596, -0.203834, -3.00432, 0.300316, 0.300316, 0.699684
15.3597, -0.203834, -3.00432, 0.300316, 0.300316, 0.699684
15.3598, -0.203834, -3.00432, 0.300316, 0.300316, 0.699684
15.3598, -0.203834, -3.00432, 0.300316, 0.300316, 0.699684
15.3599, -0.203834, -3.00432, 0.300316, 0.300316, 0.699684
15.3599, -0.203834, -3.00432, 0.300316, 0.300316, 0.699684
15.36, -0.203834, -3.00432, 0.300316, 0.300316, 0.699684
15.3601, -0.203834, -3.00432, 0.300316, 0.300316, 0.699684
15.3601, -0.203834, -3.00432, 0.300316, 0.300316, 0.699684
15.3602, -0.203834, -3.00432, 0.300316, 0.300316, 0.699684
15.3602, -0.203834, -3.00432, 0.300316, 0.300316, 0.699684
15.3603, -0.203834, -3.00432, 0.300316, 0.300316, 0.699684
15.3604, -0.203834, -3.00432, 0.300316, 0.300316, 0.699684
15.3604, -0.203834, -3.00432, 0.300316, 0.300316, 0.699684
15.3605, -0.203834, -3.00432, 0.300316, 0.300316, 0.699684
15.3605, -0.203834, -3.00432, 0.300316, 0.300316, 0.699684
15.3606, -0.203834, -3.00432, 0.300316, 0.300316, 0.699684
15.3607, -0.203834, -3.00432, 0.300316, 0.300316, 0.699684
15.3607, -0.203834, -3.00432, 0.300316, 0.300316, 0.699684
15.3608, -0.203834, -3.00432, 0.300316, 0.300316, 0.699684
15.3608, -0.203834, -3.00432, 0.300316, 0.300316, 0.699684
15.3609, -0.203834, -3.00432, 0.300316, 0.300316, 0.699684
15.361, -0.203834, -3.00432, 0.300316, 0.300316, 0.699684
15.361, -0.203834, -3.00432, 0.300316, 0.300316, 0.699684
15.3611, -0.203834, -3.00432, 0.300316, 0.300316, 0.699684
15.3611, -0.203834, -3.00432, 0.300316, 0.300316, 0.699684
15.3612, -0.203834, -3.00432, 0.300316, 0.300316, 0.699684
15.3613, -0.203834, -3.00432, 0.300316, 0.300316, 0.699684
15.3613, -0.203834, -3.00432, 0.300316, 0.300316, 0.699684
15.3614, -0.203848, -3.00446, 0.300336, 0.300336, 0.699664
15.3614, -0.203848, -3.00446, 0.300336, 0.300336, 0.699664
15.3615, -0.203848, -3.00446, 0.300336, 0.300336, 0.699664
15.3616, -0.203848, -3.00446, 0.300336, 0.300336, 0.699664
15.3616, -0.203848, -3.00446, 0.300336, 0.300336, 0.699664
15.3617, -0.203848, -3.00446, 0.300336, 0.300336, 0.699664
15.3617, -0.203848, -3.00446, 0.300336, 0.300336, 0.699664
15.3618, -0.203848, -3.00446, 0.300336, 0.300336, 0.699664
15.3619, -0.203848, -3.00446, 0.300336, 0.300336, 0.699664
15.3619, -0.203848, -3.00446, 0.300336, 0.300336, 0.699664
15.362, -0.203848, -3.00446, 0.300336, 0.300336, 0.699664
15.362, -0.203848, -3.00446, 0.300336, 0.300336, 0.699664
15.3621, -0.203848, -3.00446, 0.300336, 0.300336, 0.699664
15.3622, -0.203848, -3.00446, 0.300336, 0.300336, 0.699664
15.3622, -0.203848, -3.00446, 0.300336, 0.300336, 0.699664
15.3623, -0.203848, -3.00446, 0.300336, 0.300336, 0.699664
15.3623, -0.203848, -3.00446, 0.300336, 0.300336, 0.699664
15.3624, -0.203848, -3.00446, 0.300336, 0.300336, 0.699664
15.3624, -0.203848, -3.00446, 0.300336, 0.300336, 0.699664
15.3625, -0.203848, -3.00446, 0.300336, 0.300336, 0.699664
15.3626, -0.203848, -3.00446, 0.300336, 0.300336, 0.699664
15.3626, -0.203848, -3.00446, 0.300336, 0.300336, 0.699664
15.3627, -0.203848, -3.00446, 0.300336, 0.300336, 0.699664
15.3627, -0.203848, -3.00446, 0.300336, 0.300336, 0.699664
15.3628, -0.203848, -3.00446, 0.300336, 0.300336, 0.699664
15.3629, -0.203848, -3.00446, 0.300336, 0.300336, 0.699664
15.3629, -0.203848, -3.00446, 0.300336, 0.300336, 0.699664
15.363, -0.203848, -3.00446, 0.300336, 0.300336, 0.699664
15.363, -0.203848, -3.00446, 0.300336, 0.300336, 0.699664
15.3631, -0.203848, -3.00446, 0.300336, 0.300336, 0.699664
15.3632, -0.203848, -3.00446, 0.300336, 0.300336, 0.699664
15.3632, -0.203848, -3.00446, 0.300336, 0.300336, 0.699664
15.3633, -0.203848, -3.00446, 0.300336, 0.300336, 0.699664
15.3633, -0.203848, -3.00446, 0.300336, 0.300336, 0.699664
15.3634, -0.203848, -3.00446, 0.300336, 0.300336, 0.699664
15.3635, -0.203848, -3.00446, 0.300336, 0.300336, 0.699664
15.3635, -0.203848, -3.00446, 0.300336, 0.300336, 0.699664
15.3636, -0.203848, -3.00446, 0.300336, 0.300336, 0.699664
15.3636, -0.203848, -3.00446, 0.300336, 0.300336, 0.699664
15.3637, -0.203848, -3.00446, 0.300336, 0.300336, 0.699664
15.3638, -0.203848, -3.00446, 0.300336, 0.300336, 0.699664
15.3638, -0.203848, -3.00446, 0.300336, 0.300336, 0.699664
15.3639, -0.203848, -3.00446, 0.300336, 0.300336, 0.699664
15.3639, -0.203861, -3.0046, 0.300356, 0.300356, 0.699644
15.364, -0.203861, -3.0046, 0.300356, 0.300356, 0.699644
15.3641, -0.203861, -3.0046, 0.300356, 0.300356, 0.699644
15.3641, -0.203861, -3.0046, 0.300356, 0.300356, 0.699644
15.3642, -0.203861, -3.0046, 0.300356, 0.300356, 0.699644
15.3642, -0.203861, -3.0046, 0.300356, 0.300356, 0.699644
15.3643, -0.203861, -3.0046, 0.300356, 0.300356, 0.699644
15.3644, -0.203861, -3.0046, 0.300356, 0.300356, 0.699644
15.3644, -0.203861, -3.0046, 0.300356, 0.300356, 0.699644
15.3645, -0.203861, -3.0046, 0.300356, 0.300356, 0.699644
15.3645, -0.203861, -3.0046, 0.300356, 0.300356, 0.699644
15.3646, -0.203861, -3.0046, 0.300356, 0.300356, 0.699644
15.3647, -0.203861, -3.0046, 0.300356, 0.300356, 0.699644
15.3647, -0.203861, -3.0046, 0.300356, 0.300356, 0.699644
15.3648, -0.203861, -3.0046, 0.300356, 0.300356, 0.699644
15.3648, -0.203861, -3.0046, 0.300356, 0.300356, 0.699644
15.3649, -0.203861, -3.0046, 0.300356, 0.300356, 0.699644
15.365, -0.203861, -3.0046, 0.300356, 0.300356, 0.699644
15.365, -0.203861, -3.0046, 0.300356, 0.300356, 0.699644
15.3651, -0.203861, -3.0046, 0.300356, 0.300356, 0.699644
15.3651, -0.203861, -3.0046, 0.300356, 0.300356, 0.699644
15.3652, -0.203861, -3.0046, 0.300356, 0.300356, 0.699644
15.3653, -0.203861, -3.0046, 0.300356, 0.300356, 0.699644
15.3653, -0.203861, -3.0046, 0.300356, 0.300356, 0.699644
15.3654, -0.203861, -3.0046, 0.300356, 0.300356, 0.699644
15.3654, -0.203861, -3.0046, 0.300356, 0.300356, 0.699644
15.3655, -0.203861, -3.0046, 0.300356, 0.300356, 0.699644
15.3655, -0.203861, -3.0046, 0.300356, 0.300356, 0.699644
15.3656, -0.203861, -3.0046, 0.300356, 0.300356, 0.699644
15.3657, -0.203861, -3.0046, 0.300356, 0.300356, 0.699644
15.3657, -0.203861, -3.0046, 0.300356, 0.300356, 0.699644
15.3658, -0.203861, -3.0046, 0.300356, 0.300356, 0.699644
15.3658, -0.203861, -3.0046, 0.300356, 0.300356, 0.699644
15.3659, -0.203861, -3.0046, 0.300356, 0.300356, 0.699644
15.366, -0.203861, -3.0046, 0.300356, 0.300356, 0.699644
15.366, -0.203861, -3.0046, 0.300356, 0.300356, 0.699644
15.3661, -0.203861, -3.0046, 0.300356, 0.300356, 0.699644
15.3661, -0.203861, -3.0046, 0.300356, 0.300356, 0.699644
15.3662, -0.203861, -3.0046, 0.300356, 0.300356, 0.699644
15.3663, -0.203861, -3.0046, 0.300356, 0.300356, 0.699644
15.3663, -0.203861, -3.0046, 0.300356, 0.300356, 0.699644
15.3664, -0.203861, -3.0046, 0.300356, 0.300356, 0.699644
15.3664, -0.203861, -3.0046, 0.300356, 0.300356, 0.699644
15.3665, -0.203861, -3.0046, 0.300356, 0.300356, 0.699644
15.3666, -0.203861, -3.0046, 0.300356, 0.300356, 0.699644
15.3666, -0.203861, -3.0046, 0.300356, 0.300356, 0.699644
15.3667, -0.203861, -3.0046, 0.300356, 0.300356, 0.699644
15.3667, -0.203861, -3.0046, 0.300356, 0.300356, 0.699644
15.3668, -0.203861, -3.0046, 0.300356, 0.300356, 0.699644
15.3669, -0.203861, -3.0046, 0.300356, 0.300356, 0.699644
15.3669, -0.203861, -3.0046, 0.300356, 0.300356, 0.699644
15.367, -0.203861, -3.0046, 0.300356, 0.300356, 0.699644
15.367, -0.203861, -3.0046, 0.300356, 0.300356, 0.699644
15.3671, -0.203861, -3.0046, 0.300356, 0.300356, 0.699644
15.3672, -0.203861, -3.0046, 0.300356, 0.300356, 0.699644
15.3672, -0.203861, -3.0046, 0.300356, 0.300356, 0.699644
15.3673, -0.203861, -3.0046, 0.300356, 0.300356, 0.699644
15.3673, -0.203861, -3.0046, 0.300356, 0.300356, 0.699644
15.3674, -0.203861, -3.0046, 0.300356, 0.300356, 0.699644
15.3675, -0.203861, -3.0046, 0.300356, 0.300356, 0.699644
15.3675, -0.203861, -3.0046, 0.300356, 0.300356, 0.699644
15.3676, -0.203861, -3.0046, 0.300356, 0.300356, 0.699644
15.3676, -0.203861, -3.0046, 0.300356, 0.300356, 0.699644
15.3677, -0.203861, -3.0046, 0.300356, 0.300356, 0.699644
15.3678, -0.203861, -3.0046, 0.300356, 0.300356, 0.699644
15.3678, -0.203861, -3.0046, 0.300356, 0.300356, 0.699644
15.3679, -0.203861, -3.0046, 0.300356, 0.300356, 0.699644
15.3679, -0.203861, -3.0046, 0.300356, 0.300356, 0.699644
15.368, -0.203861, -3.0046, 0.300356, 0.300356, 0.699644
15.3681, -0.203861, -3.0046, 0.300356, 0.300356, 0.699644
15.3681, -0.203861, -3.0046, 0.300356, 0.300356, 0.699644
15.3682, -0.203874, -3.00474, 0.300377, 0.300377, 0.699623
15.3682, -0.203874, -3.00474, 0.300377, 0.300377, 0.699623
15.3683, -0.203874, -3.00474, 0.300377, 0.300377, 0.699623
15.3684, -0.203874, -3.00474, 0.300377, 0.300377, 0.699623
15.3684, -0.203874, -3.00474, 0.300377, 0.300377, 0.699623
15.3685, -0.203874, -3.00474, 0.300377, 0.300377, 0.699623
15.3685, -0.203874, -3.00474, 0.300377, 0.300377, 0.699623
15.3686, -0.203874, -3.00474, 0.300377, 0.300377, 0.699623
15.3687, -0.203874, -3.00474, 0.300377, 0.300377, 0.699623
15.3687, -0.203874, -3.00474, 0.300377, 0.300377, 0.699623
15.3688, -0.203874, -3.00474, 0.300377, 0.300377, 0.699623
15.3688, -0.203874, -3.00474, 0.300377, 0.300377, 0.699623
15.3689, -0.203874, -3.00474, 0.300377, 0.300377, 0.699623
15.3689, -0.203874, -3.00474, 0.300377, 0.300377, 0.699623
15.369, -0.203874, -3.00474, 0.300377, 0.300377, 0.699623
15.3691, -0.203874, -3.00474, 0.300377, 0.300377, 0.699623
15.3691, -0.203874, -3.00474, 0.300377, 0.300377, 0.699623
15.3692, -0.203874, -3.00474, 0.300377, 0.300377, 0.699623
15.3692, -0.203874, -3.00474, 0.300377, 0.300377, 0.699623
15.3693, -0.203874, -3.00474, 0.300377, 0.300377, 0.699623
15.3694, -0.203874, -3.00474, 0.300377, 0.300377, 0.699623
15.3694, -0.203874, -3.00474, 0.300377, 0.300377, 0.699623
15.3695, -0.203874, -3.00474, 0.300377, 0.300377, 0.699623
15.3695, -0.203874, -3.00474, 0.300377, 0.300377, 0.699623
15.3696, -0.203874, -3.00474, 0.300377, 0.300377, 0.699623
15.3697, -0.203874, -3.00474, 0.300377, 0.300377, 0.699623
15.3697, -0.203874, -3.00474, 0.300377, 0.300377, 0.699623
15.3698, -0.203888, -3.00489, 0.300397, 0.300397, 0.699603
15.3698, -0.203888, -3.00489, 0.300397, 0.300397, 0.699603
15.3699, -0.203888, -3.00489, 0.300397, 0.300397, 0.699603
15.37, -0.203888, -3.00489, 0.300397, 0.300397, 0.699603
15.37, -0.203888, -3.00489, 0.300397, 0.300397, 0.699603
15.3701, -0.203888, -3.00489, 0.300397, 0.300397, 0.699603
15.3701, -0.203888, -3.00489, 0.300397, 0.300397, 0.699603
15.3702, -0.203888, -3.00489, 0.300397, 0.300397, 0.699603
15.3703, -0.203888, -3.00489, 0.300397, 0.300397, 0.699603
15.3703, -0.203888, -3.00489, 0.300397, 0.300397, 0.699603
15.3704, -0.203888, -3.00489, 0.300397, 0.300397, 0.699603
15.3704, -0.203888, -3.00489, 0.300397, 0.300397, 0.699603
15.3705, -0.203888, -3.00489, 0.300397, 0.300397, 0.699603
15.3706, -0.203888, -3.00489, 0.300397, 0.300397, 0.699603
15.3706, -0.203888, -3.00489, 0.300397, 0.300397, 0.699603
15.3707, -0.203888, -3.00489, 0.300397, 0.300397, 0.699603
15.3707, -0.203888, -3.00489, 0.300397, 0.300397, 0.699603
15.3708, -0.203888, -3.00489, 0.300397, 0.300397, 0.699603
15.3709, -0.203888, -3.00489, 0.300397, 0.300397, 0.699603
15.3709, -0.203888, -3.00489, 0.300397, 0.300397, 0.699603
15.371, -0.203888, -3.00489, 0.300397, 0.300397, 0.699603
15.371, -0.203888, -3.00489, 0.300397, 0.300397, 0.699603
15.3711, -0.203888, -3.00489, 0.300397, 0.300397, 0.699603
15.3712, -0.203888, -3.00489, 0.300397, 0.300397, 0.699603
15.3712, -0.203888, -3.00489, 0.300397, 0.300397, 0.699603
15.3713, -0.203888, -3.00489, 0.300397, 0.300397, 0.699603
15.3713, -0.203888, -3.00489, 0.300397, 0.300397, 0.699603
15.3714, -0.203888, -3.00489, 0.300397, 0.300397, 0.699603
15.3715, -0.203888, -3.00489, 0.300397, 0.300397, 0.699603
15.3715, -0.203888, -3.00489, 0.300397, 0.300397, 0.699603
15.3716, -0.203888, -3.00489, 0.300397, 0.300397, 0.699603
15.3716, -0.203888, -3.00489, 0.300397, 0.300397, 0.699603
15.3717, -0.203888, -3.00489, 0.300397, 0.300397, 0.699603
15.3718, -0.203888, -3.00489, 0.300397, 0.300397, 0.699603
15.3718, -0.203888, -3.00489, 0.300397, 0.300397, 0.699603
15.3719, -0.203888, -3.00489, 0.300397, 0.300397, 0.699603
15.3719, -0.203888, -3.00489, 0.300397, 0.300397, 0.699603
15.372, -0.203888, -3.00489, 0.300397, 0.300397, 0.699603
15.372, -0.203888, -3.00489, 0.300397, 0.300397, 0.699603
15.3721, -0.203888, -3.00489, 0.300397, 0.300397, 0.699603
15.3722, -0.203888, -3.00489, 0.300397, 0.300397, 0.699603
15.3722, -0.203888, -3.00489, 0.300397, 0.300397, 0.699603
15.3723, -0.203888, -3.00489, 0.300397, 0.300397, 0.699603
15.3723, -0.203888, -3.00489, 0.300397, 0.300397, 0.699603
15.3724, -0.203901, -3.00503, 0.300418, 0.300418, 0.699582
15.3725, -0.203901, -3.00503, 0.300418, 0.300418, 0.699582
15.3725, -0.203901, -3.00503, 0.300418, 0.300418, 0.699582
15.3726, -0.203901, -3.00503, 0.300418, 0.300418, 0.699582
15.3726, -0.203901, -3.00503, 0.300418, 0.300418, 0.699582
15.3727, -0.203901, -3.00503, 0.300418, 0.300418, 0.699582
15.3728, -0.203901, -3.00503, 0.300418, 0.300418, 0.699582
15.3728, -0.203901, -3.00503, 0.300418, 0.300418, 0.699582
15.3729, -0.203901, -3.00503, 0.300418, 0.300418, 0.699582
15.3729, -0.203901, -3.00503, 0.300418, 0.300418, 0.699582
15.373, -0.203901, -3.00503, 0.300418, 0.300418, 0.699582
15.3731, -0.203901, -3.00503, 0.300418, 0.300418, 0.699582
15.3731, -0.203901, -3.00503, 0.300418, 0.300418, 0.699582
15.3732, -0.203901, -3.00503, 0.300418, 0.300418, 0.699582
15.3732, -0.203901, -3.00503, 0.300418, 0.300418, 0.699582
15.3733, -0.203901, -3.00503, 0.300418, 0.300418, 0.699582
15.3734, -0.203901, -3.00503, 0.300418, 0.300418, 0.699582
15.3734, -0.203901, -3.00503, 0.300418, 0.300418, 0.699582
15.3735, -0.203901, -3.00503, 0.300418, 0.300418, 0.699582
15.3735, -0.203901, -3.00503, 0.300418, 0.300418, 0.699582
15.3736, -0.203901, -3.00503, 0.300418, 0.300418, 0.699582
15.3737, -0.203901, -3.00503, 0.300418, 0.300418, 0.699582
15.3737, -0.203901, -3.00503, 0.300418, 0.300418, 0.699582
15.3738, -0.203901, -3.00503, 0.300418, 0.300418, 0.699582
15.3738, -0.203901, -3.00503, 0.300418, 0.300418, 0.699582
15.3739, -0.203901, -3.00503, 0.300418, 0.300418, 0.699582
15.374, -0.203901, -3.00503, 0.300418, 0.300418, 0.699582
15.374, -0.203901, -3.00503, 0.300418, 0.300418, 0.699582
15.3741, -0.203901, -3.00503, 0.300418, 0.300418, 0.699582
15.3741, -0.203901, -3.00503, 0.300418, 0.300418, 0.699582
15.3742, -0.203901, -3.00503, 0.300418, 0.300418, 0.699582
15.3743, -0.203901, -3.00503, 0.300418, 0.300418, 0.699582
15.3743, -0.203901, -3.00503, 0.300418, 0.300418, 0.699582
15.3744, -0.203901, -3.00503, 0.300418, 0.300418, 0.699582
15.3744, -0.203901, -3.00503, 0.300418, 0.300418, 0.699582
15.3745, -0.203901, -3.00503, 0.300418, 0.300418, 0.699582
15.3746, -0.203901, -3.00503, 0.300418, 0.300418, 0.699582
15.3746, -0.203901, -3.00503, 0.300418, 0.300418, 0.699582
15.3747, -0.203901, -3.00503, 0.300418, 0.300418, 0.699582
15.3747, -0.203901, -3.00503, 0.300418, 0.300418, 0.699582
15.3748, -0.203901, -3.00503, 0.300418, 0.300418, 0.699582
15.3749, -0.203901, -3.00503, 0.300418, 0.300418, 0.699582
15.3749, -0.203901, -3.00503, 0.300418, 0.300418, 0.699582
15.375, -0.203901, -3.00503, 0.300418, 0.300418, 0.699582
15.375, -0.203901, -3.00503, 0.300418, 0.300418, 0.699582
15.3751, -0.203901, -3.00503, 0.300418, 0.300418, 0.699582
15.3751, -0.203901, -3.00503, 0.300418, 0.300418, 0.699582
15.3752, -0.203901, -3.00503, 0.300418, 0.300418, 0.699582
15.3753, -0.203901, -3.00503, 0.300418, 0.300418, 0.699582
15.3753, -0.203901, -3.00503, 0.300418, 0.300418, 0.699582
15.3754, -0.203901, -3.00503, 0.300418, 0.300418, 0.699582
15.3754, -0.203901, -3.00503, 0.300418, 0.300418, 0.699582
15.3755, -0.203901, -3.00503, 0.300418, 0.300418, 0.699582
15.3756, -0.203901, -3.00503, 0.300418, 0.300418, 0.699582
15.3756, -0.203901, -3.00503, 0.300418, 0.300418, 0.699582
15.3757, -0.203901, -3.00503, 0.300418, 0.300418, 0.699582
15.3757, -0.203901, -3.00503, 0.300418, 0.300418, 0.699582
15.3758, -0.203901, -3.00503, 0.300418, 0.300418, 0.699582
15.3759, -0.203901, -3.00503, 0.300418, 0.300418, 0.699582
15.3759, -0.203901, -3.00503, 0.300418, 0.300418, 0.699582
15.376, -0.203901, -3.00503, 0.300418, 0.300418, 0.699582
15.376, -0.203901, -3.00503, 0.300418, 0.300418, 0.699582
15.3761, -0.203901, -3.00503, 0.300418, 0.300418, 0.699582
15.3762, -0.203901, -3.00503, 0.300418, 0.300418, 0.699582
15.3762, -0.203901, -3.00503, 0.300418, 0.300418, 0.699582
15.3763, -0.203901, -3.00503, 0.300418, 0.300418, 0.699582
15.3763, -0.203901, -3.00503, 0.300418, 0.300418, 0.699582
15.3764, -0.203901, -3.00503, 0.300418, 0.300418, 0.699582
15.3765, -0.203901, -3.00503, 0.300418, 0.300418, 0.699582
15.3765, -0.203901, -3.00503, 0.300418, 0.300418, 0.699582
15.3766, -0.203901, -3.00503, 0.300418, 0.300418, 0.699582
15.3766, -0.203901, -3.00503, 0.300418, 0.300418, 0.699582
15.3767, -0.203914, -3.00517, 0.300438, 0.300438, 0.699562
15.3768, -0.203914, -3.00517, 0.300438, 0.300438, 0.699562
15.3768, -0.203914, -3.00517, 0.300438, 0.300438, 0.699562
15.3769, -0.203914, -3.00517, 0.300438, 0.300438, 0.699562
15.3769, -0.203914, -3.00517, 0.300438, 0.300438, 0.699562
15.377, -0.203914, -3.00517, 0.300438, 0.300438, 0.699562
15.3771, -0.203914, -3.00517, 0.300438, 0.300438, 0.699562
15.3771, -0.203914, -3.00517, 0.300438, 0.300438, 0.699562
15.3772, -0.203914, -3.00517, 0.300438, 0.300438, 0.699562
15.3772, -0.203914, -3.00517, 0.300438, 0.300438, 0.699562
15.3773, -0.203914, -3.00517, 0.300438, 0.300438, 0.699562
15.3774, -0.203914, -3.00517, 0.300438, 0.300438, 0.699562
15.3774, -0.203914, -3.00517, 0.300438, 0.300438, 0.699562
15.3775, -0.203914, -3.00517, 0.300438, 0.300438, 0.699562
15.3775, -0.203914, -3.00517, 0.300438, 0.300438, 0.699562
15.3776, -0.203914, -3.00517, 0.300438, 0.300438, 0.699562
15.3777, -0.203914, -3.00517, 0.300438, 0.300438, 0.699562
15.3777, -0.203914, -3.00517, 0.300438, 0.300438, 0.699562
15.3778, -0.203914, -3.00517, 0.300438, 0.300438, 0.699562
15.3778, -0.203914, -3.00517, 0.300438, 0.300438, 0.699562
15.3779, -0.203914, -3.00517, 0.300438, 0.300438, 0.699562
15.378, -0.203914, -3.00517, 0.300438, 0.300438, 0.699562
15.378, -0.203914, -3.00517, 0.300438, 0.300438, 0.699562
15.3781, -0.203914, -3.00517, 0.300438, 0.300438, 0.699562
15.3781, -0.203914, -3.00517, 0.300438, 0.300438, 0.699562
15.3782, -0.203914, -3.00517, 0.300438, 0.300438, 0.699562
15.3782, -0.203914, -3.00517, 0.300438, 0.300438, 0.699562
15.3783, -0.203914, -3.00517, 0.300438, 0.300438, 0.699562
15.3784, -0.203914, -3.00517, 0.300438, 0.300438, 0.699562
15.3784, -0.203914, -3.00517, 0.300438, 0.300438, 0.699562
15.3785, -0.203914, -3.00517, 0.300438, 0.300438, 0.699562
15.3785, -0.203914, -3.00517, 0.300438, 0.300438, 0.699562
15.3786, -0.203914, -3.00517, 0.300438, 0.300438, 0.699562
15.3787, -0.203914, -3.00517, 0.300438, 0.300438, 0.699562
15.3787, -0.203914, -3.00517, 0.300438, 0.300438, 0.699562
15.3788, -0.203914, -3.00517, 0.300438, 0.300438, 0.699562
15.3788, -0.203914, -3.00517, 0.300438, 0.300438, 0.699562
15.3789, -0.203914, -3.00517, 0.300438, 0.300438, 0.699562
15.379, -0.203914, -3.00517, 0.300438, 0.300438, 0.699562
15.379, -0.203914, -3.00517, 0.300438, 0.300438, 0.699562
15.3791, -0.203914, -3.00517, 0.300438, 0.300438, 0.699562
15.3791, -0.203914, -3.00517, 0.300438, 0.300438, 0.699562
15.3792, -0.203914, -3.00517, 0.300438, 0.300438, 0.699562
15.3793, -0.203914, -3.00517, 0.300438, 0.300438, 0.699562
15.3793, -0.203914, -3.00517, 0.300438, 0.300438, 0.699562
15.3794, -0.203914, -3.00517, 0.300438, 0.300438, 0.699562
15.3794, -0.203914, -3.00517, 0.300438, 0.300438, 0.699562
15.3795, -0.203914, -3.00517, 0.300438, 0.300438, 0.699562
15.3796, -0.203914, -3.00517, 0.300438, 0.300438, 0.699562
15.3796, -0.203914, -3.00517, 0.300438, 0.300438, 0.699562
15.3797, -0.203914, -3.00517, 0.300438, 0.300438, 0.699562
15.3797, -0.203914, -3.00517, 0.300438, 0.300438, 0.699562
15.3798, -0.203914, -3.00517, 0.300438, 0.300438, 0.699562
15.3799, -0.203914, -3.00517, 0.300438, 0.300438, 0.699562
15.3799, -0.203914, -3.00517, 0.300438, 0.300438, 0.699562
15.38, -0.203914, -3.00517, 0.300438, 0.300438, 0.699562
15.38, -0.203914, -3.00517, 0.300438, 0.300438, 0.699562
15.3801, -0.203914, -3.00517, 0.300438, 0.300438, 0.699562
15.3802, -0.203914, -3.00517, 0.300438, 0.300438, 0.699562
15.3802, -0.203914, -3.00517, 0.300438, 0.300438, 0.699562
15.3803, -0.203914, -3.00517, 0.300438, 0.300438, 0.699562
15.3803, -0.203914, -3.00517, 0.300438, 0.300438, 0.699562
15.3804, -0.203914, -3.00517, 0.300438, 0.300438, 0.699562
15.3805, -0.203914, -3.00517, 0.300438, 0.300438, 0.699562
15.3805, -0.203914, -3.00517, 0.300438, 0.300438, 0.699562
15.3806, -0.203914, -3.00517, 0.300438, 0.300438, 0.699562
15.3806, -0.203914, -3.00517, 0.300438, 0.300438, 0.699562
15.3807, -0.203914, -3.00517, 0.300438, 0.300438, 0.699562
15.3808, -0.203914, -3.00517, 0.300438, 0.300438, 0.699562
15.3808, -0.203914, -3.00517, 0.300438, 0.300438, 0.699562
15.3809, -0.203914, -3.00517, 0.300438, 0.300438, 0.699562
15.3809, -0.203928, -3.00531, 0.300458, 0.300458, 0.699542
15.381, -0.203928, -3.00531, 0.300458, 0.300458, 0.699542
15.3811, -0.203928, -3.00531, 0.300458, 0.300458, 0.699542
15.3811, -0.203928, -3.00531, 0.300458, 0.300458, 0.699542
15.3812, -0.203928, -3.00531, 0.300458, 0.300458, 0.699542
15.3812, -0.203928, -3.00531, 0.300458, 0.300458, 0.699542
15.3813, -0.203928, -3.00531, 0.300458, 0.300458, 0.699542
15.3813, -0.203928, -3.00531, 0.300458, 0.300458, 0.699542
15.3814, -0.203928, -3.00531, 0.300458, 0.300458, 0.699542
15.3815, -0.203928, -3.00531, 0.300458, 0.300458, 0.699542
15.3815, -0.203928, -3.00531, 0.300458, 0.300458, 0.699542
15.3816, -0.203928, -3.00531, 0.300458, 0.300458, 0.699542
15.3816, -0.203928, -3.00531, 0.300458, 0.300458, 0.699542
15.3817, -0.203928, -3.00531, 0.300458, 0.300458, 0.699542
15.3818, -0.203928, -3.00531, 0.300458, 0.300458, 0.699542
15.3818, -0.203928, -3.00531, 0.300458, 0.300458, 0.699542
15.3819, -0.203928, -3.00531, 0.300458, 0.300458, 0.699542
15.3819, -0.203928, -3.00531, 0.300458, 0.300458, 0.699542
15.382, -0.203928, -3.00531, 0.300458, 0.300458, 0.699542
15.3821, -0.203928, -3.00531, 0.300458, 0.300458, 0.699542
15.3821, -0.203928, -3.00531, 0.300458, 0.300458, 0.699542
15.3822, -0.203928, -3.00531, 0.300458, 0.300458, 0.699542
15.3822, -0.203928, -3.00531, 0.300458, 0.300458, 0.699542
15.3823, -0.203928, -3.00531, 0.300458, 0.300458, 0.699542
15.3824, -0.203928, -3.00531, 0.300458, 0.300458, 0.699542
15.3824, -0.203928, -3.00531, 0.300458, 0.300458, 0.699542
15.3825, -0.203928, -3.00531, 0.300458, 0.300458, 0.699542
15.3825, -0.203928, -3.00531, 0.300458, 0.300458, 0.699542
15.3826, -0.203928, -3.00531, 0.300458, 0.300458, 0.699542
15.3827, -0.203928, -3.00531, 0.300458, 0.300458, 0.699542
15.3827, -0.203928, -3.00531, 0.300458, 0.300458, 0.699542
15.3828, -0.203928, -3.00531, 0.300458, 0.300458, 0.699542
15.3828, -0.203928, -3.00531, 0.300458, 0.300458, 0.699542
15.3829, -0.203928, -3.00531, 0.300458, 0.300458, 0.699542
15.383, -0.203928, -3.00531, 0.300458, 0.300458, 0.699542
15.383, -0.203928, -3.00531, 0.300458, 0.300458, 0.699542
15.3831, -0.203928, -3.00531, 0.300458, 0.300458, 0.699542
15.3831, -0.203928, -3.00531, 0.300458, 0.300458, 0.699542
15.3832, -0.203928, -3.00531, 0.300458, 0.300458, 0.699542
15.3833, -0.203928, -3.00531, 0.300458, 0.300458, 0.699542
15.3833, -0.203928, -3.00531, 0.300458, 0.300458, 0.699542
15.3834, -0.203928, -3.00531, 0.300458, 0.300458, 0.699542
15.3834, -0.203928, -3.00531, 0.300458, 0.300458, 0.699542
15.3835, -0.203928, -3.00531, 0.300458, 0.300458, 0.699542
15.3836, -0.203928, -3.00531, 0.300458, 0.300458, 0.699542
15.3836, -0.203928, -3.00531, 0.300458, 0.300458, 0.699542
15.3837, -0.203928, -3.00531, 0.300458, 0.300458, 0.699542
15.3837, -0.203928, -3.00531, 0.300458, 0.300458, 0.699542
15.3838, -0.203928, -3.00531, 0.300458, 0.300458, 0.699542
15.3839, -0.203928, -3.00531, 0.300458, 0.300458, 0.699542
15.3839, -0.203928, -3.00531, 0.300458, 0.300458, 0.699542
15.384, -0.203928, -3.00531, 0.300458, 0.300458, 0.699542
15.384, -0.203928, -3.00531, 0.300458, 0.300458, 0.699542
15.3841, -0.203928, -3.00531, 0.300458, 0.300458, 0.699542
15.3842, -0.203928, -3.00531, 0.300458, 0.300458, 0.699542
15.3842, -0.203928, -3.00531, 0.300458, 0.300458, 0.699542
15.3843, -0.203928, -3.00531, 0.300458, 0.300458, 0.699542
15.3843, -0.203928, -3.00531, 0.300458, 0.300458, 0.699542
15.3844, -0.203928, -3.00531, 0.300458, 0.300458, 0.699542
15.3845, -0.203928, -3.00531, 0.300458, 0.300458, 0.699542
15.3845, -0.203928, -3.00531, 0.300458, 0.300458, 0.699542
15.3846, -0.203928, -3.00531, 0.300458, 0.300458, 0.699542
15.3846, -0.203928, -3.00531, 0.300458, 0.300458, 0.699542
15.3847, -0.203928, -3.00531, 0.300458, 0.300458, 0.699542
15.3847, -0.203928, -3.00531, 0.300458, 0.300458, 0.699542
15.3848, -0.203928, -3.00531, 0.300458, 0.300458, 0.699542
15.3849, -0.203928, -3.00531, 0.300458, 0.300458, 0.699542
15.3849, -0.203928, -3.00531, 0.300458, 0.300458, 0.699542
15.385, -0.203928, -3.00531, 0.300458, 0.300458, 0.699542
15.385, -0.203928, -3.00531, 0.300458, 0.300458, 0.699542
15.3851, -0.203928, -3.00531, 0.300458, 0.300458, 0.699542
15.3852, -0.203941, -3.00545, 0.300479, 0.300479, 0.699521
15.3852, -0.203941, -3.00545, 0.300479, 0.300479, 0.699521
15.3853, -0.203941, -3.00545, 0.300479, 0.300479, 0.699521
15.3853, -0.203941, -3.00545, 0.300479, 0.300479, 0.699521
15.3854, -0.203941, -3.00545, 0.300479, 0.300479, 0.699521
15.3855, -0.203941, -3.00545, 0.300479, 0.300479, 0.699521
15.3855, -0.203941, -3.00545, 0.300479, 0.300479, 0.699521
15.3856, -0.203941, -3.00545, 0.300479, 0.300479, 0.699521
15.3856, -0.203941, -3.00545, 0.300479, 0.300479, 0.699521
15.3857, -0.203941, -3.00545, 0.300479, 0.300479, 0.699521
15.3858, -0.203941, -3.00545, 0.300479, 0.300479, 0.699521
15.3858, -0.203941, -3.00545, 0.300479, 0.300479, 0.699521
15.3859, -0.203941, -3.00545, 0.300479, 0.300479, 0.699521
15.3859, -0.203941, -3.00545, 0.300479, 0.300479, 0.699521
15.386, -0.203941, -3.00545, 0.300479, 0.300479, 0.699521
15.3861, -0.203941, -3.00545, 0.300479, 0.300479, 0.699521
15.3861, -0.203941, -3.00545, 0.300479, 0.300479, 0.699521
15.3862, -0.203941, -3.00545, 0.300479, 0.300479, 0.699521
15.3862, -0.203941, -3.00545, 0.300479, 0.300479, 0.699521
15.3863, -0.203941, -3.00545, 0.300479, 0.300479, 0.699521
15.3864, -0.203941, -3.00545, 0.300479, 0.300479, 0.699521
15.3864, -0.203941, -3.00545, 0.300479, 0.300479, 0.699521
15.3865, -0.203941, -3.00545, 0.300479, 0.300479, 0.699521
15.3865, -0.203941, -3.00545, 0.300479, 0.300479, 0.699521
15.3866, -0.203941, -3.00545, 0.300479, 0.300479, 0.699521
15.3867, -0.203941, -3.00545, 0.300479, 0.300479, 0.699521
15.3867, -0.203941, -3.00545, 0.300479, 0.300479, 0.699521
15.3868, -0.203941, -3.00545, 0.300479, 0.300479, 0.699521
15.3868, -0.203941, -3.00545, 0.300479, 0.300479, 0.699521
15.3869, -0.203941, -3.00545, 0.300479, 0.300479, 0.699521
15.387, -0.203941, -3.00545, 0.300479, 0.300479, 0.699521
15.387, -0.203941, -3.00545, 0.300479, 0.300479, 0.699521
15.3871, -0.203941, -3.00545, 0.300479, 0.300479, 0.699521
15.3871, -0.203941, -3.00545, 0.300479, 0.300479, 0.699521
15.3872, -0.203941, -3.00545, 0.300479, 0.300479, 0.699521
15.3873, -0.203941, -3.00545, 0.300479, 0.300479, 0.699521
15.3873, -0.203941, -3.00545, 0.300479, 0.300479, 0.699521
15.3874, -0.203941, -3.00545, 0.300479, 0.300479, 0.699521
15.3874, -0.203941, -3.00545, 0.300479, 0.300479, 0.699521
15.3875, -0.203941, -3.00545, 0.300479, 0.300479, 0.699521
15.3876, -0.203941, -3.00545, 0.300479, 0.300479, 0.699521
15.3876, -0.203941, -3.00545, 0.300479, 0.300479, 0.699521
15.3877, -0.203941, -3.00545, 0.300479, 0.300479, 0.699521
15.3877, -0.203941, -3.00545, 0.300479, 0.300479, 0.699521
15.3878, -0.203941, -3.00545, 0.300479, 0.300479, 0.699521
15.3878, -0.203941, -3.00545, 0.300479, 0.300479, 0.699521
15.3879, -0.203941, -3.00545, 0.300479, 0.300479, 0.699521
15.388, -0.203941, -3.00545, 0.300479, 0.300479, 0.699521
15.388, -0.203941, -3.00545, 0.300479, 0.300479, 0.699521
15.3881, -0.203941, -3.00545, 0.300479, 0.300479, 0.699521
15.3881, -0.203941, -3.00545, 0.300479, 0.300479, 0.699521
15.3882, -0.203941, -3.00545, 0.300479, 0.300479, 0.699521
15.3883, -0.203941, -3.00545, 0.300479, 0.300479, 0.699521
15.3883, -0.203941, -3.00545, 0.300479, 0.300479, 0.699521
15.3884, -0.203941, -3.00545, 0.300479, 0.300479, 0.699521
15.3884, -0.203941, -3.00545, 0.300479, 0.300479, 0.699521
15.3885, -0.203941, -3.00545, 0.300479, 0.300479, 0.699521
15.3886, -0.203941, -3.00545, 0.300479, 0.300479, 0.699521
15.3886, -0.203941, -3.00545, 0.300479, 0.300479, 0.699521
15.3887, -0.203941, -3.00545, 0.300479, 0.300479, 0.699521
15.3887, -0.203941, -3.00545, 0.300479, 0.300479, 0.699521
15.3888, -0.203941, -3.00545, 0.300479, 0.300479, 0.699521
15.3889, -0.203941, -3.00545, 0.300479, 0.300479, 0.699521
15.3889, -0.203941, -3.00545, 0.300479, 0.300479, 0.699521
15.389, -0.203954, -3.00559, 0.300499, 0.300499, 0.699501
15.389, -0.203954, -3.00559, 0.300499, 0.300499, 0.699501
15.3891, -0.203954, -3.00559, 0.300499, 0.300499, 0.699501
15.3892, -0.203954, -3.00559, 0.300499, 0.300499, 0.699501
15.3892, -0.203954, -3.00559, 0.300499, 0.300499, 0.699501
15.3893, -0.203954, -3.00559, 0.300499, 0.300499, 0.699501
15.3893, -0.203954, -3.00559, 0.300499, 0.300499, 0.699501
15.3894, -0.203954, -3.00559, 0.300499, 0.300499, 0.699501
15.3895, -0.203968, -3.00573, 0.300519, 0.300519, 0.699481
15.3895, -0.203968, -3.00573, 0.300519, 0.300519, 0.699481
15.3896, -0.203968, -3.00573, 0.300519, 0.300519, 0.699481
15.3896, -0.203968, -3.00573, 0.300519, 0.300519, 0.699481
15.3897, -0.203968, -3.00573, 0.300519, 0.300519, 0.699481
15.3898, -0.203968, -3.00573, 0.300519, 0.300519, 0.699481
15.3898, -0.203968, -3.00573, 0.300519, 0.300519, 0.699481
15.3899, -0.203968, -3.00573, 0.300519, 0.300519, 0.699481
15.3899, -0.203968, -3.00573, 0.300519, 0.300519, 0.699481
15.39, -0.203968, -3.00573, 0.300519, 0.300519, 0.699481
15.3901, -0.203968, -3.00573, 0.300519, 0.300519, 0.699481
15.3901, -0.203968, -3.00573, 0.300519, 0.300519, 0.699481
15.3902, -0.203968, -3.00573, 0.300519, 0.300519, 0.699481
15.3902, -0.203968, -3.00573, 0.300519, 0.300519, 0.699481
15.3903, -0.203968, -3.00573, 0.300519, 0.300519, 0.699481
15.3904, -0.203968, -3.00573, 0.300519, 0.300519, 0.699481
15.3904, -0.203968, -3.00573, 0.300519, 0.300519, 0.699481
15.3905, -0.203968, -3.00573, 0.300519, 0.300519, 0.699481
15.3905, -0.203968, -3.00573, 0.300519, 0.300519, 0.699481
15.3906, -0.203968, -3.00573, 0.300519, 0.300519, 0.699481
15.3907, -0.203968, -3.00573, 0.300519, 0.300519, 0.699481
15.3907, -0.203968, -3.00573, 0.300519, 0.300519, 0.699481
15.3908, -0.203968, -3.00573, 0.300519, 0.300519, 0.699481
15.3908, -0.203968, -3.00573, 0.300519, 0.300519, 0.699481
15.3909, -0.203968, -3.00573, 0.300519, 0.300519, 0.699481
15.3909, -0.203968, -3.00573, 0.300519, 0.300519, 0.699481
15.391, -0.203968, -3.00573, 0.300519, 0.300519, 0.699481
15.3911, -0.203968, -3.00573, 0.300519, 0.300519, 0.699481
15.3911, -0.203968, -3.00573, 0.300519, 0.300519, 0.699481
15.3912, -0.203968, -3.00573, 0.300519, 0.300519, 0.699481
15.3912, -0.203968, -3.00573, 0.300519, 0.300519, 0.699481
15.3913, -0.203968, -3.00573, 0.300519, 0.300519, 0.699481
15.3914, -0.203968, -3.00573, 0.300519, 0.300519, 0.699481
15.3914, -0.203968, -3.00573, 0.300519, 0.300519, 0.699481
15.3915, -0.203968, -3.00573, 0.300519, 0.300519, 0.699481
15.3915, -0.203968, -3.00573, 0.300519, 0.300519, 0.699481
15.3916, -0.203968, -3.00573, 0.300519, 0.300519, 0.699481
15.3917, -0.203968, -3.00573, 0.300519, 0.300519, 0.699481
15.3917, -0.203968, -3.00573, 0.300519, 0.300519, 0.699481
15.3918, -0.203968, -3.00573, 0.300519, 0.300519, 0.699481
15.3918, -0.203968, -3.00573, 0.300519, 0.300519, 0.699481
15.3919, -0.203968, -3.00573, 0.300519, 0.300519, 0.699481
15.392, -0.203968, -3.00573, 0.300519, 0.300519, 0.699481
15.392, -0.203968, -3.00573, 0.300519, 0.300519, 0.699481
15.3921, -0.203968, -3.00573, 0.300519, 0.300519, 0.699481
15.3921, -0.203968, -3.00573, 0.300519, 0.300519, 0.699481
15.3922, -0.203968, -3.00573, 0.300519, 0.300519, 0.699481
15.3923, -0.203968, -3.00573, 0.300519, 0.300519, 0.699481
15.3923, -0.203968, -3.00573, 0.300519, 0.300519, 0.699481
15.3924, -0.203968, -3.00573, 0.300519, 0.300519, 0.699481
15.3924, -0.203968, -3.00573, 0.300519, 0.300519, 0.699481
15.3925, -0.203968, -3.00573, 0.300519, 0.300519, 0.699481
15.3926, -0.203968, -3.00573, 0.300519, 0.300519, 0.699481
15.3926, -0.203968, -3.00573, 0.300519, 0.300519, 0.699481
15.3927, -0.203968, -3.00573, 0.300519, 0.300519, 0.699481
15.3927, -0.203968, -3.00573, 0.300519, 0.300519, 0.699481
15.3928, -0.203968, -3.00573, 0.300519, 0.300519, 0.699481
15.3929, -0.203968, -3.00573, 0.300519, 0.300519, 0.699481
15.3929, -0.203968, -3.00573, 0.300519, 0.300519, 0.699481
15.393, -0.203968, -3.00573, 0.300519, 0.300519, 0.699481
15.393, -0.203968, -3.00573, 0.300519, 0.300519, 0.699481
15.3931, -0.203968, -3.00573, 0.300519, 0.300519, 0.699481
15.3932, -0.203968, -3.00573, 0.300519, 0.300519, 0.699481
15.3932, -0.203968, -3.00573, 0.300519, 0.300519, 0.699481
15.3933, -0.203968, -3.00573, 0.300519, 0.300519, 0.699481
15.3933, -0.203968, -3.00573, 0.300519, 0.300519, 0.699481
15.3934, -0.203968, -3.00573, 0.300519, 0.300519, 0.699481
15.3935, -0.203968, -3.00573, 0.300519, 0.300519, 0.699481
15.3935, -0.203968, -3.00573, 0.300519, 0.300519, 0.699481
15.3936, -0.203968, -3.00573, 0.300519, 0.300519, 0.699481
15.3936, -0.203968, -3.00573, 0.300519, 0.300519, 0.699481
15.3937, -0.203981, -3.00587, 0.30054, 0.30054, 0.69946
15.3938, -0.203981, -3.00587, 0.30054, 0.30054, 0.69946
15.3938, -0.203981, -3.00587, 0.30054, 0.30054, 0.69946
15.3939, -0.203981, -3.00587, 0.30054, 0.30054, 0.69946
15.3939, -0.203981, -3.00587, 0.30054, 0.30054, 0.69946
15.394, -0.203981, -3.00587, 0.30054, 0.30054, 0.69946
15.394, -0.203981, -3.00587, 0.30054, 0.30054, 0.69946
15.3941, -0.203981, -3.00587, 0.30054, 0.30054, 0.69946
15.3942, -0.203981, -3.00587, 0.30054, 0.30054, 0.69946
15.3942, -0.203981, -3.00587, 0.30054, 0.30054, 0.69946
15.3943, -0.203981, -3.00587, 0.30054, 0.30054, 0.69946
15.3943, -0.203981, -3.00587, 0.30054, 0.30054, 0.69946
15.3944, -0.203981, -3.00587, 0.30054, 0.30054, 0.69946
15.3945, -0.203981, -3.00587, 0.30054, 0.30054, 0.69946
15.3945, -0.203981, -3.00587, 0.30054, 0.30054, 0.69946
15.3946, -0.203981, -3.00587, 0.30054, 0.30054, 0.69946
15.3946, -0.203981, -3.00587, 0.30054, 0.30054, 0.69946
15.3947, -0.203981, -3.00587, 0.30054, 0.30054, 0.69946
15.3948, -0.203981, -3.00587, 0.30054, 0.30054, 0.69946
15.3948, -0.203981, -3.00587, 0.30054, 0.30054, 0.69946
15.3949, -0.203981, -3.00587, 0.30054, 0.30054, 0.69946
15.3949, -0.203981, -3.00587, 0.30054, 0.30054, 0.69946
15.395, -0.203981, -3.00587, 0.30054, 0.30054, 0.69946
15.3951, -0.203981, -3.00587, 0.30054, 0.30054, 0.69946
15.3951, -0.203981, -3.00587, 0.30054, 0.30054, 0.69946
15.3952, -0.203981, -3.00587, 0.30054, 0.30054, 0.69946
15.3952, -0.203981, -3.00587, 0.30054, 0.30054, 0.69946
15.3953, -0.203981, -3.00587, 0.30054, 0.30054, 0.69946
15.3954, -0.203981, -3.00587, 0.30054, 0.30054, 0.69946
15.3954, -0.203981, -3.00587, 0.30054, 0.30054, 0.69946
15.3955, -0.203981, -3.00587, 0.30054, 0.30054, 0.69946
15.3955, -0.203981, -3.00587, 0.30054, 0.30054, 0.69946
15.3956, -0.203981, -3.00587, 0.30054, 0.30054, 0.69946
15.3957, -0.203981, -3.00587, 0.30054, 0.30054, 0.69946
15.3957, -0.203981, -3.00587, 0.30054, 0.30054, 0.69946
15.3958, -0.203981, -3.00587, 0.30054, 0.30054, 0.69946
15.3958, -0.203981, -3.00587, 0.30054, 0.30054, 0.69946
15.3959, -0.203981, -3.00587, 0.30054, 0.30054, 0.69946
15.396, -0.203981, -3.00587, 0.30054, 0.30054, 0.69946
15.396, -0.203981, -3.00587, 0.30054, 0.30054, 0.69946
15.3961, -0.203981, -3.00587, 0.30054, 0.30054, 0.69946
15.3961, -0.203981, -3.00587, 0.30054, 0.30054, 0.69946
15.3962, -0.203981, -3.00587, 0.30054, 0.30054, 0.69946
15.3963, -0.203981, -3.00587, 0.30054, 0.30054, 0.69946
15.3963, -0.203981, -3.00587, 0.30054, 0.30054, 0.69946
15.3964, -0.203981, -3.00587, 0.30054, 0.30054, 0.69946
15.3964, -0.203981, -3.00587, 0.30054, 0.30054, 0.69946
15.3965, -0.203981, -3.00587, 0.30054, 0.30054, 0.69946
15.3966, -0.203981, -3.00587, 0.30054, 0.30054, 0.69946
15.3966, -0.203981, -3.00587, 0.30054, 0.30054, 0.69946
15.3967, -0.203981, -3.00587, 0.30054, 0.30054, 0.69946
15.3967, -0.203981, -3.00587, 0.30054, 0.30054, 0.69946
15.3968, -0.203981, -3.00587, 0.30054, 0.30054, 0.69946
15.3969, -0.203981, -3.00587, 0.30054, 0.30054, 0.69946
15.3969, -0.203981, -3.00587, 0.30054, 0.30054, 0.69946
15.397, -0.203981, -3.00587, 0.30054, 0.30054, 0.69946
15.397, -0.203981, -3.00587, 0.30054, 0.30054, 0.69946
15.3971, -0.203981, -3.00587, 0.30054, 0.30054, 0.69946
15.3972, -0.203981, -3.00587, 0.30054, 0.30054, 0.69946
15.3972, -0.203981, -3.00587, 0.30054, 0.30054, 0.69946
15.3973, -0.203981, -3.00587, 0.30054, 0.30054, 0.69946
15.3973, -0.203981, -3.00587, 0.30054, 0.30054, 0.69946
15.3974, -0.203981, -3.00587, 0.30054, 0.30054, 0.69946
15.3974, -0.203981, -3.00587, 0.30054, 0.30054, 0.69946
15.3975, -0.203981, -3.00587, 0.30054, 0.30054, 0.69946
15.3976, -0.203981, -3.00587, 0.30054, 0.30054, 0.69946
15.3976, -0.203981, -3.00587, 0.30054, 0.30054, 0.69946
15.3977, -0.203981, -3.00587, 0.30054, 0.30054, 0.69946
15.3977, -0.203981, -3.00587, 0.30054, 0.30054, 0.69946
15.3978, -0.203981, -3.00587, 0.30054, 0.30054, 0.69946
15.3979, -0.203981, -3.00587, 0.30054, 0.30054, 0.69946
15.3979, -0.203994, -3.00601, 0.30056, 0.30056, 0.69944
15.398, -0.203994, -3.00601, 0.30056, 0.30056, 0.69944
15.398, -0.203994, -3.00601, 0.30056, 0.30056, 0.69944
15.3981, -0.203994, -3.00601, 0.30056, 0.30056, 0.69944
15.3982, -0.203994, -3.00601, 0.30056, 0.30056, 0.69944
15.3982, -0.203994, -3.00601, 0.30056, 0.30056, 0.69944
15.3983, -0.203994, -3.00601, 0.30056, 0.30056, 0.69944
15.3983, -0.203994, -3.00601, 0.30056, 0.30056, 0.69944
15.3984, -0.203994, -3.00601, 0.30056, 0.30056, 0.69944
15.3985, -0.203994, -3.00601, 0.30056, 0.30056, 0.69944
15.3985, -0.203994, -3.00601, 0.30056, 0.30056, 0.69944
15.3986, -0.203994, -3.00601, 0.30056, 0.30056, 0.69944
15.3986, -0.203994, -3.00601, 0.30056, 0.30056, 0.69944
15.3987, -0.203994, -3.00601, 0.30056, 0.30056, 0.69944
15.3988, -0.203994, -3.00601, 0.30056, 0.30056, 0.69944
15.3988, -0.203994, -3.00601, 0.30056, 0.30056, 0.69944
15.3989, -0.203994, -3.00601, 0.30056, 0.30056, 0.69944
15.3989, -0.203994, -3.00601, 0.30056, 0.30056, 0.69944
15.399, -0.203994, -3.00601, 0.30056, 0.30056, 0.69944
15.3991, -0.203994, -3.00601, 0.30056, 0.30056, 0.69944
15.3991, -0.203994, -3.00601, 0.30056, 0.30056, 0.69944
15.3992, -0.203994, -3.00601, 0.30056, 0.30056, 0.69944
15.3992, -0.203994, -3.00601, 0.30056, 0.30056, 0.69944
15.3993, -0.203994, -3.00601, 0.30056, 0.30056, 0.69944
15.3994, -0.203994, -3.00601, 0.30056, 0.30056, 0.69944
15.3994, -0.203994, -3.00601, 0.30056, 0.30056, 0.69944
15.3995, -0.203994, -3.00601, 0.30056, 0.30056, 0.69944
15.3995, -0.203994, -3.00601, 0.30056, 0.30056, 0.69944
15.3996, -0.203994, -3.00601, 0.30056, 0.30056, 0.69944
15.3997, -0.203994, -3.00601, 0.30056, 0.30056, 0.69944
15.3997, -0.203994, -3.00601, 0.30056, 0.30056, 0.69944
15.3998, -0.203994, -3.00601, 0.30056, 0.30056, 0.69944
15.3998, -0.203994, -3.00601, 0.30056, 0.30056, 0.69944
15.3999, -0.203994, -3.00601, 0.30056, 0.30056, 0.69944
15.4, -0.203994, -3.00601, 0.30056, 0.30056, 0.69944
15.4, -0.203994, -3.00601, 0.30056, 0.30056, 0.69944
15.4001, -0.203994, -3.00601, 0.30056, 0.30056, 0.69944
15.4001, -0.203994, -3.00601, 0.30056, 0.30056, 0.69944
15.4002, -0.203994, -3.00601, 0.30056, 0.30056, 0.69944
15.4003, -0.203994, -3.00601, 0.30056, 0.30056, 0.69944
15.4003, -0.203994, -3.00601, 0.30056, 0.30056, 0.69944
15.4004, -0.203994, -3.00601, 0.30056, 0.30056, 0.69944
15.4004, -0.203994, -3.00601, 0.30056, 0.30056, 0.69944
15.4005, -0.203994, -3.00601, 0.30056, 0.30056, 0.69944
15.4005, -0.203994, -3.00601, 0.30056, 0.30056, 0.69944
15.4006, -0.203994, -3.00601, 0.30056, 0.30056, 0.69944
15.4007, -0.203994, -3.00601, 0.30056, 0.30056, 0.69944
15.4007, -0.203994, -3.00601, 0.30056, 0.30056, 0.69944
15.4008, -0.203994, -3.00601, 0.30056, 0.30056, 0.69944
15.4008, -0.203994, -3.00601, 0.30056, 0.30056, 0.69944
15.4009, -0.203994, -3.00601, 0.30056, 0.30056, 0.69944
15.401, -0.203994, -3.00601, 0.30056, 0.30056, 0.69944
15.401, -0.203994, -3.00601, 0.30056, 0.30056, 0.69944
15.4011, -0.203994, -3.00601, 0.30056, 0.30056, 0.69944
15.4011, -0.203994, -3.00601, 0.30056, 0.30056, 0.69944
15.4012, -0.203994, -3.00601, 0.30056, 0.30056, 0.69944
15.4013, -0.203994, -3.00601, 0.30056, 0.30056, 0.69944
15.4013, -0.203994, -3.00601, 0.30056, 0.30056, 0.69944
15.4014, -0.203994, -3.00601, 0.30056, 0.30056, 0.69944
15.4014, -0.203994, -3.00601, 0.30056, 0.30056, 0.69944
15.4015, -0.203994, -3.00601, 0.30056, 0.30056, 0.69944
15.4016, -0.203994, -3.00601, 0.30056, 0.30056, 0.69944
15.4016, -0.203994, -3.00601, 0.30056, 0.30056, 0.69944
15.4017, -0.203994, -3.00601, 0.30056, 0.30056, 0.69944
15.4017, -0.203994, -3.00601, 0.30056, 0.30056, 0.69944
15.4018, -0.203994, -3.00601, 0.30056, 0.30056, 0.69944
15.4019, -0.203994, -3.00601, 0.30056, 0.30056, 0.69944
15.4019, -0.203994, -3.00601, 0.30056, 0.30056, 0.69944
15.402, -0.203994, -3.00601, 0.30056, 0.30056, 0.69944
15.402, -0.203994, -3.00601, 0.30056, 0.30056, 0.69944
15.4021, -0.203994, -3.00601, 0.30056, 0.30056, 0.69944
15.4022, -0.203994, -3.00601, 0.30056, 0.30056, 0.69944
15.4022, -0.204008, -3.00615, 0.300581, 0.300581, 0.699419
15.4023, -0.204008, -3.00615, 0.300581, 0.300581, 0.699419
15.4023, -0.204008, -3.00615, 0.300581, 0.300581, 0.699419
15.4024, -0.204008, -3.00615, 0.300581, 0.300581, 0.699419
15.4025, -0.204008, -3.00615, 0.300581, 0.300581, 0.699419
15.4025, -0.204008, -3.00615, 0.300581, 0.300581, 0.699419
15.4026, -0.204008, -3.00615, 0.300581, 0.300581, 0.699419
15.4026, -0.204008, -3.00615, 0.300581, 0.300581, 0.699419
15.4027, -0.204008, -3.00615, 0.300581, 0.300581, 0.699419
15.4028, -0.204008, -3.00615, 0.300581, 0.300581, 0.699419
15.4028, -0.204008, -3.00615, 0.300581, 0.300581, 0.699419
15.4029, -0.204008, -3.00615, 0.300581, 0.300581, 0.699419
15.4029, -0.204008, -3.00615, 0.300581, 0.300581, 0.699419
15.403, -0.204008, -3.00615, 0.300581, 0.300581, 0.699419
15.4031, -0.204008, -3.00615, 0.300581, 0.300581, 0.699419
15.4031, -0.204008, -3.00615, 0.300581, 0.300581, 0.699419
15.4032, -0.204008, -3.00615, 0.300581, 0.300581, 0.699419
15.4032, -0.204008, -3.00615, 0.300581, 0.300581, 0.699419
15.4033, -0.204008, -3.00615, 0.300581, 0.300581, 0.699419
15.4034, -0.204008, -3.00615, 0.300581, 0.300581, 0.699419
15.4034, -0.204008, -3.00615, 0.300581, 0.300581, 0.699419
15.4035, -0.204008, -3.00615, 0.300581, 0.300581, 0.699419
15.4035, -0.204008, -3.00615, 0.300581, 0.300581, 0.699419
15.4036, -0.204008, -3.00615, 0.300581, 0.300581, 0.699419
15.4036, -0.204008, -3.00615, 0.300581, 0.300581, 0.699419
15.4037, -0.204008, -3.00615, 0.300581, 0.300581, 0.699419
15.4038, -0.204008, -3.00615, 0.300581, 0.300581, 0.699419
15.4038, -0.204008, -3.00615, 0.300581, 0.300581, 0.699419
15.4039, -0.204008, -3.00615, 0.300581, 0.300581, 0.699419
15.4039, -0.204008, -3.00615, 0.300581, 0.300581, 0.699419
15.404, -0.204008, -3.00615, 0.300581, 0.300581, 0.699419
15.4041, -0.204008, -3.00615, 0.300581, 0.300581, 0.699419
15.4041, -0.204008, -3.00615, 0.300581, 0.300581, 0.699419
15.4042, -0.204008, -3.00615, 0.300581, 0.300581, 0.699419
15.4042, -0.204008, -3.00615, 0.300581, 0.300581, 0.699419
15.4043, -0.204008, -3.00615, 0.300581, 0.300581, 0.699419
15.4044, -0.204008, -3.00615, 0.300581, 0.300581, 0.699419
15.4044, -0.204008, -3.00615, 0.300581, 0.300581, 0.699419
15.4045, -0.204008, -3.00615, 0.300581, 0.300581, 0.699419
15.4045, -0.204008, -3.00615, 0.300581, 0.300581, 0.699419
15.4046, -0.204008, -3.00615, 0.300581, 0.300581, 0.699419
15.4047, -0.204008, -3.00615, 0.300581, 0.300581, 0.699419
15.4047, -0.204008, -3.00615, 0.300581, 0.300581, 0.699419
15.4048, -0.204008, -3.00615, 0.300581, 0.300581, 0.699419
15.4048, -0.204008, -3.00615, 0.300581, 0.300581, 0.699419
15.4049, -0.204008, -3.00615, 0.300581, 0.300581, 0.699419
15.405, -0.204008, -3.00615, 0.300581, 0.300581, 0.699419
15.405, -0.204008, -3.00615, 0.300581, 0.300581, 0.699419
15.4051, -0.204008, -3.00615, 0.300581, 0.300581, 0.699419
15.4051, -0.204008, -3.00615, 0.300581, 0.300581, 0.699419
15.4052, -0.204008, -3.00615, 0.300581, 0.300581, 0.699419
15.4053, -0.204008, -3.00615, 0.300581, 0.300581, 0.699419
15.4053, -0.204008, -3.00615, 0.300581, 0.300581, 0.699419
15.4054, -0.204008, -3.00615, 0.300581, 0.300581, 0.699419
15.4054, -0.204008, -3.00615, 0.300581, 0.300581, 0.699419
15.4055, -0.204008, -3.00615, 0.300581, 0.300581, 0.699419
15.4056, -0.204008, -3.00615, 0.300581, 0.300581, 0.699419
15.4056, -0.204008, -3.00615, 0.300581, 0.300581, 0.699419
15.4057, -0.204008, -3.00615, 0.300581, 0.300581, 0.699419
15.4057, -0.204008, -3.00615, 0.300581, 0.300581, 0.699419
15.4058, -0.204008, -3.00615, 0.300581, 0.300581, 0.699419
15.4059, -0.204008, -3.00615, 0.300581, 0.300581, 0.699419
15.4059, -0.204008, -3.00615, 0.300581, 0.300581, 0.699419
15.406, -0.204008, -3.00615, 0.300581, 0.300581, 0.699419
15.406, -0.204008, -3.00615, 0.300581, 0.300581, 0.699419
15.4061, -0.204008, -3.00615, 0.300581, 0.300581, 0.699419
15.4062, -0.204008, -3.00615, 0.300581, 0.300581, 0.699419
15.4062, -0.204008, -3.00615, 0.300581, 0.300581, 0.699419
15.4063, -0.204008, -3.00615, 0.300581, 0.300581, 0.699419
15.4063, -0.204008, -3.00615, 0.300581, 0.300581, 0.699419
15.4064, -0.204008, -3.00615, 0.300581, 0.300581, 0.699419
15.4065, -0.204021, -3.00629, 0.300601, 0.300601, 0.699399
15.4065, -0.204021, -3.00629, 0.300601, 0.300601, 0.699399
15.4066, -0.204021, -3.00629, 0.300601, 0.300601, 0.699399
15.4066, -0.204021, -3.00629, 0.300601, 0.300601, 0.699399
15.4067, -0.204021, -3.00629, 0.300601, 0.300601, 0.699399
15.4067, -0.204021, -3.00629, 0.300601, 0.300601, 0.699399
15.4068, -0.204021, -3.00629, 0.300601, 0.300601, 0.699399
15.4069, -0.204021, -3.00629, 0.300601, 0.300601, 0.699399
15.4069, -0.204021, -3.00629, 0.300601, 0.300601, 0.699399
15.407, -0.204021, -3.00629, 0.300601, 0.300601, 0.699399
15.407, -0.204021, -3.00629, 0.300601, 0.300601, 0.699399
15.4071, -0.204021, -3.00629, 0.300601, 0.300601, 0.699399
15.4072, -0.204021, -3.00629, 0.300601, 0.300601, 0.699399
15.4072, -0.204021, -3.00629, 0.300601, 0.300601, 0.699399
15.4073, -0.204021, -3.00629, 0.300601, 0.300601, 0.699399
15.4073, -0.204021, -3.00629, 0.300601, 0.300601, 0.699399
15.4074, -0.204021, -3.00629, 0.300601, 0.300601, 0.699399
15.4075, -0.204021, -3.00629, 0.300601, 0.300601, 0.699399
15.4075, -0.204021, -3.00629, 0.300601, 0.300601, 0.699399
15.4076, -0.204021, -3.00629, 0.300601, 0.300601, 0.699399
15.4076, -0.204021, -3.00629, 0.300601, 0.300601, 0.699399
15.4077, -0.204021, -3.00629, 0.300601, 0.300601, 0.699399
15.4078, -0.204021, -3.00629, 0.300601, 0.300601, 0.699399
15.4078, -0.204021, -3.00629, 0.300601, 0.300601, 0.699399
15.4079, -0.204021, -3.00629, 0.300601, 0.300601, 0.699399
15.4079, -0.204021, -3.00629, 0.300601, 0.300601, 0.699399
15.408, -0.204021, -3.00629, 0.300601, 0.300601, 0.699399
15.4081, -0.204021, -3.00629, 0.300601, 0.300601, 0.699399
15.4081, -0.204021, -3.00629, 0.300601, 0.300601, 0.699399
15.4082, -0.204021, -3.00629, 0.300601, 0.300601, 0.699399
15.4082, -0.204021, -3.00629, 0.300601, 0.300601, 0.699399
15.4083, -0.204021, -3.00629, 0.300601, 0.300601, 0.699399
15.4084, -0.204021, -3.00629, 0.300601, 0.300601, 0.699399
15.4084, -0.204021, -3.00629, 0.300601, 0.300601, 0.699399
15.4085, -0.204021, -3.00629, 0.300601, 0.300601, 0.699399
15.4085, -0.204021, -3.00629, 0.300601, 0.300601, 0.699399
15.4086, -0.204021, -3.00629, 0.300601, 0.300601, 0.699399
15.4087, -0.204021, -3.00629, 0.300601, 0.300601, 0.699399
15.4087, -0.204021, -3.00629, 0.300601, 0.300601, 0.699399
15.4088, -0.204021, -3.00629, 0.300601, 0.300601, 0.699399
15.4088, -0.204021, -3.00629, 0.300601, 0.300601, 0.699399
15.4089, -0.204021, -3.00629, 0.300601, 0.300601, 0.699399
15.409, -0.204021, -3.00629, 0.300601, 0.300601, 0.699399
15.409, -0.204021, -3.00629, 0.300601, 0.300601, 0.699399
15.4091, -0.204021, -3.00629, 0.300601, 0.300601, 0.699399
15.4091, -0.204021, -3.00629, 0.300601, 0.300601, 0.699399
15.4092, -0.204021, -3.00629, 0.300601, 0.300601, 0.699399
15.4093, -0.204021, -3.00629, 0.300601, 0.300601, 0.699399
15.4093, -0.204021, -3.00629, 0.300601, 0.300601, 0.699399
15.4094, -0.204021, -3.00629, 0.300601, 0.300601, 0.699399
15.4094, -0.204021, -3.00629, 0.300601, 0.300601, 0.699399
15.4095, -0.204021, -3.00629, 0.300601, 0.300601, 0.699399
15.4096, -0.204021, -3.00629, 0.300601, 0.300601, 0.699399
15.4096, -0.204021, -3.00629, 0.300601, 0.300601, 0.699399
15.4097, -0.204021, -3.00629, 0.300601, 0.300601, 0.699399
15.4097, -0.204021, -3.00629, 0.300601, 0.300601, 0.699399
15.4098, -0.204021, -3.00629, 0.300601, 0.300601, 0.699399
15.4098, -0.204021, -3.00629, 0.300601, 0.300601, 0.699399
15.4099, -0.204021, -3.00629, 0.300601, 0.300601, 0.699399
15.41, -0.204021, -3.00629, 0.300601, 0.300601, 0.699399
15.41, -0.204021, -3.00629, 0.300601, 0.300601, 0.699399
15.4101, -0.204021, -3.00629, 0.300601, 0.300601, 0.699399
15.4101, -0.204021, -3.00629, 0.300601, 0.300601, 0.699399
15.4102, -0.204021, -3.00629, 0.300601, 0.300601, 0.699399
15.4103, -0.204021, -3.00629, 0.300601, 0.300601, 0.699399
15.4103, -0.204021, -3.00629, 0.300601, 0.300601, 0.699399
15.4104, -0.204021, -3.00629, 0.300601, 0.300601, 0.699399
15.4104, -0.204021, -3.00629, 0.300601, 0.300601, 0.699399
15.4105, -0.204021, -3.00629, 0.300601, 0.300601, 0.699399
15.4106, -0.204021, -3.00629, 0.300601, 0.300601, 0.699399
15.4106, -0.204021, -3.00629, 0.300601, 0.300601, 0.699399
15.4107, -0.204021, -3.00629, 0.300601, 0.300601, 0.699399
15.4107, -0.204034, -3.00643, 0.300621, 0.300621, 0.699379
15.4108, -0.204034, -3.00643, 0.300621, 0.300621, 0.699379
15.4109, -0.204034, -3.00643, 0.300621, 0.300621, 0.699379
15.4109, -0.204034, -3.00643, 0.300621, 0.300621, 0.699379
15.411, -0.204034, -3.00643, 0.300621, 0.300621, 0.699379
15.411, -0.204034, -3.00643, 0.300621, 0.300621, 0.699379
15.4111, -0.204034, -3.00643, 0.300621, 0.300621, 0.699379
15.4112, -0.204034, -3.00643, 0.300621, 0.300621, 0.699379
15.4112, -0.204034, -3.00643, 0.300621, 0.300621, 0.699379
15.4113, -0.204034, -3.00643, 0.300621, 0.300621, 0.699379
15.4113, -0.204034, -3.00643, 0.300621, 0.300621, 0.699379
15.4114, -0.204034, -3.00643, 0.300621, 0.300621, 0.699379
15.4115, -0.204034, -3.00643, 0.300621, 0.300621, 0.699379
15.4115, -0.204034, -3.00643, 0.300621, 0.300621, 0.699379
15.4116, -0.204034, -3.00643, 0.300621, 0.300621, 0.699379
15.4116, -0.204034, -3.00643, 0.300621, 0.300621, 0.699379
15.4117, -0.204034, -3.00643, 0.300621, 0.300621, 0.699379
15.4118, -0.204034, -3.00643, 0.300621, 0.300621, 0.699379
15.4118, -0.204034, -3.00643, 0.300621, 0.300621, 0.699379
15.4119, -0.204034, -3.00643, 0.300621, 0.300621, 0.699379
15.4119, -0.204034, -3.00643, 0.300621, 0.300621, 0.699379
15.412, -0.204034, -3.00643, 0.300621, 0.300621, 0.699379
15.4121, -0.204034, -3.00643, 0.300621, 0.300621, 0.699379
15.4121, -0.204034, -3.00643, 0.300621, 0.300621, 0.699379
15.4122, -0.204034, -3.00643, 0.300621, 0.300621, 0.699379
15.4122, -0.204034, -3.00643, 0.300621, 0.300621, 0.699379
15.4123, -0.204034, -3.00643, 0.300621, 0.300621, 0.699379
15.4124, -0.204034, -3.00643, 0.300621, 0.300621, 0.699379
15.4124, -0.204034, -3.00643, 0.300621, 0.300621, 0.699379
15.4125, -0.204034, -3.00643, 0.300621, 0.300621, 0.699379
15.4125, -0.204034, -3.00643, 0.300621, 0.300621, 0.699379
15.4126, -0.204034, -3.00643, 0.300621, 0.300621, 0.699379
15.4127, -0.204034, -3.00643, 0.300621, 0.300621, 0.699379
15.4127, -0.204034, -3.00643, 0.300621, 0.300621, 0.699379
15.4128, -0.204034, -3.00643, 0.300621, 0.300621, 0.699379
15.4128, -0.204034, -3.00643, 0.300621, 0.300621, 0.699379
15.4129, -0.204034, -3.00643, 0.300621, 0.300621, 0.699379
15.413, -0.204034, -3.00643, 0.300621, 0.300621, 0.699379
15.413, -0.204034, -3.00643, 0.300621, 0.300621, 0.699379
15.4131, -0.204034, -3.00643, 0.300621, 0.300621, 0.699379
15.4131, -0.204034, -3.00643, 0.300621, 0.300621, 0.699379
15.4132, -0.204034, -3.00643, 0.300621, 0.300621, 0.699379
15.4132, -0.204034, -3.00643, 0.300621, 0.300621, 0.699379
15.4133, -0.204034, -3.00643, 0.300621, 0.300621, 0.699379
15.4134, -0.204034, -3.00643, 0.300621, 0.300621, 0.699379
15.4134, -0.204034, -3.00643, 0.300621, 0.300621, 0.699379
15.4135, -0.204034, -3.00643, 0.300621, 0.300621, 0.699379
15.4135, -0.204034, -3.00643, 0.300621, 0.300621, 0.699379
15.4136, -0.204034, -3.00643, 0.300621, 0.300621, 0.699379
15.4137, -0.204034, -3.00643, 0.300621, 0.300621, 0.699379
15.4137, -0.204034, -3.00643, 0.300621, 0.300621, 0.699379
15.4138, -0.204034, -3.00643, 0.300621, 0.300621, 0.699379
15.4138, -0.204034, -3.00643, 0.300621, 0.300621, 0.699379
15.4139, -0.204034, -3.00643, 0.300621, 0.300621, 0.699379
15.414, -0.204034, -3.00643, 0.300621, 0.300621, 0.699379
15.414, -0.204034, -3.00643, 0.300621, 0.300621, 0.699379
15.4141, -0.204034, -3.00643, 0.300621, 0.300621, 0.699379
15.4141, -0.204034, -3.00643, 0.300621, 0.300621, 0.699379
15.4142, -0.204034, -3.00643, 0.300621, 0.300621, 0.699379
15.4143, -0.204034, -3.00643, 0.300621, 0.300621, 0.699379
15.4143, -0.204034, -3.00643, 0.300621, 0.300621, 0.699379
15.4144, -0.204034, -3.00643, 0.300621, 0.300621, 0.699379
15.4144, -0.204034, -3.00643, 0.300621, 0.300621, 0.699379
15.4145, -0.204034, -3.00643, 0.300621, 0.300621, 0.699379
15.4146, -0.204034, -3.00643, 0.300621, 0.300621, 0.699379
15.4146, -0.204034, -3.00643, 0.300621, 0.300621, 0.699379
15.4147, -0.204034, -3.00643, 0.300621, 0.300621, 0.699379
15.4147, -0.204034, -3.00643, 0.300621, 0.300621, 0.699379
15.4148, -0.204034, -3.00643, 0.300621, 0.300621, 0.699379
15.4149, -0.204034, -3.00643, 0.300621, 0.300621, 0.699379
15.4149, -0.204034, -3.00643, 0.300621, 0.300621, 0.699379
15.415, -0.204048, -3.00657, 0.300642, 0.300642, 0.699358
15.415, -0.204048, -3.00657, 0.300642, 0.300642, 0.699358
15.4151, -0.204048, -3.00657, 0.300642, 0.300642, 0.699358
15.4152, -0.204048, -3.00657, 0.300642, 0.300642, 0.699358
15.4152, -0.204048, -3.00657, 0.300642, 0.300642, 0.699358
15.4153, -0.204048, -3.00657, 0.300642, 0.300642, 0.699358
15.4153, -0.204048, -3.00657, 0.300642, 0.300642, 0.699358
15.4154, -0.204048, -3.00657, 0.300642, 0.300642, 0.699358
15.4155, -0.204048, -3.00657, 0.300642, 0.300642, 0.699358
15.4155, -0.204048, -3.00657, 0.300642, 0.300642, 0.699358
15.4156, -0.204048, -3.00657, 0.300642, 0.300642, 0.699358
15.4156, -0.204048, -3.00657, 0.300642, 0.300642, 0.699358
15.4157, -0.204048, -3.00657, 0.300642, 0.300642, 0.699358
15.4158, -0.204048, -3.00657, 0.300642, 0.300642, 0.699358
15.4158, -0.204048, -3.00657, 0.300642, 0.300642, 0.699358
15.4159, -0.204048, -3.00657, 0.300642, 0.300642, 0.699358
15.4159, -0.204048, -3.00657, 0.300642, 0.300642, 0.699358
15.416, -0.204048, -3.00657, 0.300642, 0.300642, 0.699358
15.4161, -0.204048, -3.00657, 0.300642, 0.300642, 0.699358
15.4161, -0.204048, -3.00657, 0.300642, 0.300642, 0.699358
15.4162, -0.204048, -3.00657, 0.300642, 0.300642, 0.699358
15.4162, -0.204048, -3.00657, 0.300642, 0.300642, 0.699358
15.4163, -0.204061, -3.00671, 0.300662, 0.300662, 0.699338
15.4163, -0.204061, -3.00671, 0.300662, 0.300662, 0.699338
15.4164, -0.204061, -3.00671, 0.300662, 0.300662, 0.699338
15.4165, -0.204061, -3.00671, 0.300662, 0.300662, 0.699338
15.4165, -0.204061, -3.00671, 0.300662, 0.300662, 0.699338
15.4166, -0.204061, -3.00671, 0.300662, 0.300662, 0.699338
15.4166, -0.204061, -3.00671, 0.300662, 0.300662, 0.699338
15.4167, -0.204061, -3.00671, 0.300662, 0.300662, 0.699338
15.4168, -0.204061, -3.00671, 0.300662, 0.300662, 0.699338
15.4168, -0.204061, -3.00671, 0.300662, 0.300662, 0.699338
15.4169, -0.204061, -3.00671, 0.300662, 0.300662, 0.699338
15.4169, -0.204061, -3.00671, 0.300662, 0.300662, 0.699338
15.417, -0.204061, -3.00671, 0.300662, 0.300662, 0.699338
15.4171, -0.204061, -3.00671, 0.300662, 0.300662, 0.699338
15.4171, -0.204061, -3.00671, 0.300662, 0.300662, 0.699338
15.4172, -0.204061, -3.00671, 0.300662, 0.300662, 0.699338
15.4172, -0.204061, -3.00671, 0.300662, 0.300662, 0.699338
15.4173, -0.204061, -3.00671, 0.300662, 0.300662, 0.699338
15.4174, -0.204061, -3.00671, 0.300662, 0.300662, 0.699338
15.4174, -0.204061, -3.00671, 0.300662, 0.300662, 0.699338
15.4175, -0.204061, -3.00671, 0.300662, 0.300662, 0.699338
15.4175, -0.204061, -3.00671, 0.300662, 0.300662, 0.699338
15.4176, -0.204061, -3.00671, 0.300662, 0.300662, 0.699338
15.4177, -0.204061, -3.00671, 0.300662, 0.300662, 0.699338
15.4177, -0.204061, -3.00671, 0.300662, 0.300662, 0.699338
15.4178, -0.204061, -3.00671, 0.300662, 0.300662, 0.699338
15.4178, -0.204061, -3.00671, 0.300662, 0.300662, 0.699338
15.4179, -0.204061, -3.00671, 0.300662, 0.300662, 0.699338
15.418, -0.204061, -3.00671, 0.300662, 0.300662, 0.699338
15.418, -0.204061, -3.00671, 0.300662, 0.300662, 0.699338
15.4181, -0.204061, -3.00671, 0.300662, 0.300662, 0.699338
15.4181, -0.204061, -3.00671, 0.300662, 0.300662, 0.699338
15.4182, -0.204061, -3.00671, 0.300662, 0.300662, 0.699338
15.4183, -0.204061, -3.00671, 0.300662, 0.300662, 0.699338
15.4183, -0.204061, -3.00671, 0.300662, 0.300662, 0.699338
15.4184, -0.204061, -3.00671, 0.300662, 0.300662, 0.699338
15.4184, -0.204061, -3.00671, 0.300662, 0.300662, 0.699338
15.4185, -0.204061, -3.00671, 0.300662, 0.300662, 0.699338
15.4186, -0.204061, -3.00671, 0.300662, 0.300662, 0.699338
15.4186, -0.204061, -3.00671, 0.300662, 0.300662, 0.699338
15.4187, -0.204061, -3.00671, 0.300662, 0.300662, 0.699338
15.4187, -0.204061, -3.00671, 0.300662, 0.300662, 0.699338
15.4188, -0.204061, -3.00671, 0.300662, 0.300662, 0.699338
15.4189, -0.204061, -3.00671, 0.300662, 0.300662, 0.699338
15.4189, -0.204061, -3.00671, 0.300662, 0.300662, 0.699338
15.419, -0.204061, -3.00671, 0.300662, 0.300662, 0.699338
15.419, -0.204061, -3.00671, 0.300662, 0.300662, 0.699338
15.4191, -0.204061, -3.00671, 0.300662, 0.300662, 0.699338
15.4192, -0.204061, -3.00671, 0.300662, 0.300662, 0.699338
15.4192, -0.204074, -3.00685, 0.300682, 0.300682, 0.699318
15.4193, -0.204074, -3.00685, 0.300682, 0.300682, 0.699318
15.4193, -0.204074, -3.00685, 0.300682, 0.300682, 0.699318
15.4194, -0.204074, -3.00685, 0.300682, 0.300682, 0.699318
15.4194, -0.204074, -3.00685, 0.300682, 0.300682, 0.699318
15.4195, -0.204074, -3.00685, 0.300682, 0.300682, 0.699318
15.4196, -0.204074, -3.00685, 0.300682, 0.300682, 0.699318
15.4196, -0.204074, -3.00685, 0.300682, 0.300682, 0.699318
15.4197, -0.204074, -3.00685, 0.300682, 0.300682, 0.699318
15.4197, -0.204074, -3.00685, 0.300682, 0.300682, 0.699318
15.4198, -0.204074, -3.00685, 0.300682, 0.300682, 0.699318
15.4199, -0.204074, -3.00685, 0.300682, 0.300682, 0.699318
15.4199, -0.204074, -3.00685, 0.300682, 0.300682, 0.699318
15.42, -0.204074, -3.00685, 0.300682, 0.300682, 0.699318
15.42, -0.204074, -3.00685, 0.300682, 0.300682, 0.699318
15.4201, -0.204074, -3.00685, 0.300682, 0.300682, 0.699318
15.4202, -0.204074, -3.00685, 0.300682, 0.300682, 0.699318
15.4202, -0.204074, -3.00685, 0.300682, 0.300682, 0.699318
15.4203, -0.204074, -3.00685, 0.300682, 0.300682, 0.699318
15.4203, -0.204074, -3.00685, 0.300682, 0.300682, 0.699318
15.4204, -0.204074, -3.00685, 0.300682, 0.300682, 0.699318
15.4205, -0.204074, -3.00685, 0.300682, 0.300682, 0.699318
15.4205, -0.204074, -3.00685, 0.300682, 0.300682, 0.699318
15.4206, -0.204074, -3.00685, 0.300682, 0.300682, 0.699318
15.4206, -0.204074, -3.00685, 0.300682, 0.300682, 0.699318
15.4207, -0.204074, -3.00685, 0.300682, 0.300682, 0.699318
15.4208, -0.204074, -3.00685, 0.300682, 0.300682, 0.699318
15.4208, -0.204074, -3.00685, 0.300682, 0.300682, 0.699318
15.4209, -0.204074, -3.00685, 0.300682, 0.300682, 0.699318
15.4209, -0.204074, -3.00685, 0.300682, 0.300682, 0.699318
15.421, -0.204074, -3.00685, 0.300682, 0.300682, 0.699318
15.4211, -0.204074, -3.00685, 0.300682, 0.300682, 0.699318
15.4211, -0.204074, -3.00685, 0.300682, 0.300682, 0.699318
15.4212, -0.204074, -3.00685, 0.300682, 0.300682, 0.699318
15.4212, -0.204074, -3.00685, 0.300682, 0.300682, 0.699318
15.4213, -0.204074, -3.00685, 0.300682, 0.300682, 0.699318
15.4214, -0.204074, -3.00685, 0.300682, 0.300682, 0.699318
15.4214, -0.204074, -3.00685, 0.300682, 0.300682, 0.699318
15.4215, -0.204074, -3.00685, 0.300682, 0.300682, 0.699318
15.4215, -0.204074, -3.00685, 0.300682, 0.300682, 0.699318
15.4216, -0.204074, -3.00685, 0.300682, 0.300682, 0.699318
15.4217, -0.204074, -3.00685, 0.300682, 0.300682, 0.699318
15.4217, -0.204074, -3.00685, 0.300682, 0.300682, 0.699318
15.4218, -0.204074, -3.00685, 0.300682, 0.300682, 0.699318
15.4218, -0.204074, -3.00685, 0.300682, 0.300682, 0.699318
15.4219, -0.204074, -3.00685, 0.300682, 0.300682, 0.699318
15.422, -0.204074, -3.00685, 0.300682, 0.300682, 0.699318
15.422, -0.204074, -3.00685, 0.300682, 0.300682, 0.699318
15.4221, -0.204074, -3.00685, 0.300682, 0.300682, 0.699318
15.4221, -0.204074, -3.00685, 0.300682, 0.300682, 0.699318
15.4222, -0.204074, -3.00685, 0.300682, 0.300682, 0.699318
15.4223, -0.204074, -3.00685, 0.300682, 0.300682, 0.699318
15.4223, -0.204074, -3.00685, 0.300682, 0.300682, 0.699318
15.4224, -0.204074, -3.00685, 0.300682, 0.300682, 0.699318
15.4224, -0.204074, -3.00685, 0.300682, 0.300682, 0.699318
15.4225, -0.204074, -3.00685, 0.300682, 0.300682, 0.699318
15.4225, -0.204074, -3.00685, 0.300682, 0.300682, 0.699318
15.4226, -0.204074, -3.00685, 0.300682, 0.300682, 0.699318
15.4227, -0.204074, -3.00685, 0.300682, 0.300682, 0.699318
15.4227, -0.204074, -3.00685, 0.300682, 0.300682, 0.699318
15.4228, -0.204074, -3.00685, 0.300682, 0.300682, 0.699318
15.4228, -0.204074, -3.00685, 0.300682, 0.300682, 0.699318
15.4229, -0.204074, -3.00685, 0.300682, 0.300682, 0.699318
15.423, -0.204074, -3.00685, 0.300682, 0.300682, 0.699318
15.423, -0.204074, -3.00685, 0.300682, 0.300682, 0.699318
15.4231, -0.204074, -3.00685, 0.300682, 0.300682, 0.699318
15.4231, -0.204074, -3.00685, 0.300682, 0.300682, 0.699318
15.4232, -0.204074, -3.00685, 0.300682, 0.300682, 0.699318
15.4233, -0.204074, -3.00685, 0.300682, 0.300682, 0.699318
15.4233, -0.204074, -3.00685, 0.300682, 0.300682, 0.699318
15.4234, -0.204074, -3.00685, 0.300682, 0.300682, 0.699318
15.4234, -0.204074, -3.00685, 0.300682, 0.300682, 0.699318
15.4235, -0.204088, -3.00699, 0.300703, 0.300703, 0.699297
15.4236, -0.204088, -3.00699, 0.300703, 0.300703, 0.699297
15.4236, -0.204088, -3.00699, 0.300703, 0.300703, 0.699297
15.4237, -0.204088, -3.00699, 0.300703, 0.300703, 0.699297
15.4237, -0.204088, -3.00699, 0.300703, 0.300703, 0.699297
15.4238, -0.204088, -3.00699, 0.300703, 0.300703, 0.699297
15.4239, -0.204088, -3.00699, 0.300703, 0.300703, 0.699297
15.4239, -0.204088, -3.00699, 0.300703, 0.300703, 0.699297
15.424, -0.204088, -3.00699, 0.300703, 0.300703, 0.699297
15.424, -0.204088, -3.00699, 0.300703, 0.300703, 0.699297
15.4241, -0.204088, -3.00699, 0.300703, 0.300703, 0.699297
15.4242, -0.204088, -3.00699, 0.300703, 0.300703, 0.699297
15.4242, -0.204088, -3.00699, 0.300703, 0.300703, 0.699297
15.4243, -0.204088, -3.00699, 0.300703, 0.300703, 0.699297
15.4243, -0.204088, -3.00699, 0.300703, 0.300703, 0.699297
15.4244, -0.204088, -3.00699, 0.300703, 0.300703, 0.699297
15.4245, -0.204088, -3.00699, 0.300703, 0.300703, 0.699297
15.4245, -0.204088, -3.00699, 0.300703, 0.300703, 0.699297
15.4246, -0.204088, -3.00699, 0.300703, 0.300703, 0.699297
15.4246, -0.204088, -3.00699, 0.300703, 0.300703, 0.699297
15.4247, -0.204088, -3.00699, 0.300703, 0.300703, 0.699297
15.4248, -0.204088, -3.00699, 0.300703, 0.300703, 0.699297
15.4248, -0.204088, -3.00699, 0.300703, 0.300703, 0.699297
15.4249, -0.204088, -3.00699, 0.300703, 0.300703, 0.699297
15.4249, -0.204088, -3.00699, 0.300703, 0.300703, 0.699297
15.425, -0.204088, -3.00699, 0.300703, 0.300703, 0.699297
15.4251, -0.204088, -3.00699, 0.300703, 0.300703, 0.699297
15.4251, -0.204088, -3.00699, 0.300703, 0.300703, 0.699297
15.4252, -0.204088, -3.00699, 0.300703, 0.300703, 0.699297
15.4252, -0.204088, -3.00699, 0.300703, 0.300703, 0.699297
15.4253, -0.204088, -3.00699, 0.300703, 0.300703, 0.699297
15.4254, -0.204088, -3.00699, 0.300703, 0.300703, 0.699297
15.4254, -0.204088, -3.00699, 0.300703, 0.300703, 0.699297
15.4255, -0.204088, -3.00699, 0.300703, 0.300703, 0.699297
15.4255, -0.204088, -3.00699, 0.300703, 0.300703, 0.699297
15.4256, -0.204088, -3.00699, 0.300703, 0.300703, 0.699297
15.4256, -0.204088, -3.00699, 0.300703, 0.300703, 0.699297
15.4257, -0.204088, -3.00699, 0.300703, 0.300703, 0.699297
15.4258, -0.204088, -3.00699, 0.300703, 0.300703, 0.699297
15.4258, -0.204088, -3.00699, 0.300703, 0.300703, 0.699297
15.4259, -0.204088, -3.00699, 0.300703, 0.300703, 0.699297
15.4259, -0.204088, -3.00699, 0.300703, 0.300703, 0.699297
15.426, -0.204088, -3.00699, 0.300703, 0.300703, 0.699297
15.4261, -0.204088, -3.00699, 0.300703, 0.300703, 0.699297
15.4261, -0.204088, -3.00699, 0.300703, 0.300703, 0.699297
15.4262, -0.204088, -3.00699, 0.300703, 0.300703, 0.699297
15.4262, -0.204088, -3.00699, 0.300703, 0.300703, 0.699297
15.4263, -0.204088, -3.00699, 0.300703, 0.300703, 0.699297
15.4264, -0.204088, -3.00699, 0.300703, 0.300703, 0.699297
15.4264, -0.204088, -3.00699, 0.300703, 0.300703, 0.699297
15.4265, -0.204088, -3.00699, 0.300703, 0.300703, 0.699297
15.4265, -0.204088, -3.00699, 0.300703, 0.300703, 0.699297
15.4266, -0.204088, -3.00699, 0.300703, 0.300703, 0.699297
15.4267, -0.204088, -3.00699, 0.300703, 0.300703, 0.699297
15.4267, -0.204088, -3.00699, 0.300703, 0.300703, 0.699297
15.4268, -0.204088, -3.00699, 0.300703, 0.300703, 0.699297
15.4268, -0.204088, -3.00699, 0.300703, 0.300703, 0.699297
15.4269, -0.204088, -3.00699, 0.300703, 0.300703, 0.699297
15.427, -0.204088, -3.00699, 0.300703, 0.300703, 0.699297
15.427, -0.204088, -3.00699, 0.300703, 0.300703, 0.699297
15.4271, -0.204088, -3.00699, 0.300703, 0.300703, 0.699297
15.4271, -0.204088, -3.00699, 0.300703, 0.300703, 0.699297
15.4272, -0.204088, -3.00699, 0.300703, 0.300703, 0.699297
15.4273, -0.204088, -3.00699, 0.300703, 0.300703, 0.699297
15.4273, -0.204088, -3.00699, 0.300703, 0.300703, 0.699297
15.4274, -0.204088, -3.00699, 0.300703, 0.300703, 0.699297
15.4274, -0.204088, -3.00699, 0.300703, 0.300703, 0.699297
15.4275, -0.204088, -3.00699, 0.300703, 0.300703, 0.699297
15.4276, -0.204088, -3.00699, 0.300703, 0.300703, 0.699297
15.4276, -0.204088, -3.00699, 0.300703, 0.300703, 0.699297
15.4277, -0.204088, -3.00699, 0.300703, 0.300703, 0.699297
15.4277, -0.204101, -3.00713, 0.300723, 0.300723, 0.699277
15.4278, -0.204101, -3.00713, 0.300723, 0.300723, 0.699277
15.4279, -0.204101, -3.00713, 0.300723, 0.300723, 0.699277
15.4279, -0.204101, -3.00713, 0.300723, 0.300723, 0.699277
15.428, -0.204101, -3.00713, 0.300723, 0.300723, 0.699277
15.428, -0.204101, -3.00713, 0.300723, 0.300723, 0.699277
15.4281, -0.204101, -3.00713, 0.300723, 0.300723, 0.699277
15.4282, -0.204101, -3.00713, 0.300723, 0.300723, 0.699277
15.4282, -0.204101, -3.00713, 0.300723, 0.300723, 0.699277
15.4283, -0.204101, -3.00713, 0.300723, 0.300723, 0.699277
15.4283, -0.204101, -3.00713, 0.300723, 0.300723, 0.699277
15.4284, -0.204101, -3.00713, 0.300723, 0.300723, 0.699277
15.4285, -0.204101, -3.00713, 0.300723, 0.300723, 0.699277
15.4285, -0.204101, -3.00713, 0.300723, 0.300723, 0.699277
15.4286, -0.204101, -3.00713, 0.300723, 0.300723, 0.699277
15.4286, -0.204101, -3.00713, 0.300723, 0.300723, 0.699277
15.4287, -0.204101, -3.00713, 0.300723, 0.300723, 0.699277
15.4288, -0.204101, -3.00713, 0.300723, 0.300723, 0.699277
15.4288, -0.204101, -3.00713, 0.300723, 0.300723, 0.699277
15.4289, -0.204101, -3.00713, 0.300723, 0.300723, 0.699277
15.4289, -0.204101, -3.00713, 0.300723, 0.300723, 0.699277
15.429, -0.204101, -3.00713, 0.300723, 0.300723, 0.699277
15.429, -0.204101, -3.00713, 0.300723, 0.300723, 0.699277
15.4291, -0.204101, -3.00713, 0.300723, 0.300723, 0.699277
15.4292, -0.204101, -3.00713, 0.300723, 0.300723, 0.699277
15.4292, -0.204101, -3.00713, 0.300723, 0.300723, 0.699277
15.4293, -0.204101, -3.00713, 0.300723, 0.300723, 0.699277
15.4293, -0.204101, -3.00713, 0.300723, 0.300723, 0.699277
15.4294, -0.204101, -3.00713, 0.300723, 0.300723, 0.699277
15.4295, -0.204101, -3.00713, 0.300723, 0.300723, 0.699277
15.4295, -0.204101, -3.00713, 0.300723, 0.300723, 0.699277
15.4296, -0.204101, -3.00713, 0.300723, 0.300723, 0.699277
15.4296, -0.204101, -3.00713, 0.300723, 0.300723, 0.699277
15.4297, -0.204101, -3.00713, 0.300723, 0.300723, 0.699277
15.4298, -0.204101, -3.00713, 0.300723, 0.300723, 0.699277
15.4298, -0.204101, -3.00713, 0.300723, 0.300723, 0.699277
15.4299, -0.204101, -3.00713, 0.300723, 0.300723, 0.699277
15.4299, -0.204101, -3.00713, 0.300723, 0.300723, 0.699277
15.43, -0.204101, -3.00713, 0.300723, 0.300723, 0.699277
15.4301, -0.204101, -3.00713, 0.300723, 0.300723, 0.699277
15.4301, -0.204101, -3.00713, 0.300723, 0.300723, 0.699277
15.4302, -0.204101, -3.00713, 0.300723, 0.300723, 0.699277
15.4302, -0.204101, -3.00713, 0.300723, 0.300723, 0.699277
15.4303, -0.204101, -3.00713, 0.300723, 0.300723, 0.699277
15.4304, -0.204101, -3.00713, 0.300723, 0.300723, 0.699277
15.4304, -0.204101, -3.00713, 0.300723, 0.300723, 0.699277
15.4305, -0.204101, -3.00713, 0.300723, 0.300723, 0.699277
15.4305, -0.204101, -3.00713, 0.300723, 0.300723, 0.699277
15.4306, -0.204101, -3.00713, 0.300723, 0.300723, 0.699277
15.4307, -0.204101, -3.00713, 0.300723, 0.300723, 0.699277
15.4307, -0.204101, -3.00713, 0.300723, 0.300723, 0.699277
15.4308, -0.204101, -3.00713, 0.300723, 0.300723, 0.699277
15.4308, -0.204101, -3.00713, 0.300723, 0.300723, 0.699277
15.4309, -0.204101, -3.00713, 0.300723, 0.300723, 0.699277
15.431, -0.204101, -3.00713, 0.300723, 0.300723, 0.699277
15.431, -0.204101, -3.00713, 0.300723, 0.300723, 0.699277
15.4311, -0.204101, -3.00713, 0.300723, 0.300723, 0.699277
15.4311, -0.204101, -3.00713, 0.300723, 0.300723, 0.699277
15.4312, -0.204101, -3.00713, 0.300723, 0.300723, 0.699277
15.4313, -0.204101, -3.00713, 0.300723, 0.300723, 0.699277
15.4313, -0.204101, -3.00713, 0.300723, 0.300723, 0.699277
15.4314, -0.204101, -3.00713, 0.300723, 0.300723, 0.699277
15.4314, -0.204101, -3.00713, 0.300723, 0.300723, 0.699277
15.4315, -0.204101, -3.00713, 0.300723, 0.300723, 0.699277
15.4316, -0.204101, -3.00713, 0.300723, 0.300723, 0.699277
15.4316, -0.204101, -3.00713, 0.300723, 0.300723, 0.699277
15.4317, -0.204101, -3.00713, 0.300723, 0.300723, 0.699277
15.4317, -0.204101, -3.00713, 0.300723, 0.300723, 0.699277
15.4318, -0.204101, -3.00713, 0.300723, 0.300723, 0.699277
15.4319, -0.204101, -3.00713, 0.300723, 0.300723, 0.699277
15.4319, -0.204101, -3.00713, 0.300723, 0.300723, 0.699277
15.432, -0.204114, -3.00727, 0.300744, 0.300744, 0.699256
15.432, -0.204114, -3.00727, 0.300744, 0.300744, 0.699256
15.4321, -0.204114, -3.00727, 0.300744, 0.300744, 0.699256
15.4321, -0.204114, -3.00727, 0.300744, 0.300744, 0.699256
15.4322, -0.204114, -3.00727, 0.300744, 0.300744, 0.699256
15.4323, -0.204114, -3.00727, 0.300744, 0.300744, 0.699256
15.4323, -0.204114, -3.00727, 0.300744, 0.300744, 0.699256
15.4324, -0.204114, -3.00727, 0.300744, 0.300744, 0.699256
15.4324, -0.204114, -3.00727, 0.300744, 0.300744, 0.699256
15.4325, -0.204114, -3.00727, 0.300744, 0.300744, 0.699256
15.4326, -0.204114, -3.00727, 0.300744, 0.300744, 0.699256
15.4326, -0.204114, -3.00727, 0.300744, 0.300744, 0.699256
15.4327, -0.204114, -3.00727, 0.300744, 0.300744, 0.699256
15.4327, -0.204114, -3.00727, 0.300744, 0.300744, 0.699256
15.4328, -0.204114, -3.00727, 0.300744, 0.300744, 0.699256
15.4329, -0.204114, -3.00727, 0.300744, 0.300744, 0.699256
15.4329, -0.204114, -3.00727, 0.300744, 0.300744, 0.699256
15.433, -0.204114, -3.00727, 0.300744, 0.300744, 0.699256
15.433, -0.204114, -3.00727, 0.300744, 0.300744, 0.699256
15.4331, -0.204114, -3.00727, 0.300744, 0.300744, 0.699256
15.4332, -0.204114, -3.00727, 0.300744, 0.300744, 0.699256
15.4332, -0.204114, -3.00727, 0.300744, 0.300744, 0.699256
15.4333, -0.204114, -3.00727, 0.300744, 0.300744, 0.699256
15.4333, -0.204114, -3.00727, 0.300744, 0.300744, 0.699256
15.4334, -0.204114, -3.00727, 0.300744, 0.300744, 0.699256
15.4335, -0.204114, -3.00727, 0.300744, 0.300744, 0.699256
15.4335, -0.204114, -3.00727, 0.300744, 0.300744, 0.699256
15.4336, -0.204114, -3.00727, 0.300744, 0.300744, 0.699256
15.4336, -0.204114, -3.00727, 0.300744, 0.300744, 0.699256
15.4337, -0.204114, -3.00727, 0.300744, 0.300744, 0.699256
15.4338, -0.204114, -3.00727, 0.300744, 0.300744, 0.699256
15.4338, -0.204114, -3.00727, 0.300744, 0.300744, 0.699256
15.4339, -0.204114, -3.00727, 0.300744, 0.300744, 0.699256
15.4339, -0.204114, -3.00727, 0.300744, 0.300744, 0.699256
15.434, -0.204114, -3.00727, 0.300744, 0.300744, 0.699256
15.4341, -0.204114, -3.00727, 0.300744, 0.300744, 0.699256
15.4341, -0.204114, -3.00727, 0.300744, 0.300744, 0.699256
15.4342, -0.204114, -3.00727, 0.300744, 0.300744, 0.699256
15.4342, -0.204114, -3.00727, 0.300744, 0.300744, 0.699256
15.4343, -0.204114, -3.00727, 0.300744, 0.300744, 0.699256
15.4344, -0.204114, -3.00727, 0.300744, 0.300744, 0.699256
15.4344, -0.204114, -3.00727, 0.300744, 0.300744, 0.699256
15.4345, -0.204114, -3.00727, 0.300744, 0.300744, 0.699256
15.4345, -0.204114, -3.00727, 0.300744, 0.300744, 0.699256
15.4346, -0.204114, -3.00727, 0.300744, 0.300744, 0.699256
15.4347, -0.204114, -3.00727, 0.300744, 0.300744, 0.699256
15.4347, -0.204114, -3.00727, 0.300744, 0.300744, 0.699256
15.4348, -0.204114, -3.00727, 0.300744, 0.300744, 0.699256
15.4348, -0.204114, -3.00727, 0.300744, 0.300744, 0.699256
15.4349, -0.204114, -3.00727, 0.300744, 0.300744, 0.699256
15.435, -0.204114, -3.00727, 0.300744, 0.300744, 0.699256
15.435, -0.204114, -3.00727, 0.300744, 0.300744, 0.699256
15.4351, -0.204114, -3.00727, 0.300744, 0.300744, 0.699256
15.4351, -0.204114, -3.00727, 0.300744, 0.300744, 0.699256
15.4352, -0.204114, -3.00727, 0.300744, 0.300744, 0.699256
15.4352, -0.204114, -3.00727, 0.300744, 0.300744, 0.699256
15.4353, -0.204114, -3.00727, 0.300744, 0.300744, 0.699256
15.4354, -0.204114, -3.00727, 0.300744, 0.300744, 0.699256
15.4354, -0.204114, -3.00727, 0.300744, 0.300744, 0.699256
15.4355, -0.204114, -3.00727, 0.300744, 0.300744, 0.699256
15.4355, -0.204114, -3.00727, 0.300744, 0.300744, 0.699256
15.4356, -0.204114, -3.00727, 0.300744, 0.300744, 0.699256
15.4357, -0.204114, -3.00727, 0.300744, 0.300744, 0.699256
15.4357, -0.204114, -3.00727, 0.300744, 0.300744, 0.699256
15.4358, -0.204114, -3.00727, 0.300744, 0.300744, 0.699256
15.4358, -0.204114, -3.00727, 0.300744, 0.300744, 0.699256
15.4359, -0.204114, -3.00727, 0.300744, 0.300744, 0.699256
15.436, -0.204114, -3.00727, 0.300744, 0.300744, 0.699256
15.436, -0.204114, -3.00727, 0.300744, 0.300744, 0.699256
15.4361, -0.204114, -3.00727, 0.300744, 0.300744, 0.699256
15.4361, -0.204114, -3.00727, 0.300744, 0.300744, 0.699256
15.4362, -0.204114, -3.00727, 0.300744, 0.300744, 0.699256
15.4363, -0.204128, -3.00741, 0.300764, 0.300764, 0.699236
15.4363, -0.204128, -3.00741, 0.300764, 0.300764, 0.699236
15.4364, -0.204128, -3.00741, 0.300764, 0.300764, 0.699236
15.4364, -0.204128, -3.00741, 0.300764, 0.300764, 0.699236
15.4365, -0.204128, -3.00741, 0.300764, 0.300764, 0.699236
15.4366, -0.204128, -3.00741, 0.300764, 0.300764, 0.699236
15.4366, -0.204128, -3.00741, 0.300764, 0.300764, 0.699236
15.4367, -0.204128, -3.00741, 0.300764, 0.300764, 0.699236
15.4367, -0.204128, -3.00741, 0.300764, 0.300764, 0.699236
15.4368, -0.204128, -3.00741, 0.300764, 0.300764, 0.699236
15.4369, -0.204128, -3.00741, 0.300764, 0.300764, 0.699236
15.4369, -0.204128, -3.00741, 0.300764, 0.300764, 0.699236
15.437, -0.204128, -3.00741, 0.300764, 0.300764, 0.699236
15.437, -0.204128, -3.00741, 0.300764, 0.300764, 0.699236
15.4371, -0.204128, -3.00741, 0.300764, 0.300764, 0.699236
15.4372, -0.204128, -3.00741, 0.300764, 0.300764, 0.699236
15.4372, -0.204128, -3.00741, 0.300764, 0.300764, 0.699236
15.4373, -0.204128, -3.00741, 0.300764, 0.300764, 0.699236
15.4373, -0.204128, -3.00741, 0.300764, 0.300764, 0.699236
15.4374, -0.204128, -3.00741, 0.300764, 0.300764, 0.699236
15.4375, -0.204128, -3.00741, 0.300764, 0.300764, 0.699236
15.4375, -0.204128, -3.00741, 0.300764, 0.300764, 0.699236
15.4376, -0.204128, -3.00741, 0.300764, 0.300764, 0.699236
15.4376, -0.204128, -3.00741, 0.300764, 0.300764, 0.699236
15.4377, -0.204128, -3.00741, 0.300764, 0.300764, 0.699236
15.4378, -0.204128, -3.00741, 0.300764, 0.300764, 0.699236
15.4378, -0.204128, -3.00741, 0.300764, 0.300764, 0.699236
15.4379, -0.204128, -3.00741, 0.300764, 0.300764, 0.699236
15.4379, -0.204128, -3.00741, 0.300764, 0.300764, 0.699236
15.438, -0.204128, -3.00741, 0.300764, 0.300764, 0.699236
15.4381, -0.204128, -3.00741, 0.300764, 0.300764, 0.699236
15.4381, -0.204128, -3.00741, 0.300764, 0.300764, 0.699236
15.4382, -0.204128, -3.00741, 0.300764, 0.300764, 0.699236
15.4382, -0.204128, -3.00741, 0.300764, 0.300764, 0.699236
15.4383, -0.204128, -3.00741, 0.300764, 0.300764, 0.699236
15.4383, -0.204128, -3.00741, 0.300764, 0.300764, 0.699236
15.4384, -0.204128, -3.00741, 0.300764, 0.300764, 0.699236
15.4385, -0.204128, -3.00741, 0.300764, 0.300764, 0.699236
15.4385, -0.204128, -3.00741, 0.300764, 0.300764, 0.699236
15.4386, -0.204128, -3.00741, 0.300764, 0.300764, 0.699236
15.4386, -0.204128, -3.00741, 0.300764, 0.300764, 0.699236
15.4387, -0.204128, -3.00741, 0.300764, 0.300764, 0.699236
15.4388, -0.204128, -3.00741, 0.300764, 0.300764, 0.699236
15.4388, -0.204128, -3.00741, 0.300764, 0.300764, 0.699236
15.4389, -0.204128, -3.00741, 0.300764, 0.300764, 0.699236
15.4389, -0.204128, -3.00741, 0.300764, 0.300764, 0.699236
15.439, -0.204128, -3.00741, 0.300764, 0.300764, 0.699236
15.4391, -0.204128, -3.00741, 0.300764, 0.300764, 0.699236
15.4391, -0.204128, -3.00741, 0.300764, 0.300764, 0.699236
15.4392, -0.204128, -3.00741, 0.300764, 0.300764, 0.699236
15.4392, -0.204128, -3.00741, 0.300764, 0.300764, 0.699236
15.4393, -0.204128, -3.00741, 0.300764, 0.300764, 0.699236
15.4394, -0.204128, -3.00741, 0.300764, 0.300764, 0.699236
15.4394, -0.204128, -3.00741, 0.300764, 0.300764, 0.699236
15.4395, -0.204128, -3.00741, 0.300764, 0.300764, 0.699236
15.4395, -0.204128, -3.00741, 0.300764, 0.300764, 0.699236
15.4396, -0.204128, -3.00741, 0.300764, 0.300764, 0.699236
15.4397, -0.204128, -3.00741, 0.300764, 0.300764, 0.699236
15.4397, -0.204128, -3.00741, 0.300764, 0.300764, 0.699236
15.4398, -0.204128, -3.00741, 0.300764, 0.300764, 0.699236
15.4398, -0.204128, -3.00741, 0.300764, 0.300764, 0.699236
15.4399, -0.204128, -3.00741, 0.300764, 0.300764, 0.699236
15.44, -0.204128, -3.00741, 0.300764, 0.300764, 0.699236
15.44, -0.204128, -3.00741, 0.300764, 0.300764, 0.699236
15.4401, -0.204128, -3.00741, 0.300764, 0.300764, 0.699236
15.4401, -0.204128, -3.00741, 0.300764, 0.300764, 0.699236
15.4402, -0.204128, -3.00741, 0.300764, 0.300764, 0.699236
15.4403, -0.204128, -3.00741, 0.300764, 0.300764, 0.699236
15.4403, -0.204128, -3.00741, 0.300764, 0.300764, 0.699236
15.4404, -0.204128, -3.00741, 0.300764, 0.300764, 0.699236
15.4404, -0.204128, -3.00741, 0.300764, 0.300764, 0.699236
15.4405, -0.204141, -3.00755, 0.300784, 0.300784, 0.699216
15.4406, -0.204141, -3.00755, 0.300784, 0.300784, 0.699216
15.4406, -0.204141, -3.00755, 0.300784, 0.300784, 0.699216
15.4407, -0.204141, -3.00755, 0.300784, 0.300784, 0.699216
15.4407, -0.204141, -3.00755, 0.300784, 0.300784, 0.699216
15.4408, -0.204141, -3.00755, 0.300784, 0.300784, 0.699216
15.4409, -0.204141, -3.00755, 0.300784, 0.300784, 0.699216
15.4409, -0.204141, -3.00755, 0.300784, 0.300784, 0.699216
15.441, -0.204141, -3.00755, 0.300784, 0.300784, 0.699216
15.441, -0.204141, -3.00755, 0.300784, 0.300784, 0.699216
15.4411, -0.204141, -3.00755, 0.300784, 0.300784, 0.699216
15.4412, -0.204141, -3.00755, 0.300784, 0.300784, 0.699216
15.4412, -0.204141, -3.00755, 0.300784, 0.300784, 0.699216
15.4413, -0.204141, -3.00755, 0.300784, 0.300784, 0.699216
15.4413, -0.204141, -3.00755, 0.300784, 0.300784, 0.699216
15.4414, -0.204141, -3.00755, 0.300784, 0.300784, 0.699216
15.4415, -0.204141, -3.00755, 0.300784, 0.300784, 0.699216
15.4415, -0.204141, -3.00755, 0.300784, 0.300784, 0.699216
15.4416, -0.204141, -3.00755, 0.300784, 0.300784, 0.699216
15.4416, -0.204141, -3.00755, 0.300784, 0.300784, 0.699216
15.4417, -0.204141, -3.00755, 0.300784, 0.300784, 0.699216
15.4417, -0.204141, -3.00755, 0.300784, 0.300784, 0.699216
15.4418, -0.204141, -3.00755, 0.300784, 0.300784, 0.699216
15.4419, -0.204141, -3.00755, 0.300784, 0.300784, 0.699216
15.4419, -0.204141, -3.00755, 0.300784, 0.300784, 0.699216
15.442, -0.204141, -3.00755, 0.300784, 0.300784, 0.699216
15.442, -0.204141, -3.00755, 0.300784, 0.300784, 0.699216
15.4421, -0.204141, -3.00755, 0.300784, 0.300784, 0.699216
15.4422, -0.204141, -3.00755, 0.300784, 0.300784, 0.699216
15.4422, -0.204141, -3.00755, 0.300784, 0.300784, 0.699216
15.4423, -0.204141, -3.00755, 0.300784, 0.300784, 0.699216
15.4423, -0.204141, -3.00755, 0.300784, 0.300784, 0.699216
15.4424, -0.204141, -3.00755, 0.300784, 0.300784, 0.699216
15.4425, -0.204141, -3.00755, 0.300784, 0.300784, 0.699216
15.4425, -0.204141, -3.00755, 0.300784, 0.300784, 0.699216
15.4426, -0.204141, -3.00755, 0.300784, 0.300784, 0.699216
15.4426, -0.204141, -3.00755, 0.300784, 0.300784, 0.699216
15.4427, -0.204141, -3.00755, 0.300784, 0.300784, 0.699216
15.4428, -0.204141, -3.00755, 0.300784, 0.300784, 0.699216
15.4428, -0.204141, -3.00755, 0.300784, 0.300784, 0.699216
15.4429, -0.204141, -3.00755, 0.300784, 0.300784, 0.699216
15.4429, -0.204141, -3.00755, 0.300784, 0.300784, 0.699216
15.443, -0.204141, -3.00755, 0.300784, 0.300784, 0.699216
15.4431, -0.204141, -3.00755, 0.300784, 0.300784, 0.699216
15.4431, -0.204141, -3.00755, 0.300784, 0.300784, 0.699216
15.4432, -0.204141, -3.00755, 0.300784, 0.300784, 0.699216
15.4432, -0.204141, -3.00755, 0.300784, 0.300784, 0.699216
15.4433, -0.204141, -3.00755, 0.300784, 0.300784, 0.699216
15.4434, -0.204141, -3.00755, 0.300784, 0.300784, 0.699216
15.4434, -0.204141, -3.00755, 0.300784, 0.300784, 0.699216
15.4435, -0.204141, -3.00755, 0.300784, 0.300784, 0.699216
15.4435, -0.204141, -3.00755, 0.300784, 0.300784, 0.699216
15.4436, -0.204141, -3.00755, 0.300784, 0.300784, 0.699216
15.4437, -0.204141, -3.00755, 0.300784, 0.300784, 0.699216
15.4437, -0.204141, -3.00755, 0.300784, 0.300784, 0.699216
15.4438, -0.204141, -3.00755, 0.300784, 0.300784, 0.699216
15.4438, -0.204141, -3.00755, 0.300784, 0.300784, 0.699216
15.4439, -0.204141, -3.00755, 0.300784, 0.300784, 0.699216
15.444, -0.204141, -3.00755, 0.300784, 0.300784, 0.699216
15.444, -0.204141, -3.00755, 0.300784, 0.300784, 0.699216
15.4441, -0.204141, -3.00755, 0.300784, 0.300784, 0.699216
15.4441, -0.204141, -3.00755, 0.300784, 0.300784, 0.699216
15.4442, -0.204141, -3.00755, 0.300784, 0.300784, 0.699216
15.4443, -0.204141, -3.00755, 0.300784, 0.300784, 0.699216
15.4443, -0.204141, -3.00755, 0.300784, 0.300784, 0.699216
15.4444, -0.204141, -3.00755, 0.300784, 0.300784, 0.699216
15.4444, -0.204141, -3.00755, 0.300784, 0.300784, 0.699216
15.4445, -0.204141, -3.00755, 0.300784, 0.300784, 0.699216
15.4446, -0.204141, -3.00755, 0.300784, 0.300784, 0.699216
15.4446, -0.204141, -3.00755, 0.300784, 0.300784, 0.699216
15.4447, -0.204141, -3.00755, 0.300784, 0.300784, 0.699216
15.4447, -0.204154, -3.00769, 0.300805, 0.300805, 0.699195
15.4448, -0.204154, -3.00769, 0.300805, 0.300805, 0.699195
15.4448, -0.204154, -3.00769, 0.300805, 0.300805, 0.699195
15.4449, -0.204154, -3.00769, 0.300805, 0.300805, 0.699195
15.445, -0.204154, -3.00769, 0.300805, 0.300805, 0.699195
15.445, -0.204154, -3.00769, 0.300805, 0.300805, 0.699195
15.4451, -0.204154, -3.00769, 0.300805, 0.300805, 0.699195
15.4451, -0.204154, -3.00769, 0.300805, 0.300805, 0.699195
15.4452, -0.204154, -3.00769, 0.300805, 0.300805, 0.699195
15.4453, -0.204154, -3.00769, 0.300805, 0.300805, 0.699195
15.4453, -0.204154, -3.00769, 0.300805, 0.300805, 0.699195
15.4454, -0.204154, -3.00769, 0.300805, 0.300805, 0.699195
15.4454, -0.204154, -3.00769, 0.300805, 0.300805, 0.699195
15.4455, -0.204154, -3.00769, 0.300805, 0.300805, 0.699195
15.4456, -0.204154, -3.00769, 0.300805, 0.300805, 0.699195
15.4456, -0.204154, -3.00769, 0.300805, 0.300805, 0.699195
15.4457, -0.204154, -3.00769, 0.300805, 0.300805, 0.699195
15.4457, -0.204154, -3.00769, 0.300805, 0.300805, 0.699195
15.4458, -0.204154, -3.00769, 0.300805, 0.300805, 0.699195
15.4459, -0.204154, -3.00769, 0.300805, 0.300805, 0.699195
15.4459, -0.204154, -3.00769, 0.300805, 0.300805, 0.699195
15.446, -0.204154, -3.00769, 0.300805, 0.300805, 0.699195
15.446, -0.204154, -3.00769, 0.300805, 0.300805, 0.699195
15.4461, -0.204154, -3.00769, 0.300805, 0.300805, 0.699195
15.4462, -0.204154, -3.00769, 0.300805, 0.300805, 0.699195
15.4462, -0.204154, -3.00769, 0.300805, 0.300805, 0.699195
15.4463, -0.204154, -3.00769, 0.300805, 0.300805, 0.699195
15.4463, -0.204154, -3.00769, 0.300805, 0.300805, 0.699195
15.4464, -0.204154, -3.00769, 0.300805, 0.300805, 0.699195
15.4465, -0.204154, -3.00769, 0.300805, 0.300805, 0.699195
15.4465, -0.204154, -3.00769, 0.300805, 0.300805, 0.699195
15.4466, -0.204154, -3.00769, 0.300805, 0.300805, 0.699195
15.4466, -0.204154, -3.00769, 0.300805, 0.300805, 0.699195
15.4467, -0.204154, -3.00769, 0.300805, 0.300805, 0.699195
15.4468, -0.204154, -3.00769, 0.300805, 0.300805, 0.699195
15.4468, -0.204154, -3.00769, 0.300805, 0.300805, 0.699195
15.4469, -0.204154, -3.00769, 0.300805, 0.300805, 0.699195
15.4469, -0.204154, -3.00769, 0.300805, 0.300805, 0.699195
15.447, -0.204154, -3.00769, 0.300805, 0.300805, 0.699195
15.4471, -0.204154, -3.00769, 0.300805, 0.300805, 0.699195
15.4471, -0.204154, -3.00769, 0.300805, 0.300805, 0.699195
15.4472, -0.204154, -3.00769, 0.300805, 0.300805, 0.699195
15.4472, -0.204154, -3.00769, 0.300805, 0.300805, 0.699195
15.4473, -0.204154, -3.00769, 0.300805, 0.300805, 0.699195
15.4474, -0.204154, -3.00769, 0.300805, 0.300805, 0.699195
15.4474, -0.204154, -3.00769, 0.300805, 0.300805, 0.699195
15.4475, -0.204154, -3.00769, 0.300805, 0.300805, 0.699195
15.4475, -0.204154, -3.00769, 0.300805, 0.300805, 0.699195
15.4476, -0.204154, -3.00769, 0.300805, 0.300805, 0.699195
15.4477, -0.204154, -3.00769, 0.300805, 0.300805, 0.699195
15.4477, -0.204154, -3.00769, 0.300805, 0.300805, 0.699195
15.4478, -0.204154, -3.00769, 0.300805, 0.300805, 0.699195
15.4478, -0.204154, -3.00769, 0.300805, 0.300805, 0.699195
15.4479, -0.204154, -3.00769, 0.300805, 0.300805, 0.699195
15.4479, -0.204154, -3.00769, 0.300805, 0.300805, 0.699195
15.448, -0.204154, -3.00769, 0.300805, 0.300805, 0.699195
15.4481, -0.204154, -3.00769, 0.300805, 0.300805, 0.699195
15.4481, -0.204154, -3.00769, 0.300805, 0.300805, 0.699195
15.4482, -0.204154, -3.00769, 0.300805, 0.300805, 0.699195
15.4482, -0.204154, -3.00769, 0.300805, 0.300805, 0.699195
15.4483, -0.204154, -3.00769, 0.300805, 0.300805, 0.699195
15.4484, -0.204154, -3.00769, 0.300805, 0.300805, 0.699195
15.4484, -0.204154, -3.00769, 0.300805, 0.300805, 0.699195
15.4485, -0.204154, -3.00769, 0.300805, 0.300805, 0.699195
15.4485, -0.204154, -3.00769, 0.300805, 0.300805, 0.699195
15.4486, -0.204154, -3.00769, 0.300805, 0.300805, 0.699195
15.4487, -0.204154, -3.00769, 0.300805, 0.300805, 0.699195
15.4487, -0.204154, -3.00769, 0.300805, 0.300805, 0.699195
15.4488, -0.204154, -3.00769, 0.300805, 0.300805, 0.699195
15.4488, -0.204154, -3.00769, 0.300805, 0.300805, 0.699195
15.4489, -0.204154, -3.00769, 0.300805, 0.300805, 0.699195
15.449, -0.204154, -3.00769, 0.300805, 0.300805, 0.699195
15.449, -0.204168, -3.00783, 0.300825, 0.300825, 0.699175
15.4491, -0.204168, -3.00783, 0.300825, 0.300825, 0.699175
15.4491, -0.204168, -3.00783, 0.300825, 0.300825, 0.699175
15.4492, -0.204168, -3.00783, 0.300825, 0.300825, 0.699175
15.4493, -0.204168, -3.00783, 0.300825, 0.300825, 0.699175
15.4493, -0.204168, -3.00783, 0.300825, 0.300825, 0.699175
15.4494, -0.204168, -3.00783, 0.300825, 0.300825, 0.699175
15.4494, -0.204168, -3.00783, 0.300825, 0.300825, 0.699175
15.4495, -0.204168, -3.00783, 0.300825, 0.300825, 0.699175
15.4496, -0.204168, -3.00783, 0.300825, 0.300825, 0.699175
15.4496, -0.204168, -3.00783, 0.300825, 0.300825, 0.699175
15.4497, -0.204168, -3.00783, 0.300825, 0.300825, 0.699175
15.4497, -0.204168, -3.00783, 0.300825, 0.300825, 0.699175
15.4498, -0.204168, -3.00783, 0.300825, 0.300825, 0.699175
15.4499, -0.204168, -3.00783, 0.300825, 0.300825, 0.699175
15.4499, -0.204168, -3.00783, 0.300825, 0.300825, 0.699175
15.45, -0.204168, -3.00783, 0.300825, 0.300825, 0.699175
15.45, -0.204168, -3.00783, 0.300825, 0.300825, 0.699175
15.4501, -0.204168, -3.00783, 0.300825, 0.300825, 0.699175
15.4502, -0.204168, -3.00783, 0.300825, 0.300825, 0.699175
15.4502, -0.204168, -3.00783, 0.300825, 0.300825, 0.699175
15.4503, -0.204168, -3.00783, 0.300825, 0.300825, 0.699175
15.4503, -0.204168, -3.00783, 0.300825, 0.300825, 0.699175
15.4504, -0.204168, -3.00783, 0.300825, 0.300825, 0.699175
15.4505, -0.204168, -3.00783, 0.300825, 0.300825, 0.699175
15.4505, -0.204168, -3.00783, 0.300825, 0.300825, 0.699175
15.4506, -0.204168, -3.00783, 0.300825, 0.300825, 0.699175
15.4506, -0.204168, -3.00783, 0.300825, 0.300825, 0.699175
15.4507, -0.204168, -3.00783, 0.300825, 0.300825, 0.699175
15.4508, -0.204168, -3.00783, 0.300825, 0.300825, 0.699175
15.4508, -0.204168, -3.00783, 0.300825, 0.300825, 0.699175
15.4509, -0.204168, -3.00783, 0.300825, 0.300825, 0.699175
15.4509, -0.204168, -3.00783, 0.300825, 0.300825, 0.699175
15.451, -0.204168, -3.00783, 0.300825, 0.300825, 0.699175
15.451, -0.204168, -3.00783, 0.300825, 0.300825, 0.699175
15.4511, -0.204168, -3.00783, 0.300825, 0.300825, 0.699175
15.4512, -0.204168, -3.00783, 0.300825, 0.300825, 0.699175
15.4512, -0.204168, -3.00783, 0.300825, 0.300825, 0.699175
15.4513, -0.204168, -3.00783, 0.300825, 0.300825, 0.699175
15.4513, -0.204168, -3.00783, 0.300825, 0.300825, 0.699175
15.4514, -0.204168, -3.00783, 0.300825, 0.300825, 0.699175
15.4515, -0.204168, -3.00783, 0.300825, 0.300825, 0.699175
15.4515, -0.204168, -3.00783, 0.300825, 0.300825, 0.699175
15.4516, -0.204168, -3.00783, 0.300825, 0.300825, 0.699175
15.4516, -0.204168, -3.00783, 0.300825, 0.300825, 0.699175
15.4517, -0.204168, -3.00783, 0.300825, 0.300825, 0.699175
15.4518, -0.204168, -3.00783, 0.300825, 0.300825, 0.699175
15.4518, -0.204168, -3.00783, 0.300825, 0.300825, 0.699175
15.4519, -0.204168, -3.00783, 0.300825, 0.300825, 0.699175
15.4519, -0.204168, -3.00783, 0.300825, 0.300825, 0.699175
15.452, -0.204168, -3.00783, 0.300825, 0.300825, 0.699175
15.4521, -0.204168, -3.00783, 0.300825, 0.300825, 0.699175
15.4521, -0.204168, -3.00783, 0.300825, 0.300825, 0.699175
15.4522, -0.204168, -3.00783, 0.300825, 0.300825, 0.699175
15.4522, -0.204168, -3.00783, 0.300825, 0.300825, 0.699175
15.4523, -0.204168, -3.00783, 0.300825, 0.300825, 0.699175
15.4524, -0.204168, -3.00783, 0.300825, 0.300825, 0.699175
15.4524, -0.204168, -3.00783, 0.300825, 0.300825, 0.699175
15.4525, -0.204168, -3.00783, 0.300825, 0.300825, 0.699175
15.4525, -0.204168, -3.00783, 0.300825, 0.300825, 0.699175
15.4526, -0.204168, -3.00783, 0.300825, 0.300825, 0.699175
15.4527, -0.204168, -3.00783, 0.300825, 0.300825, 0.699175
15.4527, -0.204168, -3.00783, 0.300825, 0.300825, 0.699175
15.4528, -0.204168, -3.00783, 0.300825, 0.300825, 0.699175
15.4528, -0.204168, -3.00783, 0.300825, 0.300825, 0.699175
15.4529, -0.204168, -3.00783, 0.300825, 0.300825, 0.699175
15.453, -0.204168, -3.00783, 0.300825, 0.300825, 0.699175
15.453, -0.204168, -3.00783, 0.300825, 0.300825, 0.699175
15.4531, -0.204168, -3.00783, 0.300825, 0.300825, 0.699175
15.4531, -0.204168, -3.00783, 0.300825, 0.300825, 0.699175
15.4532, -0.204168, -3.00783, 0.300825, 0.300825, 0.699175
15.4533, -0.204181, -3.00797, 0.300845, 0.300845, 0.699155
15.4533, -0.204181, -3.00797, 0.300845, 0.300845, 0.699155
15.4534, -0.204194, -3.00811, 0.300866, 0.300866, 0.699134
15.4534, -0.204194, -3.00811, 0.300866, 0.300866, 0.699134
15.4535, -0.204194, -3.00811, 0.300866, 0.300866, 0.699134
15.4536, -0.204194, -3.00811, 0.300866, 0.300866, 0.699134
15.4536, -0.204194, -3.00811, 0.300866, 0.300866, 0.699134
15.4537, -0.204194, -3.00811, 0.300866, 0.300866, 0.699134
15.4537, -0.204194, -3.00811, 0.300866, 0.300866, 0.699134
15.4538, -0.204194, -3.00811, 0.300866, 0.300866, 0.699134
15.4539, -0.204194, -3.00811, 0.300866, 0.300866, 0.699134
15.4539, -0.204194, -3.00811, 0.300866, 0.300866, 0.699134
15.454, -0.204194, -3.00811, 0.300866, 0.300866, 0.699134
15.454, -0.204194, -3.00811, 0.300866, 0.300866, 0.699134
15.4541, -0.204194, -3.00811, 0.300866, 0.300866, 0.699134
15.4541, -0.204194, -3.00811, 0.300866, 0.300866, 0.699134
15.4542, -0.204194, -3.00811, 0.300866, 0.300866, 0.699134
15.4543, -0.204194, -3.00811, 0.300866, 0.300866, 0.699134
15.4543, -0.204194, -3.00811, 0.300866, 0.300866, 0.699134
15.4544, -0.204194, -3.00811, 0.300866, 0.300866, 0.699134
15.4544, -0.204194, -3.00811, 0.300866, 0.300866, 0.699134
15.4545, -0.204194, -3.00811, 0.300866, 0.300866, 0.699134
15.4546, -0.204194, -3.00811, 0.300866, 0.300866, 0.699134
15.4546, -0.204194, -3.00811, 0.300866, 0.300866, 0.699134
15.4547, -0.204194, -3.00811, 0.300866, 0.300866, 0.699134
15.4547, -0.204194, -3.00811, 0.300866, 0.300866, 0.699134
15.4548, -0.204194, -3.00811, 0.300866, 0.300866, 0.699134
15.4549, -0.204194, -3.00811, 0.300866, 0.300866, 0.699134
15.4549, -0.204194, -3.00811, 0.300866, 0.300866, 0.699134
15.455, -0.204194, -3.00811, 0.300866, 0.300866, 0.699134
15.455, -0.204194, -3.00811, 0.300866, 0.300866, 0.699134
15.4551, -0.204194, -3.00811, 0.300866, 0.300866, 0.699134
15.4552, -0.204194, -3.00811, 0.300866, 0.300866, 0.699134
15.4552, -0.204194, -3.00811, 0.300866, 0.300866, 0.699134
15.4553, -0.204194, -3.00811, 0.300866, 0.300866, 0.699134
15.4553, -0.204194, -3.00811, 0.300866, 0.300866, 0.699134
15.4554, -0.204194, -3.00811, 0.300866, 0.300866, 0.699134
15.4555, -0.204194, -3.00811, 0.300866, 0.300866, 0.699134
15.4555, -0.204194, -3.00811, 0.300866, 0.300866, 0.699134
15.4556, -0.204194, -3.00811, 0.300866, 0.300866, 0.699134
15.4556, -0.204194, -3.00811, 0.300866, 0.300866, 0.699134
15.4557, -0.204194, -3.00811, 0.300866, 0.300866, 0.699134
15.4558, -0.204194, -3.00811, 0.300866, 0.300866, 0.699134
15.4558, -0.204194, -3.00811, 0.300866, 0.300866, 0.699134
15.4559, -0.204194, -3.00811, 0.300866, 0.300866, 0.699134
15.4559, -0.204194, -3.00811, 0.300866, 0.300866, 0.699134
15.456, -0.204194, -3.00811, 0.300866, 0.300866, 0.699134
15.4561, -0.204194, -3.00811, 0.300866, 0.300866, 0.699134
15.4561, -0.204194, -3.00811, 0.300866, 0.300866, 0.699134
15.4562, -0.204194, -3.00811, 0.300866, 0.300866, 0.699134
15.4562, -0.204194, -3.00811, 0.300866, 0.300866, 0.699134
15.4563, -0.204194, -3.00811, 0.300866, 0.300866, 0.699134
15.4564, -0.204194, -3.00811, 0.300866, 0.300866, 0.699134
15.4564, -0.204194, -3.00811, 0.300866, 0.300866, 0.699134
15.4565, -0.204194, -3.00811, 0.300866, 0.300866, 0.699134
15.4565, -0.204194, -3.00811, 0.300866, 0.300866, 0.699134
15.4566, -0.204194, -3.00811, 0.300866, 0.300866, 0.699134
15.4567, -0.204194, -3.00811, 0.300866, 0.300866, 0.699134
15.4567, -0.204194, -3.00811, 0.300866, 0.300866, 0.699134
15.4568, -0.204194, -3.00811, 0.300866, 0.300866, 0.699134
15.4568, -0.204194, -3.00811, 0.300866, 0.300866, 0.699134
15.4569, -0.204194, -3.00811, 0.300866, 0.300866, 0.699134
15.457, -0.204194, -3.00811, 0.300866, 0.300866, 0.699134
15.457, -0.204194, -3.00811, 0.300866, 0.300866, 0.699134
15.4571, -0.204194, -3.00811, 0.300866, 0.300866, 0.699134
15.4571, -0.204194, -3.00811, 0.300866, 0.300866, 0.699134
15.4572, -0.204194, -3.00811, 0.300866, 0.300866, 0.699134
15.4573, -0.204194, -3.00811, 0.300866, 0.300866, 0.699134
15.4573, -0.204194, -3.00811, 0.300866, 0.300866, 0.699134
15.4574, -0.204194, -3.00811, 0.300866, 0.300866, 0.699134
15.4574, -0.204194, -3.00811, 0.300866, 0.300866, 0.699134
15.4575, -0.204194, -3.00811, 0.300886, 0.300866, 0.699134
15.4575, -0.204208, -3.00825, 0.300886, 0.300886, 0.699114
15.4576, -0.204208, -3.00825, 0.300886, 0.300886, 0.699114
15.4577, -0.204208, -3.00825, 0.300886, 0.300886, 0.699114
15.4577, -0.204208, -3.00825, 0.300886, 0.300886, 0.699114
15.4578, -0.204208, -3.00825, 0.300886, 0.300886, 0.699114
15.4578, -0.204208, -3.00825, 0.300886, 0.300886, 0.699114
15.4579, -0.204208, -3.00825, 0.300886, 0.300886, 0.699114
15.458, -0.204208, -3.00825, 0.300886, 0.300886, 0.699114
15.458, -0.204208, -3.00825, 0.300886, 0.300886, 0.699114
15.4581, -0.204208, -3.00825, 0.300886, 0.300886, 0.699114
15.4581, -0.204208, -3.00825, 0.300886, 0.300886, 0.699114
15.4582, -0.204208, -3.00825, 0.300886, 0.300886, 0.699114
15.4583, -0.204208, -3.00825, 0.300886, 0.300886, 0.699114
15.4583, -0.204208, -3.00825, 0.300886, 0.300886, 0.699114
15.4584, -0.204208, -3.00825, 0.300886, 0.300886, 0.699114
15.4584, -0.204208, -3.00825, 0.300886, 0.300886, 0.699114
15.4585, -0.204208, -3.00825, 0.300886, 0.300886, 0.699114
15.4586, -0.204208, -3.00825, 0.300886, 0.300886, 0.699114
15.4586, -0.204208, -3.00825, 0.300886, 0.300886, 0.699114
15.4587, -0.204208, -3.00825, 0.300886, 0.300886, 0.699114
15.4587, -0.204208, -3.00825, 0.300886, 0.300886, 0.699114
15.4588, -0.204208, -3.00825, 0.300886, 0.300886, 0.699114
15.4589, -0.204208, -3.00825, 0.300886, 0.300886, 0.699114
15.4589, -0.204208, -3.00825, 0.300886, 0.300886, 0.699114
15.459, -0.204208, -3.00825, 0.300886, 0.300886, 0.699114
15.459, -0.204208, -3.00825, 0.300886, 0.300886, 0.699114
15.4591, -0.204208, -3.00825, 0.300886, 0.300886, 0.699114
15.4592, -0.204208, -3.00825, 0.300886, 0.300886, 0.699114
15.4592, -0.204208, -3.00825, 0.300886, 0.300886, 0.699114
15.4593, -0.204208, -3.00825, 0.300886, 0.300886, 0.699114
15.4593, -0.204208, -3.00825, 0.300886, 0.300886, 0.699114
15.4594, -0.204208, -3.00825, 0.300886, 0.300886, 0.699114
15.4595, -0.204208, -3.00825, 0.300886, 0.300886, 0.699114
15.4595, -0.204208, -3.00825, 0.300886, 0.300886, 0.699114
15.4596, -0.204208, -3.00825, 0.300886, 0.300886, 0.699114
15.4596, -0.204208, -3.00825, 0.300886, 0.300886, 0.699114
15.4597, -0.204208, -3.00825, 0.300886, 0.300886, 0.699114
15.4598, -0.204208, -3.00825, 0.300886, 0.300886, 0.699114
15.4598, -0.204208, -3.00825, 0.300886, 0.300886, 0.699114
15.4599, -0.204208, -3.00825, 0.300886, 0.300886, 0.699114
15.4599, -0.204208, -3.00825, 0.300886, 0.300886, 0.699114
15.46, -0.204208, -3.00825, 0.300886, 0.300886, 0.699114
15.4601, -0.204208, -3.00825, 0.300886, 0.300886, 0.699114
15.4601, -0.204208, -3.00825, 0.300886, 0.300886, 0.699114
15.4602, -0.204208, -3.00825, 0.300886, 0.300886, 0.699114
15.4602, -0.204208, -3.00825, 0.300886, 0.300886, 0.699114
15.4603, -0.204208, -3.00825, 0.300886, 0.300886, 0.699114
15.4604, -0.204208, -3.00825, 0.300886, 0.300886, 0.699114
15.4604, -0.204208, -3.00825, 0.300886, 0.300886, 0.699114
15.4605, -0.204208, -3.00825, 0.300886, 0.300886, 0.699114
15.4605, -0.204208, -3.00825, 0.300886, 0.300886, 0.699114
15.4606, -0.204208, -3.00825, 0.300886, 0.300886, 0.699114
15.4606, -0.204208, -3.00825, 0.300886, 0.300886, 0.699114
15.4607, -0.204208, -3.00825, 0.300886, 0.300886, 0.699114
15.4608, -0.204208, -3.00825, 0.300886, 0.300886, 0.699114
15.4608, -0.204208, -3.00825, 0.300886, 0.300886, 0.699114
15.4609, -0.204208, -3.00825, 0.300886, 0.300886, 0.699114
15.4609, -0.204208, -3.00825, 0.300886, 0.300886, 0.699114
15.461, -0.204208, -3.00825, 0.300886, 0.300886, 0.699114
15.4611, -0.204208, -3.00825, 0.300886, 0.300886, 0.699114
15.4611, -0.204208, -3.00825, 0.300886, 0.300886, 0.699114
15.4612, -0.204208, -3.00825, 0.300886, 0.300886, 0.699114
15.4612, -0.204208, -3.00825, 0.300886, 0.300886, 0.699114
15.4613, -0.204208, -3.00825, 0.300886, 0.300886, 0.699114
15.4614, -0.204208, -3.00825, 0.300886, 0.300886, 0.699114
15.4614, -0.204208, -3.00825, 0.300886, 0.300886, 0.699114
15.4615, -0.204208, -3.00825, 0.300886, 0.300886, 0.699114
15.4615, -0.204208, -3.00825, 0.300886, 0.300886, 0.699114
15.4616, -0.204208, -3.00825, 0.300886, 0.300886, 0.699114
15.4617, -0.204208, -3.00825, 0.300886, 0.300886, 0.699114
15.4617, -0.204208, -3.00825, 0.300886, 0.300886, 0.699114
15.4618, -0.204221, -3.00839, 0.300907, 0.300907, 0.699093
15.4618, -0.204221, -3.00839, 0.300907, 0.300907, 0.699093
15.4619, -0.204221, -3.00839, 0.300907, 0.300907, 0.699093
15.462, -0.204221, -3.00839, 0.300907, 0.300907, 0.699093
15.462, -0.204221, -3.00839, 0.300907, 0.300907, 0.699093
15.4621, -0.204221, -3.00839, 0.300907, 0.300907, 0.699093
15.4621, -0.204221, -3.00839, 0.300907, 0.300907, 0.699093
15.4622, -0.204221, -3.00839, 0.300907, 0.300907, 0.699093
15.4623, -0.204221, -3.00839, 0.300907, 0.300907, 0.699093
15.4623, -0.204221, -3.00839, 0.300907, 0.300907, 0.699093
15.4624, -0.204221, -3.00839, 0.300907, 0.300907, 0.699093
15.4624, -0.204221, -3.00839, 0.300907, 0.300907, 0.699093
15.4625, -0.204221, -3.00839, 0.300907, 0.300907, 0.699093
15.4626, -0.204221, -3.00839, 0.300907, 0.300907, 0.699093
15.4626, -0.204221, -3.00839, 0.300907, 0.300907, 0.699093
15.4627, -0.204221, -3.00839, 0.300907, 0.300907, 0.699093
15.4627, -0.204221, -3.00839, 0.300907, 0.300907, 0.699093
15.4628, -0.204221, -3.00839, 0.300907, 0.300907, 0.699093
15.4629, -0.204221, -3.00839, 0.300907, 0.300907, 0.699093
15.4629, -0.204221, -3.00839, 0.300907, 0.300907, 0.699093
15.463, -0.204221, -3.00839, 0.300907, 0.300907, 0.699093
15.463, -0.204221, -3.00839, 0.300907, 0.300907, 0.699093
15.4631, -0.204221, -3.00839, 0.300907, 0.300907, 0.699093
15.4632, -0.204221, -3.00839, 0.300907, 0.300907, 0.699093
15.4632, -0.204221, -3.00839, 0.300907, 0.300907, 0.699093
15.4633, -0.204221, -3.00839, 0.300907, 0.300907, 0.699093
15.4633, -0.204221, -3.00839, 0.300907, 0.300907, 0.699093
15.4634, -0.204221, -3.00839, 0.300907, 0.300907, 0.699093
15.4635, -0.204221, -3.00839, 0.300907, 0.300907, 0.699093
15.4635, -0.204221, -3.00839, 0.300907, 0.300907, 0.699093
15.4636, -0.204221, -3.00839, 0.300907, 0.300907, 0.699093
15.4636, -0.204221, -3.00839, 0.300907, 0.300907, 0.699093
15.4637, -0.204221, -3.00839, 0.300907, 0.300907, 0.699093
15.4637, -0.204221, -3.00839, 0.300907, 0.300907, 0.699093
15.4638, -0.204221, -3.00839, 0.300907, 0.300907, 0.699093
15.4639, -0.204221, -3.00839, 0.300907, 0.300907, 0.699093
15.4639, -0.204221, -3.00839, 0.300907, 0.300907, 0.699093
15.464, -0.204221, -3.00839, 0.300907, 0.300907, 0.699093
15.464, -0.204221, -3.00839, 0.300907, 0.300907, 0.699093
15.4641, -0.204221, -3.00839, 0.300907, 0.300907, 0.699093
15.4642, -0.204221, -3.00839, 0.300907, 0.300907, 0.699093
15.4642, -0.204221, -3.00839, 0.300907, 0.300907, 0.699093
15.4643, -0.204221, -3.00839, 0.300907, 0.300907, 0.699093
15.4643, -0.204221, -3.00839, 0.300907, 0.300907, 0.699093
15.4644, -0.204221, -3.00839, 0.300907, 0.300907, 0.699093
15.4645, -0.204221, -3.00839, 0.300907, 0.300907, 0.699093
15.4645, -0.204221, -3.00839, 0.300907, 0.300907, 0.699093
15.4646, -0.204221, -3.00839, 0.300907, 0.300907, 0.699093
15.4646, -0.204221, -3.00839, 0.300907, 0.300907, 0.699093
15.4647, -0.204221, -3.00839, 0.300907, 0.300907, 0.699093
15.4648, -0.204221, -3.00839, 0.300907, 0.300907, 0.699093
15.4648, -0.204221, -3.00839, 0.300907, 0.300907, 0.699093
15.4649, -0.204221, -3.00839, 0.300907, 0.300907, 0.699093
15.4649, -0.204221, -3.00839, 0.300907, 0.300907, 0.699093
15.465, -0.204221, -3.00839, 0.300907, 0.300907, 0.699093
15.4651, -0.204221, -3.00839, 0.300907, 0.300907, 0.699093
15.4651, -0.204221, -3.00839, 0.300907, 0.300907, 0.699093
15.4652, -0.204221, -3.00839, 0.300907, 0.300907, 0.699093
15.4652, -0.204221, -3.00839, 0.300907, 0.300907, 0.699093
15.4653, -0.204221, -3.00839, 0.300907, 0.300907, 0.699093
15.4654, -0.204221, -3.00839, 0.300907, 0.300907, 0.699093
15.4654, -0.204221, -3.00839, 0.300907, 0.300907, 0.699093
15.4655, -0.204221, -3.00839, 0.300907, 0.300907, 0.699093
15.4655, -0.204221, -3.00839, 0.300907, 0.300907, 0.699093
15.4656, -0.204221, -3.00839, 0.300907, 0.300907, 0.699093
15.4657, -0.204221, -3.00839, 0.300907, 0.300907, 0.699093
15.4657, -0.204221, -3.00839, 0.300907, 0.300907, 0.699093
15.4658, -0.204221, -3.00839, 0.300907, 0.300907, 0.699093
15.4658, -0.204221, -3.00839, 0.300907, 0.300907, 0.699093
15.4659, -0.204221, -3.00839, 0.300907, 0.300907, 0.699093
15.466, -0.204221, -3.00839, 0.300907, 0.300907, 0.699093
15.466, -0.204234, -3.00853, 0.300927, 0.300927, 0.699073
15.4661, -0.204234, -3.00853, 0.300927, 0.300927, 0.699073
15.4661, -0.204234, -3.00853, 0.300927, 0.300927, 0.699073
15.4662, -0.204234, -3.00853, 0.300927, 0.300927, 0.699073
15.4663, -0.204234, -3.00853, 0.300927, 0.300927, 0.699073
15.4663, -0.204234, -3.00853, 0.300927, 0.300927, 0.699073
15.4664, -0.204234, -3.00853, 0.300927, 0.300927, 0.699073
15.4664, -0.204234, -3.00853, 0.300927, 0.300927, 0.699073
15.4665, -0.204234, -3.00853, 0.300927, 0.300927, 0.699073
15.4666, -0.204234, -3.00853, 0.300927, 0.300927, 0.699073
15.4666, -0.204234, -3.00853, 0.300927, 0.300927, 0.699073
15.4667, -0.204234, -3.00853, 0.300927, 0.300927, 0.699073
15.4667, -0.204234, -3.00853, 0.300927, 0.300927, 0.699073
15.4668, -0.204234, -3.00853, 0.300927, 0.300927, 0.699073
15.4668, -0.204234, -3.00853, 0.300927, 0.300927, 0.699073
15.4669, -0.204234, -3.00853, 0.300927, 0.300927, 0.699073
15.467, -0.204234, -3.00853, 0.300927, 0.300927, 0.699073
15.467, -0.204234, -3.00853, 0.300927, 0.300927, 0.699073
15.4671, -0.204234, -3.00853, 0.300927, 0.300927, 0.699073
15.4671, -0.204234, -3.00853, 0.300927, 0.300927, 0.699073
15.4672, -0.204234, -3.00853, 0.300927, 0.300927, 0.699073
15.4673, -0.204234, -3.00853, 0.300927, 0.300927, 0.699073
15.4673, -0.204234, -3.00853, 0.300927, 0.300927, 0.699073
15.4674, -0.204234, -3.00853, 0.300927, 0.300927, 0.699073
15.4674, -0.204234, -3.00853, 0.300927, 0.300927, 0.699073
15.4675, -0.204234, -3.00853, 0.300927, 0.300927, 0.699073
15.4676, -0.204234, -3.00853, 0.300927, 0.300927, 0.699073
15.4676, -0.204234, -3.00853, 0.300927, 0.300927, 0.699073
15.4677, -0.204234, -3.00853, 0.300927, 0.300927, 0.699073
15.4677, -0.204234, -3.00853, 0.300927, 0.300927, 0.699073
15.4678, -0.204234, -3.00853, 0.300927, 0.300927, 0.699073
15.4679, -0.204234, -3.00853, 0.300927, 0.300927, 0.699073
15.4679, -0.204234, -3.00853, 0.300927, 0.300927, 0.699073
15.468, -0.204234, -3.00853, 0.300927, 0.300927, 0.699073
15.468, -0.204234, -3.00853, 0.300927, 0.300927, 0.699073
15.4681, -0.204234, -3.00853, 0.300927, 0.300927, 0.699073
15.4682, -0.204234, -3.00853, 0.300927, 0.300927, 0.699073
15.4682, -0.204234, -3.00853, 0.300927, 0.300927, 0.699073
15.4683, -0.204234, -3.00853, 0.300927, 0.300927, 0.699073
15.4683, -0.204234, -3.00853, 0.300927, 0.300927, 0.699073
15.4684, -0.204234, -3.00853, 0.300927, 0.300927, 0.699073
15.4685, -0.204234, -3.00853, 0.300927, 0.300927, 0.699073
15.4685, -0.204234, -3.00853, 0.300927, 0.300927, 0.699073
15.4686, -0.204234, -3.00853, 0.300927, 0.300927, 0.699073
15.4686, -0.204234, -3.00853, 0.300927, 0.300927, 0.699073
15.4687, -0.204234, -3.00853, 0.300927, 0.300927, 0.699073
15.4688, -0.204234, -3.00853, 0.300927, 0.300927, 0.699073
15.4688, -0.204234, -3.00853, 0.300927, 0.300927, 0.699073
15.4689, -0.204234, -3.00853, 0.300927, 0.300927, 0.699073
15.4689, -0.204234, -3.00853, 0.300927, 0.300927, 0.699073
15.469, -0.204234, -3.00853, 0.300927, 0.300927, 0.699073
15.4691, -0.204234, -3.00853, 0.300927, 0.300927, 0.699073
15.4691, -0.204234, -3.00853, 0.300927, 0.300927, 0.699073
15.4692, -0.204234, -3.00853, 0.300927, 0.300927, 0.699073
15.4692, -0.204234, -3.00853, 0.300927, 0.300927, 0.699073
15.4693, -0.204234, -3.00853, 0.300927, 0.300927, 0.699073
15.4694, -0.204234, -3.00853, 0.300927, 0.300927, 0.699073
15.4694, -0.204234, -3.00853, 0.300927, 0.300927, 0.699073
15.4695, -0.204234, -3.00853, 0.300927, 0.300927, 0.699073
15.4695, -0.204234, -3.00853, 0.300927, 0.300927, 0.699073
15.4696, -0.204234, -3.00853, 0.300927, 0.300927, 0.699073
15.4697, -0.204234, -3.00853, 0.300927, 0.300927, 0.699073
15.4697, -0.204234, -3.00853, 0.300927, 0.300927, 0.699073
15.4698, -0.204234, -3.00853, 0.300927, 0.300927, 0.699073
15.4698, -0.204234, -3.00853, 0.300927, 0.300927, 0.699073
15.4699, -0.204234, -3.00853, 0.300927, 0.300927, 0.699073
15.4699, -0.204234, -3.00853, 0.300927, 0.300927, 0.699073
15.47, -0.204234, -3.00853, 0.300927, 0.300927, 0.699073
15.4701, -0.204234, -3.00853, 0.300927, 0.300927, 0.699073
15.4701, -0.204234, -3.00853, 0.300927, 0.300927, 0.699073
15.4702, -0.204234, -3.00853, 0.300927, 0.300927, 0.699073
15.4702, -0.204234, -3.00853, 0.300927, 0.300927, 0.699073
15.4703, -0.204248, -3.00867, 0.300947, 0.300947, 0.699053
15.4704, -0.204248, -3.00867, 0.300947, 0.300947, 0.699053
15.4704, -0.204248, -3.00867, 0.300947, 0.300947, 0.699053
15.4705, -0.204248, -3.00867, 0.300947, 0.300947, 0.699053
15.4705, -0.204248, -3.00867, 0.300947, 0.300947, 0.699053
15.4706, -0.204248, -3.00867, 0.300947, 0.300947, 0.699053
15.4707, -0.204248, -3.00867, 0.300947, 0.300947, 0.699053
15.4707, -0.204248, -3.00867, 0.300947, 0.300947, 0.699053
15.4708, -0.204248, -3.00867, 0.300947, 0.300947, 0.699053
15.4708, -0.204248, -3.00867, 0.300947, 0.300947, 0.699053
15.4709, -0.204248, -3.00867, 0.300947, 0.300947, 0.699053
15.471, -0.204248, -3.00867, 0.300947, 0.300947, 0.699053
15.471, -0.204248, -3.00867, 0.300947, 0.300947, 0.699053
15.4711, -0.204248, -3.00867, 0.300947, 0.300947, 0.699053
15.4711, -0.204248, -3.00867, 0.300947, 0.300947, 0.699053
15.4712, -0.204248, -3.00867, 0.300947, 0.300947, 0.699053
15.4713, -0.204248, -3.00867, 0.300947, 0.300947, 0.699053
15.4713, -0.204248, -3.00867, 0.300947, 0.300947, 0.699053
15.4714, -0.204248, -3.00867, 0.300947, 0.300947, 0.699053
15.4714, -0.204248, -3.00867, 0.300947, 0.300947, 0.699053
15.4715, -0.204248, -3.00867, 0.300947, 0.300947, 0.699053
15.4716, -0.204248, -3.00867, 0.300947, 0.300947, 0.699053
15.4716, -0.204248, -3.00867, 0.300947, 0.300947, 0.699053
15.4717, -0.204248, -3.00867, 0.300947, 0.300947, 0.699053
15.4717, -0.204248, -3.00867, 0.300947, 0.300947, 0.699053
15.4718, -0.204248, -3.00867, 0.300947, 0.300947, 0.699053
15.4719, -0.204248, -3.00867, 0.300947, 0.300947, 0.699053
15.4719, -0.204248, -3.00867, 0.300947, 0.300947, 0.699053
15.472, -0.204248, -3.00867, 0.300947, 0.300947, 0.699053
15.472, -0.204248, -3.00867, 0.300947, 0.300947, 0.699053
15.4721, -0.204248, -3.00867, 0.300947, 0.300947, 0.699053
15.4722, -0.204248, -3.00867, 0.300947, 0.300947, 0.699053
15.4722, -0.204248, -3.00867, 0.300947, 0.300947, 0.699053
15.4723, -0.204248, -3.00867, 0.300947, 0.300947, 0.699053
15.4723, -0.204248, -3.00867, 0.300947, 0.300947, 0.699053
15.4724, -0.204248, -3.00867, 0.300947, 0.300947, 0.699053
15.4725, -0.204248, -3.00867, 0.300947, 0.300947, 0.699053
15.4725, -0.204248, -3.00867, 0.300947, 0.300947, 0.699053
15.4726, -0.204248, -3.00867, 0.300947, 0.300947, 0.699053
15.4726, -0.204248, -3.00867, 0.300947, 0.300947, 0.699053
15.4727, -0.204248, -3.00867, 0.300947, 0.300947, 0.699053
15.4728, -0.204248, -3.00867, 0.300947, 0.300947, 0.699053
15.4728, -0.204248, -3.00867, 0.300947, 0.300947, 0.699053
15.4729, -0.204248, -3.00867, 0.300947, 0.300947, 0.699053
15.4729, -0.204248, -3.00867, 0.300947, 0.300947, 0.699053
15.473, -0.204248, -3.00867, 0.300947, 0.300947, 0.699053
15.4731, -0.204248, -3.00867, 0.300947, 0.300947, 0.699053
15.4731, -0.204248, -3.00867, 0.300947, 0.300947, 0.699053
15.4732, -0.204248, -3.00867, 0.300947, 0.300947, 0.699053
15.4732, -0.204248, -3.00867, 0.300947, 0.300947, 0.699053
15.4733, -0.204248, -3.00867, 0.300947, 0.300947, 0.699053
15.4733, -0.204248, -3.00867, 0.300947, 0.300947, 0.699053
15.4734, -0.204248, -3.00867, 0.300947, 0.300947, 0.699053
15.4735, -0.204248, -3.00867, 0.300947, 0.300947, 0.699053
15.4735, -0.204248, -3.00867, 0.300947, 0.300947, 0.699053
15.4736, -0.204248, -3.00867, 0.300947, 0.300947, 0.699053
15.4736, -0.204248, -3.00867, 0.300947, 0.300947, 0.699053
15.4737, -0.204248, -3.00867, 0.300947, 0.300947, 0.699053
15.4738, -0.204248, -3.00867, 0.300947, 0.300947, 0.699053
15.4738, -0.204248, -3.00867, 0.300947, 0.300947, 0.699053
15.4739, -0.204248, -3.00867, 0.300947, 0.300947, 0.699053
15.4739, -0.204248, -3.00867, 0.300947, 0.300947, 0.699053
15.474, -0.204248, -3.00867, 0.300947, 0.300947, 0.699053
15.4741, -0.204248, -3.00867, 0.300947, 0.300947, 0.699053
15.4741, -0.204248, -3.00867, 0.300947, 0.300947, 0.699053
15.4742, -0.204248, -3.00867, 0.300947, 0.300947, 0.699053
15.4742, -0.204248, -3.00867, 0.300947, 0.300947, 0.699053
15.4743, -0.204248, -3.00867, 0.300947, 0.300947, 0.699053
15.4744, -0.204248, -3.00867, 0.300947, 0.300947, 0.699053
15.4744, -0.204248, -3.00867, 0.300947, 0.300947, 0.699053
15.4745, -0.204248, -3.00867, 0.300947, 0.300947, 0.699053
15.4745, -0.204261, -3.00881, 0.300968, 0.300968, 0.699032
15.4746, -0.204261, -3.00881, 0.300968, 0.300968, 0.699032
15.4747, -0.204261, -3.00881, 0.300968, 0.300968, 0.699032
15.4747, -0.204261, -3.00881, 0.300968, 0.300968, 0.699032
15.4748, -0.204261, -3.00881, 0.300968, 0.300968, 0.699032
15.4748, -0.204261, -3.00881, 0.300968, 0.300968, 0.699032
15.4749, -0.204261, -3.00881, 0.300968, 0.300968, 0.699032
15.475, -0.204261, -3.00881, 0.300968, 0.300968, 0.699032
15.475, -0.204261, -3.00881, 0.300968, 0.300968, 0.699032
15.4751, -0.204261, -3.00881, 0.300968, 0.300968, 0.699032
15.4751, -0.204261, -3.00881, 0.300968, 0.300968, 0.699032
15.4752, -0.204261, -3.00881, 0.300968, 0.300968, 0.699032
15.4753, -0.204261, -3.00881, 0.300968, 0.300968, 0.699032
15.4753, -0.204261, -3.00881, 0.300968, 0.300968, 0.699032
15.4754, -0.204261, -3.00881, 0.300968, 0.300968, 0.699032
15.4754, -0.204261, -3.00881, 0.300968, 0.300968, 0.699032
15.4755, -0.204261, -3.00881, 0.300968, 0.300968, 0.699032
15.4756, -0.204261, -3.00881, 0.300968, 0.300968, 0.699032
15.4756, -0.204261, -3.00881, 0.300968, 0.300968, 0.699032
15.4757, -0.204261, -3.00881, 0.300968, 0.300968, 0.699032
15.4757, -0.204261, -3.00881, 0.300968, 0.300968, 0.699032
15.4758, -0.204261, -3.00881, 0.300968, 0.300968, 0.699032
15.4759, -0.204261, -3.00881, 0.300968, 0.300968, 0.699032
15.4759, -0.204261, -3.00881, 0.300968, 0.300968, 0.699032
15.476, -0.204261, -3.00881, 0.300968, 0.300968, 0.699032
15.476, -0.204261, -3.00881, 0.300968, 0.300968, 0.699032
15.4761, -0.204261, -3.00881, 0.300968, 0.300968, 0.699032
15.4762, -0.204261, -3.00881, 0.300968, 0.300968, 0.699032
15.4762, -0.204261, -3.00881, 0.300968, 0.300968, 0.699032
15.4763, -0.204261, -3.00881, 0.300968, 0.300968, 0.699032
15.4763, -0.204261, -3.00881, 0.300968, 0.300968, 0.699032
15.4764, -0.204261, -3.00881, 0.300968, 0.300968, 0.699032
15.4764, -0.204261, -3.00881, 0.300968, 0.300968, 0.699032
15.4765, -0.204261, -3.00881, 0.300968, 0.300968, 0.699032
15.4766, -0.204261, -3.00881, 0.300968, 0.300968, 0.699032
15.4766, -0.204261, -3.00881, 0.300968, 0.300968, 0.699032
15.4767, -0.204261, -3.00881, 0.300968, 0.300968, 0.699032
15.4767, -0.204261, -3.00881, 0.300968, 0.300968, 0.699032
15.4768, -0.204261, -3.00881, 0.300968, 0.300968, 0.699032
15.4769, -0.204261, -3.00881, 0.300968, 0.300968, 0.699032
15.4769, -0.204261, -3.00881, 0.300968, 0.300968, 0.699032
15.477, -0.204261, -3.00881, 0.300968, 0.300968, 0.699032
15.477, -0.204261, -3.00881, 0.300968, 0.300968, 0.699032
15.4771, -0.204261, -3.00881, 0.300968, 0.300968, 0.699032
15.4772, -0.204261, -3.00881, 0.300968, 0.300968, 0.699032
15.4772, -0.204261, -3.00881, 0.300968, 0.300968, 0.699032
15.4773, -0.204261, -3.00881, 0.300968, 0.300968, 0.699032
15.4773, -0.204261, -3.00881, 0.300968, 0.300968, 0.699032
15.4774, -0.204261, -3.00881, 0.300968, 0.300968, 0.699032
15.4775, -0.204261, -3.00881, 0.300968, 0.300968, 0.699032
15.4775, -0.204261, -3.00881, 0.300968, 0.300968, 0.699032
15.4776, -0.204261, -3.00881, 0.300968, 0.300968, 0.699032
15.4776, -0.204261, -3.00881, 0.300968, 0.300968, 0.699032
15.4777, -0.204261, -3.00881, 0.300968, 0.300968, 0.699032
15.4778, -0.204261, -3.00881, 0.300968, 0.300968, 0.699032
15.4778, -0.204261, -3.00881, 0.300968, 0.300968, 0.699032
15.4779, -0.204261, -3.00881, 0.300968, 0.300968, 0.699032
15.4779, -0.204261, -3.00881, 0.300968, 0.300968, 0.699032
15.478, -0.204261, -3.00881, 0.300968, 0.300968, 0.699032
15.4781, -0.204261, -3.00881, 0.300968, 0.300968, 0.699032
15.4781, -0.204261, -3.00881, 0.300968, 0.300968, 0.699032
15.4782, -0.204261, -3.00881, 0.300968, 0.300968, 0.699032
15.4782, -0.204261, -3.00881, 0.300968, 0.300968, 0.699032
15.4783, -0.204261, -3.00881, 0.300968, 0.300968, 0.699032
15.4784, -0.204261, -3.00881, 0.300968, 0.300968, 0.699032
15.4784, -0.204261, -3.00881, 0.300968, 0.300968, 0.699032
15.4785, -0.204261, -3.00881, 0.300968, 0.300968, 0.699032
15.4785, -0.204261, -3.00881, 0.300968, 0.300968, 0.699032
15.4786, -0.204261, -3.00881, 0.300968, 0.300968, 0.699032
15.4787, -0.204261, -3.00881, 0.300968, 0.300968, 0.699032
15.4787, -0.204261, -3.00881, 0.300968, 0.300968, 0.699032
15.4788, -0.204275, -3.00895, 0.300988, 0.300988, 0.699012
15.4788, -0.204275, -3.00895, 0.300988, 0.300988, 0.699012
15.4789, -0.204275, -3.00895, 0.300988, 0.300988, 0.699012
15.479, -0.204275, -3.00895, 0.300988, 0.300988, 0.699012
15.479, -0.204275, -3.00895, 0.300988, 0.300988, 0.699012
15.4791, -0.204275, -3.00895, 0.300988, 0.300988, 0.699012
15.4791, -0.204275, -3.00895, 0.300988, 0.300988, 0.699012
15.4792, -0.204275, -3.00895, 0.300988, 0.300988, 0.699012
15.4793, -0.204275, -3.00895, 0.300988, 0.300988, 0.699012
15.4793, -0.204275, -3.00895, 0.300988, 0.300988, 0.699012
15.4794, -0.204275, -3.00895, 0.300988, 0.300988, 0.699012
15.4794, -0.204275, -3.00895, 0.300988, 0.300988, 0.699012
15.4795, -0.204275, -3.00895, 0.300988, 0.300988, 0.699012
15.4795, -0.204275, -3.00895, 0.300988, 0.300988, 0.699012
15.4796, -0.204275, -3.00895, 0.300988, 0.300988, 0.699012
15.4797, -0.204275, -3.00895, 0.300988, 0.300988, 0.699012
15.4797, -0.204275, -3.00895, 0.300988, 0.300988, 0.699012
15.4798, -0.204275, -3.00895, 0.300988, 0.300988, 0.699012
15.4798, -0.204275, -3.00895, 0.300988, 0.300988, 0.699012
15.4799, -0.204275, -3.00895, 0.300988, 0.300988, 0.699012
15.48, -0.204275, -3.00895, 0.300988, 0.300988, 0.699012
15.48, -0.204275, -3.00895, 0.300988, 0.300988, 0.699012
15.4801, -0.204275, -3.00895, 0.300988, 0.300988, 0.699012
15.4801, -0.204275, -3.00895, 0.300988, 0.300988, 0.699012
15.4802, -0.204275, -3.00895, 0.300988, 0.300988, 0.699012
15.4803, -0.204275, -3.00895, 0.300988, 0.300988, 0.699012
15.4803, -0.204275, -3.00895, 0.300988, 0.300988, 0.699012
15.4804, -0.204275, -3.00895, 0.300988, 0.300988, 0.699012
15.4804, -0.204275, -3.00895, 0.300988, 0.300988, 0.699012
15.4805, -0.204275, -3.00895, 0.300988, 0.300988, 0.699012
15.4806, -0.204275, -3.00895, 0.300988, 0.300988, 0.699012
15.4806, -0.204275, -3.00895, 0.300988, 0.300988, 0.699012
15.4807, -0.204275, -3.00895, 0.300988, 0.300988, 0.699012
15.4807, -0.204275, -3.00895, 0.300988, 0.300988, 0.699012
15.4808, -0.204275, -3.00895, 0.300988, 0.300988, 0.699012
15.4809, -0.204275, -3.00895, 0.300988, 0.300988, 0.699012
15.4809, -0.204275, -3.00895, 0.300988, 0.300988, 0.699012
15.481, -0.204275, -3.00895, 0.300988, 0.300988, 0.699012
15.481, -0.204275, -3.00895, 0.300988, 0.300988, 0.699012
15.4811, -0.204275, -3.00895, 0.300988, 0.300988, 0.699012
15.4812, -0.204275, -3.00895, 0.300988, 0.300988, 0.699012
15.4812, -0.204275, -3.00895, 0.300988, 0.300988, 0.699012
15.4813, -0.204275, -3.00895, 0.300988, 0.300988, 0.699012
15.4813, -0.204275, -3.00895, 0.300988, 0.300988, 0.699012
15.4814, -0.204275, -3.00895, 0.300988, 0.300988, 0.699012
15.4815, -0.204275, -3.00895, 0.300988, 0.300988, 0.699012
15.4815, -0.204275, -3.00895, 0.300988, 0.300988, 0.699012
15.4816, -0.204275, -3.00895, 0.300988, 0.300988, 0.699012
15.4816, -0.204275, -3.00895, 0.300988, 0.300988, 0.699012
15.4817, -0.204275, -3.00895, 0.300988, 0.300988, 0.699012
15.4818, -0.204275, -3.00895, 0.300988, 0.300988, 0.699012
15.4818, -0.204275, -3.00895, 0.300988, 0.300988, 0.699012
15.4819, -0.204275, -3.00895, 0.300988, 0.300988, 0.699012
15.4819, -0.204275, -3.00895, 0.300988, 0.300988, 0.699012
15.482, -0.204275, -3.00895, 0.300988, 0.300988, 0.699012
15.4821, -0.204275, -3.00895, 0.300988, 0.300988, 0.699012
15.4821, -0.204275, -3.00895, 0.300988, 0.300988, 0.699012
15.4822, -0.204275, -3.00895, 0.300988, 0.300988, 0.699012
15.4822, -0.204275, -3.00895, 0.300988, 0.300988, 0.699012
15.4823, -0.204275, -3.00895, 0.300988, 0.300988, 0.699012
15.4824, -0.204275, -3.00895, 0.300988, 0.300988, 0.699012
15.4824, -0.204275, -3.00895, 0.300988, 0.300988, 0.699012
15.4825, -0.204275, -3.00895, 0.300988, 0.300988, 0.699012
15.4825, -0.204275, -3.00895, 0.300988, 0.300988, 0.699012
15.4826, -0.204275, -3.00895, 0.300988, 0.300988, 0.699012
15.4826, -0.204275, -3.00895, 0.300988, 0.300988, 0.699012
15.4827, -0.204275, -3.00895, 0.300988, 0.300988, 0.699012
15.4828, -0.204275, -3.00895, 0.300988, 0.300988, 0.699012
15.4828, -0.204275, -3.00895, 0.300988, 0.300988, 0.699012
15.4829, -0.204275, -3.00895, 0.300988, 0.300988, 0.699012
15.4829, -0.204275, -3.00895, 0.300988, 0.300988, 0.699012
15.483, -0.204275, -3.00895, 0.300988, 0.300988, 0.699012
15.4831, -0.204288, -3.00909, 0.301008, 0.301008, 0.698992
15.4831, -0.204288, -3.00909, 0.301008, 0.301008, 0.698992
15.4832, -0.204288, -3.00909, 0.301008, 0.301008, 0.698992
15.4832, -0.204288, -3.00909, 0.301008, 0.301008, 0.698992
15.4833, -0.204288, -3.00909, 0.301008, 0.301008, 0.698992
15.4834, -0.204288, -3.00909, 0.301008, 0.301008, 0.698992
15.4834, -0.204288, -3.00909, 0.301008, 0.301008, 0.698992
15.4835, -0.204288, -3.00909, 0.301008, 0.301008, 0.698992
15.4835, -0.204288, -3.00909, 0.301008, 0.301008, 0.698992
15.4836, -0.204288, -3.00909, 0.301008, 0.301008, 0.698992
15.4837, -0.204288, -3.00909, 0.301008, 0.301008, 0.698992
15.4837, -0.204288, -3.00909, 0.301008, 0.301008, 0.698992
15.4838, -0.204288, -3.00909, 0.301008, 0.301008, 0.698992
15.4838, -0.204288, -3.00909, 0.301008, 0.301008, 0.698992
15.4839, -0.204288, -3.00909, 0.301008, 0.301008, 0.698992
15.484, -0.204288, -3.00909, 0.301008, 0.301008, 0.698992
15.484, -0.204288, -3.00909, 0.301008, 0.301008, 0.698992
15.4841, -0.204288, -3.00909, 0.301008, 0.301008, 0.698992
15.4841, -0.204288, -3.00909, 0.301008, 0.301008, 0.698992
15.4842, -0.204288, -3.00909, 0.301008, 0.301008, 0.698992
15.4843, -0.204288, -3.00909, 0.301008, 0.301008, 0.698992
15.4843, -0.204288, -3.00909, 0.301008, 0.301008, 0.698992
15.4844, -0.204288, -3.00909, 0.301008, 0.301008, 0.698992
15.4844, -0.204288, -3.00909, 0.301008, 0.301008, 0.698992
15.4845, -0.204288, -3.00909, 0.301008, 0.301008, 0.698992
15.4846, -0.204288, -3.00909, 0.301008, 0.301008, 0.698992
15.4846, -0.204288, -3.00909, 0.301008, 0.301008, 0.698992
15.4847, -0.204288, -3.00909, 0.301008, 0.301008, 0.698992
15.4847, -0.204288, -3.00909, 0.301008, 0.301008, 0.698992
15.4848, -0.204288, -3.00909, 0.301008, 0.301008, 0.698992
15.4849, -0.204288, -3.00909, 0.301008, 0.301008, 0.698992
15.4849, -0.204288, -3.00909, 0.301008, 0.301008, 0.698992
15.485, -0.204288, -3.00909, 0.301008, 0.301008, 0.698992
15.485, -0.204288, -3.00909, 0.301008, 0.301008, 0.698992
15.4851, -0.204288, -3.00909, 0.301008, 0.301008, 0.698992
15.4852, -0.204288, -3.00909, 0.301008, 0.301008, 0.698992
15.4852, -0.204288, -3.00909, 0.301008, 0.301008, 0.698992
15.4853, -0.204288, -3.00909, 0.301008, 0.301008, 0.698992
15.4853, -0.204288, -3.00909, 0.301008, 0.301008, 0.698992
15.4854, -0.204288, -3.00909, 0.301008, 0.301008, 0.698992
15.4855, -0.204288, -3.00909, 0.301008, 0.301008, 0.698992
15.4855, -0.204288, -3.00909, 0.301008, 0.301008, 0.698992
15.4856, -0.204288, -3.00909, 0.301008, 0.301008, 0.698992
15.4856, -0.204288, -3.00909, 0.301008, 0.301008, 0.698992
15.4857, -0.204288, -3.00909, 0.301008, 0.301008, 0.698992
15.4858, -0.204288, -3.00909, 0.301008, 0.301008, 0.698992
15.4858, -0.204288, -3.00909, 0.301008, 0.301008, 0.698992
15.4859, -0.204288, -3.00909, 0.301008, 0.301008, 0.698992
15.4859, -0.204288, -3.00909, 0.301008, 0.301008, 0.698992
15.486, -0.204288, -3.00909, 0.301008, 0.301008, 0.698992
15.486, -0.204288, -3.00909, 0.301008, 0.301008, 0.698992
15.4861, -0.204288, -3.00909, 0.301008, 0.301008, 0.698992
15.4862, -0.204288, -3.00909, 0.301008, 0.301008, 0.698992
15.4862, -0.204288, -3.00909, 0.301008, 0.301008, 0.698992
15.4863, -0.204288, -3.00909, 0.301008, 0.301008, 0.698992
15.4863, -0.204288, -3.00909, 0.301008, 0.301008, 0.698992
15.4864, -0.204288, -3.00909, 0.301008, 0.301008, 0.698992
15.4865, -0.204288, -3.00909, 0.301008, 0.301008, 0.698992
15.4865, -0.204288, -3.00909, 0.301008, 0.301008, 0.698992
15.4866, -0.204288, -3.00909, 0.301008, 0.301008, 0.698992
15.4866, -0.204288, -3.00909, 0.301008, 0.301008, 0.698992
15.4867, -0.204288, -3.00909, 0.301008, 0.301008, 0.698992
15.4868, -0.204288, -3.00909, 0.301008, 0.301008, 0.698992
15.4868, -0.204288, -3.00909, 0.301008, 0.301008, 0.698992
15.4869, -0.204288, -3.00909, 0.301008, 0.301008, 0.698992
15.4869, -0.204288, -3.00909, 0.301008, 0.301008, 0.698992
15.487, -0.204288, -3.00909, 0.301008, 0.301008, 0.698992
15.4871, -0.204288, -3.00909, 0.301008, 0.301008, 0.698992
15.4871, -0.204288, -3.00909, 0.301008, 0.301008, 0.698992
15.4872, -0.204288, -3.00909, 0.301008, 0.301008, 0.698992
15.4872, -0.204288, -3.00909, 0.301008, 0.301008, 0.698992
15.4873, -0.204301, -3.00923, 0.301029, 0.301029, 0.698971
15.4874, -0.204301, -3.00923, 0.301029, 0.301029, 0.698971
15.4874, -0.204301, -3.00923, 0.301029, 0.301029, 0.698971
15.4875, -0.204301, -3.00923, 0.301029, 0.301029, 0.698971
15.4875, -0.204301, -3.00923, 0.301029, 0.301029, 0.698971
15.4876, -0.204301, -3.00923, 0.301029, 0.301029, 0.698971
15.4877, -0.204301, -3.00923, 0.301029, 0.301029, 0.698971
15.4877, -0.204301, -3.00923, 0.301029, 0.301029, 0.698971
15.4878, -0.204301, -3.00923, 0.301029, 0.301029, 0.698971
15.4878, -0.204301, -3.00923, 0.301029, 0.301029, 0.698971
15.4879, -0.204301, -3.00923, 0.301029, 0.301029, 0.698971
15.488, -0.204301, -3.00923, 0.301029, 0.301029, 0.698971
15.488, -0.204301, -3.00923, 0.301029, 0.301029, 0.698971
15.4881, -0.204301, -3.00923, 0.301029, 0.301029, 0.698971
15.4881, -0.204301, -3.00923, 0.301029, 0.301029, 0.698971
15.4882, -0.204301, -3.00923, 0.301029, 0.301029, 0.698971
15.4883, -0.204301, -3.00923, 0.301029, 0.301029, 0.698971
15.4883, -0.204301, -3.00923, 0.301029, 0.301029, 0.698971
15.4884, -0.204301, -3.00923, 0.301029, 0.301029, 0.698971
15.4884, -0.204301, -3.00923, 0.301029, 0.301029, 0.698971
15.4885, -0.204301, -3.00923, 0.301029, 0.301029, 0.698971
15.4886, -0.204301, -3.00923, 0.301029, 0.301029, 0.698971
15.4886, -0.204301, -3.00923, 0.301029, 0.301029, 0.698971
15.4887, -0.204301, -3.00923, 0.301029, 0.301029, 0.698971
15.4887, -0.204301, -3.00923, 0.301029, 0.301029, 0.698971
15.4888, -0.204301, -3.00923, 0.301029, 0.301029, 0.698971
15.4889, -0.204301, -3.00923, 0.301029, 0.301029, 0.698971
15.4889, -0.204301, -3.00923, 0.301029, 0.301029, 0.698971
15.489, -0.204301, -3.00923, 0.301029, 0.301029, 0.698971
15.489, -0.204301, -3.00923, 0.301029, 0.301029, 0.698971
15.4891, -0.204301, -3.00923, 0.301029, 0.301029, 0.698971
15.4891, -0.204301, -3.00923, 0.301029, 0.301029, 0.698971
15.4892, -0.204301, -3.00923, 0.301029, 0.301029, 0.698971
15.4893, -0.204301, -3.00923, 0.301029, 0.301029, 0.698971
15.4893, -0.204301, -3.00923, 0.301029, 0.301029, 0.698971
15.4894, -0.204301, -3.00923, 0.301029, 0.301029, 0.698971
15.4894, -0.204301, -3.00923, 0.301029, 0.301029, 0.698971
15.4895, -0.204301, -3.00923, 0.301029, 0.301029, 0.698971
15.4896, -0.204301, -3.00923, 0.301029, 0.301029, 0.698971
15.4896, -0.204301, -3.00923, 0.301029, 0.301029, 0.698971
15.4897, -0.204301, -3.00923, 0.301029, 0.301029, 0.698971
15.4897, -0.204301, -3.00923, 0.301029, 0.301029, 0.698971
15.4898, -0.204301, -3.00923, 0.301029, 0.301029, 0.698971
15.4899, -0.204301, -3.00923, 0.301029, 0.301029, 0.698971
15.4899, -0.204301, -3.00923, 0.301029, 0.301029, 0.698971
15.49, -0.204301, -3.00923, 0.301029, 0.301029, 0.698971
15.49, -0.204301, -3.00923, 0.301029, 0.301029, 0.698971
15.4901, -0.204301, -3.00923, 0.301029, 0.301029, 0.698971
15.4902, -0.204301, -3.00923, 0.301029, 0.301029, 0.698971
15.4902, -0.204301, -3.00923, 0.301029, 0.301029, 0.698971
15.4903, -0.204301, -3.00923, 0.301029, 0.301029, 0.698971
15.4903, -0.204301, -3.00923, 0.301029, 0.301029, 0.698971
15.4904, -0.204301, -3.00923, 0.301029, 0.301029, 0.698971
15.4905, -0.204301, -3.00923, 0.301029, 0.301029, 0.698971
15.4905, -0.204301, -3.00923, 0.301029, 0.301029, 0.698971
15.4906, -0.204301, -3.00923, 0.301029, 0.301029, 0.698971
15.4906, -0.204301, -3.00923, 0.301029, 0.301029, 0.698971
15.4907, -0.204301, -3.00923, 0.301029, 0.301029, 0.698971
15.4908, -0.204301, -3.00923, 0.301029, 0.301029, 0.698971
15.4908, -0.204301, -3.00923, 0.301029, 0.301029, 0.698971
15.4909, -0.204301, -3.00923, 0.301029, 0.301029, 0.698971
15.4909, -0.204301, -3.00923, 0.301029, 0.301029, 0.698971
15.491, -0.204301, -3.00923, 0.301029, 0.301029, 0.698971
15.4911, -0.204301, -3.00923, 0.301029, 0.301029, 0.698971
15.4911, -0.204301, -3.00923, 0.301029, 0.301029, 0.698971
15.4912, -0.204301, -3.00923, 0.301029, 0.301029, 0.698971
15.4912, -0.204301, -3.00923, 0.301029, 0.301029, 0.698971
15.4913, -0.204301, -3.00923, 0.301029, 0.301029, 0.698971
15.4914, -0.204301, -3.00923, 0.301029, 0.301029, 0.698971
15.4914, -0.204301, -3.00923, 0.301029, 0.301029, 0.698971
15.4915, -0.204301, -3.00923, 0.301029, 0.301029, 0.698971
15.4915, -0.204315, -3.00937, 0.301049, 0.301049, 0.698951
15.4916, -0.204315, -3.00937, 0.301049, 0.301049, 0.698951
15.4917, -0.204315, -3.00937, 0.301049, 0.301049, 0.698951
15.4917, -0.204315, -3.00937, 0.301049, 0.301049, 0.698951
15.4918, -0.204315, -3.00937, 0.301049, 0.301049, 0.698951
15.4918, -0.204315, -3.00937, 0.301049, 0.301049, 0.698951
15.4919, -0.204315, -3.00937, 0.301049, 0.301049, 0.698951
15.492, -0.204315, -3.00937, 0.301049, 0.301049, 0.698951
15.492, -0.204315, -3.00937, 0.301049, 0.301049, 0.698951
15.4921, -0.204315, -3.00937, 0.301049, 0.301049, 0.698951
15.4921, -0.204315, -3.00937, 0.301049, 0.301049, 0.698951
15.4922, -0.204315, -3.00937, 0.301049, 0.301049, 0.698951
15.4922, -0.204315, -3.00937, 0.301049, 0.301049, 0.698951
15.4923, -0.204315, -3.00937, 0.301049, 0.301049, 0.698951
15.4924, -0.204315, -3.00937, 0.301049, 0.301049, 0.698951
15.4924, -0.204315, -3.00937, 0.301049, 0.301049, 0.698951
15.4925, -0.204315, -3.00937, 0.301049, 0.301049, 0.698951
15.4925, -0.204315, -3.00937, 0.301049, 0.301049, 0.698951
15.4926, -0.204315, -3.00937, 0.301049, 0.301049, 0.698951
15.4927, -0.204315, -3.00937, 0.301049, 0.301049, 0.698951
15.4927, -0.204315, -3.00937, 0.301049, 0.301049, 0.698951
15.4928, -0.204315, -3.00937, 0.301049, 0.301049, 0.698951
15.4928, -0.204315, -3.00937, 0.301049, 0.301049, 0.698951
15.4929, -0.204315, -3.00937, 0.301049, 0.301049, 0.698951
15.493, -0.204315, -3.00937, 0.301049, 0.301049, 0.698951
15.493, -0.204315, -3.00937, 0.301049, 0.301049, 0.698951
15.4931, -0.204315, -3.00937, 0.301049, 0.301049, 0.698951
15.4931, -0.204315, -3.00937, 0.301049, 0.301049, 0.698951
15.4932, -0.204315, -3.00937, 0.301049, 0.301049, 0.698951
15.4933, -0.204315, -3.00937, 0.301049, 0.301049, 0.698951
15.4933, -0.204315, -3.00937, 0.301049, 0.301049, 0.698951
15.4934, -0.204315, -3.00937, 0.301049, 0.301049, 0.698951
15.4934, -0.204315, -3.00937, 0.301049, 0.301049, 0.698951
15.4935, -0.204315, -3.00937, 0.301049, 0.301049, 0.698951
15.4936, -0.204315, -3.00937, 0.301049, 0.301049, 0.698951
15.4936, -0.204315, -3.00937, 0.301049, 0.301049, 0.698951
15.4937, -0.204315, -3.00937, 0.301049, 0.301049, 0.698951
15.4937, -0.204315, -3.00937, 0.301049, 0.301049, 0.698951
15.4938, -0.204315, -3.00937, 0.301049, 0.301049, 0.698951
15.4939, -0.204315, -3.00937, 0.301049, 0.301049, 0.698951
15.4939, -0.204315, -3.00937, 0.301049, 0.301049, 0.698951
15.494, -0.204315, -3.00937, 0.301049, 0.301049, 0.698951
15.494, -0.204315, -3.00937, 0.301049, 0.301049, 0.698951
15.4941, -0.204315, -3.00937, 0.301049, 0.301049, 0.698951
15.4942, -0.204315, -3.00937, 0.301049, 0.301049, 0.698951
15.4942, -0.204315, -3.00937, 0.301049, 0.301049, 0.698951
15.4943, -0.204315, -3.00937, 0.301049, 0.301049, 0.698951
15.4943, -0.204315, -3.00937, 0.301049, 0.301049, 0.698951
15.4944, -0.204315, -3.00937, 0.301049, 0.301049, 0.698951
15.4945, -0.204315, -3.00937, 0.301049, 0.301049, 0.698951
15.4945, -0.204315, -3.00937, 0.301049, 0.301049, 0.698951
15.4946, -0.204315, -3.00937, 0.301049, 0.301049, 0.698951
15.4946, -0.204315, -3.00937, 0.301049, 0.301049, 0.698951
15.4947, -0.204315, -3.00937, 0.301049, 0.301049, 0.698951
15.4948, -0.204315, -3.00937, 0.301049, 0.301049, 0.698951
15.4948, -0.204315, -3.00937, 0.301049, 0.301049, 0.698951
15.4949, -0.204315, -3.00937, 0.301049, 0.301049, 0.698951
15.4949, -0.204315, -3.00937, 0.301049, 0.301049, 0.698951
15.495, -0.204315, -3.00937, 0.301049, 0.301049, 0.698951
15.4951, -0.204315, -3.00937, 0.301049, 0.301049, 0.698951
15.4951, -0.204315, -3.00937, 0.301049, 0.301049, 0.698951
15.4952, -0.204315, -3.00937, 0.301049, 0.301049, 0.698951
15.4952, -0.204315, -3.00937, 0.301049, 0.301049, 0.698951
15.4953, -0.204315, -3.00937, 0.301049, 0.301049, 0.698951
15.4953, -0.204315, -3.00937, 0.301049, 0.301049, 0.698951
15.4954, -0.204315, -3.00937, 0.301049, 0.301049, 0.698951
15.4955, -0.204315, -3.00937, 0.301049, 0.301049, 0.698951
15.4955, -0.204315, -3.00937, 0.301049, 0.301049, 0.698951
15.4956, -0.204315, -3.00937, 0.301049, 0.301049, 0.698951
15.4956, -0.204315, -3.00937, 0.301049, 0.301049, 0.698951
15.4957, -0.204315, -3.00937, 0.301049, 0.301049, 0.698951
15.4958, -0.204315, -3.00937, 0.301049, 0.301049, 0.698951
15.4958, -0.204328, -3.00951, 0.30107, 0.30107, 0.69893
15.4959, -0.204328, -3.00951, 0.30107, 0.30107, 0.69893
15.4959, -0.204328, -3.00951, 0.30107, 0.30107, 0.69893
15.496, -0.204328, -3.00951, 0.30107, 0.30107, 0.69893
15.4961, -0.204328, -3.00951, 0.30107, 0.30107, 0.69893
15.4961, -0.204328, -3.00951, 0.30107, 0.30107, 0.69893
15.4962, -0.204328, -3.00951, 0.30107, 0.30107, 0.69893
15.4962, -0.204328, -3.00951, 0.30107, 0.30107, 0.69893
15.4963, -0.204328, -3.00951, 0.30107, 0.30107, 0.69893
15.4964, -0.204328, -3.00951, 0.30107, 0.30107, 0.69893
15.4964, -0.204328, -3.00951, 0.30107, 0.30107, 0.69893
15.4965, -0.204328, -3.00951, 0.30107, 0.30107, 0.69893
15.4965, -0.204328, -3.00951, 0.30107, 0.30107, 0.69893
15.4966, -0.204328, -3.00951, 0.30107, 0.30107, 0.69893
15.4967, -0.204328, -3.00951, 0.30107, 0.30107, 0.69893
15.4967, -0.204328, -3.00951, 0.30107, 0.30107, 0.69893
15.4968, -0.204328, -3.00951, 0.30107, 0.30107, 0.69893
15.4968, -0.204328, -3.00951, 0.30107, 0.30107, 0.69893
15.4969, -0.204328, -3.00951, 0.30107, 0.30107, 0.69893
15.497, -0.204328, -3.00951, 0.30107, 0.30107, 0.69893
15.497, -0.204328, -3.00951, 0.30107, 0.30107, 0.69893
15.4971, -0.204328, -3.00951, 0.30107, 0.30107, 0.69893
15.4971, -0.204328, -3.00951, 0.30107, 0.30107, 0.69893
15.4972, -0.204328, -3.00951, 0.30107, 0.30107, 0.69893
15.4973, -0.204328, -3.00951, 0.30107, 0.30107, 0.69893
15.4973, -0.204328, -3.00951, 0.30107, 0.30107, 0.69893
15.4974, -0.204328, -3.00951, 0.30107, 0.30107, 0.69893
15.4974, -0.204328, -3.00951, 0.30107, 0.30107, 0.69893
15.4975, -0.204328, -3.00951, 0.30107, 0.30107, 0.69893
15.4976, -0.204328, -3.00951, 0.30107, 0.30107, 0.69893
15.4976, -0.204328, -3.00951, 0.30107, 0.30107, 0.69893
15.4977, -0.204328, -3.00951, 0.30107, 0.30107, 0.69893
15.4977, -0.204328, -3.00951, 0.30107, 0.30107, 0.69893
15.4978, -0.204328, -3.00951, 0.30107, 0.30107, 0.69893
15.4979, -0.204328, -3.00951, 0.30107, 0.30107, 0.69893
15.4979, -0.204328, -3.00951, 0.30107, 0.30107, 0.69893
15.498, -0.204328, -3.00951, 0.30107, 0.30107, 0.69893
15.498, -0.204328, -3.00951, 0.30107, 0.30107, 0.69893
15.4981, -0.204328, -3.00951, 0.30107, 0.30107, 0.69893
15.4982, -0.204328, -3.00951, 0.30107, 0.30107, 0.69893
15.4982, -0.204328, -3.00951, 0.30107, 0.30107, 0.69893
15.4983, -0.204328, -3.00951, 0.30107, 0.30107, 0.69893
15.4983, -0.204328, -3.00951, 0.30107, 0.30107, 0.69893
15.4984, -0.204328, -3.00951, 0.30107, 0.30107, 0.69893
15.4984, -0.204328, -3.00951, 0.30107, 0.30107, 0.69893
15.4985, -0.204328, -3.00951, 0.30107, 0.30107, 0.69893
15.4986, -0.204328, -3.00951, 0.30107, 0.30107, 0.69893
15.4986, -0.204328, -3.00951, 0.30107, 0.30107, 0.69893
15.4987, -0.204328, -3.00951, 0.30107, 0.30107, 0.69893
15.4987, -0.204328, -3.00951, 0.30107, 0.30107, 0.69893
15.4988, -0.204328, -3.00951, 0.30107, 0.30107, 0.69893
15.4989, -0.204328, -3.00951, 0.30107, 0.30107, 0.69893
15.4989, -0.204328, -3.00951, 0.30107, 0.30107, 0.69893
15.499, -0.204328, -3.00951, 0.30107, 0.30107, 0.69893
15.499, -0.204328, -3.00951, 0.30107, 0.30107, 0.69893
15.4991, -0.204328, -3.00951, 0.30107, 0.30107, 0.69893
15.4992, -0.204328, -3.00951, 0.30107, 0.30107, 0.69893
15.4992, -0.204328, -3.00951, 0.30107, 0.30107, 0.69893
15.4993, -0.204328, -3.00951, 0.30107, 0.30107, 0.69893
15.4993, -0.204328, -3.00951, 0.30107, 0.30107, 0.69893
15.4994, -0.204328, -3.00951, 0.30107, 0.30107, 0.69893
15.4995, -0.204328, -3.00951, 0.30107, 0.30107, 0.69893
15.4995, -0.204328, -3.00951, 0.30107, 0.30107, 0.69893
15.4996, -0.204328, -3.00951, 0.30107, 0.30107, 0.69893
15.4996, -0.204328, -3.00951, 0.30107, 0.30107, 0.69893
15.4997, -0.204328, -3.00951, 0.30107, 0.30107, 0.69893
15.4998, -0.204328, -3.00951, 0.30107, 0.30107, 0.69893
15.4998, -0.204328, -3.00951, 0.30107, 0.30107, 0.69893
15.4999, -0.204328, -3.00951, 0.30107, 0.30107, 0.69893
15.4999, -0.204328, -3.00951, 0.30107, 0.30107, 0.69893
15.5, -0.204328, -3.00951, 0.30107, 0.30107, 0.69893
