Cycle num, CSR, Shear strain (%), Vert eff stress (atm), Vert eff stress ratio, ru
0, 0.00880415, 0, 0.999982, 0.999982, 1.79175e-05
0.0178571, 0.00880415, 0, 0.999982, 0.999982, 1.79174e-05
0.0357143, 0.00880415, 0, 0.999982, 0.999982, 1.79174e-05
0.0535714, 0.00880415, 0, 0.999982, 0.999982, 1.79174e-05
0.0714286, 0.00880415, 0, 0.999982, 0.999982, 1.79174e-05
0.0892857, 0.00880415, 0, 0.999982, 0.999982, 1.79174e-05
0.107143, 0.00880415, 0, 0.999982, 0.999982, 1.79174e-05
0.125, 0.0302191, 0.00532706, 0.998769, 0.998817, 0.00118319
0.142857, 0.0542339, 0.0123364, 0.995733, 0.995803, 0.0041973
0.160714, 0.0749528, 0.0193457, 0.991955, 0.992034, 0.00796568
0.178571, 0.0932177, 0.026355, 0.987858, 0.987942, 0.012058
0.196429, 0.109584, 0.0333642, 0.983645, 0.983729, 0.0162708
0.214286, 0.124435, 0.0403735, 0.979415, 0.979499, 0.0205011
0.232143, 0.138044, 0.0473828, 0.975222, 0.975305, 0.0246949
0.25, 0.138563, 0.0504669, 0.97232, 0.972324, 0.0276765
0.270833, 0.110509, 0.0434576, 0.971057, 0.971098, 0.028902
0.291667, 0.0865497, 0.0364483, 0.968574, 0.96863, 0.03137
0.3125, 0.0656572, 0.029439, 0.965602, 0.965664, 0.0343364
0.333333, 0.0470671, 0.0224297, 0.962436, 0.9625, 0.0375003
0.354167, 0.0302687, 0.0154205, 0.959211, 0.959275, 0.0407249
0.375, 0.0149083, 0.00841115, 0.955992, 0.956056, 0.0439439
0.395833, 0.00073091, 0.00140186, 0.952813, 0.952876, 0.0471239
0.416667, -0.012453, -0.00560744, 0.94969, 0.949752, 0.0502484
0.4375, -0.0247888, -0.0126167, 0.94663, 0.94669, 0.0533097
0.458333, -0.0363904, -0.019626, 0.943636, 0.943695, 0.0563049
0.479167, -0.0473488, -0.0266353, 0.940708, 0.940766, 0.0592337
0.5, -0.0577384, -0.0336446, 0.937846, 0.937902, 0.0620975
0.520833, -0.0676203, -0.0406539, 0.935046, 0.935102, 0.0648985
0.541667, -0.0770458, -0.0476632, 0.932307, 0.932361, 0.0676391
0.5625, -0.0860582, -0.0546725, 0.929625, 0.929678, 0.0703222
0.583333, -0.0946947, -0.0616818, 0.926998, 0.92705, 0.0729504
0.604167, -0.102987, -0.0686911, 0.924422, 0.924473, 0.0755266
0.625, -0.110963, -0.0757004, 0.921897, 0.921947, 0.0780532
0.645833, -0.118647, -0.0827097, 0.919418, 0.919467, 0.0805329
0.666667, -0.126061, -0.089719, 0.916984, 0.917032, 0.0829679
0.6875, -0.133223, -0.0967283, 0.914592, 0.91464, 0.0853605
0.708333, -0.14015, -0.103738, 0.912241, 0.912287, 0.0877127
0.729167, -0.146857, -0.110747, 0.909928, 0.909974, 0.0900265
0.75, -0.119543, -0.104579, 0.909389, 0.909413, 0.0905875
0.771739, -0.0946436, -0.0975694, 0.907801, 0.907839, 0.0921609
0.793478, -0.0731741, -0.0905601, 0.905753, 0.905797, 0.0942034
0.815217, -0.0541946, -0.0835508, 0.903524, 0.903569, 0.096431
0.836957, -0.0371143, -0.0765415, 0.901231, 0.901277, 0.0987231
0.858696, -0.0215387, -0.0695322, 0.898931, 0.898977, 0.101023
0.880435, -0.00719025, -0.0625229, 0.896652, 0.896698, 0.103302
0.902174, 0.00613423, -0.0555136, 0.894408, 0.894453, 0.105547
0.923913, 0.0185885, -0.0485043, 0.892205, 0.892249, 0.107751
0.945652, 0.0302922, -0.041495, 0.890046, 0.890089, 0.109911
0.967391, 0.0413403, -0.0344857, 0.887932, 0.887973, 0.112027
0.98913, 0.0518097, -0.0274764, 0.885861, 0.885902, 0.114098
1.01087, 0.0617637, -0.0204671, 0.883832, 0.883872, 0.116128
1.03261, 0.071255, -0.0134578, 0.881844, 0.881884, 0.118116
1.05435, 0.0803281, -0.00644855, 0.879895, 0.879934, 0.120066
1.07609, 0.0890209, 0.000560744, 0.877983, 0.878021, 0.121979
1.09783, 0.0973661, 0.00757004, 0.876106, 0.876143, 0.123857
1.11957, 0.105392, 0.0145793, 0.874262, 0.874298, 0.125702
1.1413, 0.113123, 0.0215886, 0.872449, 0.872485, 0.127515
1.16304, 0.120581, 0.0285979, 0.870666, 0.870701, 0.129299
1.18478, 0.127786, 0.0356072, 0.868911, 0.868946, 0.131054
1.20652, 0.134754, 0.0426165, 0.867183, 0.867217, 0.132783
1.22826, 0.1415, 0.0496258, 0.86548, 0.865514, 0.134486
1.25, 0.143532, 0.0549529, 0.864038, 0.864038, 0.135962
1.27083, 0.114765, 0.0479436, 0.863566, 0.863586, 0.136414
1.29167, 0.0907077, 0.0409343, 0.862347, 0.862374, 0.137626
1.3125, 0.0698866, 0.033925, 0.860851, 0.860882, 0.139118
1.33333, 0.0514164, 0.0269157, 0.859248, 0.85928, 0.14072
1.35417, 0.0347464, 0.0199064, 0.857609, 0.857642, 0.142358
1.375, 0.0195086, 0.0128971, 0.855969, 0.856001, 0.143999
1.39583, 0.00544367, 0.00588781, 0.854344, 0.854376, 0.145624
1.41667, -0.00763929, -0.00112149, 0.852743, 0.852775, 0.147225
1.4375, -0.0198852, -0.00813078, 0.85117, 0.851201, 0.148799
1.45833, -0.0314073, -0.0151401, 0.849626, 0.849656, 0.150344
1.47917, -0.0422955, -0.0221494, 0.848111, 0.848141, 0.151859
1.5, -0.0526232, -0.0291587, 0.846625, 0.846654, 0.153346
1.52083, -0.0624506, -0.036168, 0.845166, 0.845195, 0.154805
1.54167, -0.0718282, -0.0431773, 0.843734, 0.843763, 0.156237
1.5625, -0.0807988, -0.0501866, 0.842327, 0.842355, 0.157645
1.58333, -0.0893985, -0.0571959, 0.840943, 0.840971, 0.159029
1.60417, -0.0976589, -0.0642051, 0.839582, 0.839609, 0.160391
1.625, -0.105607, -0.0712144, 0.838242, 0.838268, 0.161732
1.64583, -0.113267, -0.0782237, 0.836921, 0.836947, 0.163053
1.66667, -0.12066, -0.085233, 0.835619, 0.835645, 0.164355
1.6875, -0.127804, -0.0922423, 0.834335, 0.83436, 0.16564
1.70833, -0.134717, -0.0992516, 0.833067, 0.833092, 0.166908
1.72917, -0.141412, -0.106261, 0.831815, 0.83184, 0.16816
1.75, -0.144153, -0.111868, 0.830727, 0.830727, 0.169273
1.77, -0.115442, -0.104859, 0.830386, 0.8304, 0.1696
1.79, -0.0915026, -0.0978498, 0.82951, 0.82953, 0.17047
1.81, -0.0707933, -0.0908405, 0.828438, 0.828461, 0.171539
1.83, -0.0524212, -0.0838312, 0.82729, 0.827314, 0.172686
1.85, -0.0358363, -0.0768219, 0.826116, 0.82614, 0.17386
1.87, -0.0206728, -0.0698126, 0.82494, 0.824964, 0.175036
1.89, -0.00667286, -0.0628033, 0.823774, 0.823797, 0.176203
1.91, 0.00635262, -0.055794, 0.822622, 0.822645, 0.177355
1.93, 0.0185474, -0.0487847, 0.821488, 0.821511, 0.178489
1.95, 0.0300234, -0.0417754, 0.820373, 0.820396, 0.179604
1.97, 0.0408702, -0.0347661, 0.819277, 0.819299, 0.180701
1.99, 0.0511602, -0.0277568, 0.818199, 0.818221, 0.181779
2.01, 0.0609533, -0.0207475, 0.817139, 0.81716, 0.18284
2.03, 0.0702994, -0.0137382, 0.816095, 0.816116, 0.183884
2.05, 0.0792409, -0.00672892, 0.815067, 0.815087, 0.184913
2.07, 0.0878138, 0.000280372, 0.814053, 0.814073, 0.185927
2.09, 0.0960493, 0.00728967, 0.813053, 0.813073, 0.186927
2.11, 0.103974, 0.014299, 0.812066, 0.812085, 0.187915
2.13, 0.111613, 0.0213083, 0.81109, 0.81111, 0.18889
2.15, 0.118986, 0.0283176, 0.810126, 0.810145, 0.189855
2.17, 0.126111, 0.0353269, 0.809172, 0.809191, 0.190809
2.19, 0.133005, 0.0423361, 0.808228, 0.808247, 0.191753
2.21, 0.139683, 0.0493454, 0.807293, 0.807312, 0.192688
2.23, 0.146159, 0.0563547, 0.806367, 0.806385, 0.193615
2.25, 0.122242, 0.0515884, 0.806121, 0.806128, 0.193872
2.27083, 0.0972245, 0.0445791, 0.805564, 0.805577, 0.194423
2.29167, 0.0757884, 0.0375698, 0.804825, 0.804841, 0.195159
2.3125, 0.0568867, 0.0305605, 0.804016, 0.804032, 0.195968
2.33333, 0.0398953, 0.0235512, 0.803179, 0.803196, 0.196804
2.35417, 0.0244078, 0.0165419, 0.802336, 0.802353, 0.197647
2.375, 0.0101425, 0.00953264, 0.801496, 0.801513, 0.198487
2.39583, -0.00310513, 0.00252335, 0.800665, 0.800681, 0.199319
2.41667, -0.0154892, -0.00448595, 0.799844, 0.79986, 0.20014
2.4375, -0.0271289, -0.0114952, 0.799034, 0.79905, 0.20095
2.45833, -0.0381188, -0.0185045, 0.798236, 0.798252, 0.201748
2.47917, -0.0485354, -0.0255138, 0.797448, 0.797464, 0.202536
2.5, -0.0584412, -0.0325231, 0.796672, 0.796687, 0.203313
2.52083, -0.0678887, -0.0395324, 0.795904, 0.79592, 0.20408
2.54167, -0.0769218, -0.0465417, 0.795146, 0.795161, 0.204839
2.5625, -0.0855781, -0.053551, 0.794397, 0.794412, 0.205588
2.58333, -0.0938899, -0.0605603, 0.793655, 0.79367, 0.20633
2.60417, -0.101885, -0.0675696, 0.79292, 0.792935, 0.207065
2.625, -0.109588, -0.0745789, 0.792191, 0.792206, 0.207794
2.64583, -0.117021, -0.0815882, 0.791469, 0.791483, 0.208517
2.66667, -0.124202, -0.0885975, 0.790752, 0.790766, 0.209234
2.6875, -0.131148, -0.0956068, 0.790039, 0.790054, 0.209946
2.70833, -0.137875, -0.102616, 0.789332, 0.789346, 0.210654
2.72917, -0.144396, -0.109625, 0.788628, 0.788642, 0.211358
2.75, -0.130162, -0.108784, 0.788311, 0.788314, 0.211686
2.77083, -0.103897, -0.101775, 0.787981, 0.78799, 0.21201
2.79167, -0.0816426, -0.0947657, 0.787477, 0.787488, 0.212512
2.8125, -0.0621553, -0.0877564, 0.786907, 0.786919, 0.213081
2.83333, -0.0447207, -0.0807471, 0.786311, 0.786323, 0.213677
2.85417, -0.0288844, -0.0737378, 0.785705, 0.785717, 0.214283
2.875, -0.0143364, -0.0667285, 0.785098, 0.785111, 0.214889
2.89583, -0.000854412, -0.0597192, 0.784496, 0.784508, 0.215492
2.91667, 0.0117274, -0.0527099, 0.783898, 0.78391, 0.21609
2.9375, 0.0235365, -0.0457006, 0.783306, 0.783318, 0.216682
2.95833, 0.0346732, -0.0386913, 0.782721, 0.782733, 0.217267
2.97917, 0.0452182, -0.031682, 0.782141, 0.782153, 0.217847
3, 0.0552376, -0.0246727, 0.781567, 0.781579, 0.218421
3.02083, 0.0647861, -0.0176634, 0.780998, 0.781009, 0.218991
3.04167, 0.0739098, -0.0106541, 0.780433, 0.780444, 0.219556
3.0625, 0.0826477, -0.00364483, 0.779872, 0.779884, 0.220116
3.08333, 0.0910333, 0.00336446, 0.779315, 0.779326, 0.220674
3.10417, 0.0990958, 0.0103738, 0.778761, 0.778772, 0.221228
3.125, 0.10686, 0.0173831, 0.778209, 0.77822, 0.22178
3.14583, 0.114349, 0.0243923, 0.777659, 0.77767, 0.22233
3.16667, 0.121582, 0.0314016, 0.777112, 0.777122, 0.222878
3.1875, 0.128576, 0.0384109, 0.776565, 0.776576, 0.223424
3.20833, 0.135347, 0.0454202, 0.77602, 0.776031, 0.223969
3.22917, 0.141909, 0.0524295, 0.775476, 0.775487, 0.224513
3.25, 0.14156, 0.0569155, 0.775042, 0.775042, 0.224958
3.27, 0.113389, 0.0499062, 0.774896, 0.774901, 0.225099
3.29, 0.0899069, 0.0428969, 0.774567, 0.774575, 0.225425
3.31, 0.069551, 0.0358876, 0.774173, 0.774181, 0.225819
3.33, 0.0514621, 0.0288783, 0.773751, 0.773759, 0.226241
3.35, 0.0351111, 0.021869, 0.773318, 0.773326, 0.226674
3.37, 0.0201453, 0.0148597, 0.772881, 0.77289, 0.22711
3.39, 0.00631565, 0.00785041, 0.772445, 0.772453, 0.227547
3.41, -0.0065609, 0.000841115, 0.772009, 0.772018, 0.227982
3.43, -0.0186238, -0.00616818, 0.771577, 0.771585, 0.228415
3.45, -0.0299818, -0.0131775, 0.771146, 0.771155, 0.228845
3.47, -0.0407221, -0.0201868, 0.770718, 0.770726, 0.229274
3.49, -0.0509152, -0.0271961, 0.770291, 0.7703, 0.2297
3.51, -0.0606196, -0.0342054, 0.769867, 0.769875, 0.230125
3.53, -0.069884, -0.0412147, 0.769443, 0.769451, 0.230549
3.55, -0.0787499, -0.048224, 0.76902, 0.769028, 0.230972
3.57, -0.0872526, -0.0552333, 0.768597, 0.768605, 0.231395
3.59, -0.0954225, -0.0622425, 0.768174, 0.768183, 0.231817
3.61, -0.103286, -0.0692518, 0.767751, 0.76776, 0.23224
3.63, -0.110867, -0.0762611, 0.767328, 0.767336, 0.232664
3.65, -0.118185, -0.0832704, 0.766903, 0.766912, 0.233088
3.67, -0.125259, -0.0902797, 0.766478, 0.766486, 0.233514
3.69, -0.132105, -0.097289, 0.766051, 0.76606, 0.23394
3.71, -0.138737, -0.104298, 0.765623, 0.765632, 0.234368
3.73, -0.145168, -0.111308, 0.765194, 0.765202, 0.234798
3.75, -0.126763, -0.108784, 0.765042, 0.765044, 0.234956
3.77083, -0.101146, -0.101775, 0.764857, 0.764862, 0.235138
3.79167, -0.0793424, -0.0947657, 0.764595, 0.7646, 0.2354
3.8125, -0.0601938, -0.0877564, 0.7643, 0.764306, 0.235694
3.83333, -0.043027, -0.0807471, 0.763992, 0.763998, 0.236002
3.85417, -0.0274102, -0.0737378, 0.763678, 0.763684, 0.236316
3.875, -0.0130472, -0.0667285, 0.763361, 0.763367, 0.236633
3.89583, 0.000275831, -0.0597192, 0.763042, 0.763049, 0.236951
3.91667, 0.0127187, -0.0527099, 0.762724, 0.76273, 0.23727
3.9375, 0.0244046, -0.0457006, 0.762405, 0.762411, 0.237589
3.95833, 0.035431, -0.0386913, 0.762086, 0.762092, 0.237908
3.97917, 0.0458763, -0.031682, 0.761766, 0.761772, 0.238228
4, 0.0558047, -0.0246727, 0.761445, 0.761451, 0.238549
4.02083, 0.0652698, -0.0176634, 0.761123, 0.761129, 0.238871
4.04167, 0.0743164, -0.0106541, 0.760799, 0.760805, 0.239195
4.0625, 0.0829828, -0.00364483, 0.760474, 0.76048, 0.23952
4.08333, 0.0913018, 0.00336446, 0.760146, 0.760153, 0.239847
4.10417, 0.0993018, 0.0103738, 0.759816, 0.759823, 0.240177
4.125, 0.107008, 0.0173831, 0.759484, 0.759491, 0.240509
4.14583, 0.114441, 0.0243923, 0.759149, 0.759156, 0.240844
4.16667, 0.121622, 0.0314016, 0.758812, 0.758819, 0.241181
4.1875, 0.128566, 0.0384109, 0.758471, 0.758478, 0.241522
4.20833, 0.13529, 0.0454202, 0.758128, 0.758135, 0.241865
4.22917, 0.141808, 0.0524295, 0.757781, 0.757788, 0.242212
4.25, 0.142922, 0.0574762, 0.757488, 0.757488, 0.242512
4.27, 0.114497, 0.0504669, 0.757422, 0.757425, 0.242575
4.29, 0.0908522, 0.0434576, 0.757258, 0.757262, 0.242738
4.31, 0.0703978, 0.0364483, 0.757058, 0.757062, 0.242938
4.33, 0.0522455, 0.029439, 0.756841, 0.756846, 0.243154
4.35, 0.0358525, 0.0224297, 0.756617, 0.756621, 0.243379
4.37, 0.0208586, 0.0154205, 0.756387, 0.756392, 0.243608
4.39, 0.00701061, 0.00841115, 0.756155, 0.75616, 0.24384
4.41, -0.00587745, 0.00140186, 0.755921, 0.755925, 0.244075
4.43, -0.0179468, -0.00560744, 0.755684, 0.755689, 0.244311
4.45, -0.0293076, -0.0126167, 0.755445, 0.75545, 0.24455
4.47, -0.0400477, -0.019626, 0.755204, 0.755209, 0.244791
4.49, -0.0502384, -0.0266353, 0.75496, 0.754965, 0.245035
4.51, -0.0599386, -0.0336446, 0.754713, 0.754718, 0.245282
4.53, -0.0691975, -0.0406539, 0.754463, 0.754468, 0.245532
4.55, -0.0780568, -0.0476632, 0.754209, 0.754214, 0.245786
4.57, -0.086552, -0.0546725, 0.753952, 0.753957, 0.246043
4.59, -0.0947138, -0.0616818, 0.753691, 0.753697, 0.246303
4.61, -0.102569, -0.0686911, 0.753427, 0.753432, 0.246568
4.63, -0.11014, -0.0757004, 0.753158, 0.753163, 0.246837
4.65, -0.117449, -0.0827097, 0.752885, 0.752891, 0.247109
4.67, -0.124513, -0.089719, 0.752608, 0.752614, 0.247386
4.69, -0.131349, -0.0967283, 0.752327, 0.752333, 0.247667
4.71, -0.13797, -0.103738, 0.752041, 0.752047, 0.247953
4.73, -0.144391, -0.110747, 0.751752, 0.751757, 0.248243
4.75, -0.130182, -0.109906, 0.751623, 0.751623, 0.248377
4.77, -0.10405, -0.102896, 0.751537, 0.75154, 0.24846
4.79, -0.0819212, -0.0958872, 0.751407, 0.751409, 0.248591
4.81, -0.0625491, -0.0888779, 0.751257, 0.75126, 0.24874
4.83, -0.0452196, -0.0818686, 0.751097, 0.751101, 0.248899
4.85, -0.0294797, -0.0748593, 0.750932, 0.750935, 0.249065
4.87, -0.0150209, -0.06785, 0.750762, 0.750766, 0.249234
4.89, -0.00162178, -0.0608407, 0.750589, 0.750593, 0.249407
4.91, 0.0108824, -0.0538314, 0.750413, 0.750416, 0.249584
4.93, 0.0226185, -0.0468221, 0.750233, 0.750236, 0.249764
4.95, 0.0336862, -0.0398128, 0.750049, 0.750053, 0.249947
4.97, 0.0441658, -0.0328035, 0.749861, 0.749865, 0.250135
4.99, 0.0541229, -0.0257942, 0.749669, 0.749673, 0.250327
5.01, 0.063612, -0.0187849, 0.749473, 0.749477, 0.250523
5.03, 0.0726788, -0.0117756, 0.749273, 0.749277, 0.250723
5.05, 0.0813621, -0.00476632, 0.749067, 0.749072, 0.250928
5.07, 0.0896953, 0.00224297, 0.748857, 0.748862, 0.251138
5.09, 0.0977073, 0.00925227, 0.748643, 0.748647, 0.251353
5.11, 0.105423, 0.0162616, 0.748423, 0.748427, 0.251573
5.13, 0.112865, 0.0232709, 0.748198, 0.748202, 0.251798
5.15, 0.120052, 0.0302802, 0.747968, 0.747973, 0.252027
5.17, 0.127002, 0.0372895, 0.747733, 0.747738, 0.252262
5.19, 0.133731, 0.0442987, 0.747492, 0.747497, 0.252503
5.21, 0.140251, 0.051308, 0.747247, 0.747252, 0.252748
5.23, 0.146576, 0.0583173, 0.746996, 0.747002, 0.252998
5.25, 0.120802, 0.0527099, 0.746958, 0.746959, 0.253041
5.27083, 0.0962511, 0.0457006, 0.746882, 0.746884, 0.253116
5.29167, 0.0751861, 0.0386913, 0.746783, 0.746785, 0.253215
5.3125, 0.056591, 0.031682, 0.746672, 0.746674, 0.253326
5.33333, 0.0398609, 0.0246727, 0.746554, 0.746557, 0.253443
5.35417, 0.0246013, 0.0176634, 0.746432, 0.746434, 0.253566
5.375, 0.0105383, 0.0106541, 0.746304, 0.746307, 0.253693
5.39583, -0.00252726, 0.00364483, 0.746173, 0.746176, 0.253824
5.41667, -0.0147456, -0.00336446, 0.746037, 0.74604, 0.25396
5.4375, -0.0262331, -0.0103738, 0.745897, 0.7459, 0.2541
5.45833, -0.0370822, -0.0173831, 0.745752, 0.745755, 0.254245
5.47917, -0.0473676, -0.0243923, 0.745602, 0.745605, 0.254395
5.5, -0.0571506, -0.0314016, 0.745446, 0.74545, 0.25455
5.52083, -0.0664825, -0.0384109, 0.745286, 0.745289, 0.254711
5.54167, -0.0754065, -0.0454202, 0.74512, 0.745123, 0.254877
5.5625, -0.0839593, -0.0524295, 0.744948, 0.744952, 0.255048
5.58333, -0.0921727, -0.0594388, 0.744771, 0.744775, 0.255225
5.60417, -0.100074, -0.0664481, 0.744589, 0.744592, 0.255408
5.625, -0.107688, -0.0734574, 0.7444, 0.744404, 0.255596
5.64583, -0.115034, -0.0804667, 0.744206, 0.74421, 0.25579
5.66667, -0.122133, -0.087476, 0.744005, 0.744009, 0.255991
5.6875, -0.129, -0.0944853, 0.743799, 0.743804, 0.256196
5.70833, -0.13565, -0.101495, 0.743588, 0.743592, 0.256408
5.72917, -0.142097, -0.108504, 0.74337, 0.743374, 0.256626
5.75, -0.141686, -0.11299, 0.743192, 0.743192, 0.256808
5.77, -0.113675, -0.105981, 0.743165, 0.743166, 0.256834
5.79, -0.0903478, -0.0989713, 0.743105, 0.743106, 0.256894
5.81, -0.0701353, -0.091962, 0.74303, 0.743032, 0.256968
5.83, -0.0521785, -0.0849527, 0.742948, 0.74295, 0.25705
5.85, -0.0359499, -0.0779434, 0.74286, 0.742862, 0.257138
5.87, -0.0210981, -0.0709341, 0.742767, 0.742769, 0.257231
5.89, -0.00737533, -0.0639248, 0.742669, 0.742671, 0.257329
5.91, 0.00540058, -0.0569155, 0.742567, 0.742569, 0.257431
5.93, 0.0173682, -0.0499062, 0.742459, 0.742461, 0.257539
5.95, 0.0286359, -0.0428969, 0.742346, 0.742348, 0.257652
5.97, 0.03929, -0.0358876, 0.742227, 0.74223, 0.25777
5.99, 0.0494008, -0.0288783, 0.742103, 0.742106, 0.257894
6.01, 0.0590263, -0.021869, 0.741973, 0.741976, 0.258024
6.03, 0.068215, -0.0148597, 0.741837, 0.74184, 0.25816
6.05, 0.077008, -0.00785041, 0.741695, 0.741698, 0.258302
6.07, 0.0854404, -0.000841115, 0.741547, 0.74155, 0.25845
6.09, 0.0935424, 0.00616818, 0.741392, 0.741396, 0.258604
6.11, 0.101341, 0.0131775, 0.741232, 0.741235, 0.258765
6.13, 0.108858, 0.0201868, 0.741065, 0.741068, 0.258932
6.15, 0.116114, 0.0271961, 0.740891, 0.740895, 0.259105
6.17, 0.123128, 0.0342054, 0.740712, 0.740715, 0.259285
6.19, 0.129916, 0.0412147, 0.740526, 0.74053, 0.25947
6.21, 0.136491, 0.048224, 0.740334, 0.740338, 0.259662
6.23, 0.142868, 0.0552333, 0.740136, 0.74014, 0.25986
6.25, 0.138002, 0.058037, 0.739997, 0.739997, 0.260003
6.27, 0.11081, 0.0510277, 0.739973, 0.739974, 0.260026
6.29, 0.0880149, 0.0440184, 0.739928, 0.739929, 0.260071
6.31, 0.0681812, 0.0370091, 0.739874, 0.739875, 0.260125
6.33, 0.0505121, 0.0299998, 0.739813, 0.739814, 0.260186
6.35, 0.0345116, 0.0229905, 0.739747, 0.739748, 0.260252
6.37, 0.0198465, 0.0159812, 0.739675, 0.739677, 0.260323
6.39, 0.00628054, 0.0089719, 0.739599, 0.739601, 0.260399
6.41, -0.00636131, 0.0019626, 0.739517, 0.739519, 0.260481
6.43, -0.0182126, -0.00504669, 0.73943, 0.739432, 0.260568
6.45, -0.0293778, -0.012056, 0.739337, 0.739339, 0.260661
6.47, -0.039941, -0.0190653, 0.739237, 0.739239, 0.260761
6.49, -0.0499702, -0.0260746, 0.739132, 0.739134, 0.260866
6.51, -0.059522, -0.0330839, 0.73902, 0.739022, 0.260978
6.53, -0.0686436, -0.0400932, 0.738902, 0.738904, 0.261096
6.55, -0.0773753, -0.0471025, 0.738777, 0.73878, 0.26122
6.57, -0.0857513, -0.0541118, 0.738646, 0.738648, 0.261352
6.59, -0.0938013, -0.0611211, 0.738508, 0.73851, 0.26149
6.61, -0.101551, -0.0681304, 0.738363, 0.738366, 0.261634
6.63, -0.109023, -0.0751397, 0.738212, 0.738215, 0.261785
6.65, -0.116238, -0.0821489, 0.738054, 0.738057, 0.261943
6.67, -0.123213, -0.0891582, 0.737889, 0.737892, 0.262108
6.69, -0.129963, -0.0961675, 0.737718, 0.737721, 0.262279
6.71, -0.136504, -0.103177, 0.73754, 0.737544, 0.262456
6.73, -0.142847, -0.110186, 0.737356, 0.73736, 0.26264
6.75, -0.137964, -0.11299, 0.737227, 0.737227, 0.262773
6.77, -0.110697, -0.105981, 0.73721, 0.737211, 0.262789
6.79, -0.0878662, -0.0989713, 0.737178, 0.737179, 0.262821
6.81, -0.0680161, -0.091962, 0.737139, 0.737139, 0.262861
6.83, -0.050341, -0.0849527, 0.737093, 0.737094, 0.262906
6.85, -0.0343408, -0.0779434, 0.737043, 0.737044, 0.262956
6.87, -0.0196801, -0.0709341, 0.736988, 0.736989, 0.263011
6.89, -0.00612096, -0.0639248, 0.736927, 0.736928, 0.263072
6.91, 0.00651221, -0.0569155, 0.73686, 0.736862, 0.263138
6.93, 0.0183536, -0.0499062, 0.736788, 0.736789, 0.263211
6.95, 0.0295081, -0.0428969, 0.736709, 0.736711, 0.263289
6.97, 0.0400599, -0.0358876, 0.736624, 0.736626, 0.263374
6.99, 0.0500774, -0.0288783, 0.736533, 0.736535, 0.263465
7.01, 0.0596173, -0.021869, 0.736435, 0.736437, 0.263563
7.03, 0.0687268, -0.0148597, 0.73633, 0.736332, 0.263668
7.05, 0.0774462, -0.00785041, 0.736218, 0.73622, 0.26378
7.07, 0.0858099, -0.000841115, 0.736099, 0.736102, 0.263898
7.09, 0.0938476, 0.00616818, 0.735974, 0.735977, 0.264023
7.11, 0.101585, 0.0131775, 0.735842, 0.735844, 0.264156
7.13, 0.109045, 0.0201868, 0.735702, 0.735705, 0.264295
7.15, 0.116248, 0.0271961, 0.735556, 0.735559, 0.264441
7.17, 0.12321, 0.0342054, 0.735403, 0.735406, 0.264594
7.19, 0.129949, 0.0412147, 0.735243, 0.735246, 0.264754
7.21, 0.136478, 0.048224, 0.735077, 0.73508, 0.26492
7.23, 0.14281, 0.0552333, 0.734903, 0.734907, 0.265093
7.25, 0.138657, 0.0583173, 0.734778, 0.734778, 0.265222
7.27, 0.111308, 0.051308, 0.734767, 0.734767, 0.265233
7.29, 0.0884314, 0.0442987, 0.734744, 0.734744, 0.265256
7.31, 0.0685525, 0.0372895, 0.734715, 0.734715, 0.265285
7.33, 0.0508585, 0.0302802, 0.734681, 0.734681, 0.265319
7.35, 0.0348456, 0.0232709, 0.734642, 0.734643, 0.265357
7.37, 0.0201763, 0.0162616, 0.734598, 0.734599, 0.265401
7.39, 0.00661135, 0.00925227, 0.734548, 0.734549, 0.265451
7.41, -0.00602563, 0.00224297, 0.734492, 0.734494, 0.265506
7.43, -0.0178693, -0.00476632, 0.734431, 0.734432, 0.265568
7.45, -0.0290252, -0.0117756, 0.734363, 0.734364, 0.265636
7.47, -0.0395774, -0.0187849, 0.734288, 0.734289, 0.265711
7.49, -0.0495948, -0.0257942, 0.734206, 0.734208, 0.265792
7.51, -0.0591339, -0.0328035, 0.734118, 0.73412, 0.26588
7.53, -0.0682425, -0.0398128, 0.734022, 0.734024, 0.265976
7.55, -0.0769606, -0.0468221, 0.73392, 0.733922, 0.266078
7.57, -0.0853228, -0.0538314, 0.73381, 0.733813, 0.266187
7.59, -0.0933589, -0.0608407, 0.733694, 0.733696, 0.266304
7.61, -0.101095, -0.06785, 0.73357, 0.733572, 0.266428
7.63, -0.108553, -0.0748593, 0.733439, 0.733442, 0.266558
7.65, -0.115753, -0.0818686, 0.733301, 0.733304, 0.266696
7.67, -0.122714, -0.0888779, 0.733156, 0.733159, 0.266841
7.69, -0.129451, -0.0958872, 0.733004, 0.733007, 0.266993
7.71, -0.135977, -0.102896, 0.732845, 0.732848, 0.267152
7.73, -0.142307, -0.109906, 0.732679, 0.732683, 0.267317
7.75, -0.141092, -0.114111, 0.732545, 0.732546, 0.267454
7.77, -0.113331, -0.107102, 0.732538, 0.732539, 0.267461
7.79, -0.0901998, -0.100093, 0.732522, 0.732523, 0.267477
7.81, -0.0701506, -0.0930834, 0.732501, 0.732501, 0.267499
7.83, -0.0523354, -0.0860742, 0.732475, 0.732476, 0.267524
7.85, -0.0362324, -0.0790649, 0.732444, 0.732445, 0.267555
7.87, -0.0214941, -0.0720556, 0.732409, 0.732409, 0.267591
7.89, -0.00787526, -0.0650463, 0.732367, 0.732368, 0.267632
7.91, 0.0048046, -0.058037, 0.73232, 0.732321, 0.267679
7.93, 0.0166828, -0.0510277, 0.732266, 0.732267, 0.267733
7.95, 0.0278666, -0.0440184, 0.732206, 0.732207, 0.267793
7.97, 0.0384417, -0.0370091, 0.732139, 0.73214, 0.26786
7.99, 0.0484777, -0.0299998, 0.732065, 0.732066, 0.267934
8.01, 0.0580321, -0.0229905, 0.731984, 0.731985, 0.268015
8.03, 0.0671531, -0.0159812, 0.731896, 0.731897, 0.268103
8.05, 0.0758814, -0.0089719, 0.7318, 0.731802, 0.268198
8.07, 0.0842518, -0.0019626, 0.731698, 0.7317, 0.2683
8.09, 0.0922944, 0.00504669, 0.731588, 0.73159, 0.26841
8.11, 0.100035, 0.012056, 0.731471, 0.731473, 0.268527
8.13, 0.107497, 0.0190653, 0.731346, 0.731349, 0.268651
8.15, 0.114701, 0.0260746, 0.731215, 0.731217, 0.268783
8.17, 0.121663, 0.0330839, 0.731076, 0.731079, 0.268921
8.19, 0.128401, 0.0400932, 0.73093, 0.730933, 0.269067
8.21, 0.134928, 0.0471025, 0.730778, 0.730781, 0.269219
8.23, 0.141258, 0.0541118, 0.730618, 0.730621, 0.269379
8.25, 0.145932, 0.0605603, 0.730462, 0.730462, 0.269538
8.26923, 0.117363, 0.053551, 0.730458, 0.730458, 0.269542
8.28846, 0.0936485, 0.0465417, 0.730447, 0.730448, 0.269552
8.30769, 0.0731986, 0.0395324, 0.730432, 0.730432, 0.269568
8.32692, 0.0550879, 0.0325231, 0.730413, 0.730413, 0.269587
8.34615, 0.0387566, 0.0255138, 0.730388, 0.730389, 0.269611
8.36538, 0.0238357, 0.0185045, 0.730359, 0.73036, 0.26964
8.38462, 0.010067, 0.0114952, 0.730324, 0.730325, 0.269675
8.40385, -0.0027382, 0.00448595, 0.730283, 0.730284, 0.269716
8.42308, -0.0147231, -0.00252335, 0.730236, 0.730237, 0.269763
8.44231, -0.0259989, -0.00953264, 0.730182, 0.730183, 0.269817
8.46154, -0.0366542, -0.0165419, 0.730121, 0.730122, 0.269878
8.48077, -0.0467608, -0.0235512, 0.730053, 0.730054, 0.269946
8.5, -0.056378, -0.0305605, 0.729978, 0.729979, 0.270021
8.51923, -0.0655552, -0.0375698, 0.729895, 0.729897, 0.270103
8.53846, -0.074334, -0.0445791, 0.729806, 0.729807, 0.270193
8.55769, -0.0827502, -0.0515884, 0.729709, 0.729711, 0.270289
8.57692, -0.0908345, -0.0585977, 0.729604, 0.729606, 0.270394
8.59615, -0.0986135, -0.065607, 0.729493, 0.729495, 0.270505
8.61538, -0.106111, -0.0726163, 0.729373, 0.729376, 0.270624
8.63462, -0.113346, -0.0796256, 0.729247, 0.72925, 0.27075
8.65385, -0.120339, -0.0866349, 0.729114, 0.729116, 0.270884
8.67308, -0.127104, -0.0936442, 0.728973, 0.728976, 0.271024
8.69231, -0.133657, -0.100653, 0.728825, 0.728828, 0.271172
8.71154, -0.140011, -0.107663, 0.72867, 0.728673, 0.271327
8.73077, -0.146177, -0.114672, 0.728509, 0.728512, 0.271488
8.75, -0.122717, -0.109906, 0.728484, 0.728484, 0.271516
8.77, -0.0983031, -0.102896, 0.728477, 0.728477, 0.271523
8.79, -0.0773839, -0.0958872, 0.728466, 0.728466, 0.271534
8.81, -0.0589338, -0.0888779, 0.728451, 0.728451, 0.271549
8.83, -0.0423446, -0.0818686, 0.728431, 0.728432, 0.271568
8.85, -0.0272207, -0.0748593, 0.728407, 0.728407, 0.271593
8.87, -0.013288, -0.06785, 0.728377, 0.728378, 0.271622
8.89, -0.00034746, -0.0608407, 0.728341, 0.728342, 0.271658
8.91, 0.0117509, -0.0538314, 0.728298, 0.728299, 0.271701
8.93, 0.0231232, -0.0468221, 0.728249, 0.72825, 0.27175
8.95, 0.0338614, -0.0398128, 0.728193, 0.728194, 0.271806
8.97, 0.0440399, -0.0328035, 0.72813, 0.728131, 0.271869
8.99, 0.05372, -0.0257942, 0.72806, 0.728061, 0.271939
9.01, 0.0629525, -0.0187849, 0.727982, 0.727984, 0.272016
9.03, 0.0717803, -0.0117756, 0.727897, 0.727899, 0.272101
9.05, 0.0802402, -0.00476632, 0.727805, 0.727807, 0.272193
9.07, 0.0883634, 0.00224297, 0.727705, 0.727707, 0.272293
9.09, 0.0961775, 0.00925227, 0.727598, 0.7276, 0.2724
9.11, 0.103706, 0.0162616, 0.727483, 0.727485, 0.272515
9.13, 0.11097, 0.0232709, 0.727361, 0.727364, 0.272636
9.15, 0.117989, 0.0302802, 0.727232, 0.727235, 0.272765
9.17, 0.124778, 0.0372895, 0.727096, 0.727098, 0.272902
9.19, 0.131352, 0.0442987, 0.726952, 0.726955, 0.273045
9.21, 0.137725, 0.051308, 0.726801, 0.726805, 0.273195
9.23, 0.143909, 0.0583173, 0.726644, 0.726647, 0.273353
9.25, 0.133318, 0.0588781, 0.726559, 0.726559, 0.273441
9.27, 0.107169, 0.0518688, 0.726555, 0.726555, 0.273445
9.29, 0.0850999, 0.0448595, 0.726548, 0.726548, 0.273452
9.31, 0.0658189, 0.0378502, 0.726537, 0.726537, 0.273463
9.33, 0.048595, 0.0308409, 0.726522, 0.726523, 0.273477
9.35, 0.0329669, 0.0238316, 0.726503, 0.726503, 0.273497
9.37, 0.0186219, 0.0168223, 0.726478, 0.726478, 0.273522
9.39, 0.00533658, 0.00981301, 0.726447, 0.726447, 0.273553
9.41, -0.00705528, 0.00280372, 0.726409, 0.72641, 0.27359
9.43, -0.018681, -0.00420558, 0.726366, 0.726366, 0.273634
9.45, -0.0296409, -0.0112149, 0.726315, 0.726316, 0.273684
9.47, -0.0400153, -0.0182242, 0.726257, 0.726258, 0.273742
9.49, -0.0498698, -0.0252335, 0.726192, 0.726193, 0.273807
9.51, -0.0592591, -0.0322428, 0.726119, 0.726121, 0.273879
9.53, -0.0682286, -0.0392521, 0.726039, 0.726041, 0.273959
9.55, -0.0768174, -0.0462614, 0.725952, 0.725953, 0.274047
9.57, -0.0850585, -0.0532706, 0.725857, 0.725859, 0.274141
9.59, -0.0929809, -0.0602799, 0.725754, 0.725757, 0.274243
9.61, -0.100609, -0.0672892, 0.725645, 0.725647, 0.274353
9.63, -0.107966, -0.0742985, 0.725527, 0.72553, 0.27447
9.65, -0.115071, -0.0813078, 0.725403, 0.725405, 0.274595
9.67, -0.12194, -0.0883171, 0.725271, 0.725274, 0.274726
9.69, -0.12859, -0.0953264, 0.725132, 0.725135, 0.274865
9.71, -0.135033, -0.102336, 0.724986, 0.724989, 0.275011
9.73, -0.141284, -0.109345, 0.724832, 0.724836, 0.275164
9.75, -0.14662, -0.116074, 0.724679, 0.724679, 0.275321
9.76923, -0.118062, -0.109065, 0.724677, 0.724678, 0.275322
9.78846, -0.0943696, -0.102055, 0.724673, 0.724673, 0.275327
9.80769, -0.0739588, -0.0950461, 0.724666, 0.724666, 0.275334
9.82692, -0.0558947, -0.0880368, 0.724655, 0.724655, 0.275345
9.84615, -0.0396129, -0.0810275, 0.72464, 0.72464, 0.27536
9.86538, -0.0247427, -0.0740182, 0.724619, 0.72462, 0.27538
9.88462, -0.0110246, -0.0670089, 0.724593, 0.724593, 0.275407
9.90385, 0.00173071, -0.0599996, 0.72456, 0.724561, 0.275439
9.92308, 0.0136666, -0.0529903, 0.724522, 0.724522, 0.275478
9.94231, 0.0248945, -0.045981, 0.724476, 0.724477, 0.275523
9.96154, 0.035503, -0.0389717, 0.724423, 0.724424, 0.275576
9.98077, 0.0455641, -0.0319624, 0.724363, 0.724364, 0.275636
10, 0.0551368, -0.0249531, 0.724296, 0.724297, 0.275703
10.0192, 0.0642707, -0.0179438, 0.724221, 0.724222, 0.275778
10.0385, 0.0730074, -0.0109345, 0.724139, 0.72414, 0.27586
10.0577, 0.0813825, -0.00392521, 0.724049, 0.724051, 0.275949
10.0769, 0.0894267, 0.00308409, 0.723952, 0.723954, 0.276046
10.0962, 0.0971666, 0.0100934, 0.723847, 0.723849, 0.276151
10.1154, 0.104626, 0.0171027, 0.723735, 0.723737, 0.276263
10.1346, 0.111824, 0.024112, 0.723616, 0.723618, 0.276382
10.1538, 0.11878, 0.0311213, 0.723489, 0.723491, 0.276509
10.1731, 0.12551, 0.0381306, 0.723355, 0.723357, 0.276643
10.1923, 0.132029, 0.0451399, 0.723213, 0.723216, 0.276784
10.2115, 0.138348, 0.0521492, 0.723065, 0.723068, 0.276932
10.2308, 0.144481, 0.0591585, 0.72291, 0.722913, 0.277087
10.25, 0.131091, 0.0585977, 0.722839, 0.722839, 0.277161
10.27, 0.105312, 0.0515884, 0.722837, 0.722837, 0.277163
10.29, 0.0835037, 0.0445791, 0.722832, 0.722832, 0.277168
10.31, 0.0644231, 0.0375698, 0.722825, 0.722825, 0.277175
10.33, 0.0473617, 0.0305605, 0.722813, 0.722813, 0.277187
10.35, 0.0318703, 0.0235512, 0.722796, 0.722797, 0.277203
10.37, 0.0176432, 0.0165419, 0.722774, 0.722775, 0.277225
10.39, 0.00446167, 0.00953264, 0.722746, 0.722747, 0.277253
10.41, -0.00783743, 0.00252335, 0.722712, 0.722712, 0.277288
10.43, -0.0193793, -0.00448595, 0.72267, 0.722671, 0.277329
10.45, -0.0302625, -0.0114952, 0.722622, 0.722623, 0.277377
10.47, -0.0405663, -0.0185045, 0.722567, 0.722568, 0.277432
10.49, -0.0503554, -0.0255138, 0.722504, 0.722506, 0.277494
10.51, -0.0596836, -0.0325231, 0.722434, 0.722436, 0.277564
10.53, -0.0685959, -0.0395324, 0.722357, 0.722358, 0.277642
10.55, -0.0771308, -0.0465417, 0.722272, 0.722274, 0.277726
10.57, -0.085321, -0.053551, 0.722179, 0.722181, 0.277819
10.59, -0.093195, -0.0605603, 0.722079, 0.722081, 0.277919
10.61, -0.100778, -0.0675696, 0.721972, 0.721974, 0.278026
10.63, -0.108091, -0.0745789, 0.721857, 0.721859, 0.278141
10.65, -0.115153, -0.0815882, 0.721734, 0.721737, 0.278263
10.67, -0.121982, -0.0885975, 0.721605, 0.721607, 0.278393
10.69, -0.128593, -0.0956068, 0.721468, 0.721471, 0.278529
10.71, -0.135, -0.102616, 0.721324, 0.721327, 0.278673
10.73, -0.141215, -0.109625, 0.721172, 0.721176, 0.278824
10.75, -0.147248, -0.116635, 0.721018, 0.721017, 0.278983
10.7692, -0.118755, -0.109625, 0.721017, 0.721017, 0.278983
10.7885, -0.0951283, -0.102616, 0.721014, 0.721014, 0.278986
10.8077, -0.0747771, -0.0956068, 0.721009, 0.721009, 0.278991
10.8269, -0.0567676, -0.0885975, 0.721001, 0.721001, 0.278999
10.8462, -0.0405364, -0.0815882, 0.720988, 0.720988, 0.279012
10.8654, -0.0257133, -0.0745789, 0.720969, 0.72097, 0.27903
10.8846, -0.0120394, -0.0675696, 0.720946, 0.720946, 0.279054
10.9038, 0.000674325, -0.0605603, 0.720915, 0.720916, 0.279084
10.9231, 0.0125709, -0.053551, 0.720879, 0.720879, 0.279121
10.9423, 0.0237614, -0.0465417, 0.720835, 0.720836, 0.279164
10.9615, 0.0343344, -0.0395324, 0.720784, 0.720786, 0.279214
10.9808, 0.0443615, -0.0325231, 0.720727, 0.720728, 0.279272
11, 0.0539018, -0.0255138, 0.720661, 0.720663, 0.279337
11.0192, 0.0630045, -0.0185045, 0.720589, 0.72059, 0.27941
11.0385, 0.0717113, -0.0114952, 0.720508, 0.72051, 0.27949
11.0577, 0.0800576, -0.00448595, 0.720421, 0.720422, 0.279578
11.0769, 0.088074, 0.00252335, 0.720325, 0.720327, 0.279673
11.0962, 0.0957871, 0.00953264, 0.720223, 0.720225, 0.279775
11.1154, 0.10322, 0.0165419, 0.720112, 0.720115, 0.279885
11.1346, 0.110393, 0.0235512, 0.719995, 0.719997, 0.280003
11.1538, 0.117325, 0.0305605, 0.71987, 0.719872, 0.280128
11.1731, 0.124032, 0.0375698, 0.719738, 0.71974, 0.28026
11.1923, 0.130527, 0.0445791, 0.719598, 0.719601, 0.280399
11.2115, 0.136825, 0.0515884, 0.719452, 0.719455, 0.280545
11.2308, 0.142936, 0.0585977, 0.719298, 0.719301, 0.280699
11.25, 0.13872, 0.0616818, 0.719186, 0.719186, 0.280814
11.2692, 0.111757, 0.0546725, 0.719185, 0.719185, 0.280815
11.2885, 0.0892014, 0.0476632, 0.719183, 0.719183, 0.280817
11.3077, 0.0696007, 0.0406539, 0.719177, 0.719178, 0.280822
11.3269, 0.0521544, 0.0336446, 0.719168, 0.719169, 0.280831
11.3462, 0.0363657, 0.0266353, 0.719155, 0.719155, 0.280845
11.3654, 0.021902, 0.019626, 0.719136, 0.719136, 0.280864
11.3846, 0.00852752, 0.0126167, 0.719111, 0.719111, 0.280889
11.4038, -0.00393185, 0.00560744, 0.719079, 0.71908, 0.28092
11.4231, -0.0156089, -0.00140186, 0.719042, 0.719042, 0.280958
11.4423, -0.0266075, -0.00841115, 0.718997, 0.718998, 0.281002
11.4615, -0.0370108, -0.0154205, 0.718944, 0.718946, 0.281054
11.4808, -0.0468866, -0.0224297, 0.718885, 0.718886, 0.281114
11.5, -0.0562908, -0.029439, 0.718818, 0.71882, 0.28118
11.5192, -0.0652702, -0.0364483, 0.718744, 0.718746, 0.281254
11.5385, -0.0738647, -0.0434576, 0.718662, 0.718664, 0.281336
11.5577, -0.0821081, -0.0504669, 0.718573, 0.718575, 0.281425
11.5769, -0.0900299, -0.0574762, 0.718476, 0.718478, 0.281522
11.5962, -0.0976556, -0.0644855, 0.718371, 0.718374, 0.281626
11.6154, -0.105007, -0.0714948, 0.71826, 0.718262, 0.281738
11.6346, -0.112105, -0.0785041, 0.71814, 0.718143, 0.281857
11.6538, -0.118967, -0.0855134, 0.718014, 0.718016, 0.281984
11.6731, -0.125607, -0.0925227, 0.71788, 0.717882, 0.282118
11.6923, -0.13204, -0.099532, 0.717738, 0.717741, 0.282259
11.7115, -0.13828, -0.106541, 0.71759, 0.717593, 0.282407
11.7308, -0.144336, -0.113551, 0.717435, 0.717438, 0.282562
11.75, -0.131658, -0.11327, 0.717361, 0.717361, 0.282639
11.7692, -0.105888, -0.106261, 0.71736, 0.71736, 0.28264
11.7885, -0.0841158, -0.0992516, 0.717357, 0.717357, 0.282643
11.8077, -0.0650826, -0.0922423, 0.717352, 0.717352, 0.282648
11.8269, -0.0480731, -0.085233, 0.717342, 0.717342, 0.282658
11.8462, -0.0326352, -0.0782237, 0.717328, 0.717328, 0.282672
11.8654, -0.0184619, -0.0712144, 0.717308, 0.717309, 0.282691
11.8846, -0.00533351, -0.0642051, 0.717282, 0.717283, 0.282717
11.9038, 0.00691337, -0.0571959, 0.71725, 0.717251, 0.282749
11.9231, 0.0184042, -0.0501866, 0.717211, 0.717212, 0.282788
11.9423, 0.0292376, -0.0431773, 0.717165, 0.717166, 0.282834
11.9615, 0.0394929, -0.036168, 0.717112, 0.717113, 0.282887
11.9808, 0.0492347, -0.0291587, 0.717051, 0.717053, 0.282947
12, 0.0585169, -0.0221494, 0.716983, 0.716985, 0.283015
12.0192, 0.0673844, -0.0151401, 0.716908, 0.71691, 0.28309
12.0385, 0.0758757, -0.00813078, 0.716825, 0.716827, 0.283173
12.0577, 0.0840234, -0.00112149, 0.716735, 0.716737, 0.283263
12.0769, 0.091856, 0.00588781, 0.716637, 0.716639, 0.283361
12.0962, 0.0993982, 0.0128971, 0.716531, 0.716533, 0.283467
12.1154, 0.106672, 0.0199064, 0.716418, 0.716421, 0.283579
12.1346, 0.113696, 0.0269157, 0.716298, 0.716301, 0.283699
12.1538, 0.120487, 0.033925, 0.71617, 0.716173, 0.283827
12.1731, 0.127062, 0.0409343, 0.716036, 0.716038, 0.283962
12.1923, 0.133433, 0.0479436, 0.715894, 0.715896, 0.284104
12.2115, 0.139612, 0.0549529, 0.715744, 0.715748, 0.284252
12.2308, 0.145611, 0.0619622, 0.715588, 0.715592, 0.284408
12.25, 0.126254, 0.0588781, 0.715547, 0.715547, 0.284453
12.2692, 0.10155, 0.0518688, 0.715546, 0.715546, 0.284454
12.2885, 0.0804879, 0.0448595, 0.715543, 0.715543, 0.284457
12.3077, 0.0619716, 0.0378502, 0.715536, 0.715537, 0.284463
12.3269, 0.0453602, 0.0308409, 0.715526, 0.715527, 0.284473
12.3462, 0.0302412, 0.0238316, 0.715511, 0.715512, 0.284488
12.3654, 0.0163307, 0.0168223, 0.71549, 0.715491, 0.284509
12.3846, 0.00342395, 0.00981301, 0.715464, 0.715464, 0.284536
12.4038, -0.00863281, 0.00280372, 0.71543, 0.715431, 0.284569
12.4231, -0.0199581, -0.00420558, 0.71539, 0.715391, 0.284609
12.4423, -0.0306458, -0.0112149, 0.715343, 0.715344, 0.284656
12.4615, -0.0407714, -0.0182242, 0.715288, 0.715289, 0.284711
12.4808, -0.0503969, -0.0252335, 0.715226, 0.715228, 0.284772
12.5, -0.0595738, -0.0322428, 0.715157, 0.715158, 0.284842
12.5192, -0.0683457, -0.0392521, 0.71508, 0.715082, 0.284918
12.5385, -0.0767494, -0.0462614, 0.714996, 0.714998, 0.285002
12.5577, -0.0848166, -0.0532706, 0.714904, 0.714906, 0.285094
12.5769, -0.0925748, -0.0602799, 0.714804, 0.714807, 0.285193
12.5962, -0.100048, -0.0672892, 0.714698, 0.7147, 0.2853
12.6154, -0.107258, -0.0742985, 0.714583, 0.714586, 0.285414
12.6346, -0.114222, -0.0813078, 0.714461, 0.714464, 0.285536
12.6538, -0.120957, -0.0883171, 0.714332, 0.714335, 0.285665
12.6731, -0.127479, -0.0953264, 0.714196, 0.714199, 0.285801
12.6923, -0.1338, -0.102336, 0.714053, 0.714056, 0.285944
12.7115, -0.139933, -0.109345, 0.713902, 0.713905, 0.286095
12.7308, -0.145888, -0.116354, 0.713745, 0.713748, 0.286252
12.75, -0.124657, -0.112429, 0.713712, 0.713712, 0.286288
12.7692, -0.10034, -0.10542, 0.713711, 0.713711, 0.286289
12.7885, -0.0795487, -0.0984105, 0.713708, 0.713708, 0.286292
12.8077, -0.0612373, -0.0914012, 0.713702, 0.713702, 0.286298
12.8269, -0.0447891, -0.0843919, 0.713692, 0.713692, 0.286308
12.8462, -0.0298048, -0.0773826, 0.713676, 0.713677, 0.286323
12.8654, -0.0160086, -0.0703733, 0.713655, 0.713656, 0.286344
12.8846, -0.00320076, -0.063364, 0.713628, 0.713629, 0.286371
12.9038, 0.00876899, -0.0563547, 0.713595, 0.713595, 0.286405
12.9231, 0.0200168, -0.0493454, 0.713554, 0.713555, 0.286445
12.9423, 0.0306345, -0.0423361, 0.713506, 0.713507, 0.286493
12.9615, 0.0406965, -0.0353269, 0.713452, 0.713453, 0.286547
12.9808, 0.0502638, -0.0283176, 0.713389, 0.713391, 0.286609
13, 0.0593871, -0.0213083, 0.71332, 0.713321, 0.286679
13.0192, 0.0681091, -0.014299, 0.713243, 0.713244, 0.286756
13.0385, 0.0764663, -0.00728967, 0.713158, 0.71316, 0.28684
13.0577, 0.08449, -0.000280372, 0.713066, 0.713068, 0.286932
13.0769, 0.0922073, 0.00672892, 0.712966, 0.712968, 0.287032
13.0962, 0.099642, 0.0137382, 0.712859, 0.712861, 0.287139
13.1154, 0.106815, 0.0207475, 0.712744, 0.712747, 0.287253
13.1346, 0.113744, 0.0277568, 0.712622, 0.712625, 0.287375
13.1538, 0.120447, 0.0347661, 0.712493, 0.712496, 0.287504
13.1731, 0.126937, 0.0417754, 0.712356, 0.712359, 0.287641
13.1923, 0.133228, 0.0487847, 0.712213, 0.712216, 0.287784
13.2115, 0.139332, 0.055794, 0.712062, 0.712065, 0.287935
13.2308, 0.145259, 0.0628033, 0.711904, 0.711908, 0.288092
13.25, 0.127977, 0.0605603, 0.711852, 0.711852, 0.288148
13.2692, 0.103161, 0.053551, 0.711852, 0.711852, 0.288148
13.2885, 0.0820412, 0.0465417, 0.711849, 0.711849, 0.288151
13.3077, 0.063494, 0.0395324, 0.711844, 0.711844, 0.288156
13.3269, 0.0468674, 0.0325231, 0.711834, 0.711834, 0.288166
13.3462, 0.0317429, 0.0255138, 0.711819, 0.71182, 0.28818
13.3654, 0.0178333, 0.0185045, 0.711799, 0.7118, 0.2882
13.3846, 0.00493167, 0.0114952, 0.711773, 0.711774, 0.288226
13.4038, -0.00711699, 0.00448595, 0.71174, 0.711741, 0.288259
13.4231, -0.0184321, -0.00252335, 0.711701, 0.711702, 0.288298
13.4423, -0.0291081, -0.00953264, 0.711654, 0.711655, 0.288345
13.4615, -0.0392211, -0.0165419, 0.7116, 0.711601, 0.288399
13.4808, -0.0488331, -0.0235512, 0.711539, 0.71154, 0.28846
13.5, -0.0579962, -0.0305605, 0.71147, 0.711472, 0.288528
13.5192, -0.0667538, -0.0375698, 0.711394, 0.711396, 0.288604
13.5385, -0.0751431, -0.0445791, 0.711311, 0.711312, 0.288688
13.5577, -0.0831957, -0.0515884, 0.711219, 0.711221, 0.288779
13.5769, -0.0909394, -0.0585977, 0.711121, 0.711123, 0.288877
13.5962, -0.0983982, -0.065607, 0.711014, 0.711017, 0.288983
13.6154, -0.105593, -0.0726163, 0.710901, 0.710903, 0.289097
13.6346, -0.112543, -0.0796256, 0.71078, 0.710782, 0.289218
13.6538, -0.119264, -0.0866349, 0.710651, 0.710654, 0.289346
13.6731, -0.125772, -0.0936442, 0.710516, 0.710518, 0.289482
13.6923, -0.132079, -0.100653, 0.710373, 0.710376, 0.289624
13.7115, -0.138198, -0.107663, 0.710223, 0.710226, 0.289774
13.7308, -0.144139, -0.114672, 0.710066, 0.710069, 0.289931
13.75, -0.132924, -0.114952, 0.709985, 0.709985, 0.290015
13.7692, -0.107297, -0.107943, 0.709984, 0.709985, 0.290015
13.7885, -0.0856536, -0.100934, 0.709982, 0.709983, 0.290017
13.8077, -0.0667381, -0.0939246, 0.709978, 0.709978, 0.290022
13.8269, -0.0498369, -0.0869153, 0.709969, 0.709969, 0.290031
13.8462, -0.0344994, -0.079906, 0.709956, 0.709956, 0.290044
13.8654, -0.0204197, -0.0728967, 0.709937, 0.709937, 0.290063
13.8846, -0.00737915, -0.0658874, 0.709912, 0.709912, 0.290088
13.9038, 0.00478493, -0.0588781, 0.70988, 0.709881, 0.290119
13.9231, 0.0161974, -0.0518688, 0.709842, 0.709843, 0.290157
13.9423, 0.0269563, -0.0448595, 0.709797, 0.709798, 0.290202
13.9615, 0.0371407, -0.0378502, 0.709745, 0.709746, 0.290254
13.9808, 0.0468148, -0.0308409, 0.709685, 0.709686, 0.290314
14, 0.0560321, -0.0238316, 0.709618, 0.709619, 0.290381
14.0192, 0.0648374, -0.0168223, 0.709543, 0.709545, 0.290455
14.0385, 0.0732688, -0.00981301, 0.709461, 0.709463, 0.290537
14.0577, 0.0813589, -0.00280372, 0.709371, 0.709373, 0.290627
14.0769, 0.089136, 0.00420558, 0.709274, 0.709276, 0.290724
14.0962, 0.0966246, 0.0112149, 0.70917, 0.709172, 0.290828
14.1154, 0.103846, 0.0182242, 0.709058, 0.70906, 0.29094
14.1346, 0.11082, 0.0252335, 0.708938, 0.708941, 0.291059
14.1538, 0.117563, 0.0322428, 0.708812, 0.708814, 0.291186
14.1731, 0.12409, 0.0392521, 0.708678, 0.70868, 0.29132
14.1923, 0.130415, 0.0462614, 0.708536, 0.708539, 0.291461
14.2115, 0.13655, 0.0532706, 0.708388, 0.708391, 0.291609
14.2308, 0.142506, 0.0602799, 0.708233, 0.708236, 0.291764
14.25, 0.141102, 0.0644855, 0.708107, 0.708107, 0.291893
14.2685, 0.114025, 0.0574762, 0.708107, 0.708107, 0.291893
14.287, 0.0914585, 0.0504669, 0.708106, 0.708106, 0.291894
14.3056, 0.0718929, 0.0434576, 0.708102, 0.708102, 0.291898
14.3241, 0.0545043, 0.0364483, 0.708094, 0.708095, 0.291905
14.3426, 0.0387853, 0.029439, 0.708082, 0.708083, 0.291917
14.3611, 0.0243974, 0.0224297, 0.708065, 0.708066, 0.291934
14.3796, 0.0111017, 0.0154205, 0.708042, 0.708042, 0.291958
14.3981, -0.00127763, 0.00841115, 0.708012, 0.708013, 0.291987
14.4167, -0.0128745, 0.00140186, 0.707976, 0.707977, 0.292023
14.4352, -0.0237936, -0.00560744, 0.707933, 0.707934, 0.292066
14.4537, -0.0341184, -0.0126167, 0.707883, 0.707884, 0.292116
14.4722, -0.0439169, -0.019626, 0.707825, 0.707827, 0.292173
14.4907, -0.0532453, -0.0266353, 0.70776, 0.707762, 0.292238
14.5093, -0.0621505, -0.0336446, 0.707688, 0.707689, 0.292311
14.5278, -0.0706723, -0.0406539, 0.707608, 0.70761, 0.29239
14.5463, -0.0788446, -0.0476632, 0.70752, 0.707522, 0.292478
14.5648, -0.0866969, -0.0546725, 0.707425, 0.707427, 0.292573
14.5833, -0.0942545, -0.0616818, 0.707323, 0.707325, 0.292675
14.6019, -0.10154, -0.0686911, 0.707213, 0.707215, 0.292785
14.6204, -0.108573, -0.0757004, 0.707096, 0.707098, 0.292902
14.6389, -0.115371, -0.0827097, 0.706971, 0.706973, 0.293027
14.6574, -0.121949, -0.089719, 0.706839, 0.706842, 0.293158
14.6759, -0.128321, -0.0967283, 0.7067, 0.706703, 0.293297
14.6944, -0.134501, -0.103738, 0.706553, 0.706556, 0.293444
14.713, -0.140499, -0.110747, 0.7064, 0.706403, 0.293597
14.7315, -0.146325, -0.117756, 0.70624, 0.706243, 0.293757
14.75, -0.123192, -0.11299, 0.706217, 0.706217, 0.293783
14.7692, -0.0991882, -0.105981, 0.706216, 0.706216, 0.293784
14.7885, -0.078643, -0.0989713, 0.706213, 0.706213, 0.293787
14.8077, -0.0605358, -0.091962, 0.706208, 0.706208, 0.293792
14.8269, -0.0442635, -0.0849527, 0.706197, 0.706198, 0.293802
14.8462, -0.0294345, -0.0779434, 0.706182, 0.706183, 0.293817
14.8654, -0.0157778, -0.0709341, 0.706162, 0.706162, 0.293838
14.8846, -0.00309694, -0.0639248, 0.706135, 0.706135, 0.293865
14.9038, 0.008756, -0.0569155, 0.706101, 0.706102, 0.293898
14.9231, 0.0198955, -0.0499062, 0.706061, 0.706062, 0.293938
14.9423, 0.0304121, -0.0428969, 0.706013, 0.706014, 0.293986
14.9615, 0.0403792, -0.0358876, 0.705959, 0.70596, 0.29404
14.9808, 0.0498569, -0.0288783, 0.705897, 0.705898, 0.294102
15, 0.0588954, -0.021869, 0.705827, 0.705829, 0.294171
15.0192, 0.0675368, -0.0148597, 0.70575, 0.705752, 0.294248
15.0385, 0.0758172, -0.00785041, 0.705666, 0.705667, 0.294333
15.0577, 0.0837675, -0.000841115, 0.705574, 0.705576, 0.294424
15.0769, 0.0914145, 0.00616818, 0.705474, 0.705476, 0.294524
15.0962, 0.0987817, 0.0131775, 0.705367, 0.70537, 0.29463
15.1154, 0.10589, 0.0201868, 0.705253, 0.705255, 0.294745
15.1346, 0.112757, 0.0271961, 0.705131, 0.705134, 0.294866
15.1538, 0.119399, 0.0342054, 0.705003, 0.705005, 0.294995
15.1731, 0.125831, 0.0412147, 0.704866, 0.704869, 0.295131
15.1923, 0.132065, 0.048224, 0.704723, 0.704726, 0.295274
15.2115, 0.138114, 0.0552333, 0.704573, 0.704576, 0.295424
15.2308, 0.143989, 0.0622425, 0.704416, 0.704419, 0.295581
15.25, 0.134099, 0.0630837, 0.704328, 0.704328, 0.295672
15.2692, 0.108179, 0.0560744, 0.704328, 0.704328, 0.295672
15.2885, 0.0863747, 0.0490651, 0.704326, 0.704326, 0.295674
15.3077, 0.0673636, 0.0420558, 0.704322, 0.704322, 0.295678
15.3269, 0.0504043, 0.0350465, 0.704313, 0.704314, 0.295686
15.3462, 0.0350322, 0.0280372, 0.704301, 0.704301, 0.295699
15.3654, 0.0209334, 0.0210279, 0.704282, 0.704283, 0.295717
15.3846, 0.00788431, 0.0140186, 0.704258, 0.704258, 0.295742
15.4038, -0.00428079, 0.0070093, 0.704227, 0.704228, 0.295772
15.4231, -0.0156888, -1.03762e-17, 0.70419, 0.704191, 0.295809
15.4423, -0.0264394, -0.0070093, 0.704145, 0.704146, 0.295854
15.4615, -0.0366123, -0.0140186, 0.704094, 0.704095, 0.295905
15.4808, -0.0462728, -0.0210279, 0.704035, 0.704036, 0.295964
15.5, -0.0554747, -0.0280372, 0.703969, 0.70397, 0.29603
15.5192, -0.0642634, -0.0350465, 0.703895, 0.703896, 0.296104
15.5385, -0.0726773, -0.0420558, 0.703814, 0.703815, 0.296185
15.5577, -0.0807491, -0.0490651, 0.703725, 0.703727, 0.296273
15.5769, -0.0885074, -0.0560744, 0.703629, 0.703631, 0.296369
15.5962, -0.0959768, -0.0630837, 0.703525, 0.703527, 0.296473
15.6154, -0.103179, -0.070093, 0.703414, 0.703416, 0.296584
15.6346, -0.110133, -0.0771023, 0.703295, 0.703298, 0.296702
15.6538, -0.116857, -0.0841115, 0.703169, 0.703172, 0.296828
15.6731, -0.123364, -0.0911208, 0.703036, 0.703039, 0.296961
15.6923, -0.129669, -0.0981301, 0.702896, 0.702899, 0.297101
15.7115, -0.135785, -0.105139, 0.702749, 0.702752, 0.297248
15.7308, -0.141721, -0.112149, 0.702595, 0.702598, 0.297402
15.75, -0.14534, -0.118317, 0.702447, 0.702447, 0.297553
15.7685, -0.117425, -0.111308, 0.702447, 0.702447, 0.297553
15.787, -0.0943026, -0.104298, 0.702446, 0.702446, 0.297554
15.8056, -0.0743772, -0.097289, 0.702442, 0.702442, 0.297558
15.8241, -0.0567401, -0.0902797, 0.702436, 0.702436, 0.297564
15.8426, -0.0408421, -0.0832704, 0.702425, 0.702425, 0.297575
15.8611, -0.0263217, -0.0762611, 0.702409, 0.702409, 0.297591
15.8796, -0.0129262, -0.0692518, 0.702387, 0.702387, 0.297613
15.8981, -0.000470664, -0.0622425, 0.702359, 0.702359, 0.297641
15.9167, 0.0111846, -0.0552333, 0.702324, 0.702325, 0.297675
15.9352, 0.0221485, -0.048224, 0.702282, 0.702283, 0.297717
15.9537, 0.0325074, -0.0412147, 0.702233, 0.702235, 0.297765
15.9722, 0.0423316, -0.0342054, 0.702177, 0.702179, 0.297821
15.9907, 0.0516788, -0.0271961, 0.702114, 0.702115, 0.297885
16.0093, 0.0605973, -0.0201868, 0.702043, 0.702045, 0.297955
16.0278, 0.0691278, -0.0131775, 0.701965, 0.701967, 0.298033
16.0463, 0.0773051, -0.00616818, 0.701879, 0.701881, 0.298119
16.0648, 0.0851591, 0.000841115, 0.701786, 0.701788, 0.298212
16.0833, 0.0927159, 0.00785041, 0.701685, 0.701688, 0.298312
16.1019, 0.0999981, 0.0148597, 0.701577, 0.70158, 0.29842
16.1204, 0.107026, 0.021869, 0.701462, 0.701464, 0.298536
16.1389, 0.113817, 0.0288783, 0.701339, 0.701342, 0.298658
16.1574, 0.120387, 0.0358876, 0.701209, 0.701212, 0.298788
16.1759, 0.126751, 0.0428969, 0.701072, 0.701075, 0.298925
16.1944, 0.13292, 0.0499062, 0.700928, 0.700931, 0.299069
16.213, 0.138907, 0.0569155, 0.700776, 0.700779, 0.299221
16.2315, 0.144721, 0.0639248, 0.700618, 0.700621, 0.299379
16.25, 0.130808, 0.0630837, 0.70055, 0.70055, 0.29945
16.2685, 0.105657, 0.0560744, 0.700549, 0.700549, 0.299451
16.287, 0.0843715, 0.0490651, 0.700547, 0.700547, 0.299453
16.3056, 0.0657453, 0.0420558, 0.700543, 0.700543, 0.299457
16.3241, 0.0490884, 0.0350465, 0.700534, 0.700534, 0.299466
16.3426, 0.0339633, 0.0280372, 0.70052, 0.700521, 0.299479
16.3611, 0.0200724, 0.0210279, 0.700501, 0.700502, 0.299498
16.3796, 0.00720199, 0.0140186, 0.700476, 0.700477, 0.299523
16.3981, -0.00480681, 0.0070093, 0.700445, 0.700445, 0.299555
16.4167, -0.0160762, -1.03762e-17, 0.700406, 0.700407, 0.299593
16.4352, -0.0267024, -0.0070093, 0.700361, 0.700362, 0.299638
16.4537, -0.0367628, -0.0140186, 0.700308, 0.70031, 0.29969
16.4722, -0.0463205, -0.0210279, 0.700249, 0.70025, 0.29975
16.4907, -0.055428, -0.0280372, 0.700181, 0.700183, 0.299817
16.5093, -0.0641293, -0.0350465, 0.700107, 0.700108, 0.299892
16.5278, -0.072462, -0.0420558, 0.700025, 0.700026, 0.299974
16.5463, -0.080458, -0.0490651, 0.699935, 0.699937, 0.300063
16.5648, -0.0881452, -0.0560744, 0.699838, 0.69984, 0.30016
16.5833, -0.0955478, -0.0630837, 0.699733, 0.699735, 0.300265
16.6019, -0.102687, -0.070093, 0.699621, 0.699623, 0.300377
16.6204, -0.109582, -0.0771023, 0.699502, 0.699504, 0.300496
16.6389, -0.116248, -0.0841115, 0.699375, 0.699378, 0.300622
16.6574, -0.122702, -0.0911208, 0.699241, 0.699244, 0.300756
16.6759, -0.128956, -0.0981301, 0.6991, 0.699103, 0.300897
16.6944, -0.135022, -0.105139, 0.698952, 0.698955, 0.301045
16.713, -0.140911, -0.112149, 0.698797, 0.6988, 0.3012
16.7315, -0.146634, -0.119158, 0.698635, 0.698639, 0.301361
16.75, -0.121722, -0.113551, 0.698622, 0.698622, 0.301378
16.7692, -0.0981139, -0.106541, 0.698621, 0.698621, 0.301379
16.7885, -0.077871, -0.099532, 0.698619, 0.698619, 0.301381
16.8077, -0.0600104, -0.0925227, 0.698613, 0.698613, 0.301387
16.8269, -0.0439473, -0.0855134, 0.698602, 0.698602, 0.301398
16.8462, -0.0293007, -0.0785041, 0.698587, 0.698587, 0.301413
16.8654, -0.0158061, -0.0714948, 0.698566, 0.698566, 0.301434
16.8846, -0.00327159, -0.0644855, 0.698539, 0.698539, 0.301461
16.9038, 0.00844777, -0.0574762, 0.698505, 0.698506, 0.301494
16.9231, 0.0194642, -0.0504669, 0.698464, 0.698465, 0.301535
16.9423, 0.0298666, -0.0434576, 0.698417, 0.698418, 0.301582
16.9615, 0.0397269, -0.0364483, 0.698362, 0.698363, 0.301637
16.9808, 0.0491045, -0.029439, 0.698299, 0.698301, 0.301699
17, 0.0580484, -0.0224297, 0.69823, 0.698231, 0.301769
17.0192, 0.0666004, -0.0154205, 0.698153, 0.698154, 0.301846
17.0385, 0.0747958, -0.00841115, 0.698068, 0.69807, 0.30193
17.0577, 0.0826651, -0.00140186, 0.697976, 0.697978, 0.302022
17.0769, 0.0902347, 0.00560744, 0.697876, 0.697878, 0.302122
17.0962, 0.0975278, 0.0126167, 0.697769, 0.697772, 0.302228
17.1154, 0.104565, 0.019626, 0.697655, 0.697657, 0.302343
17.1346, 0.111363, 0.0266353, 0.697533, 0.697536, 0.302464
17.1538, 0.11794, 0.0336446, 0.697404, 0.697407, 0.302593
17.1731, 0.124308, 0.0406539, 0.697268, 0.697271, 0.302729
17.1923, 0.130481, 0.0476632, 0.697125, 0.697128, 0.302872
17.2115, 0.136471, 0.0546725, 0.696975, 0.696978, 0.303022
17.2308, 0.142288, 0.0616818, 0.696818, 0.696821, 0.303179
17.25, 0.142961, 0.0667285, 0.696681, 0.696681, 0.303319
17.2685, 0.115673, 0.0597192, 0.696681, 0.696681, 0.303319
17.287, 0.0930305, 0.0527099, 0.69668, 0.69668, 0.30332
17.3056, 0.0734592, 0.0457006, 0.696676, 0.696676, 0.303324
17.3241, 0.0561008, 0.0386913, 0.696669, 0.696669, 0.303331
17.3426, 0.040432, 0.031682, 0.696658, 0.696658, 0.303342
17.3611, 0.0261057, 0.0246727, 0.696641, 0.696642, 0.303358
17.3796, 0.0128785, 0.0176634, 0.696619, 0.696619, 0.303381
17.3981, 0.000571418, 0.0106541, 0.69659, 0.696591, 0.303409
17.4167, -0.0109511, 0.00364483, 0.696555, 0.696555, 0.303445
17.4352, -0.0217949, -0.00336446, 0.696512, 0.696513, 0.303487
17.4537, -0.0320443, -0.0103738, 0.696463, 0.696464, 0.303536
17.4722, -0.0417678, -0.0173831, 0.696406, 0.696407, 0.303593
17.4907, -0.0510218, -0.0243923, 0.696342, 0.696344, 0.303656
17.5093, -0.0598535, -0.0314016, 0.696271, 0.696272, 0.303728
17.5278, -0.0683029, -0.0384109, 0.696192, 0.696194, 0.303806
17.5463, -0.076404, -0.0454202, 0.696105, 0.696107, 0.303893
17.5648, -0.0841863, -0.0524295, 0.696012, 0.696014, 0.303986
17.5833, -0.0916752, -0.0594388, 0.69591, 0.695912, 0.304088
17.6019, -0.0988931, -0.0664481, 0.695802, 0.695804, 0.304196
17.6204, -0.10586, -0.0734574, 0.695685, 0.695688, 0.304312
17.6389, -0.112593, -0.0804667, 0.695562, 0.695565, 0.304435
17.6574, -0.119107, -0.087476, 0.695431, 0.695434, 0.304566
17.6759, -0.125417, -0.0944853, 0.695294, 0.695296, 0.304704
17.6944, -0.131535, -0.101495, 0.695149, 0.695152, 0.304848
17.713, -0.137473, -0.108504, 0.694997, 0.695, 0.305
17.7315, -0.143241, -0.115513, 0.694838, 0.694842, 0.305158
17.75, -0.138241, -0.118317, 0.694727, 0.694727, 0.305273
17.7685, -0.11199, -0.111308, 0.694726, 0.694726, 0.305274
17.787, -0.0900268, -0.104298, 0.694725, 0.694725, 0.305275
17.8056, -0.0709408, -0.097289, 0.694721, 0.694721, 0.305279
17.8241, -0.0539526, -0.0902797, 0.694713, 0.694713, 0.305287
17.8426, -0.0385791, -0.0832704, 0.694701, 0.694701, 0.305299
17.8611, -0.0244963, -0.0762611, 0.694683, 0.694684, 0.305316
17.8796, -0.0114746, -0.0692518, 0.69466, 0.69466, 0.30534
17.8981, 0.000655534, -0.0622425, 0.69463, 0.694631, 0.305369
17.9167, 0.0120234, -0.0552333, 0.694593, 0.694594, 0.305406
17.9352, 0.0227303, -0.048224, 0.69455, 0.694551, 0.305449
17.9537, 0.0328571, -0.0412147, 0.694499, 0.6945, 0.3055
17.9722, 0.04247, -0.0342054, 0.694441, 0.694442, 0.305558
17.9907, 0.0516234, -0.0271961, 0.694376, 0.694377, 0.305623
18.0093, 0.0603629, -0.0201868, 0.694303, 0.694305, 0.305695
18.0278, 0.0687274, -0.0131775, 0.694223, 0.694225, 0.305775
18.0463, 0.0767499, -0.00616818, 0.694135, 0.694137, 0.305863
18.0648, 0.084459, 0.000841115, 0.69404, 0.694042, 0.305958
18.0833, 0.0918796, 0.00785041, 0.693938, 0.69394, 0.30606
18.1019, 0.0990334, 0.0148597, 0.693828, 0.69383, 0.30617
18.1204, 0.10594, 0.021869, 0.693711, 0.693713, 0.306287
18.1389, 0.112616, 0.0288783, 0.693586, 0.693589, 0.306411
18.1574, 0.119076, 0.0358876, 0.693454, 0.693457, 0.306543
18.1759, 0.125336, 0.0428969, 0.693316, 0.693318, 0.306682
18.1944, 0.131405, 0.0499062, 0.69317, 0.693173, 0.306827
18.213, 0.137297, 0.0569155, 0.693017, 0.69302, 0.30698
18.2315, 0.14302, 0.0639248, 0.692857, 0.692861, 0.307139
18.25, 0.139396, 0.0672892, 0.692738, 0.692738, 0.307262
18.2685, 0.112964, 0.0602799, 0.692738, 0.692738, 0.307262
18.287, 0.0908945, 0.0532706, 0.692737, 0.692737, 0.307263
18.3056, 0.0717385, 0.0462614, 0.692733, 0.692733, 0.307267
18.3241, 0.0547015, 0.0392521, 0.692725, 0.692726, 0.307274
18.3426, 0.0392926, 0.0322428, 0.692713, 0.692714, 0.307286
18.3611, 0.0251833, 0.0252335, 0.692696, 0.692696, 0.307304
18.3796, 0.0121414, 0.0182242, 0.692673, 0.692673, 0.307327
18.3981, -4.31136e-06, 0.0112149, 0.692643, 0.692644, 0.307356
18.4167, -0.0113843, 0.00420558, 0.692607, 0.692607, 0.307393
18.4352, -0.0221007, -0.00280372, 0.692563, 0.692564, 0.307436
18.4537, -0.0322351, -0.00981301, 0.692513, 0.692514, 0.307486
18.4722, -0.0418538, -0.0168223, 0.692455, 0.692457, 0.307543
18.4907, -0.0510118, -0.0238316, 0.69239, 0.692392, 0.307608
18.5093, -0.0597549, -0.0308409, 0.692318, 0.692319, 0.307681
18.5278, -0.0681221, -0.0378502, 0.692238, 0.69224, 0.30776
18.5463, -0.0761465, -0.0448595, 0.692151, 0.692152, 0.307848
18.5648, -0.0838571, -0.0518688, 0.692056, 0.692058, 0.307942
18.5833, -0.0912786, -0.0588781, 0.691954, 0.691956, 0.308044
18.6019, -0.098433, -0.0658874, 0.691844, 0.691846, 0.308154
18.6204, -0.10534, -0.0728967, 0.691727, 0.691729, 0.308271
18.6389, -0.112016, -0.079906, 0.691603, 0.691605, 0.308395
18.6574, -0.118476, -0.0869153, 0.691471, 0.691474, 0.308526
18.6759, -0.124735, -0.0939246, 0.691332, 0.691335, 0.308665
18.6944, -0.130804, -0.100934, 0.691187, 0.69119, 0.30881
18.713, -0.136694, -0.107943, 0.691034, 0.691037, 0.308963
18.7315, -0.142417, -0.114952, 0.690875, 0.690878, 0.309122
18.75, -0.14303, -0.119999, 0.690736, 0.690736, 0.309264
18.7679, -0.115974, -0.11299, 0.690735, 0.690735, 0.309265
18.7857, -0.0935193, -0.105981, 0.690734, 0.690734, 0.309266
18.8036, -0.0741044, -0.0989713, 0.690731, 0.690731, 0.309269
18.8214, -0.0568815, -0.091962, 0.690724, 0.690724, 0.309276
18.8393, -0.0413328, -0.0849527, 0.690712, 0.690712, 0.309288
18.8571, -0.0271152, -0.0779434, 0.690695, 0.690696, 0.309304
18.875, -0.0139873, -0.0709341, 0.690673, 0.690673, 0.309327
18.8929, -0.00177206, -0.0639248, 0.690644, 0.690645, 0.309355
18.9107, 0.00966493, -0.0569155, 0.690609, 0.690609, 0.309391
18.9286, 0.0204286, -0.0499062, 0.690566, 0.690567, 0.309433
18.9464, 0.0306024, -0.0428969, 0.690517, 0.690518, 0.309482
18.9643, 0.0402544, -0.0358876, 0.69046, 0.690461, 0.309539
18.9821, 0.0494404, -0.0288783, 0.690396, 0.690397, 0.309603
19, 0.0582074, -0.021869, 0.690325, 0.690326, 0.309674
19.0179, 0.0665949, -0.0148597, 0.690246, 0.690247, 0.309753
19.0357, 0.0746368, -0.00785041, 0.69016, 0.690161, 0.309839
19.0536, 0.0823621, -0.000841115, 0.690066, 0.690068, 0.309932
19.0714, 0.0897962, 0.00616818, 0.689965, 0.689967, 0.310033
19.0893, 0.0969613, 0.0131775, 0.689856, 0.689858, 0.310142
19.1071, 0.103877, 0.0201868, 0.68974, 0.689743, 0.310257
19.125, 0.110561, 0.0271961, 0.689617, 0.689619, 0.310381
19.1429, 0.117027, 0.0342054, 0.689487, 0.689489, 0.310511
19.1607, 0.123291, 0.0412147, 0.689349, 0.689352, 0.310648
19.1786, 0.129365, 0.048224, 0.689205, 0.689208, 0.310792
19.1964, 0.135259, 0.0552333, 0.689053, 0.689056, 0.310944
19.2143, 0.140984, 0.0622425, 0.688895, 0.688898, 0.311102
19.2321, 0.146549, 0.0692518, 0.68873, 0.688733, 0.311267
19.25, 0.122508, 0.0639248, 0.688713, 0.688713, 0.311287
19.2685, 0.0990856, 0.0569155, 0.688712, 0.688712, 0.311288
19.287, 0.0790106, 0.0499062, 0.688709, 0.68871, 0.31129
19.3056, 0.0613032, 0.0428969, 0.688703, 0.688704, 0.311296
19.3241, 0.045381, 0.0358876, 0.688693, 0.688693, 0.311307
19.3426, 0.0308651, 0.0288783, 0.688678, 0.688678, 0.311322
19.3611, 0.0174927, 0.021869, 0.688657, 0.688657, 0.311343
19.3796, 0.00507283, 0.0148597, 0.68863, 0.68863, 0.31137
19.3981, -0.0065384, 0.00785041, 0.688596, 0.688597, 0.311403
19.4167, -0.0174524, 0.000841115, 0.688555, 0.688556, 0.311444
19.4352, -0.0277575, -0.00616818, 0.688508, 0.688509, 0.311491
19.4537, -0.0375252, -0.0131775, 0.688453, 0.688454, 0.311546
19.4722, -0.0468141, -0.0201868, 0.688391, 0.688392, 0.311608
19.4907, -0.0556733, -0.0271961, 0.688321, 0.688323, 0.311677
19.5093, -0.0641439, -0.0342054, 0.688245, 0.688246, 0.311754
19.5278, -0.0722611, -0.0412147, 0.68816, 0.688162, 0.311838
19.5463, -0.0800551, -0.048224, 0.688068, 0.68807, 0.31193
19.5648, -0.0875521, -0.0552333, 0.687969, 0.687971, 0.312029
19.5833, -0.0947751, -0.0622425, 0.687862, 0.687864, 0.312136
19.6019, -0.101744, -0.0692518, 0.687748, 0.68775, 0.31225
19.6204, -0.108477, -0.0762611, 0.687627, 0.687629, 0.312371
19.6389, -0.11499, -0.0832704, 0.687498, 0.687501, 0.312499
19.6574, -0.121297, -0.0902797, 0.687362, 0.687365, 0.312635
19.6759, -0.127411, -0.097289, 0.68722, 0.687223, 0.312777
19.6944, -0.133342, -0.104298, 0.68707, 0.687073, 0.312927
19.713, -0.139103, -0.111308, 0.686913, 0.686917, 0.313083
19.7315, -0.144701, -0.118317, 0.68675, 0.686753, 0.313247
19.75, -0.131526, -0.117756, 0.686676, 0.686676, 0.313324
19.7685, -0.106557, -0.110747, 0.686676, 0.686676, 0.313324
19.787, -0.0854636, -0.103738, 0.686674, 0.686674, 0.313326
19.8056, -0.0670264, -0.0967283, 0.686669, 0.686669, 0.313331
19.8241, -0.0505515, -0.089719, 0.68666, 0.686661, 0.313339
19.8426, -0.0356004, -0.0827097, 0.686647, 0.686647, 0.313353
19.8611, -0.0218754, -0.0757004, 0.686628, 0.686628, 0.313372
19.8796, -0.00916343, -0.0686911, 0.686603, 0.686604, 0.313396
19.8981, 0.00269397, -0.0616818, 0.686572, 0.686573, 0.313427
19.9167, 0.0138185, -0.0546725, 0.686534, 0.686535, 0.313465
19.9352, 0.0243058, -0.0476632, 0.686489, 0.68649, 0.31351
19.9537, 0.0342327, -0.0406539, 0.686437, 0.686438, 0.313562
19.9722, 0.0436621, -0.0336446, 0.686377, 0.686379, 0.313621
19.9907, 0.0526459, -0.0266353, 0.686311, 0.686312, 0.313688
20.0093, 0.061228, -0.019626, 0.686237, 0.686238, 0.313762
20.0278, 0.0694454, -0.0126167, 0.686155, 0.686157, 0.313843
20.0463, 0.07733, -0.00560744, 0.686066, 0.686068, 0.313932
20.0648, 0.0849093, 0.00140186, 0.685969, 0.685971, 0.314029
20.0833, 0.0922073, 0.00841115, 0.685866, 0.685868, 0.314132
20.1019, 0.099245, 0.0154205, 0.685754, 0.685757, 0.314243
20.1204, 0.106041, 0.0224297, 0.685636, 0.685638, 0.314362
20.1389, 0.112612, 0.029439, 0.68551, 0.685513, 0.314487
20.1574, 0.118972, 0.0364483, 0.685377, 0.68538, 0.31462
20.1759, 0.125135, 0.0434576, 0.685237, 0.68524, 0.31476
20.1944, 0.131113, 0.0504669, 0.685091, 0.685094, 0.314906
20.213, 0.136916, 0.0574762, 0.684937, 0.68494, 0.31506
20.2315, 0.142555, 0.0644855, 0.684776, 0.68478, 0.31522
20.25, 0.142413, 0.0692518, 0.68464, 0.68464, 0.31536
20.2679, 0.115482, 0.0622425, 0.68464, 0.68464, 0.31536
20.2857, 0.0931395, 0.0552333, 0.684638, 0.684638, 0.315362
20.3036, 0.0738265, 0.048224, 0.684635, 0.684635, 0.315365
20.3214, 0.0566966, 0.0412147, 0.684628, 0.684628, 0.315372
20.3393, 0.0412339, 0.0342054, 0.684616, 0.684617, 0.315383
20.3571, 0.0270961, 0.0271961, 0.6846, 0.6846, 0.3154
20.375, 0.014043, 0.0201868, 0.684577, 0.684578, 0.315422
20.3929, 0.00189808, 0.0131775, 0.684548, 0.684549, 0.315451
20.4107, -0.00947251, 0.00616818, 0.684513, 0.684514, 0.315486
20.4286, -0.0201732, -0.000841115, 0.684471, 0.684471, 0.315529
20.4464, -0.0302871, -0.00785041, 0.684421, 0.684422, 0.315578
20.4643, -0.039882, -0.0148597, 0.684365, 0.684366, 0.315634
20.4821, -0.0490134, -0.021869, 0.684301, 0.684302, 0.315698
20.5, -0.0577281, -0.0288783, 0.684229, 0.684231, 0.315769
20.5179, -0.0660653, -0.0358876, 0.684151, 0.684152, 0.315848
20.5357, -0.0740588, -0.0428969, 0.684064, 0.684066, 0.315934
20.5536, -0.0817375, -0.0499062, 0.683971, 0.683973, 0.316027
20.5714, -0.0891267, -0.0569155, 0.68387, 0.683872, 0.316128
20.5893, -0.0962484, -0.0639248, 0.683761, 0.683764, 0.316236
20.6071, -0.103122, -0.0709341, 0.683646, 0.683648, 0.316352
20.625, -0.109765, -0.0779434, 0.683523, 0.683525, 0.316475
20.6429, -0.116192, -0.0849527, 0.683392, 0.683395, 0.316605
20.6607, -0.122418, -0.091962, 0.683255, 0.683258, 0.316742
20.6786, -0.128454, -0.0989713, 0.683111, 0.683114, 0.316886
20.6964, -0.134312, -0.105981, 0.68296, 0.682963, 0.317037
20.7143, -0.140003, -0.11299, 0.682802, 0.682805, 0.317195
20.7321, -0.145534, -0.119999, 0.682637, 0.682641, 0.317359
20.75, -0.127249, -0.117195, 0.68259, 0.68259, 0.31741
20.7685, -0.10319, -0.110186, 0.682589, 0.682589, 0.317411
20.787, -0.0827175, -0.103177, 0.682587, 0.682587, 0.317413
20.8056, -0.0647427, -0.0961675, 0.682582, 0.682582, 0.317418
20.8241, -0.0486317, -0.0891582, 0.682572, 0.682572, 0.317428
20.8426, -0.0339783, -0.0821489, 0.682558, 0.682558, 0.317442
20.8611, -0.0205038, -0.0751397, 0.682538, 0.682538, 0.317462
20.8796, -0.00800724, -0.0681304, 0.682512, 0.682513, 0.317487
20.8981, 0.00366189, -0.0611211, 0.68248, 0.68248, 0.31752
20.9167, 0.0146195, -0.0541118, 0.68244, 0.682441, 0.317559
20.9352, 0.0249572, -0.0471025, 0.682394, 0.682395, 0.317605
20.9537, 0.0347487, -0.0400932, 0.682341, 0.682342, 0.317658
20.9722, 0.0440546, -0.0330839, 0.68228, 0.682281, 0.317719
20.9907, 0.0529251, -0.0260746, 0.682212, 0.682214, 0.317786
21.0093, 0.0614024, -0.0190653, 0.682137, 0.682138, 0.317862
21.0278, 0.0695225, -0.012056, 0.682054, 0.682056, 0.317944
21.0463, 0.0773163, -0.00504669, 0.681964, 0.681966, 0.318034
21.0648, 0.0848106, 0.0019626, 0.681866, 0.681868, 0.318132
21.0833, 0.0920286, 0.0089719, 0.681761, 0.681763, 0.318237
21.1019, 0.0989908, 0.0159812, 0.681649, 0.681651, 0.318349
21.1204, 0.105715, 0.0229905, 0.681529, 0.681532, 0.318468
21.1389, 0.112219, 0.0299998, 0.681402, 0.681405, 0.318595
21.1574, 0.118515, 0.0370091, 0.681269, 0.681271, 0.318729
21.1759, 0.124616, 0.0440184, 0.681128, 0.68113, 0.31887
21.1944, 0.130536, 0.0510277, 0.68098, 0.680983, 0.319017
21.213, 0.136283, 0.058037, 0.680825, 0.680828, 0.319172
21.2315, 0.141868, 0.0650463, 0.680664, 0.680667, 0.319333
21.25, 0.146599, 0.0717752, 0.680503, 0.680502, 0.319498
21.2679, 0.119132, 0.0647659, 0.680502, 0.680502, 0.319498
21.2857, 0.0964189, 0.0577566, 0.680501, 0.680501, 0.319499
21.3036, 0.0768653, 0.0507473, 0.680498, 0.680498, 0.319502
21.3214, 0.0595685, 0.043738, 0.680492, 0.680492, 0.319508
21.3393, 0.0439844, 0.0367287, 0.680481, 0.680481, 0.319519
21.3571, 0.0297559, 0.0297194, 0.680465, 0.680465, 0.319535
21.375, 0.0166333, 0.0227101, 0.680443, 0.680443, 0.319557
21.3929, 0.00443445, 0.0157008, 0.680415, 0.680415, 0.319585
21.4107, -0.00697844, 0.00869153, 0.68038, 0.680381, 0.319619
21.4286, -0.0177125, 0.00168223, 0.680339, 0.68034, 0.31966
21.4464, -0.0278529, -0.00532706, 0.68029, 0.680291, 0.319709
21.4643, -0.0374686, -0.0123364, 0.680235, 0.680236, 0.319764
21.4821, -0.0466165, -0.0193457, 0.680172, 0.680173, 0.319827
21.5, -0.0553439, -0.026355, 0.680101, 0.680103, 0.319897
21.5179, -0.063691, -0.0333642, 0.680023, 0.680025, 0.319975
21.5357, -0.0716918, -0.0403735, 0.679938, 0.67994, 0.32006
21.5536, -0.0793759, -0.0473828, 0.679845, 0.679847, 0.320153
21.5714, -0.0867686, -0.0543921, 0.679745, 0.679747, 0.320253
21.5893, -0.0938924, -0.0614014, 0.679638, 0.67964, 0.32036
21.6071, -0.100767, -0.0684107, 0.679523, 0.679526, 0.320474
21.625, -0.10741, -0.07542, 0.679401, 0.679404, 0.320596
21.6429, -0.113836, -0.0824293, 0.679272, 0.679275, 0.320725
21.6607, -0.12006, -0.0894386, 0.679136, 0.679139, 0.320861
21.6786, -0.126094, -0.0964479, 0.678993, 0.678995, 0.321005
21.6964, -0.131949, -0.103457, 0.678842, 0.678845, 0.321155
21.7143, -0.137635, -0.110467, 0.678685, 0.678689, 0.321311
21.7321, -0.143162, -0.117476, 0.678522, 0.678525, 0.321475
21.75, -0.139478, -0.12084, 0.6784, 0.6784, 0.3216
21.7679, -0.113343, -0.113831, 0.678399, 0.678399, 0.321601
21.7857, -0.0915473, -0.106822, 0.678398, 0.678398, 0.321602
21.8036, -0.0726428, -0.0998124, 0.678394, 0.678394, 0.321606
21.8214, -0.0558381, -0.0928031, 0.678387, 0.678387, 0.321613
21.8393, -0.040645, -0.0857938, 0.678375, 0.678375, 0.321625
21.8571, -0.0267374, -0.0787845, 0.678357, 0.678358, 0.321642
21.875, -0.0138852, -0.0717752, 0.678334, 0.678334, 0.321666
21.8929, -0.00191849, -0.0647659, 0.678304, 0.678305, 0.321695
21.9107, 0.00929185, -0.0577566, 0.678268, 0.678269, 0.321731
21.9286, 0.0198469, -0.0507473, 0.678225, 0.678226, 0.321774
21.9464, 0.0298273, -0.043738, 0.678175, 0.678176, 0.321824
21.9643, 0.0392989, -0.0367287, 0.678118, 0.678119, 0.321881
21.9821, 0.0483157, -0.0297194, 0.678053, 0.678054, 0.321946
22, 0.0569232, -0.0227101, 0.677981, 0.677983, 0.322017
22.0179, 0.0651599, -0.0157008, 0.677902, 0.677903, 0.322097
22.0357, 0.0730586, -0.00869153, 0.677815, 0.677817, 0.322183
22.0536, 0.0806476, -0.00168223, 0.677721, 0.677722, 0.322278
22.0714, 0.0879517, 0.00532706, 0.677619, 0.677621, 0.322379
22.0893, 0.0949925, 0.0123364, 0.67751, 0.677512, 0.322488
22.1071, 0.101789, 0.0193457, 0.677394, 0.677396, 0.322604
22.125, 0.108358, 0.026355, 0.67727, 0.677273, 0.322727
22.1429, 0.114714, 0.0333642, 0.67714, 0.677142, 0.322858
22.1607, 0.120872, 0.0403735, 0.677002, 0.677005, 0.322995
22.1786, 0.126843, 0.0473828, 0.676858, 0.676861, 0.323139
22.1964, 0.132638, 0.0543921, 0.676706, 0.676709, 0.323291
22.2143, 0.138267, 0.0614014, 0.676548, 0.676551, 0.323449
22.2321, 0.14374, 0.0684107, 0.676383, 0.676386, 0.323614
22.25, 0.136627, 0.0703733, 0.676278, 0.676278, 0.323722
22.2679, 0.111066, 0.063364, 0.676277, 0.676277, 0.323723
22.2857, 0.0896421, 0.0563547, 0.676276, 0.676276, 0.323724
22.3036, 0.0710058, 0.0493454, 0.676272, 0.676272, 0.323728
22.3214, 0.054407, 0.0423361, 0.676264, 0.676264, 0.323736
22.3393, 0.0393789, 0.0353269, 0.676251, 0.676251, 0.323749
22.3571, 0.0256077, 0.0283176, 0.676233, 0.676233, 0.323767
22.375, 0.012871, 0.0213083, 0.676209, 0.67621, 0.32379
22.3929, 0.00100388, 0.014299, 0.676179, 0.67618, 0.32382
22.4107, -0.0101193, 0.00728967, 0.676142, 0.676143, 0.323857
22.4286, -0.0205971, 0.000280372, 0.676098, 0.676099, 0.323901
22.4464, -0.0305085, -0.00672892, 0.676047, 0.676049, 0.323951
22.4643, -0.0399176, -0.0137382, 0.675989, 0.675991, 0.324009
22.4821, -0.0488778, -0.0207475, 0.675924, 0.675925, 0.324075
22.5, -0.0574334, -0.0277568, 0.675851, 0.675853, 0.324147
22.5179, -0.0656223, -0.0347661, 0.675771, 0.675773, 0.324227
22.5357, -0.0734769, -0.0417754, 0.675683, 0.675685, 0.324315
22.5536, -0.0810249, -0.0487847, 0.675588, 0.67559, 0.32441
22.5714, -0.0882908, -0.055794, 0.675486, 0.675488, 0.324512
22.5893, -0.0952958, -0.0628033, 0.675376, 0.675378, 0.324622
22.6071, -0.102059, -0.0698126, 0.675259, 0.675262, 0.324738
22.625, -0.108596, -0.0768219, 0.675135, 0.675137, 0.324863
22.6429, -0.114923, -0.0838312, 0.675004, 0.675006, 0.324994
22.6607, -0.121052, -0.0908405, 0.674865, 0.674868, 0.325132
22.6786, -0.126997, -0.0978498, 0.67472, 0.674723, 0.325277
22.6964, -0.132766, -0.104859, 0.674567, 0.674571, 0.325429
22.7143, -0.138371, -0.111868, 0.674408, 0.674412, 0.325588
22.7321, -0.143821, -0.118878, 0.674243, 0.674246, 0.325754
22.75, -0.136711, -0.12084, 0.674137, 0.674137, 0.325863
22.7679, -0.111196, -0.113831, 0.674136, 0.674136, 0.325864
22.7857, -0.0898185, -0.106822, 0.674135, 0.674135, 0.325865
22.8036, -0.071225, -0.0998124, 0.674131, 0.674131, 0.325869
22.8214, -0.0546663, -0.0928031, 0.674123, 0.674123, 0.325877
22.8393, -0.039676, -0.0857938, 0.67411, 0.674111, 0.325889
22.8571, -0.0259405, -0.0787845, 0.674092, 0.674093, 0.325907
22.875, -0.0132375, -0.0717752, 0.674068, 0.674069, 0.325931
22.8929, -0.00140244, -0.0647659, 0.674038, 0.674039, 0.325961
22.9107, 0.0096902, -0.0577566, 0.674001, 0.674002, 0.325998
22.9286, 0.0201388, -0.0507473, 0.673958, 0.673959, 0.326041
22.9464, 0.0300222, -0.043738, 0.673907, 0.673908, 0.326092
22.9643, 0.0394044, -0.0367287, 0.673849, 0.67385, 0.32615
22.9821, 0.0483387, -0.0297194, 0.673784, 0.673785, 0.326215
23, 0.0568693, -0.0227101, 0.673711, 0.673712, 0.326288
23.0179, 0.0650341, -0.0157008, 0.673631, 0.673633, 0.326367
23.0357, 0.0728653, -0.00869153, 0.673543, 0.673545, 0.326455
23.0536, 0.0803907, -0.00168223, 0.673449, 0.673451, 0.326549
23.0714, 0.0876347, 0.00532706, 0.673346, 0.673348, 0.326652
23.0893, 0.0946183, 0.0123364, 0.673237, 0.673239, 0.326761
23.1071, 0.10136, 0.0193457, 0.67312, 0.673123, 0.326877
23.125, 0.107878, 0.026355, 0.672996, 0.672999, 0.327001
23.1429, 0.114185, 0.0333642, 0.672865, 0.672868, 0.327132
23.1607, 0.120295, 0.0403735, 0.672727, 0.67273, 0.32727
23.1786, 0.126221, 0.0473828, 0.672582, 0.672585, 0.327415
23.1964, 0.131972, 0.0543921, 0.67243, 0.672433, 0.327567
23.2143, 0.137559, 0.0614014, 0.672272, 0.672275, 0.327725
23.2321, 0.142991, 0.0684107, 0.672106, 0.67211, 0.32789
23.25, 0.141339, 0.0726163, 0.671973, 0.671973, 0.328027
23.2672, 0.115003, 0.065607, 0.671973, 0.671973, 0.328027
23.2845, 0.0931132, 0.0585977, 0.671971, 0.671971, 0.328029
23.3017, 0.0741656, 0.0515884, 0.671968, 0.671968, 0.328032
23.319, 0.0573455, 0.0445791, 0.67196, 0.671961, 0.328039
23.3362, 0.0421532, 0.0375698, 0.671949, 0.671949, 0.328051
23.3534, 0.0282565, 0.0305605, 0.671932, 0.671932, 0.328068
23.3707, 0.0154216, 0.0235512, 0.671909, 0.671909, 0.328091
23.3879, 0.00347647, 0.0165419, 0.67188, 0.67188, 0.32812
23.4052, -0.00770947, 0.00953264, 0.671844, 0.671845, 0.328155
23.4224, -0.0182382, 0.00252335, 0.671801, 0.671802, 0.328198
23.4397, -0.0281912, -0.00448595, 0.671752, 0.671753, 0.328247
23.4569, -0.0376346, -0.0114952, 0.671695, 0.671696, 0.328304
23.4741, -0.0466228, -0.0185045, 0.671631, 0.671632, 0.328368
23.4914, -0.0552015, -0.0255138, 0.671559, 0.67156, 0.32844
23.5086, -0.0634095, -0.0325231, 0.67148, 0.671482, 0.328518
23.5259, -0.0712795, -0.0395324, 0.671394, 0.671396, 0.328604
23.5431, -0.0788402, -0.0465417, 0.6713, 0.671302, 0.328698
23.5603, -0.0861161, -0.053551, 0.671199, 0.671201, 0.328799
23.5776, -0.0931291, -0.0605603, 0.671091, 0.671093, 0.328907
23.5948, -0.0998981, -0.0675696, 0.670975, 0.670977, 0.329023
23.6121, -0.10644, -0.0745789, 0.670852, 0.670855, 0.329145
23.6293, -0.11277, -0.0815882, 0.670722, 0.670725, 0.329275
23.6466, -0.118902, -0.0885975, 0.670585, 0.670588, 0.329412
23.6638, -0.124847, -0.0956068, 0.670441, 0.670444, 0.329556
23.681, -0.130617, -0.102616, 0.67029, 0.670293, 0.329707
23.6983, -0.136221, -0.109625, 0.670132, 0.670136, 0.329864
23.7155, -0.14167, -0.116635, 0.669968, 0.669971, 0.330029
23.7328, -0.14697, -0.123644, 0.669797, 0.669801, 0.330199
23.75, -0.120832, -0.117195, 0.669794, 0.669794, 0.330206
23.7679, -0.0980994, -0.110186, 0.669793, 0.669793, 0.330207
23.7857, -0.0785823, -0.103177, 0.66979, 0.66979, 0.33021
23.8036, -0.0613481, -0.0961675, 0.669783, 0.669784, 0.330216
23.8214, -0.0458402, -0.0891582, 0.669773, 0.669773, 0.330227
23.8393, -0.0316945, -0.0821489, 0.669757, 0.669757, 0.330243
23.8571, -0.0186579, -0.0751397, 0.669736, 0.669736, 0.330264
23.875, -0.00654629, -0.0681304, 0.669708, 0.669709, 0.330291
23.8929, 0.00477944, -0.0611211, 0.669674, 0.669675, 0.330325
23.9107, 0.0154271, -0.0541118, 0.669633, 0.669634, 0.330366
23.9286, 0.0254823, -0.0471025, 0.669585, 0.669586, 0.330414
23.9464, 0.0350143, -0.0400932, 0.66953, 0.669531, 0.330469
23.9643, 0.0440801, -0.0330839, 0.669468, 0.669469, 0.330531
23.9821, 0.0527272, -0.0260746, 0.669398, 0.6694, 0.3306
24, 0.0609956, -0.0190653, 0.669321, 0.669323, 0.330677
24.0179, 0.0689195, -0.012056, 0.669237, 0.669239, 0.330761
24.0357, 0.0765283, -0.00504669, 0.669145, 0.669147, 0.330853
24.0536, 0.0838475, 0.0019626, 0.669046, 0.669048, 0.330952
24.0714, 0.0908994, 0.0089719, 0.66894, 0.668942, 0.331058
24.0893, 0.0977036, 0.0159812, 0.668826, 0.668828, 0.331172
24.1071, 0.104277, 0.0229905, 0.668705, 0.668707, 0.331293
24.125, 0.110636, 0.0299998, 0.668577, 0.66858, 0.33142
24.1429, 0.116794, 0.0370091, 0.668442, 0.668445, 0.331555
24.1607, 0.122764, 0.0440184, 0.6683, 0.668303, 0.331697
24.1786, 0.128556, 0.0510277, 0.668151, 0.668154, 0.331846
24.1964, 0.13418, 0.058037, 0.667995, 0.667999, 0.332001
24.2143, 0.139647, 0.0650463, 0.667833, 0.667836, 0.332164
24.2321, 0.144964, 0.0720556, 0.667664, 0.667668, 0.332332
24.25, 0.130639, 0.0709341, 0.667595, 0.667595, 0.332405
24.2679, 0.106332, 0.0639248, 0.667595, 0.667595, 0.332405
24.2857, 0.0857675, 0.0569155, 0.667592, 0.667593, 0.332407
24.3036, 0.0677763, 0.0499062, 0.667588, 0.667588, 0.332412
24.3214, 0.0516905, 0.0428969, 0.667579, 0.667579, 0.332421
24.3393, 0.0370866, 0.0358876, 0.667565, 0.667565, 0.332435
24.3571, 0.0236761, 0.0288783, 0.667546, 0.667546, 0.332454
24.375, 0.0112525, 0.021869, 0.667521, 0.667521, 0.332479
24.3929, -0.000338036, 0.0148597, 0.667489, 0.66749, 0.33251
24.4107, -0.0112138, 0.00785041, 0.667451, 0.667452, 0.332548
24.4286, -0.0214678, 0.000841115, 0.667405, 0.667406, 0.332594
24.4464, -0.031175, -0.00616818, 0.667353, 0.667354, 0.332646
24.4643, -0.0403964, -0.0131775, 0.667294, 0.667295, 0.332705
24.4821, -0.0491827, -0.0201868, 0.667227, 0.667228, 0.332772
24.5, -0.0575766, -0.0271961, 0.667152, 0.667154, 0.332846
24.5179, -0.0656144, -0.0342054, 0.667071, 0.667073, 0.332927
24.5357, -0.0733269, -0.0412147, 0.666982, 0.666984, 0.333016
24.5536, -0.0807411, -0.048224, 0.666886, 0.666888, 0.333112
24.5714, -0.0878804, -0.0552333, 0.666782, 0.666784, 0.333216
24.5893, -0.0947654, -0.0622425, 0.666671, 0.666673, 0.333327
24.6071, -0.101414, -0.0692518, 0.666553, 0.666555, 0.333445
24.625, -0.107843, -0.0762611, 0.666427, 0.66643, 0.33357
24.6429, -0.114065, -0.0832704, 0.666295, 0.666298, 0.333702
24.6607, -0.120095, -0.0902797, 0.666155, 0.666158, 0.333842
24.6786, -0.125944, -0.097289, 0.666009, 0.666012, 0.333988
24.6964, -0.131622, -0.104298, 0.665856, 0.665859, 0.334141
24.7143, -0.137139, -0.111308, 0.665696, 0.665699, 0.334301
24.7321, -0.142504, -0.118317, 0.665529, 0.665533, 0.334467
24.75, -0.144277, -0.123924, 0.665378, 0.665378, 0.334622
24.7672, -0.117535, -0.116915, 0.665377, 0.665377, 0.334623
24.7845, -0.0954169, -0.109906, 0.665376, 0.665376, 0.334624
24.8017, -0.076341, -0.102896, 0.665373, 0.665373, 0.334627
24.819, -0.0594472, -0.0958872, 0.665366, 0.665366, 0.334634
24.8362, -0.0442142, -0.0888779, 0.665355, 0.665355, 0.334645
24.8534, -0.0302981, -0.0818686, 0.665338, 0.665339, 0.334661
24.8707, -0.0174581, -0.0748593, 0.665316, 0.665317, 0.334683
24.8879, -0.0055178, -0.06785, 0.665288, 0.665288, 0.334712
24.9052, 0.00565622, -0.0608407, 0.665253, 0.665253, 0.334747
24.9224, 0.0161679, -0.0538314, 0.665211, 0.665212, 0.334788
24.9397, 0.0261, -0.0468221, 0.665162, 0.665163, 0.334837
24.9569, 0.0355197, -0.0398128, 0.665106, 0.665107, 0.334893
24.9741, 0.0444822, -0.0328035, 0.665043, 0.665044, 0.334956
24.9914, 0.0530337, -0.0257942, 0.664972, 0.664974, 0.335026
25.0086, 0.0612132, -0.0187849, 0.664894, 0.664896, 0.335104
25.0259, 0.069054, -0.0117756, 0.664809, 0.664811, 0.335189
25.0431, 0.0765849, -0.00476632, 0.664716, 0.664718, 0.335282
25.0603, 0.0838307, 0.00224297, 0.664616, 0.664618, 0.335382
25.0776, 0.0908132, 0.00925227, 0.664509, 0.664511, 0.335489
25.0948, 0.0975517, 0.0162616, 0.664395, 0.664397, 0.335603
25.1121, 0.104063, 0.0232709, 0.664273, 0.664275, 0.335725
25.1293, 0.110363, 0.0302802, 0.664144, 0.664147, 0.335853
25.1466, 0.116464, 0.0372895, 0.664008, 0.664011, 0.335989
25.1638, 0.122379, 0.0442987, 0.663866, 0.663869, 0.336131
25.181, 0.128119, 0.051308, 0.663716, 0.663719, 0.336281
25.1983, 0.133693, 0.0583173, 0.66356, 0.663563, 0.336437
25.2155, 0.139112, 0.0653266, 0.663397, 0.6634, 0.3366
25.2328, 0.144383, 0.0723359, 0.663227, 0.663231, 0.336769
25.25, 0.133959, 0.0728967, 0.663137, 0.663137, 0.336863
25.2672, 0.109171, 0.0658874, 0.663136, 0.663137, 0.336863
25.2845, 0.0883165, 0.0588781, 0.663135, 0.663135, 0.336865
25.3017, 0.0701341, 0.0518688, 0.66313, 0.66313, 0.33687
25.319, 0.0539151, 0.0448595, 0.663122, 0.663122, 0.336878
25.3362, 0.0392152, 0.0378502, 0.663109, 0.663109, 0.336891
25.3534, 0.0257339, 0.0308409, 0.66309, 0.663091, 0.336909
25.3707, 0.0132575, 0.0238316, 0.663066, 0.663066, 0.336934
25.3879, 0.00162723, 0.0168223, 0.663035, 0.663036, 0.336964
25.4052, -0.00927841, 0.00981301, 0.662998, 0.662998, 0.337002
25.4224, -0.0195548, 0.00280372, 0.662953, 0.662954, 0.337046
25.4397, -0.0292783, -0.00420558, 0.662902, 0.662903, 0.337097
25.4569, -0.0385113, -0.0112149, 0.662843, 0.662844, 0.337156
25.4741, -0.0473056, -0.0182242, 0.662777, 0.662779, 0.337221
25.4914, -0.0557044, -0.0252335, 0.662704, 0.662706, 0.337294
25.5086, -0.0637444, -0.0322428, 0.662623, 0.662625, 0.337375
25.5259, -0.0714572, -0.0392521, 0.662535, 0.662537, 0.337463
25.5431, -0.0788699, -0.0462614, 0.66244, 0.662442, 0.337558
25.5603, -0.0860064, -0.0532706, 0.662338, 0.66234, 0.33766
25.5776, -0.0928872, -0.0602799, 0.662228, 0.66223, 0.33777
25.5948, -0.0995308, -0.0672892, 0.66211, 0.662113, 0.337887
25.6121, -0.105953, -0.0742985, 0.661986, 0.661989, 0.338011
25.6293, -0.11217, -0.0813078, 0.661855, 0.661857, 0.338143
25.6466, -0.118192, -0.0883171, 0.661716, 0.661719, 0.338281
25.6638, -0.124033, -0.0953264, 0.661571, 0.661574, 0.338426
25.681, -0.129703, -0.102336, 0.661419, 0.661422, 0.338578
25.6983, -0.135212, -0.109345, 0.66126, 0.661263, 0.338737
25.7155, -0.140567, -0.116354, 0.661095, 0.661098, 0.338902
25.7328, -0.145778, -0.123364, 0.660923, 0.660926, 0.339074
25.75, -0.127105, -0.12028, 0.660877, 0.660877, 0.339123
25.7672, -0.103563, -0.11327, 0.660877, 0.660877, 0.339123
25.7845, -0.0835417, -0.106261, 0.660874, 0.660874, 0.339126
25.8017, -0.0659683, -0.0992516, 0.660869, 0.660869, 0.339131
25.819, -0.0502211, -0.0922423, 0.660859, 0.66086, 0.33914
25.8362, -0.0359015, -0.085233, 0.660845, 0.660845, 0.339155
25.8534, -0.0227361, -0.0782237, 0.660825, 0.660825, 0.339175
25.8707, -0.010528, -0.0712144, 0.660799, 0.660799, 0.339201
25.8879, 0.000870439, -0.0642051, 0.660766, 0.660767, 0.339233
25.9052, 0.0115727, -0.0571959, 0.660727, 0.660728, 0.339272
25.9224, 0.0216685, -0.0501866, 0.660681, 0.660682, 0.339318
25.9397, 0.0312301, -0.0431773, 0.660628, 0.660629, 0.339371
25.9569, 0.0403167, -0.036168, 0.660568, 0.660569, 0.339431
25.9741, 0.0489775, -0.0291587, 0.6605, 0.660501, 0.339499
25.9914, 0.0572539, -0.0221494, 0.660425, 0.660426, 0.339574
26.0086, 0.0651811, -0.0151401, 0.660342, 0.660344, 0.339656
26.0259, 0.0727894, -0.00813078, 0.660253, 0.660255, 0.339745
26.0431, 0.0801047, -0.00112149, 0.660156, 0.660158, 0.339842
26.0603, 0.0871501, 0.00588781, 0.660051, 0.660054, 0.339946
26.0776, 0.0939456, 0.0128971, 0.65994, 0.659942, 0.340058
26.0948, 0.100509, 0.0199064, 0.659821, 0.659824, 0.340176
26.1121, 0.106856, 0.0269157, 0.659695, 0.659698, 0.340302
26.1293, 0.113, 0.033925, 0.659562, 0.659565, 0.340435
26.1466, 0.118954, 0.0409343, 0.659423, 0.659425, 0.340575
26.1638, 0.124731, 0.0479436, 0.659276, 0.659279, 0.340721
26.181, 0.130339, 0.0549529, 0.659122, 0.659126, 0.340874
26.1983, 0.135788, 0.0619622, 0.658962, 0.658966, 0.341034
26.2155, 0.141087, 0.0689715, 0.658796, 0.658799, 0.341201
26.2328, 0.146244, 0.0759808, 0.658623, 0.658626, 0.341374
26.25, 0.124529, 0.0714948, 0.658594, 0.658594, 0.341406
26.2672, 0.101451, 0.0644855, 0.658594, 0.658594, 0.341406
26.2845, 0.0817473, 0.0574762, 0.658591, 0.658591, 0.341409
26.3017, 0.0644109, 0.0504669, 0.658585, 0.658585, 0.341415
26.319, 0.0488501, 0.0434576, 0.658575, 0.658575, 0.341425
26.3362, 0.0346825, 0.0364483, 0.65856, 0.658561, 0.341439
26.3534, 0.0216446, 0.029439, 0.65854, 0.65854, 0.34146
26.3707, 0.00954554, 0.0224297, 0.658513, 0.658514, 0.341486
26.3879, -0.00175787, 0.0154205, 0.65848, 0.658481, 0.341519
26.4052, -0.0123763, 0.00841115, 0.65844, 0.658441, 0.341559
26.4224, -0.0223973, 0.00140186, 0.658393, 0.658394, 0.341606
26.4397, -0.0318916, -0.00560744, 0.658339, 0.65834, 0.34166
26.4569, -0.0409171, -0.0126167, 0.658278, 0.658279, 0.341721
26.4741, -0.0495221, -0.019626, 0.65821, 0.658211, 0.341789
26.4914, -0.0577472, -0.0266353, 0.658134, 0.658135, 0.341865
26.5086, -0.065627, -0.0336446, 0.658051, 0.658053, 0.341947
26.5259, -0.0731912, -0.0406539, 0.65796, 0.657962, 0.342038
26.5431, -0.0804655, -0.0476632, 0.657862, 0.657865, 0.342135
26.5603, -0.0874725, -0.0546725, 0.657757, 0.65776, 0.34224
26.5776, -0.0942319, -0.0616818, 0.657645, 0.657647, 0.342353
26.5948, -0.100761, -0.0686911, 0.657526, 0.657528, 0.342472
26.6121, -0.107076, -0.0757004, 0.657399, 0.657402, 0.342598
26.6293, -0.11319, -0.0827097, 0.657265, 0.657268, 0.342732
26.6466, -0.119116, -0.089719, 0.657125, 0.657128, 0.342872
26.6638, -0.124865, -0.0967283, 0.656977, 0.65698, 0.34302
26.681, -0.130447, -0.103738, 0.656823, 0.656826, 0.343174
26.6983, -0.135872, -0.110747, 0.656662, 0.656665, 0.343335
26.7155, -0.141147, -0.117756, 0.656495, 0.656498, 0.343502
26.7328, -0.146281, -0.124765, 0.656321, 0.656324, 0.343676
26.75, -0.124604, -0.12028, 0.656292, 0.656292, 0.343708
26.7672, -0.101576, -0.11327, 0.656292, 0.656292, 0.343708
26.7845, -0.0819203, -0.106261, 0.656289, 0.656289, 0.343711
26.8017, -0.0646285, -0.0992516, 0.656283, 0.656283, 0.343717
26.819, -0.0491095, -0.0922423, 0.656273, 0.656274, 0.343726
26.8362, -0.0349812, -0.085233, 0.656258, 0.656259, 0.343741
26.8534, -0.0219804, -0.0782237, 0.656238, 0.656238, 0.343762
26.8707, -0.00991641, -0.0712144, 0.656211, 0.656212, 0.343788
26.8879, 0.00135361, -0.0642051, 0.656178, 0.656179, 0.343821
26.9052, 0.0119402, -0.0571959, 0.656138, 0.656139, 0.343861
26.9224, 0.0219308, -0.0501866, 0.656092, 0.656093, 0.343907
26.9397, 0.0313958, -0.0431773, 0.656038, 0.656039, 0.343961
26.9569, 0.0403933, -0.036168, 0.655977, 0.655978, 0.344022
26.9741, 0.0489712, -0.0291587, 0.655908, 0.65591, 0.34409
26.9914, 0.0571702, -0.0221494, 0.655833, 0.655834, 0.344166
27.0086, 0.0650248, -0.0151401, 0.65575, 0.655751, 0.344249
27.0259, 0.0725645, -0.00813078, 0.655659, 0.655661, 0.344339
27.0431, 0.0798152, -0.00112149, 0.655562, 0.655564, 0.344436
27.0603, 0.0867992, 0.00588781, 0.655457, 0.655459, 0.344541
27.0776, 0.0935363, 0.0128971, 0.655345, 0.655347, 0.344653
27.0948, 0.100044, 0.0199064, 0.655226, 0.655228, 0.344772
27.1121, 0.106338, 0.0269157, 0.655099, 0.655102, 0.344898
27.1293, 0.112431, 0.033925, 0.654966, 0.654969, 0.345031
27.1466, 0.118337, 0.0409343, 0.654826, 0.654829, 0.345171
27.1638, 0.124066, 0.0479436, 0.654679, 0.654682, 0.345318
27.181, 0.129629, 0.0549529, 0.654525, 0.654528, 0.345472
27.1983, 0.135035, 0.0619622, 0.654364, 0.654368, 0.345632
27.2155, 0.140292, 0.0689715, 0.654197, 0.654201, 0.345799
27.2328, 0.145409, 0.0759808, 0.654024, 0.654028, 0.345972
27.25, 0.129292, 0.0740182, 0.653964, 0.653964, 0.346036
27.2672, 0.105534, 0.0670089, 0.653963, 0.653963, 0.346037
27.2845, 0.0853993, 0.0599996, 0.653961, 0.653961, 0.346039
27.3017, 0.0677663, 0.0529903, 0.653956, 0.653956, 0.346044
27.319, 0.05199, 0.045981, 0.653947, 0.653947, 0.346053
27.3362, 0.0376601, 0.0389717, 0.653933, 0.653933, 0.346067
27.3534, 0.0244966, 0.0319624, 0.653913, 0.653914, 0.346086
27.3707, 0.0122984, 0.0249531, 0.653888, 0.653888, 0.346112
27.3879, 0.0009156, 0.0179438, 0.653856, 0.653857, 0.346143
27.4052, -0.0097671, 0.0109345, 0.653817, 0.653818, 0.346182
27.4224, -0.0198406, 0.00392521, 0.653772, 0.653773, 0.346227
27.4397, -0.029378, -0.00308409, 0.653719, 0.65372, 0.34628
27.4569, -0.038439, -0.0100934, 0.653659, 0.653661, 0.346339
27.4741, -0.0470734, -0.0171027, 0.653592, 0.653594, 0.346406
27.4914, -0.0553227, -0.024112, 0.653518, 0.65352, 0.34648
27.5086, -0.0632224, -0.0311213, 0.653436, 0.653438, 0.346562
27.5259, -0.070803, -0.0381306, 0.653347, 0.653349, 0.346651
27.5431, -0.0780907, -0.0451399, 0.653251, 0.653253, 0.346747
27.5603, -0.0851085, -0.0521492, 0.653147, 0.653149, 0.346851
27.5776, -0.0918765, -0.0591585, 0.653036, 0.653039, 0.346961
27.5948, -0.0984125, -0.0661678, 0.652918, 0.652921, 0.347079
27.6121, -0.104732, -0.073177, 0.652793, 0.652796, 0.347204
27.6293, -0.11085, -0.0801863, 0.652661, 0.652664, 0.347336
27.6466, -0.116778, -0.0871956, 0.652522, 0.652525, 0.347475
27.6638, -0.122528, -0.0942049, 0.652376, 0.652379, 0.347621
27.681, -0.128111, -0.101214, 0.652223, 0.652226, 0.347774
27.6983, -0.133535, -0.108224, 0.652064, 0.652067, 0.347933
27.7155, -0.138809, -0.115233, 0.651898, 0.651901, 0.348099
27.7328, -0.143942, -0.122242, 0.651726, 0.651729, 0.348271
27.75, -0.136812, -0.124205, 0.651616, 0.651616, 0.348384
27.7667, -0.111762, -0.117195, 0.651615, 0.651615, 0.348385
27.7833, -0.0908076, -0.110186, 0.651614, 0.651614, 0.348386
27.8, -0.0726007, -0.103177, 0.65161, 0.65161, 0.34839
27.8167, -0.0563977, -0.0961675, 0.651602, 0.651602, 0.348398
27.8333, -0.041737, -0.0891582, 0.651589, 0.651589, 0.348411
27.85, -0.0283091, -0.0821489, 0.651571, 0.651572, 0.348428
27.8667, -0.0158946, -0.0751397, 0.651548, 0.651548, 0.348452
27.8833, -0.00433162, -0.0681304, 0.651517, 0.651518, 0.348482
27.9, 0.00650349, -0.0611211, 0.651481, 0.651482, 0.348518
27.9167, 0.0167075, -0.0541118, 0.651437, 0.651438, 0.348562
27.9333, 0.0263577, -0.0471025, 0.651387, 0.651388, 0.348612
27.95, 0.0355173, -0.0400932, 0.651329, 0.65133, 0.34867
27.9667, 0.0442382, -0.0330839, 0.651264, 0.651266, 0.348734
27.9833, 0.0525641, -0.0260746, 0.651192, 0.651194, 0.348806
28, 0.0605321, -0.0190653, 0.651113, 0.651114, 0.348886
28.0167, 0.0681737, -0.012056, 0.651026, 0.651028, 0.348972
28.0333, 0.0755162, -0.00504669, 0.650932, 0.650934, 0.349066
28.05, 0.0825834, 0.0019626, 0.65083, 0.650832, 0.349168
28.0667, 0.0893961, 0.0089719, 0.650722, 0.650724, 0.349276
28.0833, 0.0959727, 0.0159812, 0.650606, 0.650608, 0.349392
28.1, 0.102329, 0.0229905, 0.650483, 0.650486, 0.349514
28.1167, 0.108481, 0.0299998, 0.650353, 0.650356, 0.349644
28.1333, 0.11444, 0.0370091, 0.650217, 0.650219, 0.349781
28.15, 0.120218, 0.0440184, 0.650073, 0.650076, 0.349924
28.1667, 0.125827, 0.0510277, 0.649922, 0.649926, 0.350074
28.1833, 0.131275, 0.058037, 0.649765, 0.649769, 0.350231
28.2, 0.136571, 0.0650463, 0.649602, 0.649605, 0.350395
28.2167, 0.141724, 0.0720556, 0.649432, 0.649435, 0.350565
28.2333, 0.14674, 0.0790649, 0.649255, 0.649259, 0.350741
28.25, 0.12278, 0.0734574, 0.649241, 0.649241, 0.350759
28.2672, 0.10021, 0.0664481, 0.64924, 0.64924, 0.35076
28.2845, 0.0808926, 0.0594388, 0.649237, 0.649237, 0.350763
28.3017, 0.0638701, 0.0524295, 0.649231, 0.649231, 0.350769
28.319, 0.0485746, 0.0454202, 0.649221, 0.649221, 0.350779
28.3362, 0.0346378, 0.0384109, 0.649205, 0.649206, 0.350794
28.3534, 0.0218047, 0.0314016, 0.649184, 0.649185, 0.350815
28.3707, 0.00989003, 0.0243923, 0.649157, 0.649158, 0.350842
28.3879, -0.00124526, 0.0173831, 0.649124, 0.649124, 0.350876
28.4052, -0.011709, 0.0103738, 0.649083, 0.649084, 0.350916
28.4224, -0.0215866, 0.00336446, 0.649036, 0.649037, 0.350963
28.4397, -0.0309471, -0.00364483, 0.648982, 0.648983, 0.351017
28.4569, -0.039847, -0.0106541, 0.64892, 0.648921, 0.351079
28.4741, -0.0483337, -0.0176634, 0.648851, 0.648853, 0.351147
28.4914, -0.0564469, -0.0246727, 0.648775, 0.648777, 0.351223
28.5086, -0.0642204, -0.031682, 0.648692, 0.648693, 0.351307
28.5259, -0.0716834, -0.0386913, 0.648601, 0.648603, 0.351397
28.5431, -0.0788612, -0.0457006, 0.648503, 0.648505, 0.351495
28.5603, -0.0857758, -0.0527099, 0.648398, 0.6484, 0.3516
28.5776, -0.0924465, -0.0597192, 0.648285, 0.648287, 0.351713
28.5948, -0.0988907, -0.0667285, 0.648165, 0.648168, 0.351832
28.6121, -0.105124, -0.0737378, 0.648039, 0.648041, 0.351959
28.6293, -0.111159, -0.0807471, 0.647905, 0.647908, 0.352092
28.6466, -0.117008, -0.0877564, 0.647764, 0.647767, 0.352233
28.6638, -0.122684, -0.0947657, 0.647617, 0.64762, 0.35238
28.681, -0.128194, -0.101775, 0.647463, 0.647466, 0.352534
28.6983, -0.13355, -0.108784, 0.647302, 0.647305, 0.352695
28.7155, -0.138759, -0.115794, 0.647135, 0.647138, 0.352862
28.7328, -0.143828, -0.122803, 0.646961, 0.646965, 0.353035
28.75, -0.138009, -0.125326, 0.646843, 0.646843, 0.353157
28.7667, -0.11285, -0.118317, 0.646843, 0.646843, 0.353157
28.7833, -0.0918543, -0.111308, 0.646841, 0.646841, 0.353159
28.8, -0.0736368, -0.104298, 0.646837, 0.646837, 0.353163
28.8167, -0.0574397, -0.097289, 0.646829, 0.64683, 0.35317
28.8333, -0.0427942, -0.0902797, 0.646817, 0.646817, 0.353183
28.85, -0.0293871, -0.0832704, 0.646799, 0.6468, 0.3532
28.8667, -0.0169969, -0.0762611, 0.646776, 0.646776, 0.353224
28.8833, -0.00546028, -0.0692518, 0.646746, 0.646747, 0.353253
28.9, 0.00534724, -0.0622425, 0.64671, 0.646711, 0.353289
28.9167, 0.0155229, -0.0552333, 0.646667, 0.646668, 0.353332
28.9333, 0.0251446, -0.048224, 0.646616, 0.646618, 0.353382
28.95, 0.0342754, -0.0412147, 0.646559, 0.64656, 0.35344
28.9667, 0.0429678, -0.0342054, 0.646495, 0.646496, 0.353504
28.9833, 0.0512654, -0.0271961, 0.646423, 0.646424, 0.353576
29, 0.0592053, -0.0201868, 0.646344, 0.646345, 0.353655
29.0167, 0.0668192, -0.0131775, 0.646257, 0.646259, 0.353741
29.0333, 0.0741345, -0.00616818, 0.646164, 0.646166, 0.353834
29.05, 0.0811749, 0.000841115, 0.646063, 0.646065, 0.353935
29.0667, 0.0879613, 0.00785041, 0.645955, 0.645957, 0.354043
29.0833, 0.094512, 0.0148597, 0.64584, 0.645842, 0.354158
29.1, 0.100843, 0.021869, 0.645717, 0.64572, 0.35428
29.1167, 0.10697, 0.0288783, 0.645588, 0.64559, 0.35441
29.1333, 0.112904, 0.0358876, 0.645452, 0.645454, 0.354546
29.15, 0.118659, 0.0428969, 0.645308, 0.645311, 0.354689
29.1667, 0.124244, 0.0499062, 0.645159, 0.645162, 0.354838
29.1833, 0.129668, 0.0569155, 0.645002, 0.645005, 0.354995
29.2, 0.134942, 0.0639248, 0.644839, 0.644842, 0.355158
29.2167, 0.140072, 0.0709341, 0.64467, 0.644673, 0.355327
29.2333, 0.145067, 0.0779434, 0.644494, 0.644498, 0.355502
29.25, 0.131527, 0.0771023, 0.644418, 0.644418, 0.355582
29.2667, 0.107599, 0.070093, 0.644418, 0.644418, 0.355582
29.2833, 0.0874022, 0.0630837, 0.644416, 0.644416, 0.355584
29.3, 0.0697592, 0.0560744, 0.644411, 0.644411, 0.355589
29.3167, 0.0540011, 0.0490651, 0.644402, 0.644402, 0.355598
29.3333, 0.0397056, 0.0420558, 0.644389, 0.644389, 0.355611
29.35, 0.0265864, 0.0350465, 0.64437, 0.64437, 0.35563
29.3667, 0.0144386, 0.0280372, 0.644345, 0.644345, 0.355655
29.3833, 0.00310976, 0.0210279, 0.644313, 0.644314, 0.355686
29.4, -0.00751678, 0.0140186, 0.644275, 0.644276, 0.355724
29.4167, -0.017533, 0.0070093, 0.64423, 0.644231, 0.355769
29.4333, -0.0270126, -1.03762e-17, 0.644178, 0.64418, 0.35582
29.45, -0.0360158, -0.0070093, 0.644119, 0.644121, 0.355879
29.4667, -0.0445926, -0.0140186, 0.644053, 0.644055, 0.355945
29.4833, -0.0527849, -0.0210279, 0.64398, 0.643981, 0.356019
29.5, -0.0606283, -0.0280372, 0.643899, 0.6439, 0.3561
29.5167, -0.0681533, -0.0350465, 0.643811, 0.643812, 0.356188
29.5333, -0.0753863, -0.0420558, 0.643715, 0.643717, 0.356283
29.55, -0.0823503, -0.0490651, 0.643613, 0.643615, 0.356385
29.5667, -0.0890653, -0.0560744, 0.643503, 0.643505, 0.356495
29.5833, -0.0955493, -0.0630837, 0.643386, 0.643388, 0.356612
29.6, -0.101818, -0.070093, 0.643262, 0.643264, 0.356736
29.6167, -0.107886, -0.0771023, 0.64313, 0.643133, 0.356867
29.6333, -0.113765, -0.0841115, 0.642992, 0.642995, 0.357005
29.65, -0.119467, -0.0911208, 0.642848, 0.642851, 0.357149
29.6667, -0.125002, -0.0981301, 0.642696, 0.642699, 0.357301
29.6833, -0.130379, -0.105139, 0.642538, 0.642541, 0.357459
29.7, -0.135608, -0.112149, 0.642373, 0.642377, 0.357623
29.7167, -0.140695, -0.119158, 0.642202, 0.642206, 0.357794
29.7333, -0.145649, -0.126167, 0.642025, 0.642028, 0.357972
29.75, -0.128418, -0.123644, 0.64197, 0.64197, 0.35803
29.7667, -0.105083, -0.116635, 0.64197, 0.64197, 0.35803
29.7833, -0.0852929, -0.109625, 0.641967, 0.641967, 0.358033
29.8, -0.0679528, -0.102616, 0.641962, 0.641962, 0.358038
29.8167, -0.0524339, -0.0956068, 0.641953, 0.641953, 0.358047
29.8333, -0.0383348, -0.0885975, 0.641939, 0.641939, 0.358061
29.85, -0.0253814, -0.0815882, 0.641919, 0.641919, 0.358081
29.8667, -0.0133765, -0.0745789, 0.641893, 0.641894, 0.358106
29.8833, -0.00217324, -0.0675696, 0.641861, 0.641862, 0.358138
29.9, 0.00834167, -0.0605603, 0.641822, 0.641823, 0.358177
29.9167, 0.0182574, -0.053551, 0.641777, 0.641778, 0.358222
29.9333, 0.0276458, -0.0465417, 0.641724, 0.641725, 0.358275
29.95, 0.0365655, -0.0395324, 0.641664, 0.641666, 0.358334
29.9667, 0.0450654, -0.0325231, 0.641597, 0.641599, 0.358401
29.9833, 0.0531864, -0.0255138, 0.641523, 0.641525, 0.358475
30, 0.0609633, -0.0185045, 0.641441, 0.641443, 0.358557
30.0167, 0.0684261, -0.0114952, 0.641353, 0.641354, 0.358646
30.0333, 0.0756005, -0.00448595, 0.641256, 0.641258, 0.358742
30.05, 0.0825093, 0.00252335, 0.641153, 0.641155, 0.358845
30.0667, 0.0891721, 0.00953264, 0.641043, 0.641045, 0.358955
30.0833, 0.0956064, 0.0165419, 0.640925, 0.640927, 0.359073
30.1, 0.101828, 0.0235512, 0.6408, 0.640803, 0.359197
30.1167, 0.10785, 0.0305605, 0.640669, 0.640672, 0.359328
30.1333, 0.113686, 0.0375698, 0.64053, 0.640533, 0.359467
30.15, 0.119347, 0.0445791, 0.640385, 0.640388, 0.359612
30.1667, 0.124842, 0.0515884, 0.640233, 0.640236, 0.359764
30.1833, 0.130182, 0.0585977, 0.640075, 0.640078, 0.359922
30.2, 0.135374, 0.065607, 0.63991, 0.639913, 0.360087
30.2167, 0.140426, 0.0726163, 0.639738, 0.639742, 0.360258
30.2333, 0.145345, 0.0796256, 0.639561, 0.639564, 0.360436
30.25, 0.129977, 0.0779434, 0.639495, 0.639495, 0.360505
30.2667, 0.106423, 0.0709341, 0.639495, 0.639495, 0.360505
30.2833, 0.0864977, 0.0639248, 0.639493, 0.639493, 0.360507
30.3, 0.0690672, 0.0569155, 0.639488, 0.639488, 0.360512
30.3167, 0.0534843, 0.0499062, 0.639479, 0.639479, 0.360521
30.3333, 0.0393381, 0.0428969, 0.639465, 0.639465, 0.360535
30.35, 0.0263493, 0.0358876, 0.639445, 0.639446, 0.360554
30.3667, 0.0143173, 0.0288783, 0.63942, 0.63942, 0.36058
30.3833, 0.00309298, 0.021869, 0.639388, 0.639389, 0.360611
30.4, -0.00743837, 0.0148597, 0.63935, 0.639351, 0.360649
30.4167, -0.017367, 0.00785041, 0.639305, 0.639306, 0.360694
30.4333, -0.0267655, 0.000841115, 0.639252, 0.639254, 0.360746
30.45, -0.0356931, -0.00616818, 0.639193, 0.639194, 0.360806
30.4667, -0.0441991, -0.0131775, 0.639126, 0.639128, 0.360872
30.4833, -0.0523248, -0.0201868, 0.639053, 0.639054, 0.360946
30.5, -0.0601052, -0.0271961, 0.638971, 0.638973, 0.361027
30.5167, -0.0675704, -0.0342054, 0.638883, 0.638885, 0.361115
30.5333, -0.0747466, -0.0412147, 0.638787, 0.638789, 0.361211
30.55, -0.0816564, -0.048224, 0.638684, 0.638686, 0.361314
30.5667, -0.0883197, -0.0552333, 0.638574, 0.638577, 0.361423
30.5833, -0.094754, -0.0622425, 0.638457, 0.638459, 0.361541
30.6, -0.100975, -0.0692518, 0.638333, 0.638335, 0.361665
30.6167, -0.106997, -0.0762611, 0.638201, 0.638204, 0.361796
30.6333, -0.112832, -0.0832704, 0.638063, 0.638066, 0.361934
30.65, -0.118491, -0.0902797, 0.637918, 0.637921, 0.362079
30.6667, -0.123985, -0.097289, 0.637767, 0.63777, 0.36223
30.6833, -0.129323, -0.104298, 0.637609, 0.637612, 0.362388
30.7, -0.134513, -0.111308, 0.637444, 0.637447, 0.362553
30.7167, -0.139564, -0.118317, 0.637273, 0.637276, 0.362724
30.7333, -0.144481, -0.125326, 0.637095, 0.637099, 0.362901
30.75, -0.134771, -0.126167, 0.636997, 0.636997, 0.363003
30.7667, -0.110428, -0.119158, 0.636997, 0.636997, 0.363003
30.7833, -0.0900068, -0.112149, 0.636995, 0.636995, 0.363005
30.8, -0.072234, -0.105139, 0.636991, 0.636991, 0.363009
30.8167, -0.0564, -0.0981301, 0.636982, 0.636983, 0.363017
30.8333, -0.0420622, -0.0911208, 0.636969, 0.63697, 0.36303
30.85, -0.0289225, -0.0841115, 0.636951, 0.636951, 0.363049
30.8667, -0.0167691, -0.0771023, 0.636927, 0.636927, 0.363073
30.8833, -0.00544529, -0.070093, 0.636896, 0.636897, 0.363103
30.9, 0.00516869, -0.0630837, 0.636859, 0.63686, 0.36314
30.9167, 0.0151668, -0.0560744, 0.636815, 0.636816, 0.363184
30.9333, 0.0246241, -0.0490651, 0.636764, 0.636766, 0.363234
30.95, 0.033602, -0.0420558, 0.636706, 0.636708, 0.363292
30.9667, 0.0421513, -0.0350465, 0.636641, 0.636643, 0.363357
30.9833, 0.0503143, -0.0280372, 0.636569, 0.63657, 0.36343
31, 0.0581271, -0.0210279, 0.636489, 0.636491, 0.363509
31.0167, 0.0656207, -0.0140186, 0.636402, 0.636404, 0.363596
31.0333, 0.0728215, -0.0070093, 0.636308, 0.63631, 0.36369
31.05, 0.0797529, -4.65868e-19, 0.636207, 0.636209, 0.363791
31.0667, 0.0864351, 0.0070093, 0.636098, 0.6361, 0.3639
31.0833, 0.092886, 0.0140186, 0.635982, 0.635985, 0.364015
31.1, 0.0991216, 0.0210279, 0.63586, 0.635862, 0.364138
31.1167, 0.105156, 0.0280372, 0.63573, 0.635733, 0.364267
31.1333, 0.111002, 0.0350465, 0.635593, 0.635596, 0.364404
31.15, 0.116671, 0.0420558, 0.63545, 0.635453, 0.364547
31.1667, 0.122174, 0.0490651, 0.6353, 0.635303, 0.364697
31.1833, 0.127519, 0.0560744, 0.635143, 0.635147, 0.364853
31.2, 0.132716, 0.0630837, 0.63498, 0.634984, 0.365016
31.2167, 0.137771, 0.070093, 0.634811, 0.634814, 0.365186
31.2333, 0.142693, 0.0771023, 0.634635, 0.634639, 0.365361
31.25, 0.145486, 0.0832704, 0.634468, 0.634468, 0.365532
31.2661, 0.119197, 0.0762611, 0.634468, 0.634468, 0.365532
31.2823, 0.0975283, 0.0692518, 0.634467, 0.634467, 0.365533
31.2984, 0.0788927, 0.0622425, 0.634464, 0.634464, 0.365536
31.3145, 0.0624197, 0.0552333, 0.634457, 0.634457, 0.365543
31.3306, 0.0475863, 0.048224, 0.634446, 0.634446, 0.365554
31.3468, 0.0340491, 0.0412147, 0.63443, 0.63443, 0.36557
31.3629, 0.0215687, 0.0342054, 0.634408, 0.634408, 0.365592
31.379, 0.00997047, 0.0271961, 0.63438, 0.63438, 0.36562
31.3952, -0.000877534, 0.0201868, 0.634345, 0.634346, 0.365654
31.4113, -0.0110779, 0.0131775, 0.634304, 0.634305, 0.365695
31.4274, -0.020712, 0.00616818, 0.634256, 0.634257, 0.365743
31.4435, -0.0298459, -0.000841115, 0.6342, 0.634201, 0.365799
31.4597, -0.0385339, -0.00785041, 0.634138, 0.634139, 0.365861
31.4758, -0.0468212, -0.0148597, 0.634068, 0.63407, 0.36593
31.4919, -0.0547463, -0.021869, 0.633991, 0.633993, 0.366007
31.5081, -0.0623415, -0.0288783, 0.633907, 0.633909, 0.366091
31.5242, -0.0696351, -0.0358876, 0.633816, 0.633817, 0.366183
31.5403, -0.0766513, -0.0428969, 0.633717, 0.633719, 0.366281
31.5565, -0.0834116, -0.0499062, 0.633611, 0.633613, 0.366387
31.5726, -0.0899346, -0.0569155, 0.633498, 0.6335, 0.3665
31.5887, -0.096237, -0.0639248, 0.633378, 0.63338, 0.36662
31.6048, -0.102334, -0.0709341, 0.633251, 0.633253, 0.366747
31.621, -0.108237, -0.0779434, 0.633117, 0.633119, 0.366881
31.6371, -0.113961, -0.0849527, 0.632976, 0.632979, 0.367021
31.6532, -0.119514, -0.091962, 0.632828, 0.632831, 0.367169
31.6694, -0.124906, -0.0989713, 0.632674, 0.632677, 0.367323
31.6855, -0.130148, -0.105981, 0.632513, 0.632517, 0.367483
31.7016, -0.135246, -0.11299, 0.632346, 0.63235, 0.36765
31.7177, -0.140208, -0.119999, 0.632173, 0.632176, 0.367824
31.7339, -0.14504, -0.127008, 0.631993, 0.631997, 0.368003
31.75, -0.132205, -0.126448, 0.631912, 0.631912, 0.368088
31.7661, -0.108445, -0.119438, 0.631912, 0.631912, 0.368088
31.7823, -0.0884286, -0.112429, 0.63191, 0.63191, 0.36809
31.7984, -0.0709628, -0.10542, 0.631905, 0.631905, 0.368095
31.8145, -0.0553754, -0.0984105, 0.631896, 0.631896, 0.368104
31.8306, -0.0412432, -0.0914012, 0.631883, 0.631883, 0.368117
31.8468, -0.0282798, -0.0843919, 0.631864, 0.631864, 0.368136
31.8629, -0.0162806, -0.0773826, 0.631839, 0.63184, 0.36816
31.879, -0.00509397, -0.0703733, 0.631808, 0.631809, 0.368191
31.8952, 0.00539656, -0.063364, 0.63177, 0.631771, 0.368229
31.9113, 0.0152824, -0.0563547, 0.631726, 0.631727, 0.368273
31.9274, 0.0246367, -0.0493454, 0.631674, 0.631675, 0.368325
31.9435, 0.0335195, -0.0423361, 0.631615, 0.631617, 0.368383
31.9597, 0.0419803, -0.0353269, 0.63155, 0.631551, 0.368449
31.9758, 0.0500607, -0.0283176, 0.631477, 0.631478, 0.368522
31.9919, 0.057796, -0.0213083, 0.631396, 0.631398, 0.368602
32.0081, 0.0652164, -0.014299, 0.631309, 0.631311, 0.368689
32.0242, 0.0723481, -0.00728967, 0.631214, 0.631216, 0.368784
32.0403, 0.0792139, -0.000280372, 0.631112, 0.631114, 0.368886
32.0565, 0.0858338, 0.00672892, 0.631003, 0.631005, 0.368995
32.0726, 0.0922252, 0.0137382, 0.630887, 0.630889, 0.369111
32.0887, 0.098404, 0.0207475, 0.630764, 0.630766, 0.369234
32.1048, 0.104384, 0.0277568, 0.630634, 0.630636, 0.369364
32.121, 0.110178, 0.0347661, 0.630497, 0.630499, 0.369501
32.1371, 0.115797, 0.0417754, 0.630353, 0.630356, 0.369644
32.1532, 0.121251, 0.0487847, 0.630203, 0.630206, 0.369794
32.1694, 0.12655, 0.055794, 0.630046, 0.630049, 0.369951
32.1855, 0.131701, 0.0628033, 0.629882, 0.629886, 0.370114
32.2016, 0.136714, 0.0698126, 0.629713, 0.629716, 0.370284
32.2177, 0.141594, 0.0768219, 0.629537, 0.62954, 0.37046
32.2339, 0.146348, 0.0838312, 0.629355, 0.629358, 0.370642
32.25, 0.125084, 0.0793452, 0.629325, 0.629325, 0.370675
32.2661, 0.102591, 0.0723359, 0.629324, 0.629324, 0.370676
32.2823, 0.0834205, 0.0653266, 0.629322, 0.629322, 0.370678
32.2984, 0.0665719, 0.0583173, 0.629316, 0.629316, 0.370684
32.3145, 0.0514611, 0.051308, 0.629306, 0.629306, 0.370694
32.3306, 0.0377117, 0.0442987, 0.629291, 0.629291, 0.370709
32.3468, 0.0250648, 0.0372895, 0.62927, 0.629271, 0.370729
32.3629, 0.0133332, 0.0302802, 0.629244, 0.629244, 0.370756
32.379, 0.00237689, 0.0232709, 0.629211, 0.629212, 0.370788
32.3952, -0.00791256, 0.0162616, 0.629171, 0.629172, 0.370828
32.4113, -0.0176207, 0.00925227, 0.629125, 0.629126, 0.370874
32.4274, -0.0268165, 0.00224297, 0.629071, 0.629072, 0.370928
32.4435, -0.0355566, -0.00476632, 0.629011, 0.629012, 0.370988
32.4597, -0.0438881, -0.0117756, 0.628943, 0.628944, 0.371056
32.4758, -0.0518504, -0.0187849, 0.628868, 0.628869, 0.371131
32.4919, -0.0594774, -0.0257942, 0.628785, 0.628787, 0.371213
32.5081, -0.066798, -0.0328035, 0.628696, 0.628698, 0.371302
32.5242, -0.0738372, -0.0398128, 0.628599, 0.628601, 0.371399
32.5403, -0.0806169, -0.0468221, 0.628495, 0.628497, 0.371503
32.5565, -0.0871564, -0.0538314, 0.628384, 0.628386, 0.371614
32.5726, -0.0934727, -0.0608407, 0.628266, 0.628268, 0.371732
32.5887, -0.0995809, -0.06785, 0.628141, 0.628143, 0.371857
32.6048, -0.105494, -0.0748593, 0.628008, 0.628011, 0.371989
32.621, -0.111225, -0.0818686, 0.62787, 0.627872, 0.372128
32.6371, -0.116785, -0.0888779, 0.627724, 0.627727, 0.372273
32.6532, -0.122183, -0.0958872, 0.627572, 0.627575, 0.372425
32.6694, -0.127428, -0.102896, 0.627413, 0.627416, 0.372584
32.6855, -0.132529, -0.109906, 0.627248, 0.627251, 0.372749
32.7016, -0.137492, -0.116915, 0.627076, 0.62708, 0.37292
32.7177, -0.142326, -0.123924, 0.626898, 0.626902, 0.373098
32.7339, -0.147036, -0.130934, 0.626714, 0.626718, 0.373282
32.75, -0.121765, -0.124485, 0.626711, 0.626711, 0.373289
32.7661, -0.0998814, -0.117476, 0.62671, 0.62671, 0.37329
32.7823, -0.0811362, -0.110467, 0.626707, 0.626707, 0.373293
32.7984, -0.0646096, -0.103457, 0.6267, 0.626701, 0.373299
32.8145, -0.0497551, -0.0964479, 0.62669, 0.62669, 0.37331
32.8306, -0.0362171, -0.0894386, 0.626674, 0.626674, 0.373326
32.8468, -0.0237494, -0.0824293, 0.626653, 0.626653, 0.373347
32.8629, -0.0121728, -0.07542, 0.626625, 0.626626, 0.373374
32.879, -0.00135262, -0.0684107, 0.626592, 0.626592, 0.373408
32.8952, 0.00881559, -0.0614014, 0.626551, 0.626552, 0.373448
32.9113, 0.0184146, -0.0543921, 0.626504, 0.626505, 0.373495
32.9274, 0.0275113, -0.0473828, 0.626449, 0.62645, 0.37355
32.9435, 0.0361606, -0.0403735, 0.626388, 0.626389, 0.373611
32.9597, 0.0444084, -0.0333642, 0.626319, 0.62632, 0.37368
32.9758, 0.0522932, -0.026355, 0.626243, 0.626245, 0.373755
32.9919, 0.059848, -0.0193457, 0.62616, 0.626161, 0.373839
33.0081, 0.0671009, -0.0123364, 0.626069, 0.626071, 0.373929
33.0242, 0.0740766, -0.00532706, 0.625972, 0.625974, 0.374026
33.0403, 0.0807964, 0.00168223, 0.625867, 0.625869, 0.374131
33.0565, 0.0872793, 0.00869153, 0.625755, 0.625758, 0.374242
33.0726, 0.0935418, 0.0157008, 0.625636, 0.625639, 0.374361
33.0887, 0.0995988, 0.0227101, 0.625511, 0.625513, 0.374487
33.1048, 0.105464, 0.0297194, 0.625378, 0.625381, 0.374619
33.121, 0.111148, 0.0367287, 0.625238, 0.625241, 0.374759
33.1371, 0.116663, 0.043738, 0.625092, 0.625095, 0.374905
33.1532, 0.122018, 0.0507473, 0.624939, 0.624942, 0.375058
33.1694, 0.127222, 0.0577566, 0.62478, 0.624783, 0.375217
33.1855, 0.132283, 0.0647659, 0.624614, 0.624618, 0.375382
33.2016, 0.137209, 0.0717752, 0.624442, 0.624446, 0.375554
33.2177, 0.142006, 0.0787845, 0.624264, 0.624268, 0.375732
33.2339, 0.14668, 0.0857938, 0.62408, 0.624084, 0.375916
33.25, 0.123756, 0.0804667, 0.624061, 0.624061, 0.375939
33.2661, 0.10161, 0.0734574, 0.624061, 0.624061, 0.375939
33.2823, 0.0826973, 0.0664481, 0.624058, 0.624058, 0.375942
33.2984, 0.0660546, 0.0594388, 0.624052, 0.624052, 0.375948
33.3145, 0.0511157, 0.0524295, 0.624042, 0.624042, 0.375958
33.3306, 0.0375142, 0.0454202, 0.624026, 0.624027, 0.375973
33.3468, 0.0249974, 0.0384109, 0.624006, 0.624006, 0.375994
33.3629, 0.0133821, 0.0314016, 0.623979, 0.623979, 0.376021
33.379, 0.00253106, 0.0243923, 0.623945, 0.623946, 0.376054
33.3952, -0.00766207, 0.0173831, 0.623905, 0.623906, 0.376094
33.4113, -0.0172813, 0.0103738, 0.623858, 0.623859, 0.376141
33.4274, -0.0263946, 0.00336446, 0.623805, 0.623806, 0.376194
33.4435, -0.0350576, -0.00364483, 0.623744, 0.623745, 0.376255
33.4597, -0.0433166, -0.0106541, 0.623675, 0.623677, 0.376323
33.4758, -0.0512107, -0.0176634, 0.6236, 0.623602, 0.376398
33.4919, -0.0587731, -0.0246727, 0.623517, 0.623519, 0.376481
33.5081, -0.0660322, -0.031682, 0.623428, 0.623429, 0.376571
33.5242, -0.073013, -0.0386913, 0.623331, 0.623333, 0.376667
33.5403, -0.079737, -0.0457006, 0.623226, 0.623228, 0.376772
33.5565, -0.0862231, -0.0527099, 0.623115, 0.623117, 0.376883
33.5726, -0.0924882, -0.0597192, 0.622997, 0.622999, 0.377001
33.5887, -0.0985472, -0.0667285, 0.622871, 0.622874, 0.377126
33.6048, -0.104413, -0.0737378, 0.622739, 0.622742, 0.377258
33.621, -0.110099, -0.0807471, 0.6226, 0.622603, 0.377397
33.6371, -0.115614, -0.0877564, 0.622454, 0.622457, 0.377543
33.6532, -0.12097, -0.0947657, 0.622302, 0.622305, 0.377695
33.6694, -0.126174, -0.101775, 0.622143, 0.622146, 0.377854
33.6855, -0.131235, -0.108784, 0.621978, 0.621981, 0.378019
33.7016, -0.13616, -0.115794, 0.621806, 0.62181, 0.37819
33.7177, -0.140956, -0.122803, 0.621629, 0.621632, 0.378368
33.7339, -0.145629, -0.129812, 0.621445, 0.621449, 0.378551
33.75, -0.129218, -0.127569, 0.621385, 0.621385, 0.378615
33.7661, -0.106217, -0.12056, 0.621384, 0.621384, 0.378616
33.7823, -0.0867521, -0.113551, 0.621382, 0.621382, 0.378618
33.7984, -0.0697204, -0.106541, 0.621377, 0.621377, 0.378623
33.8145, -0.0544921, -0.099532, 0.621368, 0.621368, 0.378632
33.8306, -0.0406668, -0.0925227, 0.621354, 0.621354, 0.378646
33.8468, -0.027972, -0.0855134, 0.621334, 0.621334, 0.378666
33.8629, -0.0162122, -0.0785041, 0.621308, 0.621309, 0.378691
33.879, -0.00524165, -0.0714948, 0.621277, 0.621277, 0.378723
33.8952, 0.00505162, -0.0644855, 0.621238, 0.621239, 0.378761
33.9113, 0.0147558, -0.0574762, 0.621193, 0.621194, 0.378806
33.9274, 0.0239416, -0.0504669, 0.621141, 0.621142, 0.378858
33.9435, 0.0326672, -0.0434576, 0.621081, 0.621083, 0.378917
33.9597, 0.0409805, -0.0364483, 0.621015, 0.621016, 0.378984
33.9758, 0.0489219, -0.029439, 0.620941, 0.620943, 0.379057
33.9919, 0.0565258, -0.0224297, 0.62086, 0.620862, 0.379138
34.0081, 0.0638216, -0.0154205, 0.620772, 0.620774, 0.379226
34.0242, 0.0708347, -0.00841115, 0.620677, 0.620679, 0.379321
34.0403, 0.0775872, -0.00140186, 0.620575, 0.620577, 0.379423
34.0565, 0.0840987, 0.00560744, 0.620465, 0.620467, 0.379533
34.0726, 0.0903864, 0.0126167, 0.620349, 0.620351, 0.379649
34.0887, 0.0964655, 0.019626, 0.620225, 0.620228, 0.379772
34.1048, 0.10235, 0.0266353, 0.620095, 0.620097, 0.379903
34.121, 0.108051, 0.0336446, 0.619958, 0.61996, 0.38004
34.1371, 0.113581, 0.0406539, 0.619814, 0.619817, 0.380183
34.1532, 0.118949, 0.0476632, 0.619663, 0.619666, 0.380334
34.1694, 0.124165, 0.0546725, 0.619506, 0.61951, 0.38049
34.1855, 0.129236, 0.0616818, 0.619343, 0.619346, 0.380654
34.2016, 0.13417, 0.0686911, 0.619173, 0.619177, 0.380823
34.2177, 0.138974, 0.0757004, 0.618998, 0.619001, 0.380999
34.2339, 0.143654, 0.0827097, 0.618816, 0.618819, 0.381181
34.25, 0.141008, 0.0866349, 0.618674, 0.618674, 0.381326
34.2656, 0.115909, 0.0796256, 0.618673, 0.618673, 0.381327
34.2812, 0.0951155, 0.0726163, 0.618672, 0.618672, 0.381328
34.2969, 0.0771524, 0.065607, 0.618668, 0.618668, 0.381332
34.3125, 0.0612281, 0.0585977, 0.618661, 0.618661, 0.381339
34.3281, 0.0468595, 0.0515884, 0.618649, 0.618649, 0.381351
34.3438, 0.0337268, 0.0445791, 0.618632, 0.618632, 0.381368
34.3594, 0.0216053, 0.0375698, 0.618609, 0.61861, 0.38139
34.375, 0.0103304, 0.0305605, 0.61858, 0.618581, 0.381419
34.3906, -0.000223128, 0.0235512, 0.618545, 0.618545, 0.381455
34.4062, -0.0101527, 0.0165419, 0.618502, 0.618503, 0.381497
34.4219, -0.0195359, 0.00953264, 0.618453, 0.618454, 0.381546
34.4375, -0.0284358, 0.00252335, 0.618397, 0.618398, 0.381602
34.4531, -0.0369045, -0.00448595, 0.618334, 0.618335, 0.381665
34.4688, -0.0449853, -0.0114952, 0.618263, 0.618265, 0.381735
34.4844, -0.0527151, -0.0185045, 0.618185, 0.618187, 0.381813
34.5, -0.0601251, -0.0255138, 0.6181, 0.618102, 0.381898
34.5156, -0.0672424, -0.0325231, 0.618008, 0.61801, 0.38199
34.5312, -0.0740904, -0.0395324, 0.617909, 0.617911, 0.382089
34.5469, -0.0806899, -0.0465417, 0.617803, 0.617805, 0.382195
34.5625, -0.0870587, -0.053551, 0.617689, 0.617691, 0.382309
34.5781, -0.0932131, -0.0605603, 0.617569, 0.617571, 0.382429
34.5938, -0.0991672, -0.0675696, 0.617441, 0.617444, 0.382556
34.6094, -0.104934, -0.0745789, 0.617307, 0.61731, 0.38269
34.625, -0.110525, -0.0815882, 0.617166, 0.617169, 0.382831
34.6406, -0.11595, -0.0885975, 0.617018, 0.617021, 0.382979
34.6562, -0.121219, -0.0956068, 0.616864, 0.616867, 0.383133
34.6719, -0.126341, -0.102616, 0.616704, 0.616707, 0.383293
34.6875, -0.131322, -0.109625, 0.616537, 0.61654, 0.38346
34.7031, -0.136172, -0.116635, 0.616363, 0.616367, 0.383633
34.7188, -0.140895, -0.123644, 0.616184, 0.616188, 0.383812
34.7344, -0.145498, -0.130653, 0.615999, 0.616002, 0.383998
34.75, -0.130337, -0.128971, 0.61593, 0.61593, 0.38407
34.7656, -0.107274, -0.121962, 0.61593, 0.61593, 0.38407
34.7812, -0.0877956, -0.114952, 0.615928, 0.615928, 0.384072
34.7969, -0.0707744, -0.107943, 0.615923, 0.615923, 0.384077
34.8125, -0.0555689, -0.100934, 0.615914, 0.615914, 0.384086
34.8281, -0.0417733, -0.0939246, 0.6159, 0.6159, 0.3841
34.8438, -0.029112, -0.0869153, 0.61588, 0.615881, 0.384119
34.8594, -0.0173878, -0.079906, 0.615855, 0.615856, 0.384144
34.875, -0.00645396, -0.0728967, 0.615824, 0.615824, 0.384176
34.8906, 0.00380212, -0.0658874, 0.615786, 0.615786, 0.384214
34.9062, 0.013469, -0.0588781, 0.615741, 0.615742, 0.384258
34.9219, 0.0226179, -0.0518688, 0.615689, 0.61569, 0.38431
34.9375, 0.0313069, -0.0448595, 0.61563, 0.615631, 0.384369
34.9531, 0.0395841, -0.0378502, 0.615564, 0.615565, 0.384435
34.9688, 0.0474901, -0.0308409, 0.61549, 0.615492, 0.384508
34.9844, 0.0550591, -0.0238316, 0.61541, 0.615412, 0.384588
35, 0.0623207, -0.0168223, 0.615322, 0.615324, 0.384676
35.0156, 0.0693002, -0.00981301, 0.615228, 0.61523, 0.38477
35.0312, 0.07602, -0.00280372, 0.615126, 0.615128, 0.384872
35.0469, 0.0824994, 0.00420558, 0.615017, 0.615019, 0.384981
35.0625, 0.0887556, 0.0112149, 0.614901, 0.614903, 0.385097
35.0781, 0.0948038, 0.0182242, 0.614778, 0.61478, 0.38522
35.0938, 0.100658, 0.0252335, 0.614648, 0.614651, 0.385349
35.1094, 0.10633, 0.0322428, 0.614511, 0.614514, 0.385486
35.125, 0.111831, 0.0392521, 0.614368, 0.614371, 0.385629
35.1406, 0.11717, 0.0462614, 0.614218, 0.614221, 0.385779
35.1562, 0.122358, 0.0532706, 0.614062, 0.614065, 0.385935
35.1719, 0.127402, 0.0602799, 0.613899, 0.613903, 0.386097
35.1875, 0.132309, 0.0672892, 0.61373, 0.613734, 0.386266
35.2031, 0.137087, 0.0742985, 0.613555, 0.613559, 0.386441
35.2188, 0.141742, 0.0813078, 0.613374, 0.613378, 0.386622
35.2344, 0.14628, 0.0883171, 0.613187, 0.613191, 0.386809
35.25, 0.125848, 0.0841115, 0.613153, 0.613153, 0.386847
35.2656, 0.103603, 0.0771023, 0.613152, 0.613152, 0.386848
35.2812, 0.084677, 0.070093, 0.613149, 0.613149, 0.386851
35.2969, 0.0680623, 0.0630837, 0.613143, 0.613144, 0.386856
35.3125, 0.0531731, 0.0560744, 0.613134, 0.613134, 0.386866
35.3281, 0.0396335, 0.0490651, 0.613119, 0.613119, 0.386881
35.3438, 0.0271855, 0.0420558, 0.613098, 0.613099, 0.386901
35.3594, 0.0156428, 0.0350465, 0.613072, 0.613073, 0.386927
35.375, 0.00486615, 0.0280372, 0.613039, 0.61304, 0.38696
35.3906, -0.00525184, 0.0210279, 0.613, 0.613001, 0.386999
35.4062, -0.014796, 0.0140186, 0.612954, 0.612955, 0.387045
35.4219, -0.0238348, 0.0070093, 0.612901, 0.612902, 0.387098
35.4375, -0.0324242, -1.03762e-17, 0.61284, 0.612842, 0.387158
35.4531, -0.0406106, -0.0070093, 0.612773, 0.612775, 0.387225
35.4688, -0.0484334, -0.0140186, 0.612699, 0.6127, 0.3873
35.4844, -0.0559257, -0.0210279, 0.612617, 0.612618, 0.387382
35.5, -0.0631162, -0.0280372, 0.612528, 0.61253, 0.38747
35.5156, -0.0700296, -0.0350465, 0.612432, 0.612434, 0.387566
35.5312, -0.0766876, -0.0420558, 0.612329, 0.612331, 0.387669
35.5469, -0.0831091, -0.0490651, 0.612218, 0.612221, 0.387779
35.5625, -0.089311, -0.0560744, 0.612101, 0.612103, 0.387897
35.5781, -0.095308, -0.0630837, 0.611977, 0.611979, 0.388021
35.5938, -0.101114, -0.070093, 0.611846, 0.611848, 0.388152
35.6094, -0.10674, -0.0771023, 0.611708, 0.611711, 0.388289
35.625, -0.112197, -0.0841115, 0.611563, 0.611566, 0.388434
35.6406, -0.117495, -0.0911208, 0.611412, 0.611415, 0.388585
35.6562, -0.122643, -0.0981301, 0.611255, 0.611258, 0.388742
35.6719, -0.12765, -0.105139, 0.611091, 0.611094, 0.388906
35.6875, -0.132521, -0.112149, 0.610921, 0.610924, 0.389076
35.7031, -0.137265, -0.119158, 0.610744, 0.610748, 0.389252
35.7188, -0.141886, -0.126167, 0.610562, 0.610566, 0.389434
35.7344, -0.146392, -0.133177, 0.610374, 0.610378, 0.389622
35.75, -0.12543, -0.128691, 0.610343, 0.610343, 0.389657
35.7656, -0.103329, -0.121681, 0.610342, 0.610342, 0.389658
35.7812, -0.0845146, -0.114672, 0.61034, 0.61034, 0.38966
35.7969, -0.067993, -0.107663, 0.610334, 0.610334, 0.389666
35.8125, -0.0531841, -0.100653, 0.610324, 0.610324, 0.389676
35.8281, -0.0397156, -0.0936442, 0.610309, 0.610309, 0.389691
35.8438, -0.0273314, -0.0866349, 0.610289, 0.610289, 0.389711
35.8594, -0.015847, -0.0796256, 0.610262, 0.610263, 0.389737
35.875, -0.00512412, -0.0726163, 0.610229, 0.61023, 0.38977
35.8906, 0.00494395, -0.065607, 0.61019, 0.610191, 0.389809
35.9062, 0.0144414, -0.0585977, 0.610144, 0.610145, 0.389855
35.9219, 0.0234363, -0.0515884, 0.61009, 0.610091, 0.389909
35.9375, 0.0319841, -0.0445791, 0.61003, 0.610031, 0.389969
35.9531, 0.0401311, -0.0375698, 0.609963, 0.609964, 0.390036
35.9688, 0.0479163, -0.0305605, 0.609888, 0.60989, 0.39011
35.9844, 0.0553728, -0.0235512, 0.609806, 0.609808, 0.390192
36, 0.0625289, -0.0165419, 0.609718, 0.609719, 0.390281
36.0156, 0.0694094, -0.00953264, 0.609622, 0.609624, 0.390376
36.0312, 0.0760357, -0.00252335, 0.609518, 0.609521, 0.390479
36.0469, 0.0824266, 0.00448595, 0.609408, 0.609411, 0.390589
36.0625, 0.088599, 0.0114952, 0.609291, 0.609294, 0.390706
36.0781, 0.0945674, 0.0185045, 0.609167, 0.60917, 0.39083
36.0938, 0.100345, 0.0255138, 0.609036, 0.609039, 0.390961
36.1094, 0.105945, 0.0325231, 0.608899, 0.608901, 0.391099
36.125, 0.111376, 0.0395324, 0.608754, 0.608757, 0.391243
36.1406, 0.116649, 0.0465417, 0.608604, 0.608607, 0.391393
36.1562, 0.121773, 0.053551, 0.608446, 0.60845, 0.39155
36.1719, 0.126755, 0.0605603, 0.608283, 0.608286, 0.391714
36.1875, 0.131603, 0.0675696, 0.608113, 0.608116, 0.391884
36.2031, 0.136324, 0.0745789, 0.607937, 0.607941, 0.392059
36.2188, 0.140923, 0.0815882, 0.607755, 0.607759, 0.392241
36.2344, 0.145408, 0.0885975, 0.607567, 0.607571, 0.392429
36.25, 0.130914, 0.0871956, 0.607495, 0.607495, 0.392505
36.2656, 0.107934, 0.0801863, 0.607494, 0.607494, 0.392506
36.2812, 0.0885522, 0.073177, 0.607492, 0.607492, 0.392508
36.2969, 0.0716293, 0.0661678, 0.607487, 0.607487, 0.392513
36.3125, 0.0565202, 0.0591585, 0.607478, 0.607478, 0.392522
36.3281, 0.0428179, 0.0521492, 0.607464, 0.607465, 0.392535
36.3438, 0.0302463, 0.0451399, 0.607445, 0.607445, 0.392555
36.3594, 0.0186081, 0.0381306, 0.60742, 0.60742, 0.39258
36.375, 0.00775666, 0.0311213, 0.607389, 0.607389, 0.392611
36.3906, -0.00242034, 0.024112, 0.607351, 0.607351, 0.392649
36.4062, -0.0120113, 0.0171027, 0.607306, 0.607307, 0.392693
36.4219, -0.0210872, 0.0100934, 0.607254, 0.607255, 0.392745
36.4375, -0.029706, 0.00308409, 0.607195, 0.607197, 0.392803
36.4531, -0.0379156, -0.00392521, 0.60713, 0.607131, 0.392869
36.4688, -0.0457563, -0.0109345, 0.607057, 0.607058, 0.392942
36.4844, -0.0532624, -0.0179438, 0.606976, 0.606978, 0.393022
36.5, -0.0604631, -0.0249531, 0.606889, 0.606891, 0.393109
36.5156, -0.0673837, -0.0319624, 0.606795, 0.606797, 0.393203
36.5312, -0.0740464, -0.0389717, 0.606693, 0.606695, 0.393305
36.5469, -0.0804705, -0.045981, 0.606584, 0.606587, 0.393413
36.5625, -0.0866731, -0.0529903, 0.606469, 0.606471, 0.393529
36.5781, -0.0926693, -0.0599996, 0.606346, 0.606349, 0.393651
36.5938, -0.0984727, -0.0670089, 0.606217, 0.60622, 0.39378
36.6094, -0.104095, -0.0740182, 0.606081, 0.606084, 0.393916
36.625, -0.109548, -0.0810275, 0.605938, 0.605941, 0.394059
36.6406, -0.114842, -0.0880368, 0.605788, 0.605792, 0.394208
36.6562, -0.119984, -0.0950461, 0.605633, 0.605636, 0.394364
36.6719, -0.124983, -0.102055, 0.60547, 0.605474, 0.394526
36.6875, -0.129848, -0.109065, 0.605302, 0.605305, 0.394695
36.7031, -0.134584, -0.116074, 0.605127, 0.605131, 0.394869
36.7188, -0.139198, -0.123083, 0.604946, 0.60495, 0.39505
36.7344, -0.143695, -0.130093, 0.60476, 0.604764, 0.395236
36.75, -0.141623, -0.134298, 0.604611, 0.604611, 0.395389
36.7652, -0.116724, -0.127289, 0.60461, 0.60461, 0.39539
36.7803, -0.0961451, -0.12028, 0.604609, 0.604609, 0.395391
36.7955, -0.0783928, -0.11327, 0.604605, 0.604605, 0.395395
36.8106, -0.0626706, -0.106261, 0.604598, 0.604598, 0.395402
36.8258, -0.0484945, -0.0992516, 0.604586, 0.604586, 0.395414
36.8409, -0.0355446, -0.0922423, 0.604569, 0.60457, 0.39543
36.8561, -0.0235971, -0.085233, 0.604546, 0.604547, 0.395453
36.8712, -0.0124879, -0.0782237, 0.604518, 0.604518, 0.395482
36.8864, -0.0020925, -0.0712144, 0.604482, 0.604483, 0.395517
36.9015, 0.00768578, -0.0642051, 0.60444, 0.604441, 0.395559
36.9167, 0.0169241, -0.0571959, 0.604392, 0.604393, 0.395607
36.9318, 0.0256849, -0.0501866, 0.604336, 0.604337, 0.395663
36.947, 0.0340197, -0.0431773, 0.604273, 0.604274, 0.395726
36.9621, 0.0419717, -0.036168, 0.604203, 0.604204, 0.395796
36.9773, 0.0495771, -0.0291587, 0.604126, 0.604127, 0.395873
36.9924, 0.056867, -0.0221494, 0.604042, 0.604043, 0.395957
37.0076, 0.0638681, -0.0151401, 0.60395, 0.603952, 0.396048
37.0227, 0.0706037, -0.00813078, 0.603852, 0.603854, 0.396146
37.0379, 0.0770941, -0.00112149, 0.603746, 0.603748, 0.396252
37.053, 0.0833572, 0.00588781, 0.603634, 0.603636, 0.396364
37.0682, 0.0894088, 0.0128971, 0.603514, 0.603517, 0.396483
37.0833, 0.0952631, 0.0199064, 0.603388, 0.60339, 0.39661
37.0985, 0.100933, 0.0269157, 0.603255, 0.603257, 0.396743
37.1136, 0.106429, 0.033925, 0.603115, 0.603118, 0.396882
37.1288, 0.111762, 0.0409343, 0.602968, 0.602971, 0.397029
37.1439, 0.116941, 0.0479436, 0.602816, 0.602819, 0.397181
37.1591, 0.121975, 0.0549529, 0.602656, 0.60266, 0.39734
37.1742, 0.126871, 0.0619622, 0.602491, 0.602494, 0.397506
37.1894, 0.131637, 0.0689715, 0.602319, 0.602323, 0.397677
37.2045, 0.136279, 0.0759808, 0.602141, 0.602145, 0.397855
37.2197, 0.140802, 0.0829901, 0.601958, 0.601961, 0.398039
37.2348, 0.145213, 0.0899994, 0.601768, 0.601772, 0.398228
37.25, 0.132555, 0.0894386, 0.601683, 0.601683, 0.398317
37.2652, 0.109425, 0.0824293, 0.601683, 0.601683, 0.398317
37.2803, 0.0899781, 0.07542, 0.601681, 0.601681, 0.398319
37.2955, 0.0730305, 0.0684107, 0.601676, 0.601676, 0.398324
37.3106, 0.0579189, 0.0614014, 0.601667, 0.601667, 0.398333
37.3258, 0.0442272, 0.0543921, 0.601654, 0.601654, 0.398346
37.3409, 0.0316743, 0.0473828, 0.601635, 0.601635, 0.398365
37.3561, 0.0200601, 0.0403735, 0.60161, 0.601611, 0.398389
37.3712, 0.00923604, 0.0333642, 0.601579, 0.60158, 0.39842
37.3864, -0.000911458, 0.026355, 0.601542, 0.601542, 0.398458
37.4015, -0.0104716, 0.0193457, 0.601497, 0.601498, 0.398502
37.4167, -0.0195158, 0.0123364, 0.601446, 0.601447, 0.398553
37.4318, -0.0281024, 0.00532706, 0.601388, 0.601389, 0.398611
37.447, -0.0362797, -0.00168223, 0.601323, 0.601324, 0.398676
37.4621, -0.0440882, -0.00869153, 0.60125, 0.601252, 0.398748
37.4773, -0.0515621, -0.0157008, 0.601171, 0.601172, 0.398828
37.4924, -0.0587309, -0.0227101, 0.601084, 0.601086, 0.398914
37.5076, -0.0656201, -0.0297194, 0.60099, 0.600992, 0.399008
37.5227, -0.0722517, -0.0367287, 0.600889, 0.600891, 0.399109
37.5379, -0.078645, -0.043738, 0.600781, 0.600783, 0.399217
37.553, -0.0848174, -0.0507473, 0.600666, 0.600669, 0.399331
37.5682, -0.0907838, -0.0577566, 0.600544, 0.600547, 0.399453
37.5833, -0.0965579, -0.0647659, 0.600416, 0.600418, 0.399582
37.5985, -0.102152, -0.0717752, 0.60028, 0.600283, 0.399717
37.6136, -0.107576, -0.0787845, 0.600138, 0.600141, 0.399859
37.6288, -0.112842, -0.0857938, 0.599989, 0.599993, 0.400007
37.6439, -0.117957, -0.0928031, 0.599834, 0.599838, 0.400162
37.6591, -0.122929, -0.0998124, 0.599673, 0.599676, 0.400324
37.6742, -0.127767, -0.106822, 0.599505, 0.599509, 0.400491
37.6894, -0.132477, -0.113831, 0.599331, 0.599335, 0.400665
37.7045, -0.137066, -0.12084, 0.599151, 0.599155, 0.400845
37.7197, -0.141538, -0.12785, 0.598966, 0.59897, 0.40103
37.7348, -0.1459, -0.134859, 0.598774, 0.598778, 0.401222
37.75, -0.12856, -0.132055, 0.59872, 0.59872, 0.40128
37.7652, -0.106203, -0.125046, 0.598719, 0.598719, 0.401281
37.7803, -0.0872778, -0.118037, 0.598717, 0.598717, 0.401283
37.7955, -0.0707174, -0.111027, 0.598711, 0.598711, 0.401289
37.8106, -0.0559099, -0.104018, 0.598702, 0.598702, 0.401298
37.8258, -0.0424666, -0.0970087, 0.598688, 0.598688, 0.401312
37.8409, -0.0301227, -0.0899994, 0.598668, 0.598668, 0.401332
37.8561, -0.018688, -0.0829901, 0.598642, 0.598643, 0.401357
37.8712, -0.00802106, -0.0759808, 0.59861, 0.598611, 0.401389
37.8864, 0.0019871, -0.0689715, 0.598572, 0.598572, 0.401428
37.9015, 0.0114222, -0.0619622, 0.598526, 0.598527, 0.401473
37.9167, 0.0203532, -0.0549529, 0.598474, 0.598475, 0.401525
37.9318, 0.0288363, -0.0479436, 0.598415, 0.598416, 0.401584
37.947, 0.0369185, -0.0409343, 0.598349, 0.59835, 0.40165
37.9621, 0.044639, -0.033925, 0.598275, 0.598277, 0.401723
37.9773, 0.052031, -0.0269157, 0.598195, 0.598196, 0.401804
37.9924, 0.0591234, -0.0199064, 0.598107, 0.598109, 0.401891
38.0076, 0.0659407, -0.0128971, 0.598012, 0.598014, 0.401986
38.0227, 0.0725047, -0.00588781, 0.59791, 0.597913, 0.402087
38.0379, 0.0788342, 0.00112149, 0.597802, 0.597804, 0.402196
38.053, 0.084946, 0.00813078, 0.597686, 0.597688, 0.402312
38.0682, 0.0908549, 0.0151401, 0.597563, 0.597566, 0.402434
38.0833, 0.0965742, 0.0221494, 0.597434, 0.597436, 0.402564
38.0985, 0.102116, 0.0291587, 0.597298, 0.5973, 0.4027
38.1136, 0.10749, 0.036168, 0.597155, 0.597158, 0.402842
38.1288, 0.112708, 0.0431773, 0.597006, 0.597009, 0.402991
38.1439, 0.117777, 0.0501866, 0.59685, 0.596853, 0.403147
38.1591, 0.122705, 0.0571959, 0.596688, 0.596691, 0.403309
38.1742, 0.1275, 0.0642051, 0.59652, 0.596523, 0.403477
38.1894, 0.132169, 0.0712144, 0.596346, 0.596349, 0.403651
38.2045, 0.136718, 0.0782237, 0.596165, 0.596169, 0.403831
38.2197, 0.141152, 0.085233, 0.595979, 0.595983, 0.404017
38.2348, 0.145477, 0.0922423, 0.595788, 0.595791, 0.404209
38.25, 0.131082, 0.0908405, 0.595713, 0.595713, 0.404287
38.2652, 0.10835, 0.0838312, 0.595713, 0.595713, 0.404287
38.2803, 0.0891926, 0.0768219, 0.595711, 0.595711, 0.404289
38.2955, 0.0724748, 0.0698126, 0.595706, 0.595706, 0.404294
38.3106, 0.0575544, 0.0628033, 0.595697, 0.595697, 0.404303
38.3258, 0.0440268, 0.055794, 0.595683, 0.595683, 0.404317
38.3409, 0.0316182, 0.0487847, 0.595664, 0.595664, 0.404336
38.3561, 0.0201329, 0.0417754, 0.595639, 0.595639, 0.404361
38.3712, 0.00942568, 0.0347661, 0.595607, 0.595608, 0.404392
38.3864, -0.000614871, 0.0277568, 0.595569, 0.59557, 0.40443
38.4015, -0.0100763, 0.0207475, 0.595525, 0.595526, 0.404474
38.4167, -0.0190287, 0.0137382, 0.595473, 0.595474, 0.404526
38.4318, -0.0275295, 0.00672892, 0.595415, 0.595416, 0.404584
38.447, -0.0356261, -0.000280372, 0.595349, 0.59535, 0.40465
38.4621, -0.0433584, -0.00728967, 0.595276, 0.595278, 0.404722
38.4773, -0.0507603, -0.014299, 0.595197, 0.595198, 0.404802
38.4924, -0.0578606, -0.0213083, 0.59511, 0.595111, 0.404889
38.5076, -0.0646845, -0.0283176, 0.595015, 0.595017, 0.404983
38.5227, -0.0712536, -0.0353269, 0.594914, 0.594916, 0.405084
38.5379, -0.0775873, -0.0423361, 0.594806, 0.594808, 0.405192
38.553, -0.0837023, -0.0493454, 0.594691, 0.594694, 0.405306
38.5682, -0.0896137, -0.0563547, 0.594569, 0.594572, 0.405428
38.5833, -0.0953348, -0.063364, 0.59444, 0.594443, 0.405557
38.5985, -0.100878, -0.0703733, 0.594305, 0.594308, 0.405692
38.6136, -0.106253, -0.0773826, 0.594163, 0.594166, 0.405834
38.6288, -0.11147, -0.0843919, 0.594014, 0.594017, 0.405983
38.6439, -0.116539, -0.0914012, 0.593859, 0.593862, 0.406138
38.6591, -0.121467, -0.0984105, 0.593698, 0.593701, 0.406299
38.6742, -0.126262, -0.10542, 0.59353, 0.593533, 0.406467
38.6894, -0.130929, -0.112429, 0.593356, 0.59336, 0.40664
38.7045, -0.135477, -0.119438, 0.593177, 0.59318, 0.40682
38.7197, -0.13991, -0.126448, 0.592991, 0.592995, 0.407005
38.7348, -0.144233, -0.133457, 0.5928, 0.592804, 0.407196
38.75, -0.138936, -0.136261, 0.592667, 0.592667, 0.407333
38.7647, -0.114831, -0.129251, 0.592666, 0.592666, 0.407334
38.7794, -0.0948204, -0.122242, 0.592665, 0.592665, 0.407335
38.7941, -0.077514, -0.115233, 0.592661, 0.592661, 0.407339
38.8088, -0.062161, -0.108224, 0.592653, 0.592653, 0.407347
38.8235, -0.0483013, -0.101214, 0.592641, 0.592641, 0.407359
38.8382, -0.0356295, -0.0942049, 0.592623, 0.592624, 0.407376
38.8529, -0.0239306, -0.0871956, 0.5926, 0.592601, 0.407399
38.8676, -0.0130467, -0.0801863, 0.592571, 0.592571, 0.407429
38.8824, -0.00285775, -0.073177, 0.592535, 0.592536, 0.407464
38.8971, 0.00672979, -0.0661678, 0.592492, 0.592493, 0.407507
38.9118, 0.0157906, -0.0591585, 0.592443, 0.592444, 0.407556
38.9265, 0.0243853, -0.0521492, 0.592387, 0.592388, 0.407612
38.9412, 0.0325639, -0.0451399, 0.592323, 0.592325, 0.407675
38.9559, 0.0403684, -0.0381306, 0.592253, 0.592254, 0.407746
38.9706, 0.0478339, -0.0311213, 0.592175, 0.592177, 0.407823
38.9853, 0.0549908, -0.024112, 0.592091, 0.592092, 0.407908
39, 0.0618651, -0.0171027, 0.591999, 0.592001, 0.407999
39.0147, 0.0684795, -0.0100934, 0.5919, 0.591902, 0.408098
39.0294, 0.0748537, -0.00308409, 0.591794, 0.591796, 0.408204
39.0441, 0.0810053, 0.00392521, 0.591682, 0.591684, 0.408316
39.0588, 0.0869496, 0.0109345, 0.591562, 0.591564, 0.408436
39.0735, 0.0927006, 0.0179438, 0.591436, 0.591438, 0.408562
39.0882, 0.0982705, 0.0249531, 0.591302, 0.591305, 0.408695
39.1029, 0.10367, 0.0319624, 0.591163, 0.591166, 0.408834
39.1176, 0.10891, 0.0389717, 0.591016, 0.591019, 0.408981
39.1324, 0.114, 0.045981, 0.590864, 0.590867, 0.409133
39.1471, 0.118946, 0.0529903, 0.590705, 0.590708, 0.409292
39.1618, 0.123758, 0.0599996, 0.590539, 0.590543, 0.409457
39.1765, 0.128441, 0.0670089, 0.590368, 0.590372, 0.409628
39.1912, 0.133003, 0.0740182, 0.590191, 0.590194, 0.409806
39.2059, 0.137448, 0.0810275, 0.590007, 0.590011, 0.409989
39.2206, 0.141784, 0.0880368, 0.589818, 0.589822, 0.410178
39.2353, 0.146013, 0.0950461, 0.589624, 0.589628, 0.410372
39.25, 0.128208, 0.091962, 0.589572, 0.589572, 0.410428
39.2647, 0.106123, 0.0849527, 0.589572, 0.589572, 0.410428
39.2794, 0.0874214, 0.0779434, 0.589569, 0.589569, 0.410431
39.2941, 0.0710534, 0.0709341, 0.589564, 0.589564, 0.410436
39.3088, 0.0564161, 0.0639248, 0.589554, 0.589555, 0.410445
39.3235, 0.0431261, 0.0569155, 0.58954, 0.58954, 0.41046
39.3382, 0.0309221, 0.0499062, 0.58952, 0.589521, 0.410479
39.3529, 0.0196166, 0.0428969, 0.589494, 0.589495, 0.410505
39.3676, 0.00906961, 0.0358876, 0.589462, 0.589463, 0.410537
39.3824, -0.000826245, 0.0288783, 0.589424, 0.589425, 0.410575
39.3971, -0.0101557, 0.021869, 0.589378, 0.589379, 0.410621
39.4118, -0.0189869, 0.0148597, 0.589326, 0.589327, 0.410673
39.4265, -0.0273754, 0.00785041, 0.589267, 0.589268, 0.410732
39.4412, -0.0353676, 0.000841115, 0.5892, 0.589202, 0.410798
39.4559, -0.0430021, -0.00616818, 0.589127, 0.589129, 0.410871
39.4706, -0.0503121, -0.0131775, 0.589046, 0.589048, 0.410952
39.4853, -0.0573257, -0.0201868, 0.588959, 0.588961, 0.411039
39.5, -0.0640675, -0.0271961, 0.588864, 0.588866, 0.411134
39.5147, -0.0705588, -0.0342054, 0.588762, 0.588765, 0.411235
39.5294, -0.0768183, -0.0412147, 0.588654, 0.588656, 0.411344
39.5441, -0.0828625, -0.048224, 0.588538, 0.58854, 0.41146
39.5588, -0.0887062, -0.0552333, 0.588416, 0.588418, 0.411582
39.5735, -0.0943623, -0.0622425, 0.588286, 0.588289, 0.411711
39.5882, -0.0998428, -0.0692518, 0.58815, 0.588153, 0.411847
39.6029, -0.105158, -0.0762611, 0.588008, 0.588011, 0.411989
39.6176, -0.110318, -0.0832704, 0.587859, 0.587862, 0.412138
39.6324, -0.115331, -0.0902797, 0.587703, 0.587707, 0.412293
39.6471, -0.120205, -0.097289, 0.587542, 0.587545, 0.412455
39.6618, -0.124948, -0.104298, 0.587374, 0.587377, 0.412623
39.6765, -0.129566, -0.111308, 0.5872, 0.587203, 0.412797
39.6912, -0.134064, -0.118317, 0.58702, 0.587024, 0.412976
39.7059, -0.13845, -0.125326, 0.586834, 0.586838, 0.413162
39.7206, -0.142727, -0.132336, 0.586643, 0.586647, 0.413353
39.7353, -0.146902, -0.139345, 0.586446, 0.58645, 0.41355
39.75, -0.123015, -0.133177, 0.586438, 0.586438, 0.413562
39.7647, -0.101872, -0.126167, 0.586437, 0.586437, 0.413563
39.7794, -0.0838172, -0.119158, 0.586434, 0.586434, 0.413566
39.7941, -0.0679313, -0.112149, 0.586428, 0.586428, 0.413572
39.8088, -0.0536734, -0.105139, 0.586417, 0.586417, 0.413583
39.8235, -0.0406935, -0.0981301, 0.586401, 0.586402, 0.413598
39.8382, -0.02875, -0.0911208, 0.58638, 0.586381, 0.413619
39.8529, -0.0176681, -0.0841115, 0.586353, 0.586354, 0.413646
39.8676, -0.00731632, -0.0771023, 0.58632, 0.586321, 0.413679
39.8824, 0.00240681, -0.070093, 0.58628, 0.586281, 0.413719
39.8971, 0.0115817, -0.0630837, 0.586233, 0.586234, 0.413766
39.9118, 0.0202732, -0.0560744, 0.586179, 0.58618, 0.41382
39.9265, 0.0285345, -0.0490651, 0.586119, 0.58612, 0.41388
39.9412, 0.0364099, -0.0420558, 0.586051, 0.586052, 0.413948
39.9559, 0.0439367, -0.0350465, 0.585976, 0.585978, 0.414022
39.9706, 0.0511467, -0.0280372, 0.585894, 0.585896, 0.414104
39.9853, 0.0580672, -0.0210279, 0.585805, 0.585807, 0.414193
40, 0.0647218, -0.0140186, 0.585709, 0.585711, 0.414289
40.0147, 0.0711311, -0.0070093, 0.585606, 0.585608, 0.414392
40.0294, 0.0773133, -4.65868e-19, 0.585496, 0.585498, 0.414502
40.0441, 0.0832845, 0.0070093, 0.585379, 0.585382, 0.414618
40.0588, 0.0890589, 0.0140186, 0.585256, 0.585258, 0.414742
40.0735, 0.0946492, 0.0210279, 0.585125, 0.585128, 0.414872
40.0882, 0.100067, 0.0280372, 0.584988, 0.584991, 0.415009
40.1029, 0.105322, 0.0350465, 0.584845, 0.584848, 0.415152
40.1176, 0.110425, 0.0420558, 0.584695, 0.584698, 0.415302
40.1324, 0.115383, 0.0490651, 0.584538, 0.584542, 0.415458
40.1471, 0.120205, 0.0560744, 0.584376, 0.584379, 0.415621
40.1618, 0.124897, 0.0630837, 0.584207, 0.584211, 0.415789
40.1765, 0.129465, 0.070093, 0.584032, 0.584036, 0.415964
40.1912, 0.133917, 0.0771023, 0.583852, 0.583855, 0.416145
40.2059, 0.138257, 0.0841115, 0.583665, 0.583669, 0.416331
40.2206, 0.142491, 0.0911208, 0.583473, 0.583477, 0.416523
40.2353, 0.146623, 0.0981301, 0.583276, 0.58328, 0.41672
40.25, 0.124989, 0.0930834, 0.583252, 0.583252, 0.416748
40.2647, 0.103601, 0.0860742, 0.583251, 0.583251, 0.416749
40.2794, 0.085394, 0.0790649, 0.583248, 0.583248, 0.416752
40.2941, 0.0694065, 0.0720556, 0.583242, 0.583242, 0.416758
40.3088, 0.0550773, 0.0650463, 0.583232, 0.583232, 0.416768
40.3235, 0.0420457, 0.058037, 0.583217, 0.583217, 0.416783
40.3382, 0.0300641, 0.0510277, 0.583196, 0.583197, 0.416803
40.3529, 0.0189536, 0.0440184, 0.58317, 0.58317, 0.41683
40.3676, 0.00858037, 0.0370091, 0.583137, 0.583138, 0.416862
40.3824, -0.00115888, 0.0299998, 0.583097, 0.583098, 0.416902
40.3971, -0.0103458, 0.0229905, 0.583051, 0.583052, 0.416948
40.4118, -0.019046, 0.0159812, 0.582998, 0.582999, 0.417001
40.4265, -0.0273136, 0.0089719, 0.582938, 0.582939, 0.417061
40.4412, -0.0351932, 0.0019626, 0.582871, 0.582872, 0.417128
40.4559, -0.0427226, -0.00504669, 0.582796, 0.582798, 0.417202
40.4706, -0.0499339, -0.012056, 0.582715, 0.582717, 0.417283
40.4853, -0.0568545, -0.0190653, 0.582627, 0.582628, 0.417372
40.5, -0.0635083, -0.0260746, 0.582531, 0.582533, 0.417467
40.5147, -0.0699161, -0.0330839, 0.582429, 0.582431, 0.417569
40.5294, -0.0760961, -0.0400932, 0.582319, 0.582321, 0.417679
40.5441, -0.0820647, -0.0471025, 0.582203, 0.582205, 0.417795
40.5588, -0.087836, -0.0541118, 0.58208, 0.582082, 0.417918
40.5735, -0.0934229, -0.0611211, 0.58195, 0.581952, 0.418048
40.5882, -0.0988369, -0.0681304, 0.581813, 0.581816, 0.418184
40.6029, -0.104088, -0.0751397, 0.58167, 0.581673, 0.418327
40.6176, -0.109187, -0.0821489, 0.581521, 0.581524, 0.418476
40.6324, -0.114141, -0.0891582, 0.581365, 0.581368, 0.418632
40.6471, -0.118958, -0.0961675, 0.581203, 0.581206, 0.418794
40.6618, -0.123645, -0.103177, 0.581034, 0.581038, 0.418962
40.6765, -0.128209, -0.110186, 0.58086, 0.580864, 0.419136
40.6912, -0.132656, -0.117195, 0.58068, 0.580684, 0.419316
40.7059, -0.136992, -0.124205, 0.580494, 0.580498, 0.419502
40.7206, -0.141221, -0.131214, 0.580302, 0.580306, 0.419694
40.7353, -0.145348, -0.138223, 0.580105, 0.580109, 0.419891
40.75, -0.132831, -0.137663, 0.580017, 0.580017, 0.419983
40.7643, -0.110168, -0.130653, 0.580016, 0.580016, 0.419984
40.7786, -0.0911456, -0.123644, 0.580014, 0.580014, 0.419986
40.7929, -0.0745855, -0.116635, 0.580009, 0.58001, 0.41999
40.8071, -0.0598306, -0.109625, 0.580001, 0.580001, 0.419999
40.8214, -0.0464695, -0.102616, 0.579987, 0.579988, 0.420012
40.8357, -0.0342252, -0.0956068, 0.579968, 0.579969, 0.420031
40.85, -0.0229005, -0.0885975, 0.579944, 0.579944, 0.420056
40.8643, -0.0123494, -0.0815882, 0.579913, 0.579914, 0.420086
40.8786, -0.00246033, -0.0745789, 0.579876, 0.579876, 0.420124
40.8929, 0.00685425, -0.0675696, 0.579832, 0.579833, 0.420167
40.9071, 0.0156645, -0.0605603, 0.579781, 0.579782, 0.420218
40.9214, 0.0240275, -0.053551, 0.579723, 0.579724, 0.420276
40.9357, 0.0319906, -0.0465417, 0.579658, 0.57966, 0.42034
40.95, 0.0395935, -0.0395324, 0.579586, 0.579588, 0.420412
40.9643, 0.0468697, -0.0325231, 0.579507, 0.579509, 0.420491
40.9786, 0.0538481, -0.0255138, 0.579421, 0.579423, 0.420577
40.9929, 0.0605535, -0.0185045, 0.579328, 0.57933, 0.42067
41.0071, 0.0670075, -0.0114952, 0.579228, 0.57923, 0.42077
41.0214, 0.0732292, -0.00448595, 0.579121, 0.579124, 0.420876
41.0357, 0.0792352, 0.00252335, 0.579008, 0.57901, 0.42099
41.05, 0.0850403, 0.00953264, 0.578887, 0.578889, 0.421111
41.0643, 0.0906579, 0.0165419, 0.57876, 0.578762, 0.421238
41.0786, 0.0960998, 0.0235512, 0.578626, 0.578628, 0.421372
41.0929, 0.101377, 0.0305605, 0.578485, 0.578488, 0.421512
41.1071, 0.106498, 0.0375698, 0.578338, 0.578341, 0.421659
41.1214, 0.111473, 0.0445791, 0.578185, 0.578188, 0.421812
41.1357, 0.116309, 0.0515884, 0.578025, 0.578028, 0.421972
41.15, 0.121014, 0.0585977, 0.577859, 0.577863, 0.422137
41.1643, 0.125594, 0.065607, 0.577687, 0.577691, 0.422309
41.1786, 0.130056, 0.0726163, 0.57751, 0.577513, 0.422487
41.1929, 0.134405, 0.0796256, 0.577326, 0.57733, 0.42267
41.2071, 0.138646, 0.0866349, 0.577137, 0.577141, 0.422859
41.2214, 0.142784, 0.0936442, 0.576942, 0.576946, 0.423054
41.2357, 0.146824, 0.100653, 0.576742, 0.576746, 0.423254
41.25, 0.123675, 0.0947657, 0.57673, 0.57673, 0.42327
41.2647, 0.102653, 0.0877564, 0.576729, 0.576729, 0.423271
41.2794, 0.0847242, 0.0807471, 0.576726, 0.576726, 0.423274
41.2941, 0.0689616, 0.0737378, 0.57672, 0.57672, 0.42328
41.3088, 0.0548223, 0.0667285, 0.576709, 0.57671, 0.42329
41.3235, 0.0419559, 0.0597192, 0.576694, 0.576694, 0.423306
41.3382, 0.0301206, 0.0527099, 0.576673, 0.576673, 0.423327
41.3529, 0.019142, 0.0457006, 0.576646, 0.576647, 0.423353
41.3676, 0.00888893, 0.0386913, 0.576613, 0.576613, 0.423387
41.3824, -0.000739787, 0.031682, 0.576573, 0.576574, 0.423426
41.3971, -0.0098242, 0.0246727, 0.576526, 0.576527, 0.423473
41.4118, -0.0184289, 0.0176634, 0.576473, 0.576474, 0.423526
41.4265, -0.0266068, 0.0106541, 0.576412, 0.576414, 0.423586
41.4412, -0.0344019, 0.00364483, 0.576345, 0.576346, 0.423654
41.4559, -0.0418514, -0.00336446, 0.57627, 0.576272, 0.423728
41.4706, -0.0489867, -0.0103738, 0.576189, 0.57619, 0.42381
41.4853, -0.0558351, -0.0173831, 0.5761, 0.576102, 0.423898
41.5, -0.0624199, -0.0243923, 0.576004, 0.576006, 0.423994
41.5147, -0.0687617, -0.0314016, 0.575902, 0.575904, 0.424096
41.5294, -0.0748786, -0.0384109, 0.575792, 0.575794, 0.424206
41.5441, -0.0807863, -0.0454202, 0.575676, 0.575678, 0.424322
41.5588, -0.0864991, -0.0524295, 0.575553, 0.575555, 0.424445
41.5735, -0.0920297, -0.0594388, 0.575423, 0.575425, 0.424575
41.5882, -0.0973893, -0.0664481, 0.575286, 0.575289, 0.424711
41.6029, -0.102588, -0.0734574, 0.575143, 0.575146, 0.424854
41.6176, -0.107636, -0.0804667, 0.574994, 0.574997, 0.425003
41.6324, -0.11254, -0.087476, 0.574838, 0.574841, 0.425159
41.6471, -0.11731, -0.0944853, 0.574676, 0.574679, 0.425321
41.6618, -0.121951, -0.101495, 0.574508, 0.574511, 0.425489
41.6765, -0.12647, -0.108504, 0.574334, 0.574337, 0.425663
41.6912, -0.130873, -0.115513, 0.574154, 0.574157, 0.425843
41.7059, -0.135166, -0.122522, 0.573968, 0.573972, 0.426028
41.7206, -0.139354, -0.129532, 0.573777, 0.57378, 0.42622
41.7353, -0.14344, -0.136541, 0.57358, 0.573584, 0.426416
41.75, -0.14556, -0.142709, 0.573394, 0.573394, 0.426606
41.7639, -0.120625, -0.1357, 0.573394, 0.573394, 0.426606
41.7778, -0.10019, -0.128691, 0.573393, 0.573393, 0.426607
41.7917, -0.082675, -0.121681, 0.573389, 0.573389, 0.426611
41.8056, -0.0672289, -0.114672, 0.573382, 0.573383, 0.426617
41.8194, -0.0533437, -0.107663, 0.573371, 0.573372, 0.426628
41.8333, -0.0406884, -0.100653, 0.573355, 0.573356, 0.426644
41.8472, -0.0290332, -0.0936442, 0.573333, 0.573334, 0.426666
41.8611, -0.0182113, -0.0866349, 0.573306, 0.573306, 0.426694
41.875, -0.00809659, -0.0796256, 0.573272, 0.573272, 0.426728
41.8889, 0.00140826, -0.0726163, 0.573231, 0.573232, 0.426768
41.9028, 0.0103807, -0.065607, 0.573183, 0.573184, 0.426816
41.9167, 0.0188832, -0.0585977, 0.573129, 0.57313, 0.42687
41.9306, 0.0269672, -0.0515884, 0.573068, 0.573069, 0.426931
41.9444, 0.0346755, -0.0445791, 0.572999, 0.573001, 0.426999
41.9583, 0.0420442, -0.0375698, 0.572924, 0.572926, 0.427074
41.9722, 0.049104, -0.0305605, 0.572842, 0.572843, 0.427157
41.9861, 0.0558816, -0.0235512, 0.572752, 0.572754, 0.427246
42, 0.0623997, -0.0165419, 0.572656, 0.572658, 0.427342
42.0139, 0.0686784, -0.00953264, 0.572552, 0.572555, 0.427445
42.0278, 0.0747354, -0.00252335, 0.572442, 0.572444, 0.427556
42.0417, 0.0805863, 0.00448595, 0.572325, 0.572327, 0.427673
42.0556, 0.0862449, 0.0114952, 0.572201, 0.572204, 0.427796
42.0694, 0.0917237, 0.0185045, 0.572071, 0.572073, 0.427927
42.0833, 0.0970337, 0.0255138, 0.571934, 0.571937, 0.428063
42.0972, 0.102185, 0.0325231, 0.57179, 0.571793, 0.428207
42.1111, 0.107187, 0.0395324, 0.57164, 0.571643, 0.428357
42.125, 0.112048, 0.0465417, 0.571484, 0.571487, 0.428513
42.1389, 0.116775, 0.053551, 0.571322, 0.571325, 0.428675
42.1528, 0.121375, 0.0605603, 0.571153, 0.571157, 0.428843
42.1667, 0.125855, 0.0675696, 0.570979, 0.570982, 0.429018
42.1806, 0.13022, 0.0745789, 0.570799, 0.570802, 0.429198
42.1944, 0.134475, 0.0815882, 0.570613, 0.570617, 0.429383
42.2083, 0.138627, 0.0885975, 0.570421, 0.570425, 0.429575
42.2222, 0.142679, 0.0956068, 0.570224, 0.570228, 0.429772
42.2361, 0.146636, 0.102616, 0.570022, 0.570026, 0.429974
42.25, 0.125238, 0.0975694, 0.569997, 0.569997, 0.430003
42.2643, 0.104128, 0.0905601, 0.569997, 0.569997, 0.430003
42.2786, 0.0861723, 0.0835508, 0.569994, 0.569994, 0.430006
42.2929, 0.0704139, 0.0765415, 0.569988, 0.569988, 0.430012
42.3071, 0.0562956, 0.0695322, 0.569978, 0.569978, 0.430022
42.3214, 0.0434598, 0.0625229, 0.569963, 0.569963, 0.430037
42.3357, 0.0316608, 0.0555136, 0.569942, 0.569942, 0.430058
42.35, 0.0207219, 0.0485043, 0.569915, 0.569916, 0.430084
42.3643, 0.0105105, 0.041495, 0.569883, 0.569883, 0.430117
42.3786, 0.000924454, 0.0344857, 0.569843, 0.569844, 0.430156
42.3929, -0.00811681, 0.0274764, 0.569797, 0.569798, 0.430202
42.4071, -0.0166783, 0.0204671, 0.569744, 0.569745, 0.430255
42.4214, -0.0248132, 0.0134578, 0.569684, 0.569685, 0.430315
42.4357, -0.0325658, 0.00644855, 0.569617, 0.569619, 0.430381
42.45, -0.0399732, -0.000560744, 0.569543, 0.569545, 0.430455
42.4643, -0.0470672, -0.00757004, 0.569462, 0.569464, 0.430536
42.4786, -0.0538748, -0.0145793, 0.569374, 0.569376, 0.430624
42.4929, -0.0604196, -0.0215886, 0.569279, 0.569281, 0.430719
42.5071, -0.0667221, -0.0285979, 0.569177, 0.569179, 0.430821
42.5214, -0.0728004, -0.0356072, 0.569068, 0.569071, 0.430929
42.5357, -0.0786703, -0.0426165, 0.568953, 0.568955, 0.431045
42.55, -0.0843461, -0.0496258, 0.56883, 0.568833, 0.431167
42.5643, -0.0898403, -0.0566351, 0.568701, 0.568704, 0.431296
42.5786, -0.0951643, -0.0636444, 0.568565, 0.568568, 0.431432
42.5929, -0.100328, -0.0706537, 0.568423, 0.568426, 0.431574
42.6071, -0.105342, -0.077663, 0.568274, 0.568278, 0.431722
42.6214, -0.110213, -0.0846723, 0.56812, 0.568123, 0.431877
42.6357, -0.114949, -0.0916816, 0.567958, 0.567962, 0.432038
42.65, -0.119558, -0.0986909, 0.567791, 0.567795, 0.432205
42.6643, -0.124045, -0.1057, 0.567618, 0.567621, 0.432379
42.6786, -0.128417, -0.112709, 0.567439, 0.567442, 0.432558
42.6929, -0.13268, -0.119719, 0.567254, 0.567258, 0.432742
42.7071, -0.136837, -0.126728, 0.567064, 0.567067, 0.432933
42.7214, -0.140894, -0.133737, 0.566868, 0.566872, 0.433128
42.7357, -0.144856, -0.140747, 0.566666, 0.56667, 0.43333
42.75, -0.13651, -0.142149, 0.566547, 0.566547, 0.433453
42.7639, -0.113482, -0.135139, 0.566547, 0.566547, 0.433453
42.7778, -0.0943058, -0.12813, 0.566545, 0.566545, 0.433455
42.7917, -0.0776914, -0.121121, 0.566541, 0.566541, 0.433459
42.8056, -0.0629353, -0.114111, 0.566533, 0.566533, 0.433467
42.8194, -0.0496041, -0.107102, 0.56652, 0.56652, 0.43348
42.8333, -0.0374085, -0.100093, 0.566502, 0.566502, 0.433498
42.8472, -0.0261444, -0.0930834, 0.566478, 0.566479, 0.433521
42.8611, -0.0156614, -0.0860742, 0.566448, 0.566449, 0.433551
42.875, -0.00584515, -0.0790649, 0.566412, 0.566413, 0.433587
42.8889, 0.00339369, -0.0720556, 0.566369, 0.56637, 0.43363
42.9028, 0.0121265, -0.0650463, 0.566319, 0.56632, 0.43368
42.9167, 0.0204114, -0.058037, 0.566263, 0.566264, 0.433736
42.9306, 0.0282962, -0.0510277, 0.566199, 0.5662, 0.4338
42.9444, 0.0358209, -0.0440184, 0.566129, 0.56613, 0.43387
42.9583, 0.0430197, -0.0370091, 0.566051, 0.566053, 0.433947
42.9722, 0.0499213, -0.0299998, 0.565966, 0.565968, 0.434032
42.9861, 0.0565509, -0.0229905, 0.565875, 0.565877, 0.434123
43, 0.0629302, -0.0159812, 0.565776, 0.565778, 0.434222
43.0139, 0.0690782, -0.0089719, 0.565671, 0.565673, 0.434327
43.0278, 0.0750117, -0.0019626, 0.565559, 0.565561, 0.434439
43.0417, 0.0807456, 0.00504669, 0.565439, 0.565442, 0.434558
43.0556, 0.0862932, 0.012056, 0.565314, 0.565316, 0.434684
43.0694, 0.0916662, 0.0190653, 0.565181, 0.565184, 0.434816
43.0833, 0.0968754, 0.0260746, 0.565043, 0.565045, 0.434955
43.0972, 0.10193, 0.0330839, 0.564897, 0.5649, 0.4351
43.1111, 0.10684, 0.0400932, 0.564746, 0.564749, 0.435251
43.125, 0.111612, 0.0471025, 0.564588, 0.564591, 0.435409
43.1389, 0.116254, 0.0541118, 0.564424, 0.564427, 0.435573
43.1528, 0.120773, 0.0611211, 0.564254, 0.564257, 0.435743
43.1667, 0.125174, 0.0681304, 0.564078, 0.564082, 0.435918
43.1806, 0.129463, 0.0751397, 0.563897, 0.5639, 0.4361
43.1944, 0.133645, 0.0821489, 0.563709, 0.563713, 0.436287
43.2083, 0.137726, 0.0891582, 0.563517, 0.563521, 0.436479
43.2222, 0.14171, 0.0961675, 0.563319, 0.563323, 0.436677
43.2361, 0.1456, 0.103177, 0.563115, 0.563119, 0.436881
43.25, 0.132053, 0.102055, 0.563032, 0.563032, 0.436968
43.2639, 0.109934, 0.0950461, 0.563032, 0.563032, 0.436968
43.2778, 0.0913538, 0.0880368, 0.56303, 0.56303, 0.43697
43.2917, 0.0751725, 0.0810275, 0.563025, 0.563025, 0.436975
43.3056, 0.0607513, 0.0740182, 0.563016, 0.563016, 0.436984
43.3194, 0.0476902, 0.0670089, 0.563002, 0.563003, 0.436997
43.3333, 0.0357193, 0.0599996, 0.562983, 0.562984, 0.437016
43.3472, 0.0246465, 0.0529903, 0.562958, 0.562959, 0.437041
43.3611, 0.0143295, 0.045981, 0.562927, 0.562928, 0.437072
43.375, 0.00465922, 0.0389717, 0.56289, 0.562891, 0.437109
43.3889, -0.00444963, 0.0319624, 0.562846, 0.562847, 0.437153
43.4028, -0.0130655, 0.0249531, 0.562795, 0.562796, 0.437204
43.4167, -0.0212444, 0.0179438, 0.562737, 0.562738, 0.437262
43.4306, -0.0290323, 0.0109345, 0.562672, 0.562673, 0.437327
43.4444, -0.036468, 0.00392521, 0.5626, 0.562602, 0.437398
43.4583, -0.0435844, -0.00308409, 0.562521, 0.562523, 0.437477
43.4722, -0.0504096, -0.0100934, 0.562436, 0.562437, 0.437563
43.4861, -0.0569679, -0.0171027, 0.562343, 0.562345, 0.437655
43.5, -0.0632804, -0.024112, 0.562243, 0.562245, 0.437755
43.5139, -0.0693657, -0.0311213, 0.562136, 0.562139, 0.437861
43.5278, -0.0752402, -0.0381306, 0.562023, 0.562025, 0.437975
43.5417, -0.0809182, -0.0451399, 0.561903, 0.561905, 0.438095
43.5556, -0.0864129, -0.0521492, 0.561776, 0.561778, 0.438222
43.5694, -0.0917357, -0.0591585, 0.561642, 0.561645, 0.438355
43.5833, -0.0968971, -0.0661678, 0.561502, 0.561505, 0.438495
43.5972, -0.101907, -0.073177, 0.561356, 0.561359, 0.438641
43.6111, -0.106773, -0.0801863, 0.561203, 0.561206, 0.438794
43.625, -0.111503, -0.0871956, 0.561044, 0.561047, 0.438953
43.6389, -0.116105, -0.0942049, 0.560879, 0.560882, 0.439118
43.6528, -0.120586, -0.101214, 0.560708, 0.560711, 0.439289
43.6667, -0.12495, -0.108224, 0.560531, 0.560535, 0.439465
43.6806, -0.129204, -0.115233, 0.560348, 0.560352, 0.439648
43.6944, -0.133352, -0.122242, 0.56016, 0.560164, 0.439836
43.7083, -0.1374, -0.129251, 0.559966, 0.55997, 0.44003
43.7222, -0.141352, -0.136261, 0.559767, 0.559771, 0.440229
43.7361, -0.145212, -0.14327, 0.559563, 0.559567, 0.440433
43.75, -0.134552, -0.14355, 0.559459, 0.559459, 0.440541
43.7639, -0.112061, -0.136541, 0.559458, 0.559458, 0.440542
43.7778, -0.0932662, -0.129532, 0.559456, 0.559456, 0.440544
43.7917, -0.0769494, -0.122522, 0.559452, 0.559452, 0.440548
43.8056, -0.062438, -0.115513, 0.559443, 0.559444, 0.440556
43.8194, -0.0493152, -0.108504, 0.55943, 0.559431, 0.440569
43.8333, -0.0373016, -0.101495, 0.559412, 0.559412, 0.440588
43.8472, -0.0261994, -0.0944853, 0.559388, 0.559388, 0.440612
43.8611, -0.0158625, -0.087476, 0.559357, 0.559358, 0.440642
43.875, -0.00617956, -0.0804667, 0.55932, 0.559321, 0.440679
43.8889, 0.0029366, -0.0734574, 0.559277, 0.559278, 0.440722
43.9028, 0.0115557, -0.0664481, 0.559227, 0.559228, 0.440772
43.9167, 0.0197344, -0.0594388, 0.55917, 0.559171, 0.440829
43.9306, 0.0275196, -0.0524295, 0.559106, 0.559107, 0.440893
43.9444, 0.0349506, -0.0454202, 0.559035, 0.559036, 0.440964
43.9583, 0.0420606, -0.0384109, 0.558957, 0.558958, 0.441042
43.9722, 0.0488781, -0.0314016, 0.558872, 0.558874, 0.441126
43.9861, 0.0554276, -0.0243923, 0.55878, 0.558782, 0.441218
44, 0.0617305, -0.0173831, 0.558681, 0.558683, 0.441317
44.0139, 0.0678054, -0.0103738, 0.558575, 0.558578, 0.441422
44.0278, 0.0736689, -0.00336446, 0.558463, 0.558465, 0.441535
44.0417, 0.0793355, 0.00364483, 0.558344, 0.558346, 0.441654
44.0556, 0.0848184, 0.0106541, 0.558218, 0.55822, 0.44178
44.0694, 0.0901291, 0.0176634, 0.558085, 0.558088, 0.441912
44.0833, 0.0952782, 0.0246727, 0.557946, 0.557949, 0.442051
44.0972, 0.100275, 0.031682, 0.557801, 0.557804, 0.442196
44.1111, 0.105129, 0.0386913, 0.55765, 0.557653, 0.442347
44.125, 0.109846, 0.0457006, 0.557492, 0.557495, 0.442505
44.1389, 0.114436, 0.0527099, 0.557328, 0.557331, 0.442669
44.1528, 0.118903, 0.0597192, 0.557158, 0.557161, 0.442839
44.1667, 0.123254, 0.0667285, 0.556982, 0.556986, 0.443014
44.1806, 0.127495, 0.0737378, 0.556801, 0.556805, 0.443195
44.1944, 0.131631, 0.0807471, 0.556614, 0.556618, 0.443382
44.2083, 0.135666, 0.0877564, 0.556421, 0.556425, 0.443575
44.2222, 0.139605, 0.0947657, 0.556223, 0.556227, 0.443773
44.2361, 0.143452, 0.101775, 0.55602, 0.556024, 0.443976
44.25, 0.147211, 0.108784, 0.555816, 0.555816, 0.444184
44.2635, 0.122393, 0.101775, 0.555816, 0.555816, 0.444184
44.277, 0.102102, 0.0947657, 0.555815, 0.555815, 0.444185
44.2905, 0.084767, 0.0877564, 0.555812, 0.555812, 0.444188
44.3041, 0.06951, 0.0807471, 0.555805, 0.555806, 0.444194
44.3176, 0.0558143, 0.0737378, 0.555795, 0.555795, 0.444205
44.3311, 0.0433451, 0.0667285, 0.555779, 0.555779, 0.444221
44.3446, 0.0318709, 0.0597192, 0.555757, 0.555758, 0.444242
44.3581, 0.021224, 0.0527099, 0.55573, 0.555731, 0.444269
44.3716, 0.0112784, 0.0457006, 0.555696, 0.555697, 0.444303
44.3851, 0.00193666, 0.0386913, 0.555656, 0.555657, 0.444343
44.3986, -0.00687833, 0.031682, 0.555609, 0.55561, 0.44439
44.4122, -0.0152289, 0.0246727, 0.555556, 0.555557, 0.444443
44.4257, -0.0231661, 0.0176634, 0.555495, 0.555496, 0.444504
44.4392, -0.0307325, 0.0106541, 0.555427, 0.555429, 0.444571
44.4527, -0.037964, 0.00364483, 0.555353, 0.555354, 0.444646
44.4662, -0.044891, -0.00336446, 0.555271, 0.555273, 0.444727
44.4797, -0.0515398, -0.0103738, 0.555183, 0.555184, 0.444816
44.4932, -0.0579331, -0.0173831, 0.555087, 0.555089, 0.444911
44.5068, -0.0640907, -0.0243923, 0.554985, 0.554987, 0.445013
44.5203, -0.07003, -0.0314016, 0.554875, 0.554878, 0.445122
44.5338, -0.0757666, -0.0384109, 0.554759, 0.554762, 0.445238
44.5473, -0.0813141, -0.0454202, 0.554637, 0.554639, 0.445361
44.5608, -0.0866847, -0.0524295, 0.554507, 0.55451, 0.44549
44.5743, -0.0918894, -0.0594388, 0.554372, 0.554374, 0.445626
44.5878, -0.0969383, -0.0664481, 0.554229, 0.554232, 0.445768
44.6014, -0.10184, -0.0734574, 0.554081, 0.554084, 0.445916
44.6149, -0.106603, -0.0804667, 0.553926, 0.553929, 0.446071
44.6284, -0.111235, -0.087476, 0.553765, 0.553768, 0.446232
44.6419, -0.115742, -0.0944853, 0.553598, 0.553601, 0.446399
44.6554, -0.120131, -0.101495, 0.553425, 0.553428, 0.446572
44.6689, -0.124408, -0.108504, 0.553246, 0.55325, 0.44675
44.6824, -0.128577, -0.115513, 0.553062, 0.553066, 0.446934
44.6959, -0.132644, -0.122522, 0.552872, 0.552876, 0.447124
44.7095, -0.136613, -0.129532, 0.552677, 0.55268, 0.44732
44.723, -0.140489, -0.136541, 0.552476, 0.55248, 0.44752
44.7365, -0.144275, -0.14355, 0.55227, 0.552274, 0.447726
44.75, -0.141295, -0.147476, 0.55211, 0.55211, 0.44789
44.7635, -0.117672, -0.140466, 0.55211, 0.55211, 0.44789
44.777, -0.0982181, -0.133457, 0.552109, 0.552109, 0.447891
44.7905, -0.0814729, -0.126448, 0.552105, 0.552105, 0.447895
44.8041, -0.0666644, -0.119438, 0.552097, 0.552098, 0.447902
44.8176, -0.0533268, -0.112429, 0.552086, 0.552086, 0.447914
44.8311, -0.0411534, -0.10542, 0.552069, 0.552069, 0.447931
44.8446, -0.02993, -0.0984105, 0.552046, 0.552046, 0.447954
44.8581, -0.0195001, -0.0914012, 0.552017, 0.552018, 0.447982
44.8716, -0.00974514, -0.0843919, 0.551982, 0.551983, 0.448017
44.8851, -0.000573099, -0.0773826, 0.551941, 0.551941, 0.448059
44.8986, 0.00808925, -0.0703733, 0.551892, 0.551893, 0.448107
44.9122, 0.0163012, -0.063364, 0.551837, 0.551838, 0.448162
44.9257, 0.0241117, -0.0563547, 0.551775, 0.551776, 0.448224
44.9392, 0.0315614, -0.0493454, 0.551706, 0.551707, 0.448293
44.9527, 0.0386848, -0.0423361, 0.55163, 0.551632, 0.448368
44.9662, 0.0455112, -0.0353269, 0.551547, 0.551549, 0.448451
44.9797, 0.0520659, -0.0283176, 0.551457, 0.551459, 0.448541
44.9932, 0.0583709, -0.0213083, 0.551361, 0.551363, 0.448637
45.0068, 0.0644454, -0.014299, 0.551257, 0.551259, 0.448741
45.0203, 0.0703062, -0.00728967, 0.551146, 0.551149, 0.448851
45.0338, 0.0759683, -0.000280372, 0.551029, 0.551032, 0.448968
45.0473, 0.0814449, 0.00672892, 0.550906, 0.550908, 0.449092
45.0608, 0.0867482, 0.0137382, 0.550775, 0.550778, 0.449222
45.0743, 0.0918886, 0.0207475, 0.550638, 0.550641, 0.449359
45.0878, 0.0968759, 0.0277568, 0.550495, 0.550498, 0.449502
45.1014, 0.101719, 0.0347661, 0.550346, 0.550349, 0.449651
45.1149, 0.106425, 0.0417754, 0.55019, 0.550193, 0.449807
45.1284, 0.111003, 0.0487847, 0.550028, 0.550031, 0.449969
45.1419, 0.115458, 0.055794, 0.54986, 0.549864, 0.450136
45.1554, 0.119796, 0.0628033, 0.549687, 0.54969, 0.45031
45.1689, 0.124024, 0.0698126, 0.549508, 0.549511, 0.450489
45.1824, 0.128146, 0.0768219, 0.549323, 0.549326, 0.450674
45.1959, 0.132168, 0.0838312, 0.549132, 0.549136, 0.450864
45.2095, 0.136093, 0.0908405, 0.548936, 0.54894, 0.45106
45.223, 0.139925, 0.0978498, 0.548735, 0.548739, 0.451261
45.2365, 0.14367, 0.104859, 0.548529, 0.548533, 0.451467
45.25, 0.14612, 0.111308, 0.548331, 0.548331, 0.451669
45.2632, 0.121758, 0.104298, 0.548331, 0.548331, 0.451669
45.2763, 0.101837, 0.097289, 0.54833, 0.54833, 0.45167
45.2895, 0.0847878, 0.0902797, 0.548326, 0.548326, 0.451674
45.3026, 0.0697659, 0.0832704, 0.548319, 0.54832, 0.45168
45.3158, 0.056271, 0.0762611, 0.548308, 0.548309, 0.451691
45.3289, 0.0439778, 0.0692518, 0.548292, 0.548293, 0.451707
45.3421, 0.0326607, 0.0622425, 0.54827, 0.548271, 0.451729
45.3553, 0.0221561, 0.0552333, 0.548243, 0.548243, 0.451757
45.3684, 0.0123408, 0.048224, 0.548209, 0.54821, 0.45179
45.3816, 0.00311938, 0.0412147, 0.548168, 0.548169, 0.451831
45.3947, -0.0055837, 0.0342054, 0.548121, 0.548122, 0.451878
45.4079, -0.0138295, 0.0271961, 0.548067, 0.548068, 0.451932
45.4211, -0.0216683, 0.0201868, 0.548006, 0.548007, 0.451993
45.4342, -0.0291417, 0.0131775, 0.547938, 0.54794, 0.45206
45.4474, -0.0362851, 0.00616818, 0.547863, 0.547865, 0.452135
45.4605, -0.0431283, -0.000841115, 0.547782, 0.547783, 0.452217
45.4737, -0.0496972, -0.00785041, 0.547693, 0.547695, 0.452305
45.4868, -0.0560141, -0.0148597, 0.547597, 0.547599, 0.452401
45.5, -0.0620986, -0.021869, 0.547495, 0.547497, 0.452503
45.5132, -0.0679677, -0.0288783, 0.547385, 0.547388, 0.452612
45.5263, -0.0736368, -0.0358876, 0.547269, 0.547272, 0.452728
45.5395, -0.0791192, -0.0428969, 0.547147, 0.547149, 0.452851
45.5526, -0.0844271, -0.0499062, 0.547017, 0.54702, 0.45298
45.5658, -0.0895713, -0.0569155, 0.546881, 0.546884, 0.453116
45.5789, -0.0945616, -0.0639248, 0.546739, 0.546742, 0.453258
45.5921, -0.0994068, -0.0709341, 0.546591, 0.546594, 0.453406
45.6053, -0.104115, -0.0779434, 0.546436, 0.546439, 0.453561
45.6184, -0.108693, -0.0849527, 0.546275, 0.546279, 0.453721
45.6316, -0.113149, -0.091962, 0.546109, 0.546112, 0.453888
45.6447, -0.117488, -0.0989713, 0.545936, 0.545939, 0.454061
45.6579, -0.121715, -0.105981, 0.545757, 0.545761, 0.454239
45.6711, -0.125837, -0.11299, 0.545573, 0.545577, 0.454423
45.6842, -0.129858, -0.119999, 0.545384, 0.545388, 0.454612
45.6974, -0.133782, -0.127008, 0.545189, 0.545193, 0.454807
45.7105, -0.137613, -0.134018, 0.544989, 0.544993, 0.455007
45.7237, -0.141356, -0.141027, 0.544783, 0.544787, 0.455213
45.7368, -0.145014, -0.148036, 0.544573, 0.544577, 0.455423
45.75, -0.13673, -0.149438, 0.544448, 0.544448, 0.455552
45.7632, -0.114289, -0.142429, 0.544448, 0.544448, 0.455552
45.7763, -0.0956147, -0.13542, 0.544446, 0.544446, 0.455554
45.7895, -0.0794429, -0.12841, 0.544442, 0.544442, 0.455558
45.8026, -0.0650849, -0.121401, 0.544434, 0.544434, 0.455566
45.8158, -0.0521167, -0.114392, 0.544421, 0.544421, 0.455579
45.8289, -0.0402557, -0.107382, 0.544403, 0.544403, 0.455597
45.8421, -0.0293025, -0.100373, 0.544379, 0.544379, 0.455621
45.8553, -0.0191104, -0.0933638, 0.544349, 0.54435, 0.45565
45.8684, -0.00956784, -0.0863545, 0.544313, 0.544313, 0.455687
45.8816, -0.000587534, -0.0793452, 0.54427, 0.544271, 0.455729
45.8947, 0.0079001, -0.0723359, 0.54422, 0.544221, 0.455779
45.9079, 0.0159516, -0.0653266, 0.544164, 0.544165, 0.455835
45.9211, 0.0236138, -0.0583173, 0.5441, 0.544102, 0.455898
45.9342, 0.0309255, -0.051308, 0.54403, 0.544032, 0.455968
45.9474, 0.0379201, -0.0442987, 0.543953, 0.543955, 0.456045
45.9605, 0.0446256, -0.0372895, 0.543869, 0.543871, 0.456129
45.9737, 0.0510664, -0.0302802, 0.543778, 0.54378, 0.45622
45.9868, 0.0572637, -0.0232709, 0.54368, 0.543682, 0.456318
46, 0.0632362, -0.0162616, 0.543575, 0.543577, 0.456423
46.0132, 0.069, -0.00925227, 0.543464, 0.543466, 0.456534
46.0263, 0.0745696, -0.00224297, 0.543345, 0.543348, 0.456652
46.0395, 0.0799581, 0.00476632, 0.543221, 0.543223, 0.456777
46.0526, 0.0851769, 0.0117756, 0.543089, 0.543092, 0.456908
46.0658, 0.0902365, 0.0187849, 0.542952, 0.542954, 0.457046
46.0789, 0.0951461, 0.0257942, 0.542807, 0.54281, 0.45719
46.0921, 0.0999144, 0.0328035, 0.542657, 0.54266, 0.45734
46.1053, 0.104549, 0.0398128, 0.542501, 0.542504, 0.457496
46.1184, 0.109057, 0.0468221, 0.542338, 0.542341, 0.457659
46.1316, 0.113445, 0.0538314, 0.54217, 0.542173, 0.457827
46.1447, 0.117719, 0.0608407, 0.541995, 0.541999, 0.458001
46.1579, 0.121884, 0.06785, 0.541815, 0.541819, 0.458181
46.1711, 0.125946, 0.0748593, 0.54163, 0.541633, 0.458367
46.1842, 0.129909, 0.0818686, 0.541439, 0.541443, 0.458557
46.1974, 0.133777, 0.0888779, 0.541242, 0.541246, 0.458754
46.2105, 0.137554, 0.0958872, 0.541041, 0.541045, 0.458955
46.2237, 0.141245, 0.102896, 0.540834, 0.540838, 0.459162
46.2368, 0.144853, 0.109906, 0.540623, 0.540627, 0.459373
46.25, 0.138296, 0.112149, 0.540485, 0.540485, 0.459515
46.2628, 0.115652, 0.105139, 0.540484, 0.540484, 0.459516
46.2756, 0.0968745, 0.0981301, 0.540483, 0.540483, 0.459517
46.2885, 0.0806463, 0.0911208, 0.540478, 0.540478, 0.459522
46.3013, 0.0662575, 0.0841115, 0.54047, 0.540471, 0.459529
46.3141, 0.0532741, 0.0771023, 0.540458, 0.540458, 0.459542
46.3269, 0.0414077, 0.070093, 0.54044, 0.540441, 0.459559
46.3397, 0.0304558, 0.0630837, 0.540417, 0.540417, 0.459583
46.3526, 0.0202696, 0.0560744, 0.540387, 0.540388, 0.459612
46.3654, 0.010736, 0.0490651, 0.540351, 0.540352, 0.459648
46.3782, 0.00176693, 0.0420558, 0.540309, 0.54031, 0.45969
46.391, -0.00670784, 0.0350465, 0.54026, 0.540261, 0.459739
46.4038, -0.0147453, 0.0280372, 0.540204, 0.540205, 0.459795
46.4167, -0.0223926, 0.0210279, 0.540141, 0.540142, 0.459858
46.4295, -0.029689, 0.0140186, 0.540071, 0.540072, 0.459928
46.4423, -0.0366678, 0.0070093, 0.539994, 0.539996, 0.460004
46.4551, -0.0433572, -2.12182e-17, 0.539911, 0.539912, 0.460088
46.4679, -0.0497819, -0.0070093, 0.53982, 0.539822, 0.460178
46.4808, -0.055963, -0.0140186, 0.539723, 0.539725, 0.460275
46.4936, -0.0619192, -0.0210279, 0.539618, 0.539621, 0.460379
46.5064, -0.0676669, -0.0280372, 0.539507, 0.53951, 0.46049
46.5192, -0.0732206, -0.0350465, 0.53939, 0.539392, 0.460608
46.5321, -0.0785932, -0.0420558, 0.539265, 0.539268, 0.460732
46.5449, -0.0837962, -0.0490651, 0.539135, 0.539137, 0.460863
46.5577, -0.0888402, -0.0560744, 0.538997, 0.539, 0.461
46.5705, -0.0937345, -0.0630837, 0.538854, 0.538857, 0.461143
46.5833, -0.0984877, -0.070093, 0.538704, 0.538707, 0.461293
46.5962, -0.103107, -0.0771023, 0.538548, 0.538551, 0.461449
46.609, -0.107601, -0.0841115, 0.538386, 0.538389, 0.461611
46.6218, -0.111974, -0.0911208, 0.538218, 0.538221, 0.461779
46.6346, -0.116234, -0.0981301, 0.538044, 0.538048, 0.461952
46.6474, -0.120385, -0.105139, 0.537865, 0.537868, 0.462132
46.6603, -0.124433, -0.112149, 0.53768, 0.537683, 0.462317
46.6731, -0.128382, -0.119158, 0.537489, 0.537493, 0.462507
46.6859, -0.132237, -0.126167, 0.537293, 0.537297, 0.462703
46.6987, -0.136001, -0.133177, 0.537092, 0.537096, 0.462904
46.7115, -0.139679, -0.140186, 0.536886, 0.53689, 0.46311
46.7244, -0.143274, -0.147195, 0.536675, 0.536679, 0.463321
46.7372, -0.146789, -0.154205, 0.536459, 0.536463, 0.463537
46.75, -0.125569, -0.148877, 0.536437, 0.536437, 0.463563
46.7628, -0.105326, -0.141868, 0.536436, 0.536436, 0.463564
46.7756, -0.0881185, -0.134859, 0.536433, 0.536433, 0.463567
46.7885, -0.0730238, -0.12785, 0.536427, 0.536427, 0.463573
46.8013, -0.0595048, -0.12084, 0.536417, 0.536417, 0.463583
46.8141, -0.0472173, -0.113831, 0.536402, 0.536402, 0.463598
46.8269, -0.0359252, -0.106822, 0.536381, 0.536381, 0.463619
46.8397, -0.0254583, -0.0998124, 0.536354, 0.536355, 0.463645
46.8526, -0.0156893, -0.0928031, 0.536321, 0.536322, 0.463678
46.8654, -0.00652007, -0.0857938, 0.536282, 0.536283, 0.463717
46.8782, 0.00212688, -0.0787845, 0.536236, 0.536237, 0.463763
46.891, 0.0103139, -0.0717752, 0.536183, 0.536184, 0.463816
46.9038, 0.0180922, -0.0647659, 0.536123, 0.536125, 0.463875
46.9167, 0.025504, -0.0577566, 0.536057, 0.536058, 0.463942
46.9295, 0.0325853, -0.0507473, 0.535984, 0.535985, 0.464015
46.9423, 0.0393662, -0.043738, 0.535903, 0.535905, 0.464095
46.9551, 0.0458729, -0.0367287, 0.535816, 0.535818, 0.464182
46.9679, 0.0521279, -0.0297194, 0.535722, 0.535724, 0.464276
46.9808, 0.0581509, -0.0227101, 0.535621, 0.535623, 0.464377
46.9936, 0.0639592, -0.0157008, 0.535513, 0.535516, 0.464484
47.0064, 0.069568, -0.00869153, 0.535399, 0.535401, 0.464599
47.0192, 0.074991, -0.00168223, 0.535278, 0.535281, 0.464719
47.0321, 0.0802402, 0.00532706, 0.535151, 0.535153, 0.464847
47.0449, 0.0853264, 0.0123364, 0.535017, 0.535019, 0.464981
47.0577, 0.0902596, 0.0193457, 0.534876, 0.534879, 0.465121
47.0705, 0.0950486, 0.026355, 0.53473, 0.534733, 0.465267
47.0833, 0.0997014, 0.0333642, 0.534577, 0.53458, 0.46542
47.0962, 0.104225, 0.0403735, 0.534418, 0.534421, 0.465579
47.109, 0.108627, 0.0473828, 0.534253, 0.534256, 0.465744
47.1218, 0.112913, 0.0543921, 0.534082, 0.534086, 0.465914
47.1346, 0.117089, 0.0614014, 0.533906, 0.53391, 0.46609
47.1474, 0.121159, 0.0684107, 0.533724, 0.533728, 0.466272
47.1603, 0.125129, 0.07542, 0.533537, 0.53354, 0.46646
47.1731, 0.129004, 0.0824293, 0.533344, 0.533348, 0.466652
47.1859, 0.132786, 0.0894386, 0.533146, 0.53315, 0.46685
47.1987, 0.136481, 0.0964479, 0.532942, 0.532947, 0.467053
47.2115, 0.140092, 0.103457, 0.532734, 0.532738, 0.467262
47.2244, 0.143622, 0.110467, 0.532521, 0.532525, 0.467475
47.2372, 0.147075, 0.117476, 0.532303, 0.532308, 0.467692
47.25, 0.1234, 0.110747, 0.532303, 0.532303, 0.467697
47.2628, 0.103607, 0.103738, 0.532302, 0.532302, 0.467698
47.2756, 0.0867209, 0.0967283, 0.532299, 0.532299, 0.467701
47.2885, 0.071874, 0.089719, 0.532292, 0.532293, 0.467707
47.3013, 0.0585559, 0.0827097, 0.532282, 0.532282, 0.467718
47.3141, 0.0464368, 0.0757004, 0.532266, 0.532266, 0.467734
47.3269, 0.0352896, 0.0686911, 0.532244, 0.532245, 0.467755
47.3397, 0.0249496, 0.0616818, 0.532217, 0.532218, 0.467782
47.3526, 0.0152936, 0.0546725, 0.532184, 0.532184, 0.467816
47.3654, 0.00622609, 0.0476632, 0.532144, 0.532144, 0.467856
47.3782, -0.00232834, 0.0406539, 0.532097, 0.532098, 0.467902
47.391, -0.0104305, 0.0336446, 0.532044, 0.532045, 0.467955
47.4038, -0.0181305, 0.0266353, 0.531983, 0.531985, 0.468015
47.4167, -0.0254696, 0.019626, 0.531916, 0.531918, 0.468082
47.4295, -0.0324829, 0.0126167, 0.531842, 0.531844, 0.468156
47.4423, -0.0392002, 0.00560744, 0.531761, 0.531763, 0.468237
47.4551, -0.0456469, -0.00140186, 0.531673, 0.531675, 0.468325
47.4679, -0.0518453, -0.00841115, 0.531579, 0.531581, 0.468419
47.4808, -0.0578147, -0.0154205, 0.531477, 0.531479, 0.468521
47.4936, -0.0635721, -0.0224297, 0.531369, 0.531371, 0.468629
47.5064, -0.0691324, -0.029439, 0.531254, 0.531257, 0.468743
47.5192, -0.0745091, -0.0364483, 0.531133, 0.531135, 0.468865
47.5321, -0.079714, -0.0434576, 0.531005, 0.531007, 0.468993
47.5449, -0.0847579, -0.0504669, 0.53087, 0.530873, 0.469127
47.5577, -0.0896504, -0.0574762, 0.530729, 0.530732, 0.469268
47.5705, -0.0944002, -0.0644855, 0.530582, 0.530585, 0.469415
47.5833, -0.0990154, -0.0714948, 0.530429, 0.530432, 0.469568
47.5962, -0.103503, -0.0785041, 0.53027, 0.530273, 0.469727
47.609, -0.10787, -0.0855134, 0.530105, 0.530108, 0.469892
47.6218, -0.112122, -0.0925227, 0.529934, 0.529937, 0.470063
47.6346, -0.116265, -0.099532, 0.529757, 0.52976, 0.47024
47.6474, -0.120304, -0.106541, 0.529575, 0.529578, 0.470422
47.6603, -0.124243, -0.113551, 0.529387, 0.529391, 0.470609
47.6731, -0.128088, -0.12056, 0.529194, 0.529197, 0.470803
47.6859, -0.131842, -0.127569, 0.528995, 0.528999, 0.471001
47.6987, -0.135509, -0.134578, 0.528792, 0.528796, 0.471204
47.7115, -0.139092, -0.141588, 0.528583, 0.528587, 0.471413
47.7244, -0.142596, -0.148597, 0.52837, 0.528374, 0.471626
47.7372, -0.146023, -0.155606, 0.528152, 0.528156, 0.471844
47.75, -0.13068, -0.153363, 0.528081, 0.528081, 0.471919
47.7625, -0.109757, -0.146354, 0.52808, 0.52808, 0.47192
47.775, -0.0921471, -0.139345, 0.528078, 0.528078, 0.471922
47.7875, -0.0767942, -0.132336, 0.528073, 0.528073, 0.471927
47.8, -0.0631018, -0.125326, 0.528063, 0.528064, 0.471936
47.8125, -0.0506949, -0.118317, 0.528049, 0.52805, 0.47195
47.825, -0.0393198, -0.111308, 0.52803, 0.52803, 0.47197
47.8375, -0.0287955, -0.104298, 0.528004, 0.528005, 0.471995
47.85, -0.0189877, -0.097289, 0.527973, 0.527974, 0.472026
47.8625, -0.00979352, -0.0902797, 0.527935, 0.527936, 0.472064
47.875, -0.00113214, -0.0832704, 0.527891, 0.527892, 0.472108
47.8875, 0.00706121, -0.0762611, 0.527839, 0.527841, 0.472159
47.9, 0.0148394, -0.0692518, 0.527782, 0.527783, 0.472217
47.9125, 0.0222463, -0.0622425, 0.527717, 0.527718, 0.472282
47.925, 0.0293185, -0.0552333, 0.527645, 0.527647, 0.472353
47.9375, 0.0360872, -0.048224, 0.527566, 0.527568, 0.472432
47.95, 0.0425791, -0.0412147, 0.527481, 0.527483, 0.472517
47.9625, 0.0488173, -0.0342054, 0.527389, 0.527391, 0.472609
47.975, 0.0548218, -0.0271961, 0.52729, 0.527292, 0.472708
47.9875, 0.0606102, -0.0201868, 0.527184, 0.527186, 0.472814
48, 0.0661981, -0.0131775, 0.527071, 0.527074, 0.472926
48.0125, 0.0715992, -0.00616818, 0.526952, 0.526955, 0.473045
48.025, 0.0768259, 0.000841115, 0.526827, 0.526829, 0.473171
48.0375, 0.0818891, 0.00785041, 0.526694, 0.526697, 0.473303
48.05, 0.0867988, 0.0148597, 0.526556, 0.526559, 0.473441
48.0625, 0.091564, 0.021869, 0.526411, 0.526414, 0.473586
48.075, 0.0961928, 0.0288783, 0.52626, 0.526263, 0.473737
48.0875, 0.100693, 0.0358876, 0.526103, 0.526107, 0.473893
48.1, 0.10507, 0.0428969, 0.525941, 0.525944, 0.474056
48.1125, 0.109332, 0.0499062, 0.525772, 0.525775, 0.474225
48.125, 0.113483, 0.0569155, 0.525597, 0.525601, 0.474399
48.1375, 0.117529, 0.0639248, 0.525417, 0.525421, 0.474579
48.15, 0.121475, 0.0709341, 0.525232, 0.525236, 0.474764
48.1625, 0.125326, 0.0779434, 0.525041, 0.525045, 0.474955
48.175, 0.129084, 0.0849527, 0.524845, 0.524849, 0.475151
48.1875, 0.132756, 0.091962, 0.524643, 0.524648, 0.475352
48.2, 0.136343, 0.0989713, 0.524437, 0.524441, 0.475559
48.2125, 0.139849, 0.105981, 0.524226, 0.52423, 0.47577
48.225, 0.143278, 0.11299, 0.52401, 0.524014, 0.475986
48.2375, 0.146633, 0.119999, 0.52379, 0.523794, 0.476206
48.25, 0.126674, 0.115233, 0.523758, 0.523758, 0.476242
48.2625, 0.106553, 0.108224, 0.523757, 0.523757, 0.476243
48.275, 0.0894916, 0.101214, 0.523755, 0.523755, 0.476245
48.2875, 0.0745478, 0.0942049, 0.523749, 0.523749, 0.476251
48.3, 0.0611783, 0.0871956, 0.523738, 0.523739, 0.476261
48.3125, 0.0490364, 0.0801863, 0.523723, 0.523724, 0.476276
48.325, 0.0378849, 0.073177, 0.523703, 0.523703, 0.476297
48.3375, 0.0275533, 0.0661678, 0.523677, 0.523677, 0.476323
48.35, 0.0179146, 0.0591585, 0.523644, 0.523645, 0.476355
48.3625, 0.00887054, 0.0521492, 0.523605, 0.523606, 0.476394
48.375, 0.00034411, 0.0451399, 0.523559, 0.52356, 0.47644
48.3875, -0.00772687, 0.0381306, 0.523507, 0.523508, 0.476492
48.4, -0.0153932, 0.0311213, 0.523448, 0.523449, 0.476551
48.4125, -0.0226971, 0.024112, 0.523382, 0.523383, 0.476617
48.425, -0.0296741, 0.0171027, 0.523309, 0.523311, 0.476689
48.4375, -0.0363542, 0.0100934, 0.523229, 0.523231, 0.476769
48.45, -0.0427633, 0.00308409, 0.523143, 0.523144, 0.476856
48.4625, -0.0489238, -0.00392521, 0.523049, 0.523051, 0.476949
48.475, -0.0548552, -0.0109345, 0.522949, 0.522951, 0.477049
48.4875, -0.0605746, -0.0179438, 0.522842, 0.522844, 0.477156
48.5, -0.0660971, -0.0249531, 0.522729, 0.522731, 0.477269
48.5125, -0.0714362, -0.0319624, 0.522608, 0.522611, 0.477389
48.525, -0.0766038, -0.0389717, 0.522482, 0.522484, 0.477516
48.5375, -0.0816108, -0.045981, 0.522349, 0.522351, 0.477649
48.55, -0.0864667, -0.0529903, 0.522209, 0.522212, 0.477788
48.5625, -0.0911804, -0.0599996, 0.522064, 0.522067, 0.477933
48.575, -0.0957598, -0.0670089, 0.521912, 0.521915, 0.478085
48.5875, -0.100212, -0.0740182, 0.521754, 0.521757, 0.478243
48.6, -0.104544, -0.0810275, 0.52159, 0.521594, 0.478406
48.6125, -0.108762, -0.0880368, 0.521421, 0.521424, 0.478576
48.625, -0.112871, -0.0950461, 0.521245, 0.521249, 0.478751
48.6375, -0.116876, -0.102055, 0.521065, 0.521068, 0.478932
48.65, -0.120783, -0.109065, 0.520878, 0.520882, 0.479118
48.6625, -0.124595, -0.116074, 0.520687, 0.520691, 0.479309
48.675, -0.128317, -0.123083, 0.52049, 0.520494, 0.479506
48.6875, -0.131953, -0.130093, 0.520288, 0.520292, 0.479708
48.7, -0.135505, -0.137102, 0.520081, 0.520085, 0.479915
48.7125, -0.138978, -0.144111, 0.519869, 0.519873, 0.480127
48.725, -0.142375, -0.15112, 0.519653, 0.519657, 0.480343
48.7375, -0.145698, -0.15813, 0.519431, 0.519436, 0.480564
48.75, -0.133644, -0.157569, 0.519333, 0.519333, 0.480667
48.7622, -0.112407, -0.15056, 0.519332, 0.519332, 0.480668
48.7744, -0.0946463, -0.14355, 0.51933, 0.51933, 0.48067
48.7866, -0.0792207, -0.136541, 0.519325, 0.519325, 0.480675
48.7988, -0.065499, -0.129532, 0.519316, 0.519317, 0.480683
48.811, -0.0530889, -0.122522, 0.519303, 0.519303, 0.480697
48.8232, -0.0417271, -0.115513, 0.519284, 0.519285, 0.480715
48.8354, -0.0312269, -0.108504, 0.51926, 0.51926, 0.48074
48.8476, -0.0214504, -0.101495, 0.519229, 0.51923, 0.48077
48.8598, -0.0122925, -0.0944853, 0.519192, 0.519193, 0.480807
48.872, -0.00367066, -0.087476, 0.519148, 0.519149, 0.480851
48.8841, 0.0044809, -0.0804667, 0.519098, 0.519099, 0.480901
48.8963, 0.0122158, -0.0734574, 0.519041, 0.519042, 0.480958
48.9085, 0.0195785, -0.0664481, 0.518977, 0.518979, 0.481021
48.9207, 0.026606, -0.0594388, 0.518907, 0.518908, 0.481092
48.9329, 0.0333298, -0.0524295, 0.518829, 0.518831, 0.481169
48.9451, 0.0397769, -0.0454202, 0.518745, 0.518746, 0.481254
48.9573, 0.0459704, -0.0384109, 0.518653, 0.518655, 0.481345
48.9695, 0.0519305, -0.0314016, 0.518556, 0.518558, 0.481442
48.9817, 0.057675, -0.0243923, 0.518451, 0.518453, 0.481547
48.9939, 0.0632193, -0.0173831, 0.51834, 0.518342, 0.481658
49.0061, 0.0685775, -0.0103738, 0.518222, 0.518224, 0.481776
49.0183, 0.0737618, -0.00336446, 0.518097, 0.5181, 0.4819
49.0305, 0.0787832, 0.00364483, 0.517966, 0.517969, 0.482031
49.0427, 0.0836517, 0.0106541, 0.517829, 0.517832, 0.482168
49.0549, 0.0883763, 0.0176634, 0.517686, 0.517689, 0.482311
49.0671, 0.0929652, 0.0246727, 0.517536, 0.517539, 0.482461
49.0793, 0.0974256, 0.031682, 0.517381, 0.517384, 0.482616
49.0915, 0.101765, 0.0386913, 0.517219, 0.517222, 0.482778
49.1037, 0.105988, 0.0457006, 0.517052, 0.517055, 0.482945
49.1159, 0.110102, 0.0527099, 0.516879, 0.516882, 0.483118
49.128, 0.114111, 0.0597192, 0.5167, 0.516704, 0.483296
49.1402, 0.118021, 0.0667285, 0.516516, 0.51652, 0.48348
49.1524, 0.121836, 0.0737378, 0.516326, 0.51633, 0.48367
49.1646, 0.125559, 0.0807471, 0.516132, 0.516136, 0.483864
49.1768, 0.129196, 0.0877564, 0.515932, 0.515936, 0.484064
49.189, 0.132749, 0.0947657, 0.515727, 0.515731, 0.484269
49.2012, 0.136223, 0.101775, 0.515517, 0.515522, 0.484478
49.2134, 0.139619, 0.108784, 0.515303, 0.515307, 0.484693
49.2256, 0.142941, 0.115794, 0.515084, 0.515088, 0.484912
49.2378, 0.146192, 0.122803, 0.51486, 0.514865, 0.485135
49.25, 0.129966, 0.119999, 0.514797, 0.514797, 0.485203
49.2622, 0.109499, 0.11299, 0.514796, 0.514796, 0.485204
49.2744, 0.0922583, 0.105981, 0.514794, 0.514794, 0.485206
49.2866, 0.0772198, 0.0989713, 0.514788, 0.514788, 0.485212
49.2988, 0.0638034, 0.091962, 0.514779, 0.514779, 0.485221
49.311, 0.0516439, 0.0849527, 0.514764, 0.514765, 0.485235
49.3232, 0.0404939, 0.0779434, 0.514745, 0.514745, 0.485255
49.3354, 0.0301766, 0.0709341, 0.514719, 0.51472, 0.48528
49.3476, 0.0205607, 0.0639248, 0.514687, 0.514688, 0.485312
49.3598, 0.0115458, 0.0569155, 0.514649, 0.51465, 0.48535
49.372, 0.0030528, 0.0499062, 0.514605, 0.514606, 0.485394
49.3841, -0.00498171, 0.0428969, 0.514554, 0.514555, 0.485445
49.3963, -0.0126094, 0.0358876, 0.514496, 0.514497, 0.485503
49.4085, -0.0198733, 0.0288783, 0.514431, 0.514432, 0.485568
49.4207, -0.0268091, 0.021869, 0.514359, 0.514361, 0.485639
49.4329, -0.0334476, 0.0148597, 0.514281, 0.514282, 0.485718
49.4451, -0.0398147, 0.00785041, 0.514195, 0.514197, 0.485803
49.4573, -0.045933, 0.000841115, 0.514103, 0.514105, 0.485895
49.4695, -0.0518223, -0.00616818, 0.514004, 0.514006, 0.485994
49.4817, -0.0574998, -0.0131775, 0.513898, 0.513901, 0.486099
49.4939, -0.0629807, -0.0201868, 0.513786, 0.513789, 0.486211
49.5061, -0.0682784, -0.0271961, 0.513667, 0.51367, 0.48633
49.5183, -0.0734052, -0.0342054, 0.513542, 0.513545, 0.486455
49.5305, -0.0783717, -0.0412147, 0.51341, 0.513413, 0.486587
49.5427, -0.0831876, -0.048224, 0.513272, 0.513275, 0.486725
49.5549, -0.0878618, -0.0552333, 0.513128, 0.513131, 0.486869
49.5671, -0.0924023, -0.0622425, 0.512978, 0.512981, 0.487019
49.5793, -0.0968163, -0.0692518, 0.512822, 0.512825, 0.487175
49.5915, -0.101111, -0.0762611, 0.512659, 0.512663, 0.487337
49.6037, -0.105291, -0.0832704, 0.512491, 0.512495, 0.487505
49.6159, -0.109363, -0.0902797, 0.512318, 0.512321, 0.487679
49.628, -0.113332, -0.097289, 0.512138, 0.512142, 0.487858
49.6402, -0.117203, -0.104298, 0.511954, 0.511957, 0.488043
49.6524, -0.12098, -0.111308, 0.511763, 0.511767, 0.488233
49.6646, -0.124668, -0.118317, 0.511568, 0.511572, 0.488428
49.6768, -0.128269, -0.125326, 0.511368, 0.511372, 0.488628
49.689, -0.131788, -0.132336, 0.511162, 0.511167, 0.488833
49.7012, -0.135228, -0.139345, 0.510952, 0.510956, 0.489044
49.7134, -0.138592, -0.146354, 0.510737, 0.510742, 0.489258
49.7256, -0.141883, -0.153363, 0.510518, 0.510522, 0.489478
49.7378, -0.145104, -0.160373, 0.510294, 0.510298, 0.489702
49.75, -0.138551, -0.162616, 0.510148, 0.510148, 0.489852
49.7619, -0.116605, -0.155606, 0.510148, 0.510148, 0.489852
49.7738, -0.0984566, -0.148597, 0.510146, 0.510146, 0.489854
49.7857, -0.0827983, -0.141588, 0.510142, 0.510142, 0.489858
49.7976, -0.0689309, -0.134578, 0.510134, 0.510134, 0.489866
49.8095, -0.0564286, -0.127569, 0.510121, 0.510122, 0.489878
49.8214, -0.0450095, -0.12056, 0.510104, 0.510104, 0.489896
49.8333, -0.034476, -0.113551, 0.51008, 0.510081, 0.489919
49.8452, -0.0246832, -0.106541, 0.510051, 0.510052, 0.489948
49.8571, -0.0155212, -0.099532, 0.510015, 0.510016, 0.489984
49.869, -0.00690443, -0.0925227, 0.509973, 0.509974, 0.490026
49.881, 0.00123521, -0.0855134, 0.509924, 0.509925, 0.490075
49.8929, 0.00895303, -0.0785041, 0.509869, 0.50987, 0.49013
49.9048, 0.0162946, -0.0714948, 0.509807, 0.509808, 0.490192
49.9167, 0.0232979, -0.0644855, 0.509738, 0.509739, 0.490261
49.9286, 0.0299952, -0.0574762, 0.509662, 0.509663, 0.490337
49.9405, 0.0364139, -0.0504669, 0.509579, 0.509581, 0.490419
49.9524, 0.0425776, -0.0434576, 0.509489, 0.509491, 0.490509
49.9643, 0.0485069, -0.0364483, 0.509393, 0.509395, 0.490605
49.9762, 0.0542198, -0.029439, 0.50929, 0.509292, 0.490708
49.9881, 0.059732, -0.0224297, 0.509181, 0.509183, 0.490817
50, 0.0650576, -0.0154205, 0.509064, 0.509067, 0.490933
50.0119, 0.0702091, -0.00841115, 0.508942, 0.508944, 0.491056
50.0238, 0.0751976, -0.00140186, 0.508813, 0.508815, 0.491185
50.0357, 0.0800331, 0.00560744, 0.508677, 0.50868, 0.49132
50.0476, 0.0847248, 0.0126167, 0.508536, 0.508539, 0.491461
50.0595, 0.0892808, 0.019626, 0.508388, 0.508391, 0.491609
50.0714, 0.0937086, 0.0266353, 0.508234, 0.508237, 0.491763
50.0833, 0.098015, 0.0336446, 0.508075, 0.508078, 0.491922
50.0952, 0.102206, 0.0406539, 0.507909, 0.507912, 0.492088
50.1071, 0.106288, 0.0476632, 0.507738, 0.507741, 0.492259
50.119, 0.110266, 0.0546725, 0.507561, 0.507565, 0.492435
50.131, 0.114144, 0.0616818, 0.507379, 0.507383, 0.492617
50.1429, 0.117928, 0.0686911, 0.507191, 0.507195, 0.492805
50.1548, 0.121621, 0.0757004, 0.506998, 0.507002, 0.492998
50.1667, 0.125227, 0.0827097, 0.5068, 0.506804, 0.493196
50.1786, 0.12875, 0.089719, 0.506598, 0.506602, 0.493398
50.1905, 0.132194, 0.0967283, 0.50639, 0.506394, 0.493606
50.2024, 0.135561, 0.103738, 0.506177, 0.506181, 0.493819
50.2143, 0.138854, 0.110747, 0.50596, 0.505964, 0.494036
50.2262, 0.142077, 0.117756, 0.505738, 0.505743, 0.494257
50.2381, 0.145231, 0.124765, 0.505512, 0.505517, 0.494483
50.25, 0.137579, 0.126448, 0.505375, 0.505375, 0.494625
50.2616, 0.115934, 0.119438, 0.505374, 0.505374, 0.494626
50.2733, 0.0980013, 0.112429, 0.505373, 0.505373, 0.494627
50.2849, 0.0825134, 0.10542, 0.505368, 0.505368, 0.494632
50.2965, 0.0687874, 0.0984105, 0.50536, 0.50536, 0.49464
50.3081, 0.0564067, 0.0914012, 0.505347, 0.505348, 0.494652
50.3198, 0.0450945, 0.0843919, 0.505329, 0.50533, 0.49467
50.3314, 0.0346568, 0.0773826, 0.505306, 0.505306, 0.494694
50.343, 0.0249508, 0.0703733, 0.505276, 0.505277, 0.494723
50.3547, 0.0158684, 0.063364, 0.50524, 0.505241, 0.494759
50.3663, 0.00732527, 0.0563547, 0.505198, 0.505199, 0.494801
50.3779, -0.000745883, 0.0493454, 0.505149, 0.50515, 0.49485
50.3895, -0.0083996, 0.0423361, 0.505093, 0.505094, 0.494906
50.4012, -0.0156809, 0.0353269, 0.505031, 0.505032, 0.494968
50.4128, -0.0226273, 0.0283176, 0.504961, 0.504963, 0.495037
50.4244, -0.0292707, 0.0213083, 0.504885, 0.504887, 0.495113
50.436, -0.0356381, 0.014299, 0.504802, 0.504804, 0.495196
50.4477, -0.041753, 0.00728967, 0.504713, 0.504715, 0.495285
50.4593, -0.0476356, 0.000280372, 0.504616, 0.504618, 0.495382
50.4709, -0.0533038, -0.00672892, 0.504513, 0.504515, 0.495485
50.4826, -0.0587732, -0.0137382, 0.504404, 0.504406, 0.495594
50.4942, -0.0640576, -0.0207475, 0.504287, 0.50429, 0.49571
50.5058, -0.0691695, -0.0277568, 0.504164, 0.504167, 0.495833
50.5174, -0.0741198, -0.0347661, 0.504035, 0.504038, 0.495962
50.5291, -0.0789185, -0.0417754, 0.5039, 0.503903, 0.496097
50.5407, -0.0835745, -0.0487847, 0.503758, 0.503761, 0.496239
50.5523, -0.0880961, -0.055794, 0.503611, 0.503614, 0.496386
50.564, -0.0924905, -0.0628033, 0.503457, 0.50346, 0.49654
50.5756, -0.0967646, -0.0698126, 0.503297, 0.5033, 0.4967
50.5872, -0.100925, -0.0768219, 0.503132, 0.503135, 0.496865
50.5988, -0.104976, -0.0838312, 0.50296, 0.502964, 0.497036
50.6105, -0.108924, -0.0908405, 0.502784, 0.502787, 0.497213
50.6221, -0.112774, -0.0978498, 0.502602, 0.502605, 0.497395
50.6337, -0.116529, -0.104859, 0.502414, 0.502418, 0.497582
50.6453, -0.120195, -0.111868, 0.502221, 0.502225, 0.497775
50.657, -0.123775, -0.118878, 0.502023, 0.502027, 0.497973
50.6686, -0.127272, -0.125887, 0.501821, 0.501825, 0.498175
50.6802, -0.130691, -0.132896, 0.501613, 0.501617, 0.498383
50.6919, -0.134033, -0.139906, 0.5014, 0.501405, 0.498595
50.7035, -0.137302, -0.146915, 0.501183, 0.501188, 0.498812
50.7151, -0.140502, -0.153924, 0.500962, 0.500966, 0.499034
50.7267, -0.143633, -0.160933, 0.500736, 0.500741, 0.499259
50.7384, -0.146699, -0.167943, 0.500506, 0.500511, 0.499489
50.75, -0.127169, -0.163176, 0.500473, 0.500473, 0.499527
50.7616, -0.107563, -0.156167, 0.500472, 0.500473, 0.499527
50.7733, -0.0909653, -0.149158, 0.50047, 0.50047, 0.49953
50.7849, -0.0764438, -0.142149, 0.500464, 0.500464, 0.499536
50.7965, -0.0634621, -0.135139, 0.500453, 0.500454, 0.499546
50.8081, -0.0516792, -0.12813, 0.500438, 0.500439, 0.499561
50.8198, -0.0408625, -0.121121, 0.500418, 0.500418, 0.499582
50.8314, -0.0308449, -0.114111, 0.500392, 0.500392, 0.499608
50.843, -0.021502, -0.107102, 0.500359, 0.50036, 0.49964
50.8547, -0.0127379, -0.100093, 0.50032, 0.500321, 0.499679
50.8663, -0.00447724, -0.0930834, 0.500275, 0.500276, 0.499724
50.8779, 0.00334057, -0.0860742, 0.500223, 0.500224, 0.499776
50.8895, 0.0107651, -0.0790649, 0.500164, 0.500166, 0.499834
50.9012, 0.0178376, -0.0720556, 0.500099, 0.5001, 0.4999
50.9128, 0.0245924, -0.0650463, 0.500027, 0.500028, 0.499972
50.9244, 0.0310591, -0.058037, 0.499947, 0.499949, 0.500051
50.936, 0.0372627, -0.0510277, 0.499862, 0.499863, 0.500137
50.9477, 0.043225, -0.0440184, 0.499769, 0.499771, 0.500229
50.9593, 0.048965, -0.0370091, 0.49967, 0.499672, 0.500328
50.9709, 0.0544994, -0.0299998, 0.499564, 0.499566, 0.500434
50.9826, 0.0598428, -0.0229905, 0.499451, 0.499454, 0.500546
50.9942, 0.0650083, -0.0159812, 0.499333, 0.499335, 0.500665
51.0058, 0.0700076, -0.0089719, 0.499207, 0.49921, 0.50079
51.0174, 0.074851, -0.0019626, 0.499075, 0.499078, 0.500922
51.0291, 0.0795481, 0.00504669, 0.498938, 0.49894, 0.50106
51.0407, 0.0841074, 0.012056, 0.498794, 0.498796, 0.501204
51.0523, 0.0885365, 0.0190653, 0.498643, 0.498646, 0.501354
51.064, 0.0928425, 0.0260746, 0.498487, 0.498491, 0.501509
51.0756, 0.0970319, 0.0330839, 0.498326, 0.498329, 0.501671
51.0872, 0.10111, 0.0400932, 0.498158, 0.498161, 0.501839
51.0988, 0.105084, 0.0471025, 0.497985, 0.497988, 0.502012
51.1105, 0.108957, 0.0541118, 0.497806, 0.49781, 0.50219
51.1221, 0.112734, 0.0611211, 0.497622, 0.497626, 0.502374
51.1337, 0.11642, 0.0681304, 0.497433, 0.497436, 0.502564
51.1453, 0.120018, 0.0751397, 0.497238, 0.497242, 0.502758
51.157, 0.123533, 0.0821489, 0.497039, 0.497043, 0.502957
51.1686, 0.126968, 0.0891582, 0.496834, 0.496838, 0.503162
51.1802, 0.130325, 0.0961675, 0.496625, 0.496629, 0.503371
51.1919, 0.133608, 0.103177, 0.496411, 0.496416, 0.503584
51.2035, 0.13682, 0.110186, 0.496193, 0.496197, 0.503803
51.2151, 0.139964, 0.117195, 0.49597, 0.495975, 0.504025
51.2267, 0.143041, 0.124205, 0.495743, 0.495748, 0.504252
51.2384, 0.146055, 0.131214, 0.495512, 0.495517, 0.504483
51.25, 0.132119, 0.129532, 0.495428, 0.495428, 0.504572
51.2614, 0.111764, 0.122522, 0.495427, 0.495427, 0.504573
51.2727, 0.0947062, 0.115513, 0.495425, 0.495425, 0.504575
51.2841, 0.0798746, 0.108504, 0.49542, 0.49542, 0.50458
51.2955, 0.0666716, 0.101495, 0.49541, 0.495411, 0.504589
51.3068, 0.0547245, 0.0944853, 0.495396, 0.495397, 0.504603
51.3182, 0.0437826, 0.087476, 0.495377, 0.495378, 0.504622
51.3295, 0.0336676, 0.0804667, 0.495352, 0.495353, 0.504647
51.3409, 0.0242478, 0.0734574, 0.495321, 0.495322, 0.504678
51.3523, 0.0154225, 0.0664481, 0.495284, 0.495285, 0.504715
51.3636, 0.00711258, 0.0594388, 0.49524, 0.495241, 0.504759
51.375, -0.000744968, 0.0524295, 0.495189, 0.495191, 0.504809
51.3864, -0.00820165, 0.0454202, 0.495132, 0.495134, 0.504866
51.3977, -0.0153, 0.0384109, 0.495068, 0.49507, 0.50493
51.4091, -0.0220758, 0.0314016, 0.494998, 0.494999, 0.505001
51.4205, -0.0285592, 0.0243923, 0.49492, 0.494922, 0.505078
51.4318, -0.034776, 0.0173831, 0.494836, 0.494838, 0.505162
51.4432, -0.0407486, 0.0103738, 0.494745, 0.494747, 0.505253
51.4545, -0.0464964, 0.00336446, 0.494647, 0.494649, 0.505351
51.4659, -0.0520365, -0.00364483, 0.494543, 0.494545, 0.505455
51.4773, -0.0573837, -0.0106541, 0.494432, 0.494434, 0.505566
51.4886, -0.0625516, -0.0176634, 0.494315, 0.494317, 0.505683
51.5, -0.0675519, -0.0246727, 0.494191, 0.494194, 0.505806
51.5114, -0.0723952, -0.031682, 0.494061, 0.494064, 0.505936
51.5227, -0.0770912, -0.0386913, 0.493925, 0.493927, 0.506073
51.5341, -0.0816485, -0.0457006, 0.493782, 0.493785, 0.506215
51.5455, -0.0860749, -0.0527099, 0.493633, 0.493637, 0.506363
51.5568, -0.0903776, -0.0597192, 0.493479, 0.493482, 0.506518
51.5682, -0.0945631, -0.0667285, 0.493319, 0.493322, 0.506678
51.5795, -0.0986373, -0.0737378, 0.493153, 0.493156, 0.506844
51.5909, -0.102606, -0.0807471, 0.492981, 0.492984, 0.507016
51.6023, -0.106474, -0.0877564, 0.492804, 0.492807, 0.507193
51.6136, -0.110245, -0.0947657, 0.492621, 0.492625, 0.507375
51.625, -0.113925, -0.101775, 0.492433, 0.492437, 0.507563
51.6364, -0.117518, -0.108784, 0.49224, 0.492244, 0.507756
51.6477, -0.121026, -0.115794, 0.492042, 0.492046, 0.507954
51.6591, -0.124454, -0.122803, 0.491839, 0.491843, 0.508157
51.6705, -0.127805, -0.129812, 0.491631, 0.491635, 0.508365
51.6818, -0.131082, -0.136821, 0.491418, 0.491423, 0.508577
51.6932, -0.134287, -0.143831, 0.491201, 0.491206, 0.508794
51.7045, -0.137424, -0.15084, 0.49098, 0.490984, 0.509016
51.7159, -0.140494, -0.157849, 0.490754, 0.490759, 0.509241
51.7273, -0.143501, -0.164859, 0.490524, 0.490529, 0.509471
51.7386, -0.146445, -0.171868, 0.49029, 0.490295, 0.509705
51.75, -0.129518, -0.168503, 0.490233, 0.490233, 0.509767
51.7614, -0.109762, -0.161494, 0.490232, 0.490232, 0.509768
51.7727, -0.0931234, -0.154485, 0.49023, 0.49023, 0.50977
51.7841, -0.0786111, -0.147476, 0.490224, 0.490224, 0.509776
51.7955, -0.0656657, -0.140466, 0.490214, 0.490215, 0.509785
51.8068, -0.0539344, -0.133457, 0.4902, 0.4902, 0.5098
51.8182, -0.043178, -0.126448, 0.49018, 0.49018, 0.50982
51.8295, -0.0332257, -0.119438, 0.490154, 0.490155, 0.509845
51.8409, -0.023951, -0.112429, 0.490123, 0.490123, 0.509877
51.8523, -0.0152564, -0.10542, 0.490085, 0.490085, 0.509915
51.8636, -0.0070658, -0.0984105, 0.49004, 0.490041, 0.509959
51.875, 0.000682148, -0.0914012, 0.489989, 0.48999, 0.51001
51.8864, 0.00803741, -0.0843919, 0.489931, 0.489932, 0.510068
51.8977, 0.0150414, -0.0773826, 0.489866, 0.489868, 0.510132
51.9091, 0.0217288, -0.0703733, 0.489795, 0.489796, 0.510204
51.9205, 0.0281291, -0.063364, 0.489717, 0.489718, 0.510282
51.9318, 0.0342675, -0.0563547, 0.489632, 0.489634, 0.510366
51.9432, 0.040166, -0.0493454, 0.48954, 0.489542, 0.510458
51.9545, 0.0458433, -0.0423361, 0.489442, 0.489444, 0.510556
51.9659, 0.0513163, -0.0353269, 0.489337, 0.489339, 0.510661
51.9773, 0.0565995, -0.0283176, 0.489226, 0.489228, 0.510772
51.9886, 0.0617061, -0.0213083, 0.489108, 0.489111, 0.510889
52, 0.0666476, -0.014299, 0.488984, 0.488987, 0.511013
52.0114, 0.0714346, -0.00728967, 0.488854, 0.488856, 0.511144
52.0227, 0.0760763, -0.000280372, 0.488717, 0.48872, 0.51128
52.0341, 0.0805813, 0.00672892, 0.488574, 0.488577, 0.511423
52.0455, 0.0849573, 0.0137382, 0.488425, 0.488428, 0.511572
52.0568, 0.0892112, 0.0207475, 0.48827, 0.488274, 0.511726
52.0682, 0.0933496, 0.0277568, 0.48811, 0.488113, 0.511887
52.0795, 0.0973782, 0.0347661, 0.487944, 0.487947, 0.512053
52.0909, 0.101302, 0.0417754, 0.487772, 0.487775, 0.512225
52.1023, 0.105127, 0.0487847, 0.487595, 0.487598, 0.512402
52.1136, 0.108858, 0.055794, 0.487412, 0.487416, 0.512584
52.125, 0.112497, 0.0628033, 0.487224, 0.487228, 0.512772
52.1364, 0.11605, 0.0698126, 0.487031, 0.487035, 0.512965
52.1477, 0.119521, 0.0768219, 0.486833, 0.486837, 0.513163
52.1591, 0.122911, 0.0838312, 0.48663, 0.486634, 0.513366
52.1705, 0.126226, 0.0908405, 0.486422, 0.486427, 0.513573
52.1818, 0.129467, 0.0978498, 0.48621, 0.486214, 0.513786
52.1932, 0.132638, 0.104859, 0.485993, 0.485998, 0.514002
52.2045, 0.135741, 0.111868, 0.485772, 0.485776, 0.514224
52.2159, 0.138778, 0.118878, 0.485547, 0.485551, 0.514449
52.2273, 0.141753, 0.125887, 0.485317, 0.485322, 0.514678
52.2386, 0.144667, 0.132896, 0.485083, 0.485088, 0.514912
52.25, 0.144177, 0.138223, 0.48488, 0.48488, 0.51512
52.2609, 0.121716, 0.131214, 0.484879, 0.484879, 0.515121
52.2717, 0.103422, 0.124205, 0.484878, 0.484878, 0.515122
52.2826, 0.0877798, 0.117195, 0.484874, 0.484874, 0.515126
52.2935, 0.0740082, 0.110186, 0.484867, 0.484867, 0.515133
52.3043, 0.0616439, 0.103177, 0.484856, 0.484856, 0.515144
52.3152, 0.0503862, 0.0961675, 0.484839, 0.48484, 0.51516
52.3261, 0.0400266, 0.0891582, 0.484817, 0.484818, 0.515182
52.337, 0.0304142, 0.0821489, 0.484789, 0.48479, 0.51521
52.3478, 0.0214353, 0.0751397, 0.484755, 0.484756, 0.515244
52.3587, 0.0130021, 0.0681304, 0.484715, 0.484715, 0.515285
52.3696, 0.00504472, 0.0611211, 0.484668, 0.484669, 0.515331
52.3804, -0.00249291, 0.0541118, 0.484614, 0.484615, 0.515385
52.3913, -0.00965702, 0.0471025, 0.484554, 0.484555, 0.515445
52.4022, -0.016486, 0.0400932, 0.484486, 0.484488, 0.515512
52.413, -0.0230124, 0.0330839, 0.484413, 0.484414, 0.515586
52.4239, -0.0292636, 0.0260746, 0.484332, 0.484334, 0.515666
52.4348, -0.0352634, 0.0190653, 0.484245, 0.484247, 0.515753
52.4457, -0.0410323, 0.012056, 0.484151, 0.484153, 0.515847
52.4565, -0.0465882, 0.00504669, 0.48405, 0.484052, 0.515948
52.4674, -0.051947, -0.0019626, 0.483943, 0.483945, 0.516055
52.4783, -0.0571226, -0.0089719, 0.483829, 0.483832, 0.516168
52.4891, -0.0621273, -0.0159812, 0.483709, 0.483712, 0.516288
52.5, -0.0669722, -0.0229905, 0.483583, 0.483586, 0.516414
52.5109, -0.0716673, -0.0299998, 0.48345, 0.483453, 0.516547
52.5217, -0.0762216, -0.0370091, 0.483312, 0.483314, 0.516686
52.5326, -0.0806432, -0.0440184, 0.483167, 0.48317, 0.51683
52.5435, -0.0849394, -0.0510277, 0.483016, 0.483019, 0.516981
52.5543, -0.089117, -0.058037, 0.482859, 0.482863, 0.517137
52.5652, -0.0931821, -0.0650463, 0.482697, 0.4827, 0.5173
52.5761, -0.0971404, -0.0720556, 0.482529, 0.482532, 0.517468
52.587, -0.100997, -0.0790649, 0.482355, 0.482359, 0.517641
52.5978, -0.104757, -0.0860742, 0.482176, 0.48218, 0.51782
52.6087, -0.108424, -0.0930834, 0.481992, 0.481996, 0.518004
52.6196, -0.112003, -0.100093, 0.481802, 0.481806, 0.518194
52.6304, -0.115498, -0.107102, 0.481608, 0.481612, 0.518388
52.6413, -0.118912, -0.114111, 0.481408, 0.481412, 0.518588
52.6522, -0.122248, -0.121121, 0.481204, 0.481208, 0.518792
52.663, -0.125509, -0.12813, 0.480995, 0.480999, 0.519001
52.6739, -0.128699, -0.135139, 0.480781, 0.480785, 0.519215
52.6848, -0.13182, -0.142149, 0.480563, 0.480567, 0.519433
52.6957, -0.134875, -0.149158, 0.48034, 0.480345, 0.519655
52.7065, -0.137866, -0.156167, 0.480114, 0.480118, 0.519882
52.7174, -0.140795, -0.163176, 0.479883, 0.479888, 0.520112
52.7283, -0.143664, -0.170186, 0.479648, 0.479653, 0.520347
52.7391, -0.146399, -0.177195, 0.479409, 0.479414, 0.520586
52.75, -0.130611, -0.174391, 0.479342, 0.479342, 0.520658
52.7609, -0.110948, -0.167382, 0.479341, 0.479341, 0.520659
52.7717, -0.0944301, -0.160373, 0.479338, 0.479338, 0.520662
52.7826, -0.0800473, -0.153363, 0.479333, 0.479333, 0.520667
52.7935, -0.0672319, -0.146354, 0.479323, 0.479324, 0.520676
52.8043, -0.0556277, -0.139345, 0.479309, 0.479309, 0.520691
52.8152, -0.0449947, -0.132336, 0.479289, 0.47929, 0.52071
52.8261, -0.0351616, -0.125326, 0.479264, 0.479264, 0.520736
52.837, -0.0260015, -0.118317, 0.479232, 0.479233, 0.520767
52.8478, -0.0174173, -0.111308, 0.479195, 0.479195, 0.520805
52.8587, -0.00933305, -0.104298, 0.47915, 0.479151, 0.520849
52.8696, -0.00168754, -0.097289, 0.4791, 0.479101, 0.520899
52.8804, 0.00556894, -0.0902797, 0.479042, 0.479043, 0.520957
52.8913, 0.0124776, -0.0832704, 0.478978, 0.478979, 0.521021
52.9022, 0.0190729, -0.0762611, 0.478907, 0.478909, 0.521091
52.913, 0.0253841, -0.0692518, 0.47883, 0.478831, 0.521169
52.9239, 0.0314364, -0.0622425, 0.478745, 0.478747, 0.521253
52.9348, 0.0372513, -0.0552333, 0.478654, 0.478656, 0.521344
52.9457, 0.0428477, -0.048224, 0.478557, 0.478559, 0.521441
52.9565, 0.0482421, -0.0412147, 0.478453, 0.478455, 0.521545
52.9674, 0.0534491, -0.0342054, 0.478342, 0.478344, 0.521656
52.9783, 0.0584815, -0.0271961, 0.478225, 0.478227, 0.521773
52.9891, 0.063351, -0.0201868, 0.478102, 0.478104, 0.521896
53, 0.0680678, -0.0131775, 0.477972, 0.477975, 0.522025
53.0109, 0.0726412, -0.00616818, 0.477836, 0.477839, 0.522161
53.0217, 0.0770797, 0.000841115, 0.477694, 0.477697, 0.522303
53.0326, 0.0813908, 0.00785041, 0.477546, 0.477549, 0.522451
53.0435, 0.0855815, 0.0148597, 0.477393, 0.477396, 0.522604
53.0543, 0.0896582, 0.021869, 0.477233, 0.477236, 0.522764
53.0652, 0.0936265, 0.0288783, 0.477068, 0.477071, 0.522929
53.0761, 0.097492, 0.0358876, 0.476897, 0.476901, 0.523099
53.087, 0.101259, 0.0428969, 0.476721, 0.476725, 0.523275
53.0978, 0.104933, 0.0499062, 0.476539, 0.476543, 0.523457
53.1087, 0.108518, 0.0569155, 0.476353, 0.476356, 0.523644
53.1196, 0.112017, 0.0639248, 0.476161, 0.476165, 0.523835
53.1304, 0.115435, 0.0709341, 0.475964, 0.475968, 0.524032
53.1413, 0.118774, 0.0779434, 0.475762, 0.475766, 0.524234
53.1522, 0.122038, 0.0849527, 0.475556, 0.47556, 0.52444
53.163, 0.12523, 0.091962, 0.475345, 0.475349, 0.524651
53.1739, 0.128353, 0.0989713, 0.475129, 0.475133, 0.524867
53.1848, 0.131408, 0.105981, 0.474909, 0.474914, 0.525086
53.1957, 0.134399, 0.11299, 0.474685, 0.474689, 0.525311
53.2065, 0.137328, 0.119999, 0.474457, 0.474461, 0.525539
53.2174, 0.140197, 0.127008, 0.474224, 0.474229, 0.525771
53.2283, 0.143008, 0.134018, 0.473988, 0.473993, 0.526007
53.2391, 0.145764, 0.141027, 0.473748, 0.473753, 0.526247
53.25, 0.135593, 0.141307, 0.473627, 0.473627, 0.526373
53.2606, 0.115149, 0.134298, 0.473627, 0.473627, 0.526373
53.2713, 0.0981699, 0.127289, 0.473625, 0.473625, 0.526375
53.2819, 0.0834851, 0.12028, 0.47362, 0.47362, 0.52638
53.2926, 0.0704599, 0.11327, 0.473611, 0.473612, 0.526388
53.3032, 0.0587043, 0.106261, 0.473598, 0.473598, 0.526402
53.3138, 0.047959, 0.0992516, 0.47358, 0.47358, 0.52642
53.3245, 0.0380412, 0.0922423, 0.473556, 0.473556, 0.526444
53.3351, 0.0288167, 0.085233, 0.473525, 0.473526, 0.526474
53.3457, 0.0201832, 0.0782237, 0.473489, 0.47349, 0.52651
53.3564, 0.0120612, 0.0712144, 0.473446, 0.473447, 0.526553
53.367, 0.00438696, 0.0642051, 0.473397, 0.473398, 0.526602
53.3777, -0.00289104, 0.0571959, 0.473341, 0.473342, 0.526658
53.3883, -0.00981545, 0.0501866, 0.473279, 0.47328, 0.52672
53.3989, -0.0164219, 0.0431773, 0.473209, 0.473211, 0.526789
53.4096, -0.0227404, 0.036168, 0.473133, 0.473135, 0.526865
53.4202, -0.0287968, 0.0291587, 0.473051, 0.473052, 0.526948
53.4309, -0.0346132, 0.0221494, 0.472961, 0.472963, 0.527037
53.4415, -0.0402089, 0.0151401, 0.472866, 0.472868, 0.527132
53.4521, -0.0456008, 0.00813078, 0.472763, 0.472765, 0.527235
53.4628, -0.0508038, 0.00112149, 0.472654, 0.472656, 0.527344
53.4734, -0.0558309, -0.00588781, 0.472539, 0.472541, 0.527459
53.484, -0.0606939, -0.0128971, 0.472417, 0.472419, 0.527581
53.4947, -0.0654034, -0.0199064, 0.472289, 0.472292, 0.527708
53.5053, -0.0699687, -0.0269157, 0.472155, 0.472158, 0.527842
53.516, -0.0743984, -0.033925, 0.472015, 0.472017, 0.527983
53.5266, -0.0787001, -0.0409343, 0.471868, 0.471871, 0.528129
53.5372, -0.082881, -0.0479436, 0.471716, 0.471719, 0.528281
53.5479, -0.0869474, -0.0549529, 0.471558, 0.471562, 0.528438
53.5585, -0.0909052, -0.0619622, 0.471395, 0.471398, 0.528602
53.5691, -0.0947598, -0.0689715, 0.471226, 0.471229, 0.528771
53.5798, -0.0985162, -0.0759808, 0.471051, 0.471055, 0.528945
53.5904, -0.102179, -0.0829901, 0.470871, 0.470875, 0.529125
53.6011, -0.105752, -0.0899994, 0.470686, 0.47069, 0.52931
53.6117, -0.10924, -0.0970087, 0.470496, 0.4705, 0.5295
53.6223, -0.112646, -0.104018, 0.4703, 0.470304, 0.529696
53.633, -0.115974, -0.111027, 0.4701, 0.470104, 0.529896
53.6436, -0.119226, -0.118037, 0.469895, 0.469899, 0.530101
53.6543, -0.122406, -0.125046, 0.469686, 0.46969, 0.53031
53.6649, -0.125517, -0.132055, 0.469472, 0.469476, 0.530524
53.6755, -0.128561, -0.139064, 0.469253, 0.469258, 0.530742
53.6862, -0.13154, -0.146074, 0.469031, 0.469035, 0.530965
53.6968, -0.134457, -0.153083, 0.468804, 0.468808, 0.531192
53.7074, -0.137315, -0.160092, 0.468573, 0.468578, 0.531422
53.7181, -0.140114, -0.167102, 0.468338, 0.468343, 0.531657
53.7287, -0.142858, -0.174111, 0.4681, 0.468104, 0.531896
53.7394, -0.145508, -0.18112, 0.467857, 0.467862, 0.532138
53.75, -0.1389, -0.183363, 0.4677, 0.4677, 0.5323
53.7604, -0.118054, -0.176354, 0.4677, 0.4677, 0.5323
53.7708, -0.100865, -0.169345, 0.467698, 0.467698, 0.532302
53.7812, -0.0860603, -0.162335, 0.467694, 0.467694, 0.532306
53.7917, -0.072965, -0.155326, 0.467686, 0.467686, 0.532314
53.8021, -0.0611694, -0.148317, 0.467673, 0.467673, 0.532327
53.8125, -0.0504036, -0.141307, 0.467655, 0.467656, 0.532344
53.8229, -0.0404782, -0.134298, 0.467632, 0.467632, 0.532368
53.8333, -0.0312552, -0.127289, 0.467602, 0.467603, 0.532397
53.8438, -0.0226297, -0.12028, 0.467567, 0.467568, 0.532432
53.8542, -0.0145202, -0.11327, 0.467525, 0.467526, 0.532474
53.8646, -0.00686206, -0.106261, 0.467477, 0.467478, 0.532522
53.875, 0.000397356, -0.0992516, 0.467422, 0.467423, 0.532577
53.8854, 0.0073013, -0.0922423, 0.46736, 0.467361, 0.532639
53.8958, 0.0138859, -0.085233, 0.467292, 0.467293, 0.532707
53.9062, 0.0201815, -0.0782237, 0.467217, 0.467218, 0.532782
53.9167, 0.0262144, -0.0712144, 0.467135, 0.467137, 0.532863
53.9271, 0.0320067, -0.0642051, 0.467047, 0.467048, 0.532952
53.9375, 0.037578, -0.0571959, 0.466952, 0.466954, 0.533046
53.9479, 0.0429453, -0.0501866, 0.46685, 0.466852, 0.533148
53.9583, 0.0481236, -0.0431773, 0.466742, 0.466744, 0.533256
53.9688, 0.053126, -0.036168, 0.466628, 0.46663, 0.53337
53.9792, 0.0579644, -0.0291587, 0.466507, 0.46651, 0.53349
53.9896, 0.0626493, -0.0221494, 0.46638, 0.466383, 0.533617
54, 0.0671903, -0.0151401, 0.466247, 0.46625, 0.53375
54.0104, 0.0715958, -0.00813078, 0.466108, 0.466111, 0.533889
54.0208, 0.0758736, -0.00112149, 0.465963, 0.465966, 0.534034
54.0312, 0.0800308, 0.00588781, 0.465812, 0.465815, 0.534185
54.0417, 0.0840738, 0.0128971, 0.465655, 0.465658, 0.534342
54.0521, 0.0880084, 0.0199064, 0.465493, 0.465496, 0.534504
54.0625, 0.0918402, 0.0269157, 0.465325, 0.465328, 0.534672
54.0729, 0.095574, 0.033925, 0.465151, 0.465155, 0.534845
54.0833, 0.0992144, 0.0409343, 0.464973, 0.464976, 0.535024
54.0938, 0.102766, 0.0479436, 0.464789, 0.464792, 0.535208
54.1042, 0.106232, 0.0549529, 0.464599, 0.464603, 0.535397
54.1146, 0.109616, 0.0619622, 0.464405, 0.464409, 0.535591
54.125, 0.112923, 0.0689715, 0.464206, 0.46421, 0.53579
54.1354, 0.116155, 0.0759808, 0.464003, 0.464007, 0.535993
54.1458, 0.119314, 0.0829901, 0.463794, 0.463798, 0.536202
54.1562, 0.122405, 0.0899994, 0.463581, 0.463586, 0.536414
54.1667, 0.125429, 0.0970087, 0.463364, 0.463368, 0.536632
54.1771, 0.128388, 0.104018, 0.463142, 0.463147, 0.536853
54.1875, 0.131286, 0.111027, 0.462917, 0.462921, 0.537079
54.1979, 0.134125, 0.118037, 0.462687, 0.462692, 0.537308
54.2083, 0.136906, 0.125046, 0.462453, 0.462458, 0.537542
54.2188, 0.139631, 0.132055, 0.462216, 0.462221, 0.537779
54.2292, 0.142302, 0.139064, 0.461975, 0.46198, 0.53802
54.2396, 0.144922, 0.146074, 0.461731, 0.461736, 0.538264
54.25, 0.144252, 0.151401, 0.461518, 0.461518, 0.538482
54.26, 0.122468, 0.144391, 0.461518, 0.461518, 0.538482
54.27, 0.104751, 0.137382, 0.461516, 0.461516, 0.538484
54.28, 0.0896145, 0.130373, 0.461513, 0.461513, 0.538487
54.29, 0.076295, 0.123364, 0.461505, 0.461506, 0.538494
54.3, 0.0643414, 0.116354, 0.461494, 0.461494, 0.538506
54.31, 0.0534609, 0.109345, 0.461477, 0.461478, 0.538522
54.32, 0.043451, 0.102336, 0.461455, 0.461456, 0.538544
54.33, 0.0341649, 0.0953264, 0.461427, 0.461428, 0.538572
54.34, 0.0254924, 0.0883171, 0.461393, 0.461394, 0.538606
54.35, 0.0173481, 0.0813078, 0.461353, 0.461353, 0.538647
54.36, 0.0096645, 0.0742985, 0.461306, 0.461307, 0.538693
54.37, 0.00238693, 0.0672892, 0.461252, 0.461253, 0.538747
54.38, -0.0045293, 0.0602799, 0.461192, 0.461193, 0.538807
54.39, -0.0111215, 0.0532706, 0.461125, 0.461127, 0.538873
54.4, -0.0174209, 0.0462614, 0.461052, 0.461053, 0.538947
54.41, -0.0234544, 0.0392521, 0.460972, 0.460973, 0.539027
54.42, -0.0292448, 0.0322428, 0.460885, 0.460887, 0.539113
54.43, -0.0348121, 0.0252335, 0.460792, 0.460794, 0.539206
54.44, -0.0401736, 0.0182242, 0.460692, 0.460694, 0.539306
54.45, -0.0453446, 0.0112149, 0.460586, 0.460588, 0.539412
54.46, -0.0503386, 0.00420558, 0.460473, 0.460475, 0.539525
54.47, -0.0551675, -0.00280372, 0.460354, 0.460356, 0.539644
54.48, -0.0598421, -0.00981301, 0.460229, 0.460231, 0.539769
54.49, -0.064372, -0.0168223, 0.460097, 0.4601, 0.5399
54.5, -0.0687659, -0.0238316, 0.45996, 0.459962, 0.540038
54.51, -0.0730316, -0.0308409, 0.459816, 0.459819, 0.540181
54.52, -0.0771763, -0.0378502, 0.459667, 0.45967, 0.54033
54.53, -0.0812064, -0.0448595, 0.459512, 0.459515, 0.540485
54.54, -0.0851279, -0.0518688, 0.459351, 0.459354, 0.540646
54.55, -0.0889464, -0.0588781, 0.459184, 0.459188, 0.540812
54.56, -0.0926667, -0.0658874, 0.459012, 0.459016, 0.540984
54.57, -0.0962935, -0.0728967, 0.458835, 0.458839, 0.541161
54.58, -0.0998311, -0.079906, 0.458653, 0.458656, 0.541344
54.59, -0.103284, -0.0869153, 0.458465, 0.458469, 0.541531
54.6, -0.106654, -0.0939246, 0.458273, 0.458276, 0.541724
54.61, -0.109947, -0.100934, 0.458075, 0.458079, 0.541921
54.62, -0.113165, -0.107943, 0.457873, 0.457877, 0.542123
54.63, -0.116311, -0.114952, 0.457666, 0.45767, 0.54233
54.64, -0.119387, -0.121962, 0.457454, 0.457459, 0.542541
54.65, -0.122398, -0.128971, 0.457238, 0.457243, 0.542757
54.66, -0.125344, -0.13598, 0.457018, 0.457023, 0.542977
54.67, -0.128228, -0.14299, 0.456794, 0.456799, 0.543201
54.68, -0.131053, -0.149999, 0.456566, 0.45657, 0.54343
54.69, -0.133821, -0.157008, 0.456333, 0.456338, 0.543662
54.7, -0.136533, -0.164018, 0.456097, 0.456102, 0.543898
54.71, -0.139191, -0.171027, 0.455858, 0.455862, 0.544138
54.72, -0.141798, -0.178036, 0.455614, 0.455619, 0.544381
54.73, -0.144354, -0.185045, 0.455368, 0.455373, 0.544627
54.74, -0.146722, -0.192055, 0.455117, 0.455122, 0.544878
54.75, -0.129023, -0.187849, 0.455072, 0.455072, 0.544928
54.76, -0.110373, -0.18084, 0.455071, 0.455071, 0.544929
54.77, -0.0946504, -0.173831, 0.455068, 0.455068, 0.544932
54.78, -0.0809311, -0.166821, 0.455062, 0.455062, 0.544938
54.79, -0.0686898, -0.159812, 0.455052, 0.455052, 0.544948
54.8, -0.0575946, -0.152803, 0.455037, 0.455037, 0.544963
54.81, -0.0474204, -0.145793, 0.455017, 0.455017, 0.544983
54.82, -0.0380062, -0.138784, 0.454991, 0.454991, 0.545009
54.83, -0.0292324, -0.131775, 0.454959, 0.454959, 0.545041
54.84, -0.0210072, -0.124765, 0.45492, 0.454921, 0.545079
54.85, -0.0132586, -0.117756, 0.454875, 0.454876, 0.545124
54.86, -0.00592865, -0.110747, 0.454824, 0.454825, 0.545175
54.87, 0.00102984, -0.103738, 0.454766, 0.454768, 0.545232
54.88, 0.00765605, -0.0967283, 0.454702, 0.454703, 0.545297
54.89, 0.0139828, -0.089719, 0.454631, 0.454632, 0.545368
54.9, 0.0200379, -0.0827097, 0.454553, 0.454555, 0.545445
54.91, 0.0258454, -0.0757004, 0.454469, 0.45447, 0.54553
54.92, 0.0314257, -0.0686911, 0.454378, 0.454379, 0.545621
54.93, 0.036797, -0.0616818, 0.45428, 0.454282, 0.545718
54.94, 0.0419748, -0.0546725, 0.454176, 0.454178, 0.545822
54.95, 0.0469732, -0.0476632, 0.454066, 0.454068, 0.545932
54.96, 0.0518045, -0.0406539, 0.453949, 0.453951, 0.546049
54.97, 0.0564796, -0.0336446, 0.453826, 0.453829, 0.546171
54.98, 0.0610085, -0.0266353, 0.453697, 0.4537, 0.5463
54.99, 0.0654001, -0.019626, 0.453562, 0.453565, 0.546435
55, 0.0696622, -0.0126167, 0.453421, 0.453424, 0.546576
55.01, 0.0738024, -0.00560744, 0.453274, 0.453277, 0.546723
55.02, 0.0778271, 0.00140186, 0.453121, 0.453124, 0.546876
55.03, 0.0817424, 0.00841115, 0.452962, 0.452966, 0.547034
55.04, 0.085554, 0.0154205, 0.452798, 0.452802, 0.547198
55.05, 0.0892668, 0.0224297, 0.452629, 0.452632, 0.547368
55.06, 0.0928857, 0.029439, 0.452454, 0.452457, 0.547543
55.07, 0.0964149, 0.0364483, 0.452273, 0.452277, 0.547723
55.08, 0.0998585, 0.0434576, 0.452088, 0.452092, 0.547908
55.09, 0.10322, 0.0504669, 0.451898, 0.451902, 0.548098
55.1, 0.106504, 0.0574762, 0.451703, 0.451707, 0.548293
55.11, 0.109712, 0.0644855, 0.451502, 0.451507, 0.548493
55.12, 0.112848, 0.0714948, 0.451298, 0.451302, 0.548698
55.13, 0.115914, 0.0785041, 0.451088, 0.451093, 0.548907
55.14, 0.118914, 0.0855134, 0.450875, 0.450879, 0.549121
55.15, 0.12185, 0.0925227, 0.450657, 0.450661, 0.549339
55.16, 0.124724, 0.099532, 0.450435, 0.450439, 0.549561
55.17, 0.127539, 0.106541, 0.450208, 0.450213, 0.549787
55.18, 0.130296, 0.113551, 0.449978, 0.449983, 0.550017
55.19, 0.132997, 0.12056, 0.449744, 0.449749, 0.550251
55.2, 0.135645, 0.127569, 0.449506, 0.449511, 0.550489
55.21, 0.138241, 0.134578, 0.449265, 0.44927, 0.55073
55.22, 0.140786, 0.141588, 0.44902, 0.449025, 0.550975
55.23, 0.143229, 0.148597, 0.448772, 0.448777, 0.551223
55.24, 0.145524, 0.155606, 0.44852, 0.448525, 0.551475
55.25, 0.140454, 0.15869, 0.448342, 0.448342, 0.551658
55.2596, 0.119796, 0.151681, 0.448342, 0.448342, 0.551658
55.2692, 0.102854, 0.144672, 0.44834, 0.44834, 0.55166
55.2788, 0.0883088, 0.137663, 0.448336, 0.448336, 0.551664
55.2885, 0.0754699, 0.130653, 0.448328, 0.448328, 0.551672
55.2981, 0.0639225, 0.123644, 0.448316, 0.448316, 0.551684
55.3077, 0.0533949, 0.116635, 0.448298, 0.448299, 0.551701
55.3173, 0.0436979, 0.109625, 0.448275, 0.448276, 0.551724
55.3269, 0.0346934, 0.102616, 0.448246, 0.448247, 0.551753
55.3365, 0.0262772, 0.0956068, 0.448211, 0.448212, 0.551788
55.3462, 0.0183684, 0.0885975, 0.44817, 0.448171, 0.551829
55.3558, 0.0109029, 0.0815882, 0.448122, 0.448123, 0.551877
55.3654, 0.00382858, 0.0745789, 0.448068, 0.448069, 0.551931
55.375, -0.00289721, 0.0675696, 0.448007, 0.448008, 0.551992
55.3846, -0.00931012, 0.0605603, 0.447939, 0.447941, 0.552059
55.3942, -0.0154402, 0.053551, 0.447865, 0.447867, 0.552133
55.4038, -0.0213131, 0.0465417, 0.447784, 0.447786, 0.552214
55.4135, -0.0269508, 0.0395324, 0.447697, 0.447699, 0.552301
55.4231, -0.0323724, 0.0325231, 0.447603, 0.447605, 0.552395
55.4327, -0.0375947, 0.0255138, 0.447503, 0.447505, 0.552495
55.4423, -0.0426323, 0.0185045, 0.447396, 0.447398, 0.552602
55.4519, -0.0474983, 0.0114952, 0.447283, 0.447285, 0.552715
55.4615, -0.0522042, 0.00448595, 0.447163, 0.447166, 0.552834
55.4712, -0.0567603, -0.00252335, 0.447038, 0.44704, 0.55296
55.4808, -0.061176, -0.00953264, 0.446906, 0.446909, 0.553091
55.4904, -0.0654596, -0.0165419, 0.446768, 0.446771, 0.553229
55.5, -0.0696187, -0.0235512, 0.446625, 0.446628, 0.553372
55.5096, -0.0736602, -0.0305605, 0.446475, 0.446478, 0.553522
55.5192, -0.0775904, -0.0375698, 0.44632, 0.446323, 0.553677
55.5288, -0.081415, -0.0445791, 0.446159, 0.446163, 0.553837
55.5385, -0.0851394, -0.0515884, 0.445993, 0.445997, 0.554003
55.5481, -0.0887684, -0.0585977, 0.445821, 0.445825, 0.554175
55.5577, -0.0923064, -0.065607, 0.445644, 0.445648, 0.554352
55.5673, -0.0957577, -0.0726163, 0.445462, 0.445466, 0.554534
55.5769, -0.099126, -0.0796256, 0.445275, 0.445279, 0.554721
55.5865, -0.102415, -0.0866349, 0.445083, 0.445087, 0.554913
55.5962, -0.105628, -0.0936442, 0.444886, 0.44489, 0.55511
55.6058, -0.108768, -0.100653, 0.444684, 0.444688, 0.555312
55.6154, -0.111838, -0.107663, 0.444478, 0.444482, 0.555518
55.625, -0.114841, -0.114672, 0.444267, 0.444271, 0.555729
55.6346, -0.117778, -0.121681, 0.444051, 0.444056, 0.555944
55.6442, -0.120654, -0.128691, 0.443832, 0.443836, 0.556164
55.6538, -0.123469, -0.1357, 0.443608, 0.443613, 0.556387
55.6635, -0.126227, -0.142709, 0.443381, 0.443385, 0.556615
55.6731, -0.128928, -0.149719, 0.443149, 0.443154, 0.556846
55.6827, -0.131576, -0.156728, 0.442914, 0.442919, 0.557081
55.6923, -0.134171, -0.163737, 0.442675, 0.44268, 0.55732
55.7019, -0.136715, -0.170746, 0.442433, 0.442438, 0.557562
55.7115, -0.139211, -0.177756, 0.442187, 0.442192, 0.557808
55.7212, -0.141531, -0.184765, 0.441938, 0.441943, 0.558057
55.7308, -0.143778, -0.191774, 0.441685, 0.44169, 0.55831
55.7404, -0.145981, -0.198784, 0.441429, 0.441435, 0.558565
55.75, -0.136452, -0.199344, 0.441295, 0.441295, 0.558705
55.7594, -0.116785, -0.192335, 0.441295, 0.441295, 0.558705
55.7689, -0.1005, -0.185326, 0.441293, 0.441293, 0.558707
55.7783, -0.086441, -0.178316, 0.441288, 0.441288, 0.558712
55.7877, -0.0739863, -0.171307, 0.441279, 0.44128, 0.55872
55.7972, -0.0627561, -0.164298, 0.441266, 0.441267, 0.558733
55.8066, -0.0524983, -0.157289, 0.441248, 0.441248, 0.558752
55.816, -0.043036, -0.150279, 0.441224, 0.441224, 0.558776
55.8255, -0.0342391, -0.14327, 0.441194, 0.441194, 0.558806
55.8349, -0.0260091, -0.136261, 0.441158, 0.441158, 0.558842
55.8443, -0.0182693, -0.129251, 0.441115, 0.441116, 0.558884
55.8538, -0.0109582, -0.122242, 0.441066, 0.441067, 0.558933
55.8632, -0.00402636, -0.115233, 0.441011, 0.441012, 0.558988
55.8726, 0.00256729, -0.108224, 0.440949, 0.44095, 0.55905
55.8821, 0.00885694, -0.101214, 0.44088, 0.440882, 0.559118
55.8915, 0.0148715, -0.0942049, 0.440805, 0.440807, 0.559193
55.9009, 0.0206357, -0.0871956, 0.440723, 0.440725, 0.559275
55.9104, 0.0261707, -0.0801863, 0.440635, 0.440637, 0.559363
55.9198, 0.0314951, -0.073177, 0.44054, 0.440542, 0.559458
55.9292, 0.036625, -0.0661678, 0.440439, 0.440441, 0.559559
55.9387, 0.0415746, -0.0591585, 0.440331, 0.440334, 0.559666
55.9481, 0.0463565, -0.0521492, 0.440218, 0.44022, 0.55978
55.9575, 0.0509819, -0.0451399, 0.440097, 0.4401, 0.5599
55.967, 0.055461, -0.0381306, 0.439971, 0.439974, 0.560026
55.9764, 0.0598027, -0.0311213, 0.439839, 0.439841, 0.560159
55.9858, 0.0640151, -0.024112, 0.4397, 0.439703, 0.560297
55.9953, 0.0681056, -0.0171027, 0.439556, 0.439559, 0.560441
56.0047, 0.072081, -0.0100934, 0.439406, 0.439409, 0.560591
56.0142, 0.0759474, -0.00308409, 0.439251, 0.439254, 0.560746
56.0236, 0.0797103, 0.00392521, 0.439089, 0.439093, 0.560907
56.033, 0.083375, 0.0109345, 0.438923, 0.438926, 0.561074
56.0425, 0.0869461, 0.0179438, 0.438751, 0.438754, 0.561246
56.0519, 0.0904281, 0.0249531, 0.438573, 0.438577, 0.561423
56.0613, 0.093825, 0.0319624, 0.438391, 0.438395, 0.561605
56.0708, 0.0971405, 0.0389717, 0.438203, 0.438207, 0.561793
56.0802, 0.100378, 0.045981, 0.438011, 0.438015, 0.561985
56.0896, 0.103541, 0.0529903, 0.437814, 0.437818, 0.562182
56.0991, 0.106633, 0.0599996, 0.437612, 0.437616, 0.562384
56.1085, 0.109655, 0.0670089, 0.437405, 0.43741, 0.56259
56.1179, 0.112612, 0.0740182, 0.437195, 0.437199, 0.562801
56.1274, 0.115505, 0.0810275, 0.436979, 0.436984, 0.563016
56.1368, 0.118337, 0.0880368, 0.43676, 0.436764, 0.563236
56.1462, 0.121109, 0.0950461, 0.436536, 0.436541, 0.563459
56.1557, 0.123825, 0.102055, 0.436309, 0.436314, 0.563686
56.1651, 0.126486, 0.109065, 0.436078, 0.436082, 0.563918
56.1745, 0.129093, 0.116074, 0.435843, 0.435847, 0.564153
56.184, 0.131649, 0.123083, 0.435604, 0.435609, 0.564391
56.1934, 0.134156, 0.130093, 0.435362, 0.435367, 0.564633
56.2028, 0.136613, 0.137102, 0.435117, 0.435122, 0.564878
56.2123, 0.13887, 0.144111, 0.434867, 0.434872, 0.565128
56.2217, 0.141081, 0.15112, 0.434615, 0.43462, 0.56538
56.2311, 0.143249, 0.15813, 0.43436, 0.434365, 0.565635
56.2406, 0.145374, 0.165139, 0.434102, 0.434107, 0.565893
56.25, 0.143851, 0.170186, 0.433884, 0.433884, 0.566116
56.2591, 0.122863, 0.163176, 0.433883, 0.433883, 0.566117
56.2682, 0.105828, 0.156167, 0.433882, 0.433882, 0.566118
56.2773, 0.0912905, 0.149158, 0.433878, 0.433878, 0.566122
56.2864, 0.0785073, 0.142149, 0.433871, 0.433871, 0.566129
56.2955, 0.0670413, 0.135139, 0.433859, 0.433859, 0.566141
56.3045, 0.056609, 0.12813, 0.433842, 0.433843, 0.566157
56.3136, 0.0470147, 0.121121, 0.43382, 0.433821, 0.566179
56.3227, 0.0381168, 0.114111, 0.433792, 0.433793, 0.566207
56.3318, 0.0298087, 0.107102, 0.433758, 0.433759, 0.566241
56.3409, 0.0220082, 0.100093, 0.433718, 0.433718, 0.566282
56.35, 0.0146502, 0.0930834, 0.433671, 0.433672, 0.566328
56.3591, 0.00768206, 0.0860742, 0.433618, 0.433619, 0.566381
56.3682, 0.00106077, 0.0790649, 0.433558, 0.433559, 0.566441
56.3773, -0.00524953, 0.0720556, 0.433491, 0.433493, 0.566507
56.3864, -0.011279, 0.0650463, 0.433418, 0.43342, 0.56658
56.3955, -0.0170534, 0.058037, 0.433339, 0.433341, 0.566659
56.4045, -0.0225948, 0.0510277, 0.433253, 0.433255, 0.566745
56.4136, -0.0279222, 0.0440184, 0.43316, 0.433162, 0.566838
56.4227, -0.0330524, 0.0370091, 0.433062, 0.433064, 0.566936
56.4318, -0.038, 0.0299998, 0.432956, 0.432958, 0.567042
56.4409, -0.042778, 0.0229905, 0.432845, 0.432847, 0.567153
56.45, -0.0473978, 0.0159812, 0.432727, 0.432729, 0.567271
56.4591, -0.0518699, 0.0089719, 0.432603, 0.432605, 0.567395
56.4682, -0.0562033, 0.0019626, 0.432473, 0.432475, 0.567525
56.4773, -0.0604065, -0.00504669, 0.432337, 0.432339, 0.567661
56.4864, -0.0644869, -0.012056, 0.432195, 0.432198, 0.567802
56.4955, -0.0684514, -0.0190653, 0.432047, 0.43205, 0.56795
56.5045, -0.0723063, -0.0260746, 0.431893, 0.431897, 0.568103
56.5136, -0.0760572, -0.0330839, 0.431734, 0.431738, 0.568262
56.5227, -0.0797094, -0.0400932, 0.43157, 0.431573, 0.568427
56.5318, -0.0832677, -0.0471025, 0.4314, 0.431404, 0.568596
56.5409, -0.0867365, -0.0541118, 0.431225, 0.431229, 0.568771
56.55, -0.09012, -0.0611211, 0.431045, 0.431048, 0.568952
56.5591, -0.0934218, -0.0681304, 0.430859, 0.430863, 0.569137
56.5682, -0.0966457, -0.0751397, 0.430669, 0.430673, 0.569327
56.5773, -0.0997947, -0.0821489, 0.430474, 0.430478, 0.569522
56.5864, -0.102872, -0.0891582, 0.430274, 0.430278, 0.569722
56.5955, -0.105881, -0.0961675, 0.43007, 0.430074, 0.569926
56.6045, -0.108823, -0.103177, 0.429861, 0.429865, 0.570135
56.6136, -0.111702, -0.110186, 0.429647, 0.429652, 0.570348
56.6227, -0.114519, -0.117195, 0.42943, 0.429434, 0.570566
56.6318, -0.117278, -0.124205, 0.429208, 0.429213, 0.570787
56.6409, -0.119979, -0.131214, 0.428983, 0.428987, 0.571013
56.65, -0.122626, -0.138223, 0.428753, 0.428758, 0.571242
56.6591, -0.125219, -0.145233, 0.42852, 0.428525, 0.571475
56.6682, -0.127761, -0.152242, 0.428283, 0.428288, 0.571712
56.6773, -0.130254, -0.159251, 0.428043, 0.428048, 0.571952
56.6864, -0.132698, -0.16626, 0.427799, 0.427804, 0.572196
56.6955, -0.13499, -0.17327, 0.427552, 0.427557, 0.572443
56.7045, -0.137187, -0.180279, 0.427301, 0.427306, 0.572694
56.7136, -0.139342, -0.187288, 0.427047, 0.427053, 0.572947
56.7227, -0.141453, -0.194298, 0.426791, 0.426796, 0.573204
56.7318, -0.143524, -0.201307, 0.426532, 0.426537, 0.573463
56.7409, -0.145554, -0.208316, 0.42627, 0.426276, 0.573724
56.75, -0.142461, -0.212522, 0.426065, 0.426065, 0.573935
56.7588, -0.121973, -0.205513, 0.426064, 0.426064, 0.573936
56.7675, -0.105297, -0.198503, 0.426063, 0.426063, 0.573937
56.7763, -0.091041, -0.191494, 0.426059, 0.426059, 0.573941
56.7851, -0.0784924, -0.184485, 0.426051, 0.426051, 0.573949
56.7939, -0.0672286, -0.177475, 0.426039, 0.42604, 0.57396
56.8026, -0.0569748, -0.170466, 0.426022, 0.426023, 0.573977
56.8114, -0.047541, -0.163457, 0.426, 0.426, 0.574
56.8202, -0.038789, -0.156447, 0.425971, 0.425972, 0.574028
56.8289, -0.0306151, -0.149438, 0.425937, 0.425938, 0.574062
56.8377, -0.022939, -0.142429, 0.425896, 0.425897, 0.574103
56.8465, -0.015697, -0.13542, 0.425849, 0.42585, 0.57415
56.8553, -0.00883769, -0.12841, 0.425796, 0.425797, 0.574203
56.864, -0.00231897, -0.121401, 0.425736, 0.425737, 0.574263
56.8728, 0.00389429, -0.114392, 0.425669, 0.425671, 0.574329
56.8816, 0.00983168, -0.107382, 0.425596, 0.425598, 0.574402
56.8904, 0.0155184, -0.100373, 0.425516, 0.425518, 0.574482
56.8991, 0.020976, -0.0933638, 0.42543, 0.425432, 0.574568
56.9079, 0.0262233, -0.0863545, 0.425338, 0.42534, 0.57466
56.9167, 0.0312766, -0.0793452, 0.425239, 0.425241, 0.574759
56.9254, 0.0361504, -0.0723359, 0.425133, 0.425135, 0.574865
56.9342, 0.0408573, -0.0653266, 0.425022, 0.425024, 0.574976
56.943, 0.0454087, -0.0583173, 0.424904, 0.424906, 0.575094
56.9518, 0.0498146, -0.051308, 0.42478, 0.424782, 0.575218
56.9605, 0.0540842, -0.0442987, 0.42465, 0.424652, 0.575348
56.9693, 0.0582256, -0.0372895, 0.424514, 0.424517, 0.575483
56.9781, 0.0622462, -0.0302802, 0.424372, 0.424375, 0.575625
56.9868, 0.0661527, -0.0232709, 0.424225, 0.424228, 0.575772
56.9956, 0.0699514, -0.0162616, 0.424071, 0.424075, 0.575925
57.0044, 0.0736476, -0.00925227, 0.423913, 0.423916, 0.576084
57.0132, 0.0772467, -0.00224297, 0.423749, 0.423752, 0.576248
57.0219, 0.0807534, 0.00476632, 0.423579, 0.423582, 0.576418
57.0307, 0.084172, 0.0117756, 0.423404, 0.423408, 0.576592
57.0395, 0.0875065, 0.0187849, 0.423224, 0.423228, 0.576772
57.0482, 0.0907606, 0.0257942, 0.423039, 0.423043, 0.576957
57.057, 0.093938, 0.0328035, 0.42285, 0.422853, 0.577147
57.0658, 0.0970417, 0.0398128, 0.422655, 0.422659, 0.577341
57.0746, 0.100075, 0.0468221, 0.422456, 0.42246, 0.57754
57.0833, 0.10304, 0.0538314, 0.422252, 0.422256, 0.577744
57.0921, 0.10594, 0.0608407, 0.422043, 0.422048, 0.577952
57.1009, 0.108778, 0.06785, 0.421831, 0.421835, 0.578165
57.1096, 0.111555, 0.0748593, 0.421614, 0.421618, 0.578382
57.1184, 0.114274, 0.0818686, 0.421393, 0.421397, 0.578603
57.1272, 0.116937, 0.0888779, 0.421168, 0.421173, 0.578827
57.136, 0.119546, 0.0958872, 0.420939, 0.420944, 0.579056
57.1447, 0.122102, 0.102896, 0.420707, 0.420711, 0.579289
57.1535, 0.124608, 0.109906, 0.420471, 0.420475, 0.579525
57.1623, 0.127065, 0.116915, 0.420231, 0.420236, 0.579764
57.1711, 0.129474, 0.123924, 0.419988, 0.419993, 0.580007
57.1798, 0.131722, 0.130934, 0.419741, 0.419746, 0.580254
57.1886, 0.133887, 0.137943, 0.419492, 0.419497, 0.580503
57.1974, 0.136008, 0.144952, 0.419239, 0.419244, 0.580756
57.2061, 0.138088, 0.151962, 0.418983, 0.418989, 0.581011
57.2149, 0.140127, 0.158971, 0.418725, 0.41873, 0.58127
57.2237, 0.142126, 0.16598, 0.418465, 0.41847, 0.58153
57.2325, 0.144087, 0.172989, 0.418201, 0.418207, 0.581793
57.2412, 0.146011, 0.179999, 0.417936, 0.417941, 0.582059
57.25, 0.138034, 0.181401, 0.417782, 0.417782, 0.582218
57.2585, 0.118689, 0.174391, 0.417781, 0.417781, 0.582219
57.2669, 0.10276, 0.167382, 0.417779, 0.417779, 0.582221
57.2754, 0.0890547, 0.160373, 0.417775, 0.417775, 0.582225
57.2839, 0.0769404, 0.153363, 0.417766, 0.417766, 0.582234
57.2924, 0.0660346, 0.146354, 0.417753, 0.417753, 0.582247
57.3008, 0.0560853, 0.139345, 0.417735, 0.417736, 0.582264
57.3093, 0.0469162, 0.132336, 0.417711, 0.417712, 0.582288
57.3178, 0.0383985, 0.125326, 0.417682, 0.417683, 0.582317
57.3263, 0.0304347, 0.118317, 0.417646, 0.417647, 0.582353
57.3347, 0.0229492, 0.111308, 0.417604, 0.417605, 0.582395
57.3432, 0.0158816, 0.104298, 0.417556, 0.417557, 0.582443
57.3517, 0.0091832, 0.097289, 0.417501, 0.417503, 0.582497
57.3602, 0.00281374, 0.0902797, 0.41744, 0.417442, 0.582558
57.3686, -0.00326027, 0.0832704, 0.417373, 0.417374, 0.582626
57.3771, -0.00906713, 0.0762611, 0.417298, 0.4173, 0.5827
57.3856, -0.014631, 0.0692518, 0.417217, 0.417219, 0.582781
57.3941, -0.0199725, 0.0622425, 0.41713, 0.417132, 0.582868
57.4025, -0.0251099, 0.0552333, 0.417037, 0.417039, 0.582961
57.411, -0.0300587, 0.048224, 0.416937, 0.416939, 0.583061
57.4195, -0.0348329, 0.0412147, 0.41683, 0.416832, 0.583168
57.428, -0.0394448, 0.0342054, 0.416718, 0.41672, 0.58328
57.4364, -0.0439053, 0.0271961, 0.416599, 0.416601, 0.583399
57.4449, -0.048224, 0.0201868, 0.416474, 0.416477, 0.583523
57.4534, -0.0524099, 0.0131775, 0.416343, 0.416346, 0.583654
57.4619, -0.0564708, 0.00616818, 0.416207, 0.41621, 0.58379
57.4703, -0.0604139, -0.000841115, 0.416064, 0.416067, 0.583933
57.4788, -0.0642457, -0.00785041, 0.415916, 0.415919, 0.584081
57.4873, -0.0679722, -0.0148597, 0.415762, 0.415765, 0.584235
57.4958, -0.0715987, -0.021869, 0.415603, 0.415606, 0.584394
57.5042, -0.0751303, -0.0288783, 0.415438, 0.415442, 0.584558
57.5127, -0.0785716, -0.0358876, 0.415268, 0.415272, 0.584728
57.5212, -0.0819268, -0.0428969, 0.415093, 0.415097, 0.584903
57.5297, -0.0851998, -0.0499062, 0.414913, 0.414916, 0.585084
57.5381, -0.0883943, -0.0569155, 0.414727, 0.414731, 0.585269
57.5466, -0.0915137, -0.0639248, 0.414537, 0.414541, 0.585459
57.5551, -0.094561, -0.0709341, 0.414342, 0.414346, 0.585654
57.5636, -0.0975393, -0.0779434, 0.414143, 0.414147, 0.585853
57.572, -0.100451, -0.0849527, 0.413939, 0.413943, 0.586057
57.5805, -0.103299, -0.091962, 0.41373, 0.413734, 0.586266
57.589, -0.106086, -0.0989713, 0.413517, 0.413521, 0.586479
57.5975, -0.108814, -0.105981, 0.4133, 0.413305, 0.586695
57.6059, -0.111485, -0.11299, 0.413079, 0.413084, 0.586916
57.6144, -0.114101, -0.119999, 0.412854, 0.412859, 0.587141
57.6229, -0.116663, -0.127008, 0.412625, 0.41263, 0.58737
57.6314, -0.119175, -0.134018, 0.412393, 0.412397, 0.587603
57.6398, -0.121637, -0.141027, 0.412156, 0.412161, 0.587839
57.6483, -0.124051, -0.148036, 0.411917, 0.411922, 0.588078
57.6568, -0.126418, -0.155046, 0.411674, 0.411679, 0.588321
57.6653, -0.128594, -0.162055, 0.411427, 0.411432, 0.588568
57.6737, -0.130719, -0.169064, 0.411178, 0.411183, 0.588817
57.6822, -0.132801, -0.176074, 0.410925, 0.41093, 0.58907
57.6907, -0.134842, -0.183083, 0.41067, 0.410675, 0.589325
57.6992, -0.136843, -0.190092, 0.410412, 0.410417, 0.589583
57.7076, -0.138805, -0.197101, 0.410151, 0.410157, 0.589843
57.7161, -0.14073, -0.204111, 0.409888, 0.409894, 0.590106
57.7246, -0.142619, -0.21112, 0.409623, 0.409629, 0.590371
57.7331, -0.144469, -0.218129, 0.409356, 0.409362, 0.590638
57.7415, -0.146281, -0.225139, 0.409088, 0.409093, 0.590907
57.75, -0.136048, -0.225139, 0.408959, 0.408959, 0.591041
57.7582, -0.11735, -0.218129, 0.408958, 0.408958, 0.591042
57.7664, -0.10188, -0.21112, 0.408956, 0.408956, 0.591044
57.7746, -0.0885337, -0.204111, 0.408951, 0.408951, 0.591049
57.7828, -0.0767157, -0.197101, 0.408942, 0.408942, 0.591058
57.791, -0.0660634, -0.190092, 0.408929, 0.408929, 0.591071
57.7992, -0.0563363, -0.183083, 0.40891, 0.408911, 0.591089
57.8074, -0.0473657, -0.176074, 0.408886, 0.408887, 0.591113
57.8156, -0.0390276, -0.169064, 0.408856, 0.408857, 0.591143
57.8238, -0.0312282, -0.162055, 0.40882, 0.408821, 0.591179
57.832, -0.0238943, -0.155046, 0.408777, 0.408778, 0.591222
57.8402, -0.0169676, -0.148036, 0.408729, 0.40873, 0.59127
57.8484, -0.0104009, -0.141027, 0.408673, 0.408674, 0.591326
57.8566, -0.00415511, -0.134018, 0.408612, 0.408613, 0.591387
57.8648, 0.00180219, -0.127008, 0.408543, 0.408545, 0.591455
57.873, 0.00749853, -0.119999, 0.408469, 0.40847, 0.59153
57.8811, 0.0129574, -0.11299, 0.408387, 0.408389, 0.591611
57.8893, 0.018199, -0.105981, 0.4083, 0.408302, 0.591698
57.8975, 0.0232408, -0.0989713, 0.408206, 0.408208, 0.591792
57.9057, 0.0280983, -0.091962, 0.408106, 0.408108, 0.591892
57.9139, 0.0327848, -0.0849527, 0.407999, 0.408001, 0.591999
57.9221, 0.0373125, -0.0779434, 0.407886, 0.407889, 0.592111
57.9303, 0.041692, -0.0709341, 0.407767, 0.40777, 0.59223
57.9385, 0.0459327, -0.0639248, 0.407642, 0.407645, 0.592355
57.9467, 0.0500432, -0.0569155, 0.407512, 0.407514, 0.592486
57.9549, 0.0540313, -0.0499062, 0.407375, 0.407378, 0.592622
57.9631, 0.057904, -0.0428969, 0.407232, 0.407235, 0.592765
57.9713, 0.0616676, -0.0358876, 0.407084, 0.407087, 0.592913
57.9795, 0.065328, -0.0288783, 0.406931, 0.406934, 0.593066
57.9877, 0.0688904, -0.021869, 0.406771, 0.406775, 0.593225
57.9959, 0.0723598, -0.0148597, 0.406607, 0.40661, 0.59339
58.0041, 0.0757406, -0.00785041, 0.406437, 0.40644, 0.59356
58.0123, 0.079037, -0.000841115, 0.406262, 0.406265, 0.593735
58.0205, 0.0822529, 0.00616818, 0.406082, 0.406085, 0.593915
58.0287, 0.0853917, 0.0131775, 0.405897, 0.405901, 0.594099
58.0369, 0.0884567, 0.0201868, 0.405707, 0.405711, 0.594289
58.0451, 0.0914512, 0.0271961, 0.405512, 0.405516, 0.594484
58.0533, 0.0943779, 0.0342054, 0.405313, 0.405317, 0.594683
58.0615, 0.0972395, 0.0412147, 0.40511, 0.405114, 0.594886
58.0697, 0.100038, 0.048224, 0.404901, 0.404906, 0.595094
58.0779, 0.102777, 0.0552333, 0.404689, 0.404693, 0.595307
58.0861, 0.105458, 0.0622425, 0.404473, 0.404477, 0.595523
58.0943, 0.108083, 0.0692518, 0.404252, 0.404256, 0.595744
58.1025, 0.110654, 0.0762611, 0.404028, 0.404032, 0.595968
58.1107, 0.113173, 0.0832704, 0.403799, 0.403804, 0.596196
58.1189, 0.115642, 0.0902797, 0.403567, 0.403572, 0.596428
58.127, 0.118062, 0.097289, 0.403332, 0.403336, 0.596664
58.1352, 0.120434, 0.104298, 0.403093, 0.403098, 0.596902
58.1434, 0.122754, 0.111308, 0.40285, 0.402855, 0.597145
58.1516, 0.124883, 0.118317, 0.402605, 0.40261, 0.59739
58.1598, 0.126968, 0.125326, 0.402356, 0.402361, 0.597639
58.168, 0.129012, 0.132336, 0.402104, 0.402109, 0.597891
58.1762, 0.131016, 0.139345, 0.40185, 0.401855, 0.598145
58.1844, 0.132981, 0.146354, 0.401592, 0.401598, 0.598402
58.1926, 0.134908, 0.153363, 0.401333, 0.401338, 0.598662
58.2008, 0.136798, 0.160373, 0.401071, 0.401076, 0.598924
58.209, 0.138651, 0.167382, 0.400806, 0.400811, 0.599189
58.2172, 0.14047, 0.174391, 0.40054, 0.400545, 0.599455
58.2254, 0.14225, 0.181401, 0.400272, 0.400277, 0.599723
58.2336, 0.143995, 0.18841, 0.400003, 0.400008, 0.599992
58.2418, 0.145704, 0.195419, 0.399732, 0.399738, 0.600262
58.25, 0.143986, 0.200466, 0.399505, 0.399505, 0.600495
58.2577, 0.123907, 0.193457, 0.399504, 0.399504, 0.600496
58.2654, 0.107663, 0.186447, 0.399503, 0.399503, 0.600497
58.2731, 0.093834, 0.179438, 0.399499, 0.399499, 0.600501
58.2808, 0.0816933, 0.172429, 0.399492, 0.399492, 0.600508
58.2885, 0.070816, 0.165419, 0.39948, 0.39948, 0.60052
58.2962, 0.060928, 0.15841, 0.399463, 0.399464, 0.600536
58.3038, 0.0518406, 0.151401, 0.399441, 0.399442, 0.600558
58.3115, 0.0434174, 0.144391, 0.399413, 0.399414, 0.600586
58.3192, 0.0355562, 0.137382, 0.399379, 0.39938, 0.60062
58.3269, 0.0281782, 0.130373, 0.399339, 0.39934, 0.60066
58.3346, 0.0212209, 0.123364, 0.399293, 0.399294, 0.600706
58.3423, 0.0146341, 0.116354, 0.39924, 0.399241, 0.600759
58.35, 0.00837675, 0.109345, 0.399181, 0.399182, 0.600818
58.3577, 0.00241451, 0.102336, 0.399115, 0.399116, 0.600884
58.3654, -0.00328136, 0.0953264, 0.399043, 0.399044, 0.600956
58.3731, -0.00873536, 0.0883171, 0.398964, 0.398966, 0.601034
58.3808, -0.0139685, 0.0813078, 0.398879, 0.398881, 0.601119
58.3885, -0.018999, 0.0742985, 0.398788, 0.39879, 0.60121
58.3962, -0.0238427, 0.0672892, 0.39869, 0.398692, 0.601308
58.4038, -0.0285135, 0.0602799, 0.398586, 0.398588, 0.601412
58.4115, -0.0330238, 0.0532706, 0.398476, 0.398478, 0.601522
58.4192, -0.0373844, 0.0462614, 0.39836, 0.398362, 0.601638
58.4269, -0.0416053, 0.0392521, 0.398237, 0.39824, 0.60176
58.4346, -0.0456951, 0.0322428, 0.398109, 0.398112, 0.601888
58.4423, -0.0496617, 0.0252335, 0.397975, 0.397978, 0.602022
58.45, -0.0535123, 0.0182242, 0.397835, 0.397838, 0.602162
58.4577, -0.0572533, 0.0112149, 0.397689, 0.397692, 0.602308
58.4654, -0.0608907, 0.00420558, 0.397538, 0.397541, 0.602459
58.4731, -0.06443, -0.00280372, 0.397382, 0.397385, 0.602615
58.4808, -0.0678759, -0.00981301, 0.39722, 0.397223, 0.602777
58.4885, -0.0712332, -0.0168223, 0.397052, 0.397056, 0.602944
58.4962, -0.0745059, -0.0238316, 0.39688, 0.396883, 0.603117
58.5038, -0.0776981, -0.0308409, 0.396702, 0.396706, 0.603294
58.5115, -0.0808132, -0.0378502, 0.39652, 0.396523, 0.603477
58.5192, -0.0838546, -0.0448595, 0.396332, 0.396336, 0.603664
58.5269, -0.0868255, -0.0518688, 0.39614, 0.396144, 0.603856
58.5346, -0.0897287, -0.0588781, 0.395943, 0.395947, 0.604053
58.5423, -0.0925669, -0.0658874, 0.395742, 0.395746, 0.604254
58.55, -0.0953427, -0.0728967, 0.395536, 0.39554, 0.60446
58.5577, -0.0980585, -0.079906, 0.395326, 0.39533, 0.60467
58.5654, -0.100716, -0.0869153, 0.395112, 0.395116, 0.604884
58.5731, -0.103319, -0.0939246, 0.394893, 0.394898, 0.605102
58.5808, -0.105867, -0.100934, 0.394671, 0.394676, 0.605324
58.5885, -0.108364, -0.107943, 0.394445, 0.39445, 0.60555
58.5962, -0.11081, -0.114952, 0.394215, 0.39422, 0.60578
58.6038, -0.113208, -0.121962, 0.393982, 0.393986, 0.606014
58.6115, -0.115559, -0.128971, 0.393745, 0.393749, 0.606251
58.6192, -0.117865, -0.13598, 0.393504, 0.393509, 0.606491
58.6269, -0.120021, -0.14299, 0.393261, 0.393265, 0.606735
58.6346, -0.122085, -0.149999, 0.393014, 0.393019, 0.606981
58.6423, -0.124108, -0.157008, 0.392764, 0.392769, 0.607231
58.65, -0.126091, -0.164018, 0.392511, 0.392516, 0.607484
58.6577, -0.128036, -0.171027, 0.392256, 0.392261, 0.607739
58.6654, -0.129942, -0.178036, 0.391998, 0.392003, 0.607997
58.6731, -0.131812, -0.185045, 0.391737, 0.391742, 0.608258
58.6808, -0.133646, -0.192055, 0.391474, 0.391479, 0.608521
58.6885, -0.135446, -0.199064, 0.391209, 0.391214, 0.608786
58.6962, -0.137211, -0.206073, 0.390942, 0.390947, 0.609053
58.7038, -0.138939, -0.213083, 0.390673, 0.390679, 0.609321
58.7115, -0.140633, -0.220092, 0.390403, 0.390409, 0.609591
58.7192, -0.142293, -0.227101, 0.390133, 0.390138, 0.609862
58.7269, -0.143919, -0.23411, 0.389861, 0.389866, 0.610134
58.7346, -0.145512, -0.24112, 0.389588, 0.389594, 0.610406
58.7423, -0.147074, -0.248129, 0.389315, 0.38932, 0.61068
58.75, -0.127872, -0.241961, 0.389304, 0.389304, 0.610696
58.7575, -0.111252, -0.234952, 0.389303, 0.389303, 0.610697
58.7649, -0.0972299, -0.227942, 0.3893, 0.3893, 0.6107
58.7724, -0.0849891, -0.220933, 0.389293, 0.389293, 0.610707
58.7799, -0.074065, -0.213924, 0.389282, 0.389282, 0.610718
58.7873, -0.0641629, -0.206914, 0.389267, 0.389267, 0.610733
58.7948, -0.0550825, -0.199905, 0.389246, 0.389246, 0.610754
58.8022, -0.0466804, -0.192896, 0.389219, 0.389219, 0.610781
58.8097, -0.0388501, -0.185887, 0.389186, 0.389187, 0.610813
58.8172, -0.0315096, -0.178877, 0.389147, 0.389148, 0.610852
58.8246, -0.0245945, -0.171868, 0.389102, 0.389103, 0.610897
58.8321, -0.0180533, -0.164859, 0.389051, 0.389052, 0.610948
58.8396, -0.0118436, -0.157849, 0.388993, 0.388994, 0.611006
58.847, -0.00593065, -0.15084, 0.388929, 0.38893, 0.61107
58.8545, -0.000284967, -0.143831, 0.388858, 0.38886, 0.61114
58.8619, 0.0051183, -0.136821, 0.388781, 0.388783, 0.611217
58.8694, 0.0103005, -0.129812, 0.388698, 0.3887, 0.6113
58.8769, 0.01528, -0.122803, 0.388608, 0.38861, 0.61139
58.8843, 0.0200729, -0.115794, 0.388512, 0.388514, 0.611486
58.8918, 0.0246933, -0.108784, 0.38841, 0.388412, 0.611588
58.8993, 0.0291536, -0.101775, 0.388301, 0.388303, 0.611697
58.9067, 0.0334649, -0.0947657, 0.388187, 0.388189, 0.611811
58.9142, 0.0376368, -0.0877564, 0.388066, 0.388068, 0.611932
58.9216, 0.0416783, -0.0807471, 0.387939, 0.387942, 0.612058
58.9291, 0.0455973, -0.0737378, 0.387807, 0.38781, 0.61219
58.9366, 0.0494009, -0.0667285, 0.387669, 0.387672, 0.612328
58.944, 0.0530957, -0.0597192, 0.387525, 0.387528, 0.612472
58.9515, 0.0566876, -0.0527099, 0.387376, 0.387379, 0.612621
58.959, 0.060182, -0.0457006, 0.387221, 0.387224, 0.612776
58.9664, 0.0635838, -0.0386913, 0.387061, 0.387064, 0.612936
58.9739, 0.0668977, -0.031682, 0.386895, 0.386899, 0.613101
58.9813, 0.0701277, -0.0246727, 0.386725, 0.386728, 0.613272
58.9888, 0.0732778, -0.0176634, 0.386549, 0.386552, 0.613448
58.9963, 0.0763516, -0.0106541, 0.386368, 0.386372, 0.613628
59.0037, 0.0793524, -0.00364483, 0.386183, 0.386186, 0.613814
59.0112, 0.0822833, 0.00336446, 0.385992, 0.385996, 0.614004
59.0187, 0.0851471, 0.0103738, 0.385797, 0.385801, 0.614199
59.0261, 0.0879467, 0.0173831, 0.385598, 0.385602, 0.614398
59.0336, 0.0906844, 0.0243923, 0.385394, 0.385398, 0.614602
59.041, 0.0933628, 0.0314016, 0.385186, 0.38519, 0.61481
59.0485, 0.0959839, 0.0384109, 0.384973, 0.384978, 0.615022
59.056, 0.0985499, 0.0454202, 0.384757, 0.384761, 0.615239
59.0634, 0.101063, 0.0524295, 0.384536, 0.384541, 0.615459
59.0709, 0.103524, 0.0594388, 0.384312, 0.384316, 0.615684
59.0784, 0.105936, 0.0664481, 0.384084, 0.384088, 0.615912
59.0858, 0.1083, 0.0734574, 0.383852, 0.383857, 0.616143
59.0933, 0.110618, 0.0804667, 0.383617, 0.383622, 0.616378
59.1007, 0.112891, 0.087476, 0.383378, 0.383383, 0.616617
59.1082, 0.115045, 0.0944853, 0.383136, 0.383141, 0.616859
59.1157, 0.117078, 0.101495, 0.382891, 0.382896, 0.617104
59.1231, 0.11907, 0.108504, 0.382643, 0.382648, 0.617352
59.1306, 0.121022, 0.115513, 0.382392, 0.382397, 0.617603
59.1381, 0.122936, 0.122522, 0.382138, 0.382143, 0.617857
59.1455, 0.124812, 0.129532, 0.381882, 0.381887, 0.618113
59.153, 0.126653, 0.136541, 0.381623, 0.381628, 0.618372
59.1604, 0.128458, 0.14355, 0.381361, 0.381366, 0.618634
59.1679, 0.130229, 0.15056, 0.381097, 0.381103, 0.618897
59.1754, 0.131967, 0.157569, 0.380832, 0.380837, 0.619163
59.1828, 0.133671, 0.164578, 0.380564, 0.380569, 0.619431
59.1903, 0.135341, 0.171588, 0.380295, 0.3803, 0.6197
59.1978, 0.136977, 0.178597, 0.380025, 0.38003, 0.61997
59.2052, 0.13858, 0.185606, 0.379753, 0.379759, 0.620241
59.2127, 0.140151, 0.192615, 0.379481, 0.379487, 0.620513
59.2201, 0.141691, 0.199625, 0.379208, 0.379214, 0.620786
59.2276, 0.1432, 0.206634, 0.378935, 0.37894, 0.62106
59.2351, 0.14468, 0.213643, 0.378661, 0.378667, 0.621333
59.2425, 0.146131, 0.220653, 0.378387, 0.378393, 0.621607
59.25, 0.141106, 0.223737, 0.378195, 0.378195, 0.621805
59.2569, 0.122289, 0.216727, 0.378195, 0.378195, 0.621805
59.2639, 0.106933, 0.209718, 0.378193, 0.378193, 0.621807
59.2708, 0.0938114, 0.202709, 0.378189, 0.378189, 0.621811
59.2778, 0.0822661, 0.1957, 0.378181, 0.378181, 0.621819
59.2847, 0.0719062, 0.18869, 0.378169, 0.378169, 0.621831
59.2917, 0.062478, 0.181681, 0.378151, 0.378152, 0.621848
59.2986, 0.0538056, 0.174672, 0.378128, 0.378129, 0.621871
59.3056, 0.0457617, 0.167662, 0.3781, 0.3781, 0.6219
59.3125, 0.0382503, 0.160653, 0.378065, 0.378066, 0.621934
59.3194, 0.0311974, 0.153644, 0.378024, 0.378025, 0.621975
59.3264, 0.0245441, 0.146634, 0.377977, 0.377978, 0.622022
59.3333, 0.0182432, 0.139625, 0.377924, 0.377925, 0.622075
59.3403, 0.0122556, 0.132616, 0.377864, 0.377865, 0.622135
59.3472, 0.00654898, 0.125607, 0.377798, 0.377799, 0.622201
59.3542, 0.0010961, 0.118597, 0.377725, 0.377727, 0.622273
59.3611, -0.00412626, 0.111588, 0.377646, 0.377648, 0.622352
59.3681, -0.00913804, 0.104579, 0.377561, 0.377563, 0.622437
59.375, -0.0139565, 0.0975694, 0.377469, 0.377471, 0.622529
59.3819, -0.0185968, 0.0905601, 0.377372, 0.377374, 0.622626
59.3889, -0.0230721, 0.0835508, 0.377268, 0.37727, 0.62273
59.3958, -0.0273941, 0.0765415, 0.377157, 0.37716, 0.62284
59.4028, -0.0315733, 0.0695322, 0.377041, 0.377044, 0.622956
59.4097, -0.0356189, 0.0625229, 0.376919, 0.376922, 0.623078
59.4167, -0.0395392, 0.0555136, 0.376791, 0.376794, 0.623206
59.4236, -0.043342, 0.0485043, 0.376657, 0.37666, 0.62334
59.4306, -0.0470338, 0.041495, 0.376518, 0.376521, 0.623479
59.4375, -0.0506209, 0.0344857, 0.376373, 0.376376, 0.623624
59.4444, -0.054109, 0.0274764, 0.376222, 0.376225, 0.623775
59.4514, -0.0575031, 0.0204671, 0.376066, 0.376069, 0.623931
59.4583, -0.0608081, 0.0134578, 0.375905, 0.375908, 0.624092
59.4653, -0.0640282, 0.00644855, 0.375738, 0.375742, 0.624258
59.4722, -0.0671676, -0.000560744, 0.375567, 0.37557, 0.62443
59.4792, -0.0702297, -0.00757004, 0.37539, 0.375394, 0.624606
59.4861, -0.0732182, -0.0145793, 0.375208, 0.375212, 0.624788
59.4931, -0.0761362, -0.0215886, 0.375022, 0.375026, 0.624974
59.5, -0.0789867, -0.0285979, 0.374831, 0.374835, 0.625165
59.5069, -0.0817724, -0.0356072, 0.374635, 0.374639, 0.625361
59.5139, -0.0844959, -0.0426165, 0.374435, 0.374439, 0.625561
59.5208, -0.0871596, -0.0496258, 0.374231, 0.374235, 0.625765
59.5278, -0.0897659, -0.0566351, 0.374022, 0.374026, 0.625974
59.5347, -0.0923168, -0.0636444, 0.373809, 0.373813, 0.626187
59.5417, -0.0948143, -0.0706537, 0.373592, 0.373597, 0.626403
59.5486, -0.0972604, -0.077663, 0.373371, 0.373376, 0.626624
59.5556, -0.0996567, -0.0846723, 0.373147, 0.373151, 0.626849
59.5625, -0.102005, -0.0916816, 0.372918, 0.372923, 0.627077
59.5694, -0.104307, -0.0986909, 0.372686, 0.372691, 0.627309
59.5764, -0.106564, -0.1057, 0.372451, 0.372455, 0.627545
59.5833, -0.108778, -0.112709, 0.372212, 0.372216, 0.627784
59.5903, -0.110821, -0.119719, 0.37197, 0.371974, 0.628026
59.5972, -0.112797, -0.126728, 0.371724, 0.371729, 0.628271
59.6042, -0.114733, -0.133737, 0.371476, 0.371481, 0.628519
59.6111, -0.116631, -0.140747, 0.371225, 0.37123, 0.62877
59.6181, -0.118492, -0.147756, 0.370971, 0.370976, 0.629024
59.625, -0.120316, -0.154765, 0.370714, 0.370719, 0.629281
59.6319, -0.122106, -0.161775, 0.370455, 0.37046, 0.62954
59.6389, -0.123861, -0.168784, 0.370193, 0.370199, 0.629801
59.6458, -0.125583, -0.175793, 0.36993, 0.369935, 0.630065
59.6528, -0.127272, -0.182802, 0.369664, 0.369669, 0.630331
59.6597, -0.12893, -0.189812, 0.369396, 0.369401, 0.630599
59.6667, -0.130556, -0.196821, 0.369126, 0.369132, 0.630868
59.6736, -0.132148, -0.20383, 0.368856, 0.368861, 0.631139
59.6806, -0.133709, -0.21084, 0.368584, 0.368589, 0.631411
59.6875, -0.135238, -0.217849, 0.368311, 0.368317, 0.631683
59.6944, -0.136737, -0.224858, 0.368038, 0.368043, 0.631957
59.7014, -0.138207, -0.231868, 0.367764, 0.36777, 0.63223
59.7083, -0.139648, -0.238877, 0.36749, 0.367495, 0.632505
59.7153, -0.14106, -0.245886, 0.367215, 0.367221, 0.632779
59.7222, -0.142445, -0.252895, 0.36694, 0.366946, 0.633054
59.7292, -0.143804, -0.259905, 0.366666, 0.366671, 0.633329
59.7361, -0.145137, -0.266914, 0.366391, 0.366397, 0.633603
59.7431, -0.146444, -0.273923, 0.366117, 0.366123, 0.633877
59.75, -0.138016, -0.274764, 0.365969, 0.365969, 0.634031
59.7565, -0.12022, -0.267755, 0.365969, 0.365969, 0.634031
59.763, -0.105558, -0.260746, 0.365967, 0.365967, 0.634033
59.7695, -0.0929721, -0.253737, 0.365962, 0.365962, 0.634038
59.776, -0.0818645, -0.246727, 0.365953, 0.365954, 0.634046
59.7825, -0.0718766, -0.239718, 0.36594, 0.365941, 0.634059
59.789, -0.0627728, -0.232709, 0.365922, 0.365922, 0.634078
59.7955, -0.054389, -0.225699, 0.365898, 0.365899, 0.634101
59.8019, -0.0466054, -0.21869, 0.365869, 0.365869, 0.634131
59.8084, -0.0393316, -0.211681, 0.365833, 0.365834, 0.634166
59.8149, -0.0324973, -0.204671, 0.365792, 0.365792, 0.634208
59.8214, -0.0260468, -0.197662, 0.365744, 0.365745, 0.634255
59.8279, -0.0199351, -0.190653, 0.365689, 0.36569, 0.63431
59.8344, -0.014125, -0.183644, 0.365629, 0.36563, 0.63437
59.8409, -0.00858563, -0.176634, 0.365562, 0.365563, 0.634437
59.8474, -0.00329088, -0.169625, 0.365488, 0.36549, 0.63451
59.8539, 0.00178144, -0.162616, 0.365409, 0.36541, 0.63459
59.8604, 0.00665045, -0.155606, 0.365323, 0.365325, 0.634675
59.8669, 0.0113327, -0.148597, 0.365231, 0.365233, 0.634767
59.8734, 0.0158428, -0.141588, 0.365132, 0.365134, 0.634866
59.8799, 0.0201933, -0.134578, 0.365028, 0.36503, 0.63497
59.8864, 0.0243955, -0.127569, 0.364917, 0.36492, 0.63508
59.8929, 0.0284595, -0.12056, 0.364801, 0.364803, 0.635197
59.8994, 0.0323942, -0.113551, 0.364678, 0.364681, 0.635319
59.9058, 0.0362076, -0.106541, 0.36455, 0.364553, 0.635447
59.9123, 0.0399071, -0.099532, 0.364416, 0.364419, 0.635581
59.9188, 0.0434991, -0.0925227, 0.364277, 0.364279, 0.635721
59.9253, 0.0469896, -0.0855134, 0.364131, 0.364134, 0.635866
59.9318, 0.0503841, -0.0785041, 0.363981, 0.363984, 0.636016
59.9383, 0.0536875, -0.0714948, 0.363825, 0.363828, 0.636172
59.9448, 0.0569045, -0.0644855, 0.363664, 0.363667, 0.636333
59.9513, 0.0600392, -0.0574762, 0.363497, 0.3635, 0.6365
59.9578, 0.0630954, -0.0504669, 0.363326, 0.363329, 0.636671
59.9643, 0.0660768, -0.0434576, 0.363149, 0.363153, 0.636847
59.9708, 0.0689867, -0.0364483, 0.362968, 0.362972, 0.637028
59.9773, 0.0718281, -0.029439, 0.362782, 0.362786, 0.637214
59.9838, 0.074604, -0.0224297, 0.362591, 0.362595, 0.637405
59.9903, 0.077317, -0.0154205, 0.362396, 0.3624, 0.6376
59.9968, 0.0799696, -0.00841115, 0.362196, 0.3622, 0.6378
60.0032, 0.0825641, -0.00140186, 0.361992, 0.361996, 0.638004
60.0097, 0.0851028, 0.00560744, 0.361784, 0.361788, 0.638212
60.0162, 0.0875877, 0.0126167, 0.361571, 0.361576, 0.638424
60.0227, 0.0900207, 0.019626, 0.361355, 0.361359, 0.638641
60.0292, 0.0924038, 0.0266353, 0.361135, 0.361139, 0.638861
60.0357, 0.0947385, 0.0336446, 0.36091, 0.360915, 0.639085
60.0422, 0.0970266, 0.0406539, 0.360683, 0.360687, 0.639313
60.0487, 0.0992696, 0.0476632, 0.360451, 0.360456, 0.639544
60.0552, 0.101469, 0.0546725, 0.360216, 0.360221, 0.639779
60.0617, 0.103626, 0.0616818, 0.359978, 0.359983, 0.640017
60.0682, 0.105589, 0.0686911, 0.359737, 0.359742, 0.640258
60.0747, 0.107511, 0.0757004, 0.359492, 0.359497, 0.640503
60.0812, 0.109394, 0.0827097, 0.359245, 0.35925, 0.64075
60.0877, 0.11124, 0.089719, 0.358994, 0.358999, 0.641001
60.0942, 0.113049, 0.0967283, 0.358741, 0.358746, 0.641254
60.1006, 0.114824, 0.103738, 0.358485, 0.35849, 0.64151
60.1071, 0.116564, 0.110747, 0.358227, 0.358232, 0.641768
60.1136, 0.118271, 0.117756, 0.357966, 0.357971, 0.642029
60.1201, 0.119945, 0.124765, 0.357703, 0.357708, 0.642292
60.1266, 0.121588, 0.131775, 0.357437, 0.357443, 0.642557
60.1331, 0.123201, 0.138784, 0.35717, 0.357176, 0.642824
60.1396, 0.124783, 0.145793, 0.356901, 0.356906, 0.643094
60.1461, 0.126335, 0.152803, 0.35663, 0.356636, 0.643364
60.1526, 0.127856, 0.159812, 0.356359, 0.356364, 0.643636
60.1591, 0.129346, 0.166821, 0.356086, 0.356091, 0.643909
60.1656, 0.130806, 0.173831, 0.355813, 0.355818, 0.644182
60.1721, 0.132238, 0.18084, 0.355538, 0.355544, 0.644456
60.1786, 0.133642, 0.187849, 0.355264, 0.355269, 0.644731
60.1851, 0.135018, 0.194858, 0.354989, 0.354994, 0.645006
60.1916, 0.136368, 0.201868, 0.354714, 0.354719, 0.645281
60.1981, 0.137691, 0.208877, 0.354439, 0.354444, 0.645556
60.2045, 0.13899, 0.215886, 0.354163, 0.354169, 0.645831
60.211, 0.140263, 0.222896, 0.353889, 0.353894, 0.646106
60.2175, 0.141513, 0.229905, 0.353614, 0.35362, 0.64638
60.224, 0.142739, 0.236914, 0.353341, 0.353346, 0.646654
60.2305, 0.143943, 0.243923, 0.353068, 0.353073, 0.646927
60.237, 0.145124, 0.250933, 0.352796, 0.352801, 0.647199
60.2435, 0.146283, 0.257942, 0.352525, 0.35253, 0.64747
60.25, 0.142212, 0.261587, 0.352325, 0.352325, 0.647675
60.256, 0.124093, 0.254578, 0.352325, 0.352325, 0.647675
60.2619, 0.109217, 0.247568, 0.352323, 0.352323, 0.647677
60.2679, 0.0965536, 0.240559, 0.352319, 0.352319, 0.647681
60.2738, 0.0854391, 0.23355, 0.352311, 0.352311, 0.647689
60.2798, 0.0754834, 0.22654, 0.352299, 0.352299, 0.647701
60.2857, 0.0664349, 0.219531, 0.352282, 0.352282, 0.647718
60.2917, 0.0581204, 0.212522, 0.352259, 0.35226, 0.64774
60.2976, 0.0504147, 0.205513, 0.352231, 0.352232, 0.647768
60.3036, 0.0432241, 0.198503, 0.352197, 0.352197, 0.647803
60.3095, 0.036476, 0.191494, 0.352156, 0.352157, 0.647843
60.3155, 0.0301134, 0.184485, 0.35211, 0.352111, 0.647889
60.3214, 0.02409, 0.177475, 0.352057, 0.352058, 0.647942
60.3274, 0.0183682, 0.170466, 0.351998, 0.351999, 0.648001
60.3333, 0.0129165, 0.163457, 0.351933, 0.351934, 0.648066
60.3393, 0.00770847, 0.156447, 0.351861, 0.351862, 0.648138
60.3452, 0.00272176, 0.149438, 0.351783, 0.351784, 0.648216
60.3512, -0.00206293, 0.142429, 0.351699, 0.3517, 0.6483
60.3571, -0.00666229, 0.13542, 0.351608, 0.35161, 0.64839
60.3631, -0.0110909, 0.12841, 0.351511, 0.351513, 0.648487
60.369, -0.0153614, 0.121401, 0.351409, 0.351411, 0.648589
60.375, -0.0194852, 0.114392, 0.3513, 0.351302, 0.648698
60.381, -0.0234723, 0.107382, 0.351185, 0.351187, 0.648813
60.3869, -0.0273316, 0.100373, 0.351064, 0.351067, 0.648933
60.3929, -0.0310712, 0.0933638, 0.350938, 0.350941, 0.649059
60.3988, -0.0346983, 0.0863545, 0.350806, 0.350809, 0.649191
60.4048, -0.0382193, 0.0793452, 0.350668, 0.350671, 0.649329
60.4107, -0.0416404, 0.0723359, 0.350525, 0.350528, 0.649472
60.4167, -0.0449667, 0.0653266, 0.350376, 0.350379, 0.649621
60.4226, -0.0482034, 0.0583173, 0.350222, 0.350225, 0.649775
60.4286, -0.051355, 0.051308, 0.350063, 0.350066, 0.649934
60.4345, -0.0544255, 0.0442987, 0.349898, 0.349902, 0.650098
60.4405, -0.0574189, 0.0372895, 0.349729, 0.349732, 0.650268
60.4464, -0.0603387, 0.0302802, 0.349554, 0.349558, 0.650442
60.4524, -0.0631882, 0.0232709, 0.349375, 0.349379, 0.650621
60.4583, -0.0659704, 0.0162616, 0.349191, 0.349195, 0.650805
60.4643, -0.0686882, 0.00925227, 0.349002, 0.349006, 0.650994
60.4702, -0.0713442, 0.00224297, 0.348809, 0.348813, 0.651187
60.4762, -0.0739408, -0.00476632, 0.348611, 0.348615, 0.651385
60.4821, -0.0764805, -0.0117756, 0.348409, 0.348413, 0.651587
60.4881, -0.0789654, -0.0187849, 0.348203, 0.348207, 0.651793
60.494, -0.0813974, -0.0257942, 0.347992, 0.347996, 0.652004
60.5, -0.0837786, -0.0328035, 0.347777, 0.347782, 0.652218
60.506, -0.0861107, -0.0398128, 0.347559, 0.347563, 0.652437
60.5119, -0.0883955, -0.0468221, 0.347337, 0.347341, 0.652659
60.5179, -0.0906344, -0.0538314, 0.347111, 0.347115, 0.652885
60.5238, -0.0928291, -0.0608407, 0.346881, 0.346886, 0.653114
60.5298, -0.0949811, -0.06785, 0.346648, 0.346653, 0.653347
60.5357, -0.0970915, -0.0748593, 0.346412, 0.346416, 0.653584
60.5417, -0.09904, -0.0818686, 0.346172, 0.346177, 0.653823
60.5476, -0.100917, -0.0888779, 0.345929, 0.345934, 0.654066
60.5536, -0.102756, -0.0958872, 0.345683, 0.345688, 0.654312
60.5595, -0.104558, -0.102896, 0.345434, 0.345439, 0.654561
60.5655, -0.106325, -0.109906, 0.345182, 0.345187, 0.654813
60.5714, -0.108057, -0.116915, 0.344928, 0.344933, 0.655067
60.5774, -0.109756, -0.123924, 0.344671, 0.344676, 0.655324
60.5833, -0.111422, -0.130934, 0.344411, 0.344416, 0.655584
60.5893, -0.113056, -0.137943, 0.344149, 0.344154, 0.655846
60.5952, -0.11466, -0.144952, 0.343885, 0.34389, 0.65611
60.6012, -0.116233, -0.151962, 0.343619, 0.343624, 0.656376
60.6071, -0.117778, -0.158971, 0.34335, 0.343356, 0.656644
60.6131, -0.119294, -0.16598, 0.34308, 0.343086, 0.656914
60.619, -0.120781, -0.172989, 0.342809, 0.342814, 0.657186
60.625, -0.12224, -0.179999, 0.342536, 0.342541, 0.657459
60.631, -0.123669, -0.187008, 0.342262, 0.342267, 0.657733
60.6369, -0.12507, -0.194017, 0.341987, 0.341993, 0.658007
60.6429, -0.126443, -0.201027, 0.341712, 0.341717, 0.658283
60.6488, -0.12779, -0.208036, 0.341436, 0.341441, 0.658559
60.6548, -0.12911, -0.215045, 0.34116, 0.341165, 0.658835
60.6607, -0.130405, -0.222054, 0.340883, 0.340889, 0.659111
60.6667, -0.131675, -0.229064, 0.340607, 0.340613, 0.659387
60.6726, -0.132921, -0.236073, 0.340331, 0.340336, 0.659664
60.6786, -0.134143, -0.243082, 0.340055, 0.34006, 0.65994
60.6845, -0.135342, -0.250092, 0.339779, 0.339784, 0.660216
60.6905, -0.136519, -0.257101, 0.339504, 0.339509, 0.660491
60.6964, -0.137674, -0.26411, 0.339229, 0.339235, 0.660765
60.7024, -0.138807, -0.27112, 0.338956, 0.338961, 0.661039
60.7083, -0.13992, -0.278129, 0.338683, 0.338689, 0.661311
60.7143, -0.141012, -0.285138, 0.338412, 0.338417, 0.661583
60.7202, -0.142085, -0.292147, 0.338142, 0.338147, 0.661853
60.7262, -0.143138, -0.299157, 0.337873, 0.337879, 0.662121
60.7321, -0.144173, -0.306166, 0.337606, 0.337612, 0.662388
60.7381, -0.145189, -0.313175, 0.337341, 0.337347, 0.662653
60.744, -0.146188, -0.320185, 0.337078, 0.337083, 0.662917
60.75, -0.146753, -0.326914, 0.336828, 0.336828, 0.663172
60.7553, -0.128405, -0.319904, 0.336827, 0.336827, 0.663173
60.7605, -0.11334, -0.312895, 0.336826, 0.336826, 0.663174
60.7658, -0.100583, -0.305886, 0.336823, 0.336823, 0.663177
60.7711, -0.0894623, -0.298876, 0.336816, 0.336816, 0.663184
60.7763, -0.0795485, -0.291867, 0.336805, 0.336805, 0.663195
60.7816, -0.0705694, -0.284858, 0.336789, 0.336789, 0.663211
60.7868, -0.0623406, -0.277848, 0.336768, 0.336768, 0.663232
60.7921, -0.0547304, -0.270839, 0.336741, 0.336741, 0.663259
60.7974, -0.047641, -0.26383, 0.336708, 0.336709, 0.663291
60.8026, -0.0409973, -0.256821, 0.336669, 0.33667, 0.66333
60.8079, -0.0347406, -0.249811, 0.336624, 0.336625, 0.663375
60.8132, -0.0288235, -0.242802, 0.336573, 0.336574, 0.663426
60.8184, -0.0232075, -0.235793, 0.336516, 0.336517, 0.663483
60.8237, -0.0178608, -0.228783, 0.336452, 0.336453, 0.663547
60.8289, -0.0127564, -0.221774, 0.336382, 0.336383, 0.663617
60.8342, -0.00787177, -0.214765, 0.336306, 0.336307, 0.663693
60.8395, -0.00318745, -0.207756, 0.336223, 0.336225, 0.663775
60.8447, 0.00131334, -0.200746, 0.336135, 0.336137, 0.663863
60.85, 0.0056452, -0.193737, 0.33604, 0.336042, 0.663958
60.8553, 0.00982094, -0.186728, 0.335939, 0.335941, 0.664059
60.8605, 0.0138518, -0.179718, 0.335833, 0.335835, 0.664165
60.8658, 0.0177479, -0.172709, 0.33572, 0.335722, 0.664278
60.8711, 0.0215181, -0.1657, 0.335601, 0.335604, 0.664396
60.8763, 0.0251703, -0.15869, 0.335477, 0.33548, 0.66452
60.8816, 0.0287119, -0.151681, 0.335347, 0.33535, 0.66465
60.8868, 0.0321493, -0.144672, 0.335211, 0.335214, 0.664786
60.8921, 0.0354883, -0.137663, 0.33507, 0.335073, 0.664927
60.8974, 0.0387344, -0.130653, 0.334924, 0.334927, 0.665073
60.9026, 0.0418925, -0.123644, 0.334772, 0.334775, 0.665225
60.9079, 0.044967, -0.116635, 0.334615, 0.334618, 0.665382
60.9132, 0.0479621, -0.109625, 0.334453, 0.334456, 0.665544
60.9184, 0.0508815, -0.102616, 0.334286, 0.334289, 0.665711
60.9237, 0.0537289, -0.0956068, 0.334113, 0.334117, 0.665883
60.9289, 0.0565073, -0.0885975, 0.333936, 0.33394, 0.66606
60.9342, 0.0592199, -0.0815882, 0.333754, 0.333758, 0.666242
60.9395, 0.0618694, -0.0745789, 0.333568, 0.333572, 0.666428
60.9447, 0.0644585, -0.0675696, 0.333377, 0.333381, 0.666619
60.95, 0.0669896, -0.0605603, 0.333182, 0.333186, 0.666814
60.9553, 0.0694649, -0.053551, 0.332982, 0.332986, 0.667014
60.9605, 0.0718865, -0.0465417, 0.332778, 0.332782, 0.667218
60.9658, 0.0742566, -0.0395324, 0.33257, 0.332574, 0.667426
60.9711, 0.076577, -0.0325231, 0.332357, 0.332362, 0.667638
60.9763, 0.0788494, -0.0255138, 0.332141, 0.332145, 0.667855
60.9816, 0.0810755, -0.0185045, 0.331921, 0.331926, 0.668074
60.9868, 0.0832569, -0.0114952, 0.331697, 0.331702, 0.668298
60.9921, 0.0853951, -0.00448595, 0.33147, 0.331475, 0.668525
60.9974, 0.0874915, 0.00252335, 0.331239, 0.331244, 0.668756
61.0026, 0.0895475, 0.00953264, 0.331005, 0.331009, 0.668991
61.0079, 0.0914764, 0.0165419, 0.330767, 0.330772, 0.669228
61.0132, 0.0933004, 0.0235512, 0.330526, 0.330531, 0.669469
61.0184, 0.0950876, 0.0305605, 0.330282, 0.330287, 0.669713
61.0237, 0.0968391, 0.0375698, 0.330035, 0.33004, 0.66996
61.0289, 0.0985559, 0.0445791, 0.329785, 0.32979, 0.67021
61.0342, 0.100239, 0.0515884, 0.329533, 0.329538, 0.670462
61.0395, 0.101889, 0.0585977, 0.329277, 0.329283, 0.670717
61.0447, 0.103508, 0.065607, 0.32902, 0.329025, 0.670975
61.05, 0.105096, 0.0726163, 0.328759, 0.328765, 0.671235
61.0553, 0.106653, 0.0796256, 0.328497, 0.328502, 0.671498
61.0605, 0.108181, 0.0866349, 0.328232, 0.328237, 0.671763
61.0658, 0.109681, 0.0936442, 0.327965, 0.327971, 0.672029
61.0711, 0.111153, 0.100653, 0.327696, 0.327702, 0.672298
61.0763, 0.112598, 0.107663, 0.327426, 0.327431, 0.672569
61.0816, 0.114017, 0.114672, 0.327153, 0.327159, 0.672841
61.0868, 0.115409, 0.121681, 0.326879, 0.326885, 0.673115
61.0921, 0.116774, 0.128691, 0.326604, 0.32661, 0.67339
61.0974, 0.118112, 0.1357, 0.326329, 0.326334, 0.673666
61.1026, 0.119425, 0.142709, 0.326052, 0.326058, 0.673942
61.1079, 0.120711, 0.149719, 0.325775, 0.325781, 0.674219
61.1132, 0.121973, 0.156728, 0.325498, 0.325503, 0.674497
61.1184, 0.12321, 0.163737, 0.32522, 0.325226, 0.674774
61.1237, 0.124423, 0.170746, 0.324942, 0.324948, 0.675052
61.1289, 0.125614, 0.177756, 0.324665, 0.32467, 0.67533
61.1342, 0.126782, 0.184765, 0.324387, 0.324393, 0.675607
61.1395, 0.127928, 0.191774, 0.32411, 0.324116, 0.675884
61.1447, 0.129052, 0.198784, 0.323834, 0.323839, 0.676161
61.15, 0.130156, 0.205793, 0.323558, 0.323563, 0.676437
61.1553, 0.131239, 0.212802, 0.323282, 0.323288, 0.676712
61.1605, 0.132302, 0.219812, 0.323008, 0.323013, 0.676987
61.1658, 0.133346, 0.226821, 0.322735, 0.32274, 0.67726
61.1711, 0.134371, 0.23383, 0.322463, 0.322468, 0.677532
61.1763, 0.135378, 0.240839, 0.322192, 0.322198, 0.677802
61.1816, 0.136367, 0.247849, 0.321923, 0.321929, 0.678071
61.1868, 0.137338, 0.254858, 0.321656, 0.321661, 0.678339
61.1921, 0.138292, 0.261867, 0.32139, 0.321396, 0.678604
61.1974, 0.13923, 0.268877, 0.321127, 0.321132, 0.678868
61.2026, 0.140151, 0.275886, 0.320865, 0.320871, 0.679129
61.2079, 0.141057, 0.282895, 0.320606, 0.320611, 0.679389
61.2132, 0.141947, 0.289904, 0.32035, 0.320355, 0.679645
61.2184, 0.142822, 0.296914, 0.320096, 0.320101, 0.679899
61.2237, 0.143683, 0.303923, 0.319845, 0.31985, 0.68015
61.2289, 0.144529, 0.310932, 0.319596, 0.319601, 0.680399
61.2342, 0.145362, 0.317942, 0.319351, 0.319356, 0.680644
61.2395, 0.146182, 0.324951, 0.31911, 0.319114, 0.680886
61.2447, 0.146988, 0.33196, 0.318871, 0.318876, 0.681124
61.25, 0.132782, 0.327755, 0.318829, 0.318829, 0.681171
61.2546, 0.117709, 0.320745, 0.318828, 0.318828, 0.681172
61.2592, 0.104905, 0.313736, 0.318825, 0.318825, 0.681175
61.2638, 0.0938094, 0.306727, 0.318819, 0.318819, 0.681181
61.2683, 0.0839722, 0.299717, 0.318809, 0.318809, 0.681191
61.2729, 0.0750981, 0.292708, 0.318794, 0.318795, 0.681205
61.2775, 0.0669902, 0.285699, 0.318774, 0.318775, 0.681225
61.2821, 0.0595097, 0.27869, 0.318749, 0.318749, 0.681251
61.2867, 0.0525545, 0.27168, 0.318718, 0.318718, 0.681282
61.2913, 0.0460469, 0.264671, 0.31868, 0.318681, 0.681319
61.2959, 0.0399264, 0.257662, 0.318637, 0.318638, 0.681362
61.3005, 0.0341446, 0.250652, 0.318588, 0.318589, 0.681411
61.305, 0.0286623, 0.243643, 0.318532, 0.318533, 0.681467
61.3096, 0.0234471, 0.236634, 0.31847, 0.318471, 0.681529
61.3142, 0.0184719, 0.229625, 0.318402, 0.318403, 0.681597
61.3188, 0.013714, 0.222615, 0.318328, 0.318329, 0.681671
61.3234, 0.00915375, 0.215606, 0.318247, 0.318249, 0.681751
61.328, 0.00477435, 0.208597, 0.318161, 0.318162, 0.681838
61.3326, 0.000561177, 0.201587, 0.318068, 0.31807, 0.68193
61.3372, -0.00349853, 0.194578, 0.317969, 0.317971, 0.682029
61.3417, -0.00741602, 0.187569, 0.317864, 0.317867, 0.682133
61.3463, -0.0112013, 0.180559, 0.317754, 0.317756, 0.682244
61.3509, -0.0148631, 0.17355, 0.317638, 0.31764, 0.68236
61.3555, -0.0184096, 0.166541, 0.317515, 0.317518, 0.682482
61.3601, -0.0218477, 0.159532, 0.317388, 0.31739, 0.68261
61.3647, -0.0251839, 0.152522, 0.317254, 0.317257, 0.682743
61.3693, -0.028424, 0.145513, 0.317115, 0.317118, 0.682882
61.3739, -0.0315735, 0.138504, 0.316971, 0.316974, 0.683026
61.3784, -0.034637, 0.131494, 0.316822, 0.316825, 0.683175
61.383, -0.037619, 0.124485, 0.316667, 0.31667, 0.68333
61.3876, -0.0405235, 0.117476, 0.316507, 0.31651, 0.68349
61.3922, -0.0433544, 0.110467, 0.316342, 0.316346, 0.683654
61.3968, -0.046115, 0.103457, 0.316172, 0.316176, 0.683824
61.4014, -0.0488086, 0.0964479, 0.315998, 0.316001, 0.683999
61.406, -0.051438, 0.0894386, 0.315818, 0.315822, 0.684178
61.4106, -0.0540061, 0.0824293, 0.315634, 0.315638, 0.684362
61.4151, -0.0565154, 0.07542, 0.315446, 0.315449, 0.684551
61.4197, -0.0589683, 0.0684107, 0.315252, 0.315256, 0.684744
61.4243, -0.061367, 0.0614014, 0.315055, 0.315059, 0.684941
61.4289, -0.0637136, 0.0543921, 0.314853, 0.314857, 0.685143
61.4335, -0.06601, 0.0473828, 0.314647, 0.314652, 0.685348
61.4381, -0.0682582, 0.0403735, 0.314437, 0.314442, 0.685558
61.4427, -0.0704597, 0.0333642, 0.314224, 0.314228, 0.685772
61.4472, -0.0726164, 0.026355, 0.314006, 0.31401, 0.68599
61.4518, -0.0747296, 0.0193457, 0.313784, 0.313789, 0.686211
61.4564, -0.0768009, 0.0123364, 0.313559, 0.313564, 0.686436
61.461, -0.0788317, 0.00532706, 0.31333, 0.313335, 0.686665
61.4656, -0.0808232, -0.00168223, 0.313098, 0.313103, 0.686897
61.4702, -0.0827228, -0.00869153, 0.312862, 0.312867, 0.687133
61.4748, -0.0844847, -0.0157008, 0.312623, 0.312628, 0.687372
61.4794, -0.0862108, -0.0227101, 0.312381, 0.312386, 0.687614
61.4839, -0.0879022, -0.0297194, 0.312136, 0.312141, 0.687859
61.4885, -0.08956, -0.0367287, 0.311888, 0.311893, 0.688107
61.4931, -0.0911852, -0.043738, 0.311637, 0.311642, 0.688358
61.4977, -0.0927786, -0.0507473, 0.311384, 0.311389, 0.688611
61.5023, -0.0943412, -0.0577566, 0.311127, 0.311132, 0.688868
61.5069, -0.0958737, -0.0647659, 0.310868, 0.310874, 0.689126
61.5115, -0.0973771, -0.0717752, 0.310607, 0.310612, 0.689388
61.5161, -0.098852, -0.0787845, 0.310344, 0.310349, 0.689651
61.5206, -0.100299, -0.0857938, 0.310078, 0.310083, 0.689917
61.5252, -0.10172, -0.0928031, 0.30981, 0.309815, 0.690185
61.5298, -0.103114, -0.0998124, 0.30954, 0.309546, 0.690454
61.5344, -0.104482, -0.106822, 0.309268, 0.309274, 0.690726
61.539, -0.105826, -0.113831, 0.308995, 0.309, 0.691
61.5436, -0.107145, -0.12084, 0.30872, 0.308725, 0.691275
61.5482, -0.108441, -0.12785, 0.308443, 0.308449, 0.691551
61.5528, -0.109713, -0.134859, 0.308165, 0.308171, 0.691829
61.5573, -0.110959, -0.141868, 0.307887, 0.307892, 0.692108
61.5619, -0.112181, -0.148877, 0.307608, 0.307613, 0.692387
61.5665, -0.11338, -0.155887, 0.307328, 0.307334, 0.692666
61.5711, -0.114556, -0.162896, 0.307048, 0.307054, 0.692946
61.5757, -0.115709, -0.169905, 0.306768, 0.306773, 0.693227
61.5803, -0.11684, -0.176915, 0.306488, 0.306493, 0.693507
61.5849, -0.11795, -0.183924, 0.306207, 0.306213, 0.693787
61.5894, -0.119039, -0.190933, 0.305927, 0.305933, 0.694067
61.594, -0.120108, -0.197943, 0.305648, 0.305653, 0.694347
61.5986, -0.121156, -0.204952, 0.305368, 0.305374, 0.694626
61.6032, -0.122186, -0.211961, 0.30509, 0.305095, 0.694905
61.6078, -0.123196, -0.21897, 0.304812, 0.304818, 0.695182
61.6124, -0.124188, -0.22598, 0.304535, 0.304541, 0.695459
61.617, -0.125162, -0.232989, 0.304259, 0.304265, 0.695735
61.6216, -0.126119, -0.239998, 0.303985, 0.30399, 0.69601
61.6261, -0.127058, -0.247008, 0.303711, 0.303717, 0.696283
61.6307, -0.127981, -0.254017, 0.30344, 0.303445, 0.696555
61.6353, -0.128887, -0.261026, 0.303169, 0.303175, 0.696825
61.6399, -0.129777, -0.268035, 0.302901, 0.302906, 0.697094
61.6445, -0.130652, -0.275045, 0.302635, 0.30264, 0.69736
61.6491, -0.131512, -0.282054, 0.30237, 0.302376, 0.697624
61.6537, -0.132358, -0.289063, 0.302108, 0.302113, 0.697887
61.6583, -0.133189, -0.296073, 0.301848, 0.301854, 0.698146
61.6628, -0.134006, -0.303082, 0.301591, 0.301596, 0.698404
61.6674, -0.134809, -0.310091, 0.301337, 0.301342, 0.698658
61.672, -0.135599, -0.317101, 0.301085, 0.30109, 0.69891
61.6766, -0.136377, -0.32411, 0.300836, 0.300841, 0.699159
61.6812, -0.137142, -0.331119, 0.300591, 0.300595, 0.699405
61.6858, -0.137895, -0.338128, 0.300348, 0.300353, 0.699647
61.6904, -0.138636, -0.345138, 0.30011, 0.300114, 0.699886
61.695, -0.139365, -0.352147, 0.299874, 0.299879, 0.700121
61.6995, -0.140084, -0.359156, 0.299643, 0.299648, 0.700352
61.7041, -0.140792, -0.366166, 0.299416, 0.29942, 0.70058
61.7087, -0.141489, -0.373175, 0.299193, 0.299197, 0.700803
61.7133, -0.142176, -0.380184, 0.298974, 0.298978, 0.701022
61.7179, -0.142854, -0.387193, 0.29876, 0.298764, 0.701236
61.7225, -0.143522, -0.394203, 0.29855, 0.298555, 0.701445
61.7271, -0.14418, -0.401212, 0.298346, 0.29835, 0.70165
61.7317, -0.14483, -0.408221, 0.298146, 0.29815, 0.70185
61.7362, -0.145472, -0.415231, 0.297952, 0.297956, 0.702044
61.7408, -0.146105, -0.42224, 0.297764, 0.297767, 0.702233
61.7454, -0.146731, -0.429249, 0.297581, 0.297584, 0.702416
61.75, -0.141533, -0.431773, 0.297463, 0.297463, 0.702537
61.7537, -0.125963, -0.424763, 0.297463, 0.297463, 0.702537
61.7574, -0.112839, -0.417754, 0.297461, 0.297461, 0.702539
61.7611, -0.101443, -0.410745, 0.297457, 0.297457, 0.702543
61.7648, -0.0914207, -0.403735, 0.297449, 0.297449, 0.702551
61.7685, -0.0824636, -0.396726, 0.297437, 0.297437, 0.702563
61.7722, -0.0743366, -0.389717, 0.29742, 0.29742, 0.70258
61.7759, -0.0668787, -0.382708, 0.297397, 0.297398, 0.702602
61.7796, -0.0599742, -0.375698, 0.297369, 0.29737, 0.70263
61.7833, -0.0535366, -0.368689, 0.297335, 0.297336, 0.702664
61.787, -0.0474995, -0.36168, 0.297295, 0.297296, 0.702704
61.7907, -0.0418105, -0.35467, 0.297249, 0.29725, 0.70275
61.7944, -0.0364274, -0.347661, 0.297197, 0.297198, 0.702802
61.7981, -0.0313159, -0.340652, 0.297139, 0.29714, 0.70286
61.8019, -0.0264473, -0.333642, 0.297074, 0.297076, 0.702924
61.8056, -0.0217977, -0.326633, 0.297004, 0.297005, 0.702995
61.8093, -0.0173467, -0.319624, 0.296927, 0.296929, 0.703071
61.813, -0.0130768, -0.312615, 0.296844, 0.296846, 0.703154
61.8167, -0.00897301, -0.305605, 0.296755, 0.296757, 0.703243
61.8204, -0.00502208, -0.298596, 0.29666, 0.296662, 0.703338
61.8241, -0.00121252, -0.291587, 0.29656, 0.296562, 0.703438
61.8278, 0.00246584, -0.284577, 0.296453, 0.296455, 0.703545
61.8315, 0.00602204, -0.277568, 0.296341, 0.296343, 0.703657
61.8352, 0.00946413, -0.270559, 0.296222, 0.296225, 0.703775
61.8389, 0.0127993, -0.26355, 0.296099, 0.296101, 0.703899
61.8426, 0.0160341, -0.25654, 0.295969, 0.295972, 0.704028
61.8463, 0.0191744, -0.249531, 0.295834, 0.295837, 0.704163
61.85, 0.0222256, -0.242522, 0.295694, 0.295697, 0.704303
61.8537, 0.0251923, -0.235512, 0.295549, 0.295552, 0.704448
61.8574, 0.0280792, -0.228503, 0.295398, 0.295401, 0.704599
61.8611, 0.0308902, -0.221494, 0.295242, 0.295245, 0.704755
61.8648, 0.0336292, -0.214484, 0.295081, 0.295085, 0.704915
61.8685, 0.0362994, -0.207475, 0.294916, 0.294919, 0.705081
61.8722, 0.0389041, -0.200466, 0.294745, 0.294748, 0.705252
61.8759, 0.0414463, -0.193457, 0.294569, 0.294573, 0.705427
61.8796, 0.0439286, -0.186447, 0.294389, 0.294393, 0.705607
61.8833, 0.0463536, -0.179438, 0.294205, 0.294208, 0.705792
61.887, 0.0487236, -0.172429, 0.294016, 0.294019, 0.705981
61.8907, 0.051041, -0.165419, 0.293822, 0.293826, 0.706174
61.8944, 0.0533076, -0.15841, 0.293624, 0.293628, 0.706372
61.8981, 0.0555254, -0.151401, 0.293422, 0.293426, 0.706574
61.9019, 0.0576964, -0.144391, 0.293216, 0.29322, 0.70678
61.9056, 0.059822, -0.137382, 0.293006, 0.29301, 0.70699
61.9093, 0.0619041, -0.130373, 0.292792, 0.292796, 0.707204
61.913, 0.063944, -0.123364, 0.292574, 0.292578, 0.707422
61.9167, 0.0659433, -0.116354, 0.292352, 0.292357, 0.707643
61.9204, 0.0679031, -0.109345, 0.292127, 0.292132, 0.707868
61.9241, 0.069825, -0.102336, 0.291898, 0.291903, 0.708097
61.9278, 0.0717099, -0.0953264, 0.291666, 0.291671, 0.708329
61.9315, 0.0734249, -0.0883171, 0.29143, 0.291435, 0.708565
61.9352, 0.0750848, -0.0813078, 0.291192, 0.291196, 0.708804
61.9389, 0.0767111, -0.0742985, 0.29095, 0.290954, 0.709046
61.9426, 0.0783049, -0.0672892, 0.290705, 0.290709, 0.709291
61.9463, 0.079867, -0.0602799, 0.290457, 0.290461, 0.709539
61.95, 0.0813983, -0.0532706, 0.290206, 0.290211, 0.709789
61.9537, 0.0828999, -0.0462614, 0.289952, 0.289957, 0.710043
61.9574, 0.0843723, -0.0392521, 0.289696, 0.289701, 0.710299
61.9611, 0.0858166, -0.0322428, 0.289437, 0.289442, 0.710558
61.9648, 0.0872333, -0.0252335, 0.289176, 0.289181, 0.710819
61.9685, 0.0886233, -0.0182242, 0.288912, 0.288917, 0.711083
61.9722, 0.0899872, -0.0112149, 0.288646, 0.288651, 0.711349
61.9759, 0.0913258, -0.00420558, 0.288378, 0.288383, 0.711617
61.9796, 0.0926396, 0.00280372, 0.288108, 0.288113, 0.711887
61.9833, 0.0939292, 0.00981301, 0.287836, 0.287841, 0.712159
61.987, 0.0951954, 0.0168223, 0.287562, 0.287567, 0.712433
61.9907, 0.0964386, 0.0238316, 0.287286, 0.287292, 0.712708
61.9944, 0.0976595, 0.0308409, 0.287009, 0.287015, 0.712985
61.9981, 0.0988585, 0.0378502, 0.28673, 0.286736, 0.713264
62.0019, 0.100036, 0.0448595, 0.28645, 0.286456, 0.713544
62.0056, 0.101193, 0.0518688, 0.286169, 0.286174, 0.713826
62.0093, 0.102328, 0.0588781, 0.285886, 0.285892, 0.714108
62.013, 0.103442, 0.0658874, 0.285604, 0.285609, 0.714391
62.0167, 0.104534, 0.0728967, 0.28532, 0.285326, 0.714674
62.0204, 0.105605, 0.079906, 0.285037, 0.285043, 0.714957
62.0241, 0.106656, 0.0869153, 0.284753, 0.284759, 0.715241
62.0278, 0.107688, 0.0939246, 0.284469, 0.284475, 0.715525
62.0315, 0.1087, 0.100934, 0.284186, 0.284191, 0.715809
62.0352, 0.109693, 0.107943, 0.283902, 0.283908, 0.716092
62.0389, 0.110667, 0.114952, 0.283619, 0.283625, 0.716375
62.0426, 0.111624, 0.121962, 0.283337, 0.283342, 0.716658
62.0463, 0.112563, 0.128971, 0.283055, 0.283061, 0.716939
62.05, 0.113485, 0.13598, 0.282774, 0.282779, 0.717221
62.0537, 0.114391, 0.14299, 0.282494, 0.282499, 0.717501
62.0574, 0.115279, 0.149999, 0.282214, 0.28222, 0.71778
62.0611, 0.116153, 0.157008, 0.281936, 0.281942, 0.718058
62.0648, 0.11701, 0.164018, 0.28166, 0.281665, 0.718335
62.0685, 0.117852, 0.171027, 0.281384, 0.28139, 0.71861
62.0722, 0.11868, 0.178036, 0.281111, 0.281116, 0.718884
62.0759, 0.119493, 0.185045, 0.280839, 0.280844, 0.719156
62.0796, 0.120292, 0.192055, 0.280569, 0.280574, 0.719426
62.0833, 0.121078, 0.199064, 0.280301, 0.280306, 0.719694
62.087, 0.12185, 0.206073, 0.280035, 0.28004, 0.71996
62.0907, 0.122609, 0.213083, 0.279771, 0.279776, 0.720224
62.0944, 0.123355, 0.220092, 0.27951, 0.279515, 0.720485
62.0981, 0.124089, 0.227101, 0.279251, 0.279256, 0.720744
62.1019, 0.124811, 0.23411, 0.278995, 0.279, 0.721
62.1056, 0.125521, 0.24112, 0.278742, 0.278747, 0.721253
62.1093, 0.12622, 0.248129, 0.278492, 0.278497, 0.721503
62.113, 0.126908, 0.255138, 0.278245, 0.27825, 0.72175
62.1167, 0.127585, 0.262148, 0.278002, 0.278006, 0.721994
62.1204, 0.128252, 0.269157, 0.277761, 0.277766, 0.722234
62.1241, 0.128908, 0.276166, 0.277525, 0.27753, 0.72247
62.1278, 0.129555, 0.283176, 0.277292, 0.277297, 0.722703
62.1315, 0.130192, 0.290185, 0.277064, 0.277068, 0.722932
62.1352, 0.13082, 0.297194, 0.276839, 0.276843, 0.723157
62.1389, 0.131439, 0.304203, 0.276619, 0.276623, 0.723377
62.1426, 0.13205, 0.311213, 0.276403, 0.276407, 0.723593
62.1463, 0.132652, 0.318222, 0.276192, 0.276196, 0.723804
62.15, 0.133246, 0.325231, 0.275985, 0.27599, 0.72401
62.1537, 0.133832, 0.332241, 0.275784, 0.275788, 0.724212
62.1574, 0.134411, 0.33925, 0.275588, 0.275592, 0.724408
62.1611, 0.134983, 0.346259, 0.275397, 0.275401, 0.724599
62.1648, 0.135547, 0.353269, 0.275212, 0.275216, 0.724784
62.1685, 0.136105, 0.360278, 0.275033, 0.275036, 0.724964
62.1722, 0.136657, 0.367287, 0.27486, 0.274863, 0.725137
62.1759, 0.137203, 0.374296, 0.274692, 0.274696, 0.725304
62.1796, 0.137743, 0.381306, 0.274532, 0.274535, 0.725465
62.1833, 0.138277, 0.388315, 0.274378, 0.274381, 0.725619
62.187, 0.138807, 0.395324, 0.274231, 0.274234, 0.725766
62.1907, 0.139331, 0.402334, 0.274091, 0.274094, 0.725906
62.1944, 0.139851, 0.409343, 0.273959, 0.273961, 0.726039
62.1981, 0.140367, 0.416352, 0.273834, 0.273836, 0.726164
62.2019, 0.140878, 0.423361, 0.273717, 0.273719, 0.726281
62.2056, 0.141387, 0.430371, 0.273608, 0.27361, 0.72639
62.2093, 0.141891, 0.43738, 0.273508, 0.27351, 0.72649
62.213, 0.142393, 0.444389, 0.273417, 0.273419, 0.726581
62.2167, 0.142892, 0.451399, 0.273335, 0.273337, 0.726663
62.2204, 0.143388, 0.458408, 0.273263, 0.273264, 0.726736
62.2241, 0.143883, 0.465417, 0.2732, 0.273201, 0.726799
62.2278, 0.144376, 0.472427, 0.273147, 0.273148, 0.726852
62.2315, 0.144867, 0.479436, 0.273106, 0.273106, 0.726894
62.2352, 0.145357, 0.486445, 0.273075, 0.273075, 0.726925
62.2389, 0.145847, 0.493454, 0.273055, 0.273055, 0.726945
62.2426, 0.146337, 0.500464, 0.273048, 0.273048, 0.726952
62.2463, 0.146843, 0.507473, 0.273077, 0.273076, 0.726924
62.25, 0.14018, 0.508314, 0.273125, 0.273125, 0.726875
62.2533, 0.125152, 0.501305, 0.273125, 0.273125, 0.726875
62.2567, 0.111625, 0.494296, 0.273123, 0.273123, 0.726877
62.26, 0.0995675, 0.487286, 0.273118, 0.273118, 0.726882
62.2633, 0.0888625, 0.480277, 0.273108, 0.273109, 0.726891
62.2667, 0.0793791, 0.473268, 0.273093, 0.273093, 0.726907
62.27, 0.0708786, 0.466258, 0.27307, 0.273071, 0.726929
62.2733, 0.0631743, 0.459249, 0.273041, 0.273042, 0.726958
62.2767, 0.0561249, 0.45224, 0.273004, 0.273005, 0.726995
62.28, 0.0496223, 0.44523, 0.272959, 0.27296, 0.72704
62.2833, 0.0435827, 0.438221, 0.272906, 0.272907, 0.727093
62.2867, 0.0379401, 0.431212, 0.272845, 0.272847, 0.727153
62.29, 0.0326418, 0.424203, 0.272777, 0.272778, 0.727222
62.2933, 0.027645, 0.417193, 0.272701, 0.272702, 0.727298
62.2967, 0.0229148, 0.410184, 0.272617, 0.272618, 0.727382
62.3, 0.0184219, 0.403175, 0.272525, 0.272527, 0.727473
62.3033, 0.0141422, 0.396165, 0.272426, 0.272428, 0.727572
62.3067, 0.0100548, 0.389156, 0.272319, 0.272321, 0.727679
62.31, 0.0061422, 0.382147, 0.272205, 0.272208, 0.727792
62.3133, 0.00238918, 0.375138, 0.272084, 0.272087, 0.727913
62.3167, -0.00121743, 0.368128, 0.271956, 0.271959, 0.728041
62.32, -0.00468913, 0.361119, 0.271821, 0.271824, 0.728176
62.3233, -0.00803603, 0.35411, 0.27168, 0.271682, 0.728318
62.3267, -0.0112671, 0.3471, 0.271531, 0.271534, 0.728466
62.33, -0.0143902, 0.340091, 0.271376, 0.27138, 0.72862
62.3333, -0.0174124, 0.333082, 0.271215, 0.271219, 0.728781
62.3367, -0.0203402, 0.326072, 0.271048, 0.271051, 0.728949
62.34, -0.0231792, 0.319063, 0.270874, 0.270878, 0.729122
62.3433, -0.0259346, 0.312054, 0.270695, 0.270698, 0.729302
62.3467, -0.0286111, 0.305045, 0.270509, 0.270513, 0.729487
62.35, -0.0312129, 0.298035, 0.270318, 0.270322, 0.729678
62.3533, -0.033744, 0.291026, 0.270122, 0.270126, 0.729874
62.3567, -0.0362079, 0.284017, 0.26992, 0.269924, 0.730076
62.36, -0.038608, 0.277007, 0.269712, 0.269716, 0.730284
62.3633, -0.0409471, 0.269998, 0.2695, 0.269504, 0.730496
62.3667, -0.0432282, 0.262989, 0.269282, 0.269286, 0.730714
62.37, -0.0454538, 0.255979, 0.269059, 0.269064, 0.730936
62.3733, -0.0476264, 0.24897, 0.268832, 0.268836, 0.731164
62.3767, -0.0497481, 0.241961, 0.2686, 0.268604, 0.731396
62.38, -0.051821, 0.234952, 0.268363, 0.268368, 0.731632
62.3833, -0.0538471, 0.227942, 0.268122, 0.268126, 0.731874
62.3867, -0.0558281, 0.220933, 0.267876, 0.267881, 0.732119
62.39, -0.0577659, 0.213924, 0.267626, 0.267631, 0.732369
62.3933, -0.0596619, 0.206914, 0.267372, 0.267377, 0.732623
62.3967, -0.0615177, 0.199905, 0.267114, 0.267119, 0.732881
62.4, -0.0633348, 0.192896, 0.266852, 0.266858, 0.733142
62.4033, -0.0651143, 0.185887, 0.266587, 0.266592, 0.733408
62.4067, -0.0668577, 0.178877, 0.266318, 0.266323, 0.733677
62.41, -0.0685661, 0.171868, 0.266045, 0.26605, 0.73395
62.4133, -0.0700877, 0.164859, 0.265769, 0.265774, 0.734226
62.4167, -0.0715746, 0.157849, 0.265489, 0.265495, 0.734505
62.42, -0.0730297, 0.15084, 0.265207, 0.265213, 0.734787
62.4233, -0.0744541, 0.143831, 0.264921, 0.264927, 0.735073
62.4267, -0.0758485, 0.136821, 0.264633, 0.264639, 0.735361
62.43, -0.077214, 0.129812, 0.264341, 0.264347, 0.735653
62.4333, -0.0785512, 0.122803, 0.264047, 0.264053, 0.735947
62.4367, -0.0798612, 0.115794, 0.263751, 0.263757, 0.736243
62.44, -0.0811445, 0.108784, 0.263452, 0.263458, 0.736542
62.4433, -0.082402, 0.101775, 0.263151, 0.263157, 0.736843
62.4467, -0.0836344, 0.0947657, 0.262847, 0.262853, 0.737147
62.45, -0.0848423, 0.0877564, 0.262541, 0.262547, 0.737453
62.4533, -0.0860264, 0.0807471, 0.262234, 0.26224, 0.73776
62.4567, -0.0871874, 0.0737378, 0.261924, 0.261931, 0.738069
62.46, -0.0883257, 0.0667285, 0.261613, 0.261619, 0.738381
62.4633, -0.0894421, 0.0597192, 0.2613, 0.261307, 0.738693
62.4667, -0.0905371, 0.0527099, 0.260986, 0.260993, 0.739007
62.47, -0.0916112, 0.0457006, 0.260671, 0.260677, 0.739323
62.4733, -0.0926649, 0.0386913, 0.260354, 0.26036, 0.73964
62.4767, -0.0936974, 0.031682, 0.260037, 0.260043, 0.739957
62.48, -0.0947087, 0.0246727, 0.259719, 0.259725, 0.740275
62.4833, -0.0956994, 0.0176634, 0.259401, 0.259407, 0.740593
62.4867, -0.09667, 0.0106541, 0.259083, 0.259089, 0.740911
62.49, -0.097621, 0.00364483, 0.258765, 0.258772, 0.741228
62.4933, -0.0985529, -0.00336446, 0.258448, 0.258454, 0.741546
62.4967, -0.0994663, -0.0103738, 0.25813, 0.258137, 0.741863
62.5, -0.100361, -0.0173831, 0.257814, 0.25782, 0.74218
62.5033, -0.101239, -0.0243923, 0.257498, 0.257504, 0.742496
62.5067, -0.102099, -0.0314016, 0.257182, 0.257189, 0.742811
62.51, -0.102943, -0.0384109, 0.256868, 0.256874, 0.743126
62.5133, -0.10377, -0.0454202, 0.256555, 0.256561, 0.743439
62.5167, -0.104581, -0.0524295, 0.256243, 0.25625, 0.74375
62.52, -0.105377, -0.0594388, 0.255933, 0.255939, 0.744061
62.5233, -0.106158, -0.0664481, 0.255624, 0.255631, 0.744369
62.5267, -0.106923, -0.0734574, 0.255317, 0.255323, 0.744677
62.53, -0.107675, -0.0804667, 0.255012, 0.255018, 0.744982
62.5333, -0.108413, -0.087476, 0.254709, 0.254715, 0.745285
62.5367, -0.109137, -0.0944853, 0.254408, 0.254414, 0.745586
62.54, -0.109848, -0.101495, 0.25411, 0.254116, 0.745884
62.5433, -0.110546, -0.108504, 0.253814, 0.25382, 0.74618
62.5467, -0.111231, -0.115513, 0.253521, 0.253527, 0.746473
62.55, -0.111905, -0.122522, 0.25323, 0.253236, 0.746764
62.5533, -0.112566, -0.129532, 0.252943, 0.252949, 0.747051
62.5567, -0.113217, -0.136541, 0.252659, 0.252664, 0.747336
62.56, -0.113856, -0.14355, 0.252378, 0.252383, 0.747617
62.5633, -0.114484, -0.15056, 0.2521, 0.252106, 0.747894
62.5667, -0.115102, -0.157569, 0.251827, 0.251832, 0.748168
62.57, -0.11571, -0.164578, 0.251557, 0.251562, 0.748438
62.5733, -0.116308, -0.171588, 0.251291, 0.251296, 0.748704
62.5767, -0.116896, -0.178597, 0.251029, 0.251034, 0.748966
62.58, -0.117476, -0.185606, 0.250771, 0.250777, 0.749223
62.5833, -0.118046, -0.192615, 0.250519, 0.250524, 0.749476
62.5867, -0.118608, -0.199625, 0.25027, 0.250275, 0.749725
62.59, -0.119162, -0.206634, 0.250027, 0.250032, 0.749968
62.5933, -0.119707, -0.213643, 0.249789, 0.249794, 0.750206
62.5967, -0.120245, -0.220653, 0.249556, 0.249561, 0.750439
62.6, -0.120776, -0.227662, 0.249329, 0.249333, 0.750667
62.6033, -0.1213, -0.234671, 0.249107, 0.249111, 0.750889
62.6067, -0.121817, -0.241681, 0.248891, 0.248896, 0.751104
62.61, -0.122328, -0.24869, 0.248682, 0.248686, 0.751314
62.6133, -0.122832, -0.255699, 0.248478, 0.248482, 0.751518
62.6167, -0.123331, -0.262708, 0.248282, 0.248286, 0.751714
62.62, -0.123824, -0.269718, 0.248092, 0.248096, 0.751904
62.6233, -0.124312, -0.276727, 0.247909, 0.247913, 0.752087
62.6267, -0.124795, -0.283736, 0.247734, 0.247737, 0.752263
62.63, -0.125273, -0.290746, 0.247566, 0.247569, 0.752431
62.6333, -0.125748, -0.297755, 0.247405, 0.247409, 0.752591
62.6367, -0.126218, -0.304764, 0.247253, 0.247256, 0.752744
62.64, -0.126684, -0.311773, 0.24711, 0.247113, 0.752887
62.6433, -0.127147, -0.318783, 0.246975, 0.246977, 0.753023
62.6467, -0.127608, -0.325792, 0.246849, 0.246851, 0.753149
62.65, -0.128065, -0.332801, 0.246732, 0.246734, 0.753266
62.6533, -0.12852, -0.339811, 0.246625, 0.246627, 0.753373
62.6567, -0.128973, -0.34682, 0.246528, 0.24653, 0.75347
62.66, -0.129424, -0.353829, 0.246441, 0.246443, 0.753557
62.6633, -0.129874, -0.360839, 0.246365, 0.246367, 0.753633
62.6667, -0.130324, -0.367848, 0.2463, 0.246302, 0.753698
62.67, -0.130772, -0.374857, 0.246247, 0.246248, 0.753752
62.6733, -0.13122, -0.381866, 0.246206, 0.246206, 0.753794
62.6767, -0.131669, -0.388876, 0.246177, 0.246177, 0.753823
62.68, -0.132118, -0.395885, 0.246161, 0.246161, 0.753839
62.6833, -0.132569, -0.402894, 0.246161, 0.24616, 0.75384
62.6867, -0.133041, -0.409904, 0.24622, 0.246218, 0.753782
62.69, -0.133542, -0.416913, 0.24635, 0.246346, 0.753654
62.6933, -0.13407, -0.423922, 0.246546, 0.246542, 0.753458
62.6967, -0.134632, -0.430932, 0.246808, 0.246802, 0.753198
62.7, -0.13523, -0.437941, 0.247134, 0.247126, 0.752874
62.7033, -0.135862, -0.44495, 0.247521, 0.247513, 0.752487
62.7067, -0.136527, -0.451959, 0.24797, 0.24796, 0.75204
62.71, -0.137223, -0.458969, 0.248478, 0.248467, 0.751533
62.7133, -0.137951, -0.465978, 0.249044, 0.249032, 0.750968
62.7167, -0.138708, -0.472987, 0.249666, 0.249653, 0.750347
62.72, -0.139493, -0.479997, 0.250344, 0.25033, 0.74967
62.7233, -0.140307, -0.487006, 0.251075, 0.25106, 0.74894
62.7267, -0.141147, -0.494015, 0.251859, 0.251842, 0.748158
62.73, -0.142014, -0.501024, 0.252693, 0.252676, 0.747324
62.7333, -0.142906, -0.508034, 0.253576, 0.253558, 0.746442
62.7367, -0.143822, -0.515043, 0.254508, 0.254489, 0.745511
62.74, -0.144763, -0.522052, 0.255487, 0.255467, 0.744533
62.7433, -0.145726, -0.529062, 0.256511, 0.25649, 0.74351
62.7467, -0.146713, -0.536071, 0.257579, 0.257557, 0.742443
62.75, -0.139676, -0.53523, 0.25804, 0.25804, 0.74196
62.7533, -0.125874, -0.528221, 0.258039, 0.258039, 0.741961
62.7567, -0.111993, -0.521211, 0.258033, 0.258033, 0.741967
62.76, -0.0985578, -0.514202, 0.258018, 0.258019, 0.741981
62.7633, -0.0859815, -0.507193, 0.25799, 0.25799, 0.74201
62.7667, -0.0745839, -0.500183, 0.257941, 0.257942, 0.742058
62.77, -0.0643361, -0.493174, 0.257869, 0.257871, 0.742129
62.7733, -0.0551122, -0.486165, 0.257771, 0.257774, 0.742226
62.7767, -0.0467763, -0.479155, 0.257646, 0.257649, 0.742351
62.78, -0.0392012, -0.472146, 0.257494, 0.257497, 0.742503
62.7833, -0.0322763, -0.465137, 0.257314, 0.257318, 0.742682
62.7867, -0.0259085, -0.458128, 0.257107, 0.257111, 0.742889
62.79, -0.0200205, -0.451118, 0.256874, 0.256879, 0.743121
62.7933, -0.0145487, -0.444109, 0.256616, 0.256622, 0.743378
62.7967, -0.00944037, -0.4371, 0.256334, 0.25634, 0.74366
62.8, -0.00465202, -0.43009, 0.256029, 0.256036, 0.743964
62.8033, -0.00014722, -0.423081, 0.255702, 0.255709, 0.744291
62.8067, 0.00410457, -0.416072, 0.255353, 0.25536, 0.74464
62.81, 0.00812917, -0.409063, 0.254984, 0.254992, 0.745008
62.8133, 0.0119486, -0.402053, 0.254595, 0.254603, 0.745397
62.8167, 0.0155817, -0.395044, 0.254188, 0.254196, 0.745804
62.82, 0.0190447, -0.388035, 0.253763, 0.253771, 0.746229
62.8233, 0.0223519, -0.381025, 0.25332, 0.253329, 0.746671
62.8267, 0.0255154, -0.374016, 0.252861, 0.25287, 0.74713
62.83, 0.0285463, -0.367007, 0.252386, 0.252396, 0.747604
62.8333, 0.031454, -0.359997, 0.251896, 0.251906, 0.748094
62.8367, 0.0342471, -0.352988, 0.251391, 0.251402, 0.748598
62.84, 0.0369333, -0.345979, 0.250873, 0.250884, 0.749116
62.8433, 0.0395192, -0.33897, 0.250341, 0.250352, 0.749648
62.8467, 0.042011, -0.33196, 0.249797, 0.249808, 0.750192
62.85, 0.0444142, -0.324951, 0.24924, 0.249252, 0.750748
62.8533, 0.0467339, -0.317942, 0.248672, 0.248684, 0.751316
62.8567, 0.0489746, -0.310932, 0.248093, 0.248105, 0.751895
62.86, 0.0511405, -0.303923, 0.247504, 0.247515, 0.752485
62.8633, 0.0532354, -0.296914, 0.246904, 0.246916, 0.753084
62.8667, 0.0552629, -0.289904, 0.246294, 0.246307, 0.753693
62.87, 0.0572261, -0.282895, 0.245676, 0.245689, 0.754311
62.8733, 0.059128, -0.275886, 0.245049, 0.245062, 0.754938
62.8767, 0.0609715, -0.268877, 0.244414, 0.244427, 0.755573
62.88, 0.0627591, -0.261867, 0.243771, 0.243784, 0.756216
62.8833, 0.0644933, -0.254858, 0.243121, 0.243134, 0.756866
62.8867, 0.0661761, -0.247849, 0.242464, 0.242478, 0.757522
62.89, 0.0678099, -0.240839, 0.241801, 0.241815, 0.758185
62.8933, 0.0693965, -0.23383, 0.241132, 0.241146, 0.758854
62.8967, 0.0709378, -0.226821, 0.240458, 0.240471, 0.759529
62.9, 0.0724355, -0.219812, 0.239778, 0.239792, 0.760208
62.9033, 0.0738914, -0.212802, 0.239094, 0.239107, 0.760893
62.9067, 0.0753069, -0.205793, 0.238405, 0.238419, 0.761581
62.91, 0.076667, -0.198784, 0.237713, 0.237727, 0.762273
62.9133, 0.0778515, -0.191774, 0.237017, 0.237031, 0.762969
62.9167, 0.0789999, -0.184765, 0.236318, 0.236332, 0.763668
62.92, 0.0801135, -0.177756, 0.235617, 0.235631, 0.764369
62.9233, 0.0811935, -0.170746, 0.234913, 0.234927, 0.765073
62.9267, 0.0822411, -0.163737, 0.234208, 0.234222, 0.765778
62.93, 0.0832575, -0.156728, 0.233501, 0.233515, 0.766485
62.9333, 0.0842429, -0.149719, 0.232794, 0.232808, 0.767192
62.9367, 0.085197, -0.142709, 0.232088, 0.232102, 0.767898
62.94, 0.0861211, -0.1357, 0.231384, 0.231398, 0.768602
62.9433, 0.0870163, -0.128691, 0.230681, 0.230695, 0.769305
62.9467, 0.0878836, -0.121681, 0.229981, 0.229995, 0.770005
62.95, 0.088724, -0.114672, 0.229284, 0.229298, 0.770702
62.9533, 0.0895385, -0.107663, 0.228589, 0.228603, 0.771397
62.9567, 0.0903281, -0.100653, 0.227899, 0.227913, 0.772087
62.96, 0.0910937, -0.0936442, 0.227212, 0.227226, 0.772774
62.9633, 0.0918363, -0.0866349, 0.226531, 0.226544, 0.773456
62.9667, 0.0925567, -0.0796256, 0.225854, 0.225867, 0.774133
62.97, 0.0932557, -0.0726163, 0.225182, 0.225195, 0.774805
62.9733, 0.0939343, -0.065607, 0.224516, 0.22453, 0.77547
62.9767, 0.0945933, -0.0585977, 0.223857, 0.22387, 0.77613
62.98, 0.0952334, -0.0515884, 0.223204, 0.223217, 0.776783
62.9833, 0.0958554, -0.0445791, 0.222558, 0.222571, 0.777429
62.9867, 0.0964601, -0.0375698, 0.22192, 0.221933, 0.778067
62.99, 0.0970483, -0.0305605, 0.22129, 0.221302, 0.778698
62.9933, 0.0976207, -0.0235512, 0.220668, 0.22068, 0.77932
62.9967, 0.0981781, -0.0165419, 0.220055, 0.220067, 0.779933
63, 0.0987211, -0.00953264, 0.219451, 0.219463, 0.780537
63.0033, 0.0992505, -0.00252335, 0.218857, 0.218869, 0.781131
63.0067, 0.0997669, 0.00448595, 0.218273, 0.218284, 0.781716
63.01, 0.100271, 0.0114952, 0.217699, 0.217711, 0.782289
63.0133, 0.100764, 0.0185045, 0.217137, 0.217148, 0.782852
63.0167, 0.101245, 0.0255138, 0.216586, 0.216597, 0.783403
63.02, 0.101717, 0.0325231, 0.216047, 0.216057, 0.783943
63.0233, 0.102179, 0.0395324, 0.21552, 0.215531, 0.784469
63.0267, 0.102632, 0.0465417, 0.215006, 0.215017, 0.784983
63.03, 0.103077, 0.053551, 0.214506, 0.214516, 0.785484
63.0333, 0.103514, 0.0605603, 0.21402, 0.214029, 0.785971
63.0367, 0.103944, 0.0675696, 0.213548, 0.213557, 0.786443
63.04, 0.104368, 0.0745789, 0.213091, 0.2131, 0.7869
63.0433, 0.104786, 0.0815882, 0.212649, 0.212658, 0.787342
63.0467, 0.1052, 0.0885975, 0.212224, 0.212232, 0.787768
63.05, 0.105609, 0.0956068, 0.211815, 0.211823, 0.788177
63.0533, 0.106014, 0.102616, 0.211424, 0.211432, 0.788568
63.0567, 0.106416, 0.109625, 0.21105, 0.211058, 0.788942
63.06, 0.106816, 0.116635, 0.210695, 0.210702, 0.789298
63.0633, 0.107215, 0.123644, 0.21036, 0.210366, 0.789634
63.0667, 0.107612, 0.130653, 0.210044, 0.21005, 0.78995
63.07, 0.108009, 0.137663, 0.209749, 0.209754, 0.790246
63.0733, 0.108407, 0.144672, 0.209475, 0.20948, 0.79052
63.0767, 0.108806, 0.151681, 0.209223, 0.209228, 0.790772
63.08, 0.109207, 0.15869, 0.208995, 0.208999, 0.791001
63.0833, 0.10961, 0.1657, 0.20879, 0.208794, 0.791206
63.0867, 0.110017, 0.172709, 0.20861, 0.208614, 0.791386
63.09, 0.110429, 0.179718, 0.208456, 0.208459, 0.791541
63.0933, 0.110845, 0.186728, 0.208329, 0.208331, 0.791669
63.0967, 0.111268, 0.193737, 0.20823, 0.208232, 0.791768
63.1, 0.111697, 0.200746, 0.20816, 0.208161, 0.791839
63.1033, 0.112134, 0.207756, 0.20812, 0.20812, 0.79188
63.1067, 0.112581, 0.214765, 0.208112, 0.208112, 0.791888
63.11, 0.113048, 0.221774, 0.208166, 0.208164, 0.791836
63.1133, 0.113538, 0.228783, 0.208288, 0.208284, 0.791716
63.1167, 0.114051, 0.235793, 0.208475, 0.208471, 0.791529
63.12, 0.114587, 0.242802, 0.208724, 0.208719, 0.791281
63.1233, 0.115144, 0.249811, 0.209033, 0.209026, 0.790974
63.1267, 0.115722, 0.256821, 0.209397, 0.209389, 0.790611
63.13, 0.11632, 0.26383, 0.209815, 0.209806, 0.790194
63.1333, 0.116937, 0.270839, 0.210283, 0.210273, 0.789727
63.1367, 0.117573, 0.277848, 0.2108, 0.210789, 0.789211
63.14, 0.118226, 0.284858, 0.211362, 0.211351, 0.788649
63.1433, 0.118897, 0.291867, 0.211969, 0.211956, 0.788044
63.1467, 0.119585, 0.298876, 0.212617, 0.212604, 0.787396
63.15, 0.120289, 0.305886, 0.213305, 0.213291, 0.786709
63.1533, 0.121008, 0.312895, 0.214031, 0.214016, 0.785984
63.1567, 0.121742, 0.319904, 0.214794, 0.214778, 0.785222
63.16, 0.122491, 0.326914, 0.215591, 0.215575, 0.784425
63.1633, 0.123254, 0.333923, 0.216423, 0.216406, 0.783594
63.1667, 0.124031, 0.340932, 0.217287, 0.21727, 0.78273
63.17, 0.124822, 0.347941, 0.218184, 0.218166, 0.781834
63.1733, 0.125627, 0.354951, 0.219112, 0.219093, 0.780907
63.1767, 0.126444, 0.36196, 0.22007, 0.22005, 0.77995
63.18, 0.127274, 0.368969, 0.221056, 0.221036, 0.778964
63.1833, 0.128117, 0.375979, 0.22207, 0.222049, 0.777951
63.1867, 0.128971, 0.382988, 0.223111, 0.223089, 0.776911
63.19, 0.129837, 0.389997, 0.224177, 0.224155, 0.775845
63.1933, 0.130714, 0.397007, 0.225268, 0.225245, 0.774755
63.1967, 0.131602, 0.404016, 0.226382, 0.22636, 0.77364
63.2, 0.132501, 0.411025, 0.227519, 0.227497, 0.772503
63.2033, 0.13341, 0.418034, 0.228679, 0.228655, 0.771345
63.2067, 0.134329, 0.425044, 0.229859, 0.229836, 0.770164
63.21, 0.135257, 0.432053, 0.23106, 0.231036, 0.768964
63.2133, 0.136195, 0.439062, 0.232281, 0.232256, 0.767744
63.2167, 0.137141, 0.446072, 0.23352, 0.233495, 0.766505
63.22, 0.138097, 0.453081, 0.234778, 0.234753, 0.765247
63.2233, 0.139062, 0.46009, 0.236055, 0.236029, 0.763971
63.2267, 0.140038, 0.467099, 0.23735, 0.237324, 0.762676
63.23, 0.141025, 0.474109, 0.238663, 0.238637, 0.761363
63.2333, 0.142022, 0.481118, 0.239995, 0.239968, 0.760032
63.2367, 0.143029, 0.488127, 0.241345, 0.241318, 0.758682
63.24, 0.144046, 0.495137, 0.242712, 0.242685, 0.757315
63.2433, 0.145074, 0.502146, 0.244097, 0.244069, 0.755931
63.2467, 0.146111, 0.509155, 0.245499, 0.245471, 0.754529
63.25, 0.147158, 0.516165, 0.246889, 0.246889, 0.753111
63.2523, 0.136337, 0.509155, 0.246888, 0.246888, 0.753112
63.2545, 0.12522, 0.502146, 0.246881, 0.246881, 0.753119
63.2568, 0.114184, 0.495137, 0.246864, 0.246864, 0.753136
63.259, 0.103551, 0.488127, 0.246829, 0.24683, 0.75317
63.2613, 0.0935477, 0.481118, 0.246771, 0.246772, 0.753228
63.2635, 0.0842906, 0.474109, 0.246682, 0.246684, 0.753316
63.2658, 0.0758637, 0.467099, 0.246559, 0.246562, 0.753438
63.268, 0.0682051, 0.46009, 0.246402, 0.246405, 0.753595
63.2703, 0.0612132, 0.453081, 0.246208, 0.246212, 0.753788
63.2725, 0.0547964, 0.446072, 0.245978, 0.245983, 0.754017
63.2748, 0.0488756, 0.439062, 0.245713, 0.245719, 0.754281
63.277, 0.0433841, 0.432053, 0.245414, 0.24542, 0.75458
63.2793, 0.0382663, 0.425044, 0.245081, 0.245088, 0.754912
63.2815, 0.0334759, 0.418034, 0.244716, 0.244723, 0.755277
63.2838, 0.0289742, 0.411025, 0.24432, 0.244328, 0.755672
63.286, 0.0247288, 0.404016, 0.243894, 0.243902, 0.756098
63.2883, 0.0207126, 0.397007, 0.243439, 0.243448, 0.756552
63.2905, 0.0169024, 0.389997, 0.242956, 0.242966, 0.757034
63.2928, 0.0132787, 0.382988, 0.242447, 0.242458, 0.757542
63.295, 0.00982449, 0.375979, 0.241913, 0.241924, 0.758076
63.2973, 0.00652533, 0.368969, 0.241354, 0.241365, 0.758635
63.2995, 0.00336857, 0.36196, 0.240771, 0.240783, 0.759217
63.3018, 0.000343182, 0.354951, 0.240165, 0.240178, 0.759822
63.3041, -0.0025605, 0.347941, 0.239538, 0.239551, 0.760449
63.3063, -0.00535102, 0.340932, 0.238889, 0.238902, 0.761098
63.3086, -0.00803594, 0.333923, 0.23822, 0.238234, 0.761766
63.3108, -0.010622, 0.326914, 0.237532, 0.237546, 0.762454
63.3131, -0.0131153, 0.319904, 0.236824, 0.236838, 0.763162
63.3153, -0.0155212, 0.312895, 0.236098, 0.236113, 0.763887
63.3176, -0.0178446, 0.305886, 0.235355, 0.23537, 0.76463
63.3198, -0.02009, 0.298876, 0.234595, 0.234611, 0.765389
63.3221, -0.0222614, 0.291867, 0.233819, 0.233835, 0.766165
63.3243, -0.0243625, 0.284858, 0.233027, 0.233043, 0.766957
63.3266, -0.0263966, 0.277848, 0.23222, 0.232236, 0.767764
63.3288, -0.0283668, 0.270839, 0.231399, 0.231415, 0.768585
63.3311, -0.0302761, 0.26383, 0.230564, 0.23058, 0.76942
63.3333, -0.0321269, 0.256821, 0.229715, 0.229732, 0.770268
63.3356, -0.0339219, 0.249811, 0.228854, 0.228871, 0.771129
63.3378, -0.0356631, 0.242802, 0.22798, 0.227998, 0.772002
63.3401, -0.0373528, 0.235793, 0.227094, 0.227112, 0.772888
63.3423, -0.0389928, 0.228783, 0.226198, 0.226216, 0.773784
63.3446, -0.0405851, 0.221774, 0.22529, 0.225309, 0.774691
63.3468, -0.0421314, 0.214765, 0.224372, 0.224391, 0.775609
63.3491, -0.0436333, 0.207756, 0.223445, 0.223464, 0.776536
63.3514, -0.0450922, 0.200746, 0.222508, 0.222527, 0.777473
63.3536, -0.0465097, 0.193737, 0.221562, 0.221581, 0.778419
63.3559, -0.0478871, 0.186728, 0.220608, 0.220627, 0.779373
63.3581, -0.0492258, 0.179718, 0.219645, 0.219665, 0.780335
63.3604, -0.0504421, 0.172709, 0.218675, 0.218695, 0.781305
63.3626, -0.0515519, 0.1657, 0.217698, 0.217718, 0.782282
63.3649, -0.0526265, 0.15869, 0.216714, 0.216734, 0.783266
63.3671, -0.0536668, 0.151681, 0.215724, 0.215744, 0.784256
63.3694, -0.0546739, 0.144672, 0.214728, 0.214748, 0.785252
63.3716, -0.0556487, 0.137663, 0.213727, 0.213747, 0.786253
63.3739, -0.0565922, 0.130653, 0.21272, 0.21274, 0.78726
63.3761, -0.0575053, 0.123644, 0.211709, 0.211729, 0.788271
63.3784, -0.0583888, 0.116635, 0.210693, 0.210713, 0.789287
63.3806, -0.0592436, 0.109625, 0.209674, 0.209694, 0.790306
63.3829, -0.0600704, 0.102616, 0.20865, 0.208671, 0.791329
63.3851, -0.0608701, 0.0956068, 0.207624, 0.207645, 0.792355
63.3874, -0.0616433, 0.0885975, 0.206595, 0.206616, 0.793384
63.3896, -0.0623908, 0.0815882, 0.205564, 0.205585, 0.794415
63.3919, -0.0631132, 0.0745789, 0.204531, 0.204552, 0.795448
63.3941, -0.0638114, 0.0675696, 0.203496, 0.203517, 0.796483
63.3964, -0.0644859, 0.0605603, 0.20246, 0.202481, 0.797519
63.3986, -0.0651374, 0.053551, 0.201423, 0.201444, 0.798556
63.4009, -0.0657664, 0.0465417, 0.200386, 0.200406, 0.799594
63.4032, -0.0663737, 0.0395324, 0.199348, 0.199369, 0.800631
63.4054, -0.0669598, 0.0325231, 0.198311, 0.198332, 0.801668
63.4077, -0.0675254, 0.0255138, 0.197274, 0.197295, 0.802705
63.4099, -0.0680708, 0.0185045, 0.196238, 0.196259, 0.803741
63.4122, -0.0685969, 0.0114952, 0.195204, 0.195225, 0.804775
63.4144, -0.069104, 0.00448595, 0.194172, 0.194192, 0.805808
63.4167, -0.0695927, -0.00252335, 0.193141, 0.193162, 0.806838
63.4189, -0.0700634, -0.00953264, 0.192113, 0.192134, 0.807866
63.4212, -0.0705161, -0.0165419, 0.191091, 0.191111, 0.808889
63.4234, -0.0709512, -0.0235512, 0.190073, 0.190093, 0.809907
63.4257, -0.0713695, -0.0305605, 0.18906, 0.18908, 0.81092
63.4279, -0.0717713, -0.0375698, 0.188053, 0.188073, 0.811927
63.4302, -0.0721574, -0.0445791, 0.187053, 0.187073, 0.812927
63.4324, -0.0725282, -0.0515884, 0.186059, 0.186079, 0.813921
63.4347, -0.0728844, -0.0585977, 0.185072, 0.185092, 0.814908
63.4369, -0.0732263, -0.065607, 0.184092, 0.184112, 0.815888
63.4392, -0.0735547, -0.0726163, 0.18312, 0.18314, 0.81686
63.4414, -0.0738699, -0.0796256, 0.182156, 0.182175, 0.817825
63.4437, -0.0741726, -0.0866349, 0.181201, 0.18122, 0.81878
63.4459, -0.0744631, -0.0936442, 0.180254, 0.180273, 0.819727
63.4482, -0.0747421, -0.100653, 0.179317, 0.179335, 0.820665
63.4505, -0.0750101, -0.107663, 0.178389, 0.178407, 0.821593
63.4527, -0.0752674, -0.114672, 0.177471, 0.177489, 0.822511
63.455, -0.0755147, -0.121681, 0.176563, 0.176581, 0.823419
63.4572, -0.0757524, -0.128691, 0.175666, 0.175683, 0.824317
63.4595, -0.075981, -0.1357, 0.174779, 0.174797, 0.825203
63.4617, -0.0762009, -0.142709, 0.173905, 0.173922, 0.826078
63.464, -0.0764128, -0.149719, 0.173042, 0.173059, 0.826941
63.4662, -0.0766169, -0.156728, 0.172191, 0.172207, 0.827793
63.4685, -0.0768139, -0.163737, 0.171352, 0.171369, 0.828631
63.4707, -0.0770041, -0.170746, 0.170526, 0.170543, 0.829457
63.473, -0.0771881, -0.177756, 0.169714, 0.16973, 0.83027
63.4752, -0.0773663, -0.184765, 0.168915, 0.168931, 0.831069
63.4775, -0.0775391, -0.191774, 0.16813, 0.168146, 0.831854
63.4797, -0.0777071, -0.198784, 0.16736, 0.167375, 0.832625
63.482, -0.0778708, -0.205793, 0.166604, 0.166619, 0.833381
63.4842, -0.0780305, -0.212802, 0.165863, 0.165878, 0.834122
63.4865, -0.0781868, -0.219812, 0.165138, 0.165153, 0.834847
63.4887, -0.07834, -0.226821, 0.164429, 0.164443, 0.835557
63.491, -0.0784908, -0.23383, 0.163737, 0.16375, 0.83625
63.4932, -0.0786395, -0.240839, 0.163061, 0.163074, 0.836926
63.4955, -0.0787867, -0.247849, 0.162402, 0.162415, 0.837585
63.4977, -0.0789328, -0.254858, 0.161761, 0.161774, 0.838226
63.5, -0.0790783, -0.261867, 0.161139, 0.161151, 0.838849
63.5023, -0.0792237, -0.268877, 0.160535, 0.160547, 0.839453
63.5045, -0.0793695, -0.275886, 0.15995, 0.159961, 0.840039
63.5068, -0.0795161, -0.282895, 0.159384, 0.159396, 0.840604
63.509, -0.0796641, -0.289904, 0.158839, 0.15885, 0.84115
63.5113, -0.0798141, -0.296914, 0.158315, 0.158325, 0.841675
63.5135, -0.0799664, -0.303923, 0.157812, 0.157822, 0.842178
63.5158, -0.0801217, -0.310932, 0.157331, 0.15734, 0.84266
63.518, -0.0802805, -0.317942, 0.156872, 0.156881, 0.843119
63.5203, -0.0804434, -0.324951, 0.156436, 0.156444, 0.843556
63.5225, -0.0806109, -0.33196, 0.156024, 0.156032, 0.843968
63.5248, -0.0807835, -0.33897, 0.155636, 0.155643, 0.844357
63.527, -0.0809619, -0.345979, 0.155273, 0.15528, 0.84472
63.5293, -0.0811468, -0.352988, 0.154936, 0.154943, 0.845057
63.5315, -0.0813386, -0.359997, 0.154626, 0.154632, 0.845368
63.5338, -0.0815381, -0.367007, 0.154343, 0.154348, 0.845652
63.536, -0.0817459, -0.374016, 0.154088, 0.154093, 0.845907
63.5383, -0.0819627, -0.381025, 0.153863, 0.153867, 0.846133
63.5405, -0.0821892, -0.388035, 0.153667, 0.153671, 0.846329
63.5428, -0.0824262, -0.395044, 0.153503, 0.153506, 0.846494
63.545, -0.0826744, -0.402053, 0.15337, 0.153373, 0.846627
63.5473, -0.0829347, -0.409063, 0.153271, 0.153273, 0.846727
63.5495, -0.0832077, -0.416072, 0.153206, 0.153207, 0.846793
63.5518, -0.0834945, -0.423081, 0.153176, 0.153177, 0.846823
63.5541, -0.0837969, -0.43009, 0.153187, 0.153186, 0.846814
63.5563, -0.0841183, -0.4371, 0.153245, 0.153243, 0.846757
63.5586, -0.084458, -0.444109, 0.153349, 0.153347, 0.846653
63.5608, -0.0848154, -0.451118, 0.153497, 0.153494, 0.846506
63.5631, -0.0851896, -0.458128, 0.153687, 0.153683, 0.846317
63.5653, -0.08558, -0.465137, 0.153917, 0.153912, 0.846088
63.5676, -0.0859858, -0.472146, 0.154184, 0.154178, 0.845822
63.5698, -0.0864065, -0.479155, 0.154487, 0.15448, 0.84552
63.5721, -0.0868413, -0.486165, 0.154824, 0.154817, 0.845183
63.5743, -0.0872896, -0.493174, 0.155193, 0.155185, 0.844815
63.5766, -0.087751, -0.500183, 0.155593, 0.155585, 0.844415
63.5788, -0.0882247, -0.507193, 0.156023, 0.156014, 0.843986
63.5811, -0.0887102, -0.514202, 0.15648, 0.15647, 0.84353
63.5833, -0.0892071, -0.521211, 0.156963, 0.156953, 0.843047
63.5856, -0.0897148, -0.528221, 0.157472, 0.157462, 0.842538
63.5878, -0.0902329, -0.53523, 0.158005, 0.157994, 0.842006
63.5901, -0.0907608, -0.542239, 0.158561, 0.158549, 0.841451
63.5923, -0.0912982, -0.549248, 0.159138, 0.159126, 0.840874
63.5946, -0.0918446, -0.556258, 0.159736, 0.159723, 0.840277
63.5968, -0.0923996, -0.563267, 0.160353, 0.16034, 0.83966
63.5991, -0.0929629, -0.570276, 0.160989, 0.160976, 0.839024
63.6014, -0.093534, -0.577286, 0.161643, 0.16163, 0.83837
63.6036, -0.0941131, -0.584295, 0.162315, 0.162301, 0.837699
63.6059, -0.0947024, -0.591304, 0.163008, 0.162994, 0.837006
63.6081, -0.0953021, -0.598313, 0.163723, 0.163708, 0.836292
63.6104, -0.0959121, -0.605323, 0.16446, 0.164445, 0.835555
63.6126, -0.0965322, -0.612332, 0.165217, 0.165202, 0.834798
63.6149, -0.0971624, -0.619341, 0.165995, 0.165979, 0.834021
63.6171, -0.0978025, -0.626351, 0.166794, 0.166777, 0.833223
63.6194, -0.0984524, -0.63336, 0.167611, 0.167595, 0.832405
63.6216, -0.0991118, -0.640369, 0.168449, 0.168432, 0.831568
63.6239, -0.0997806, -0.647379, 0.169304, 0.169287, 0.830713
63.6261, -0.100458, -0.654388, 0.170179, 0.170161, 0.829839
63.6284, -0.101145, -0.661397, 0.17107, 0.171052, 0.828948
63.6306, -0.101841, -0.668406, 0.171979, 0.171961, 0.828039
63.6329, -0.102545, -0.675416, 0.172904, 0.172886, 0.827114
63.6351, -0.103257, -0.682425, 0.173846, 0.173827, 0.826173
63.6374, -0.103978, -0.689434, 0.174802, 0.174783, 0.825217
63.6396, -0.104705, -0.696444, 0.175774, 0.175754, 0.824246
63.6419, -0.105441, -0.703453, 0.176759, 0.17674, 0.82326
63.6441, -0.106183, -0.710462, 0.177759, 0.177739, 0.822261
63.6464, -0.106933, -0.717472, 0.178771, 0.178751, 0.821249
63.6486, -0.107689, -0.724481, 0.179797, 0.179776, 0.820224
63.6509, -0.108451, -0.73149, 0.180834, 0.180813, 0.819187
63.6532, -0.10922, -0.738499, 0.181883, 0.181862, 0.818138
63.6554, -0.109995, -0.745509, 0.182943, 0.182922, 0.817078
63.6577, -0.110775, -0.752518, 0.184015, 0.183993, 0.816007
63.6599, -0.111561, -0.759527, 0.185096, 0.185074, 0.814926
63.6622, -0.112353, -0.766537, 0.186188, 0.186166, 0.813834
63.6644, -0.11315, -0.773546, 0.187289, 0.187267, 0.812733
63.6667, -0.113952, -0.780555, 0.188401, 0.188379, 0.811621
63.6689, -0.114762, -0.787564, 0.189524, 0.189501, 0.810499
63.6712, -0.115577, -0.794574, 0.190657, 0.190634, 0.809366
63.6734, -0.116399, -0.801583, 0.191801, 0.191778, 0.808222
63.6757, -0.117227, -0.808592, 0.192955, 0.192932, 0.807068
63.6779, -0.118061, -0.815602, 0.194119, 0.194096, 0.805904
63.6802, -0.118901, -0.822611, 0.195294, 0.19527, 0.80473
63.6824, -0.119747, -0.82962, 0.196478, 0.196454, 0.803546
63.6847, -0.120599, -0.83663, 0.197672, 0.197648, 0.802352
63.6869, -0.121457, -0.843639, 0.198876, 0.198852, 0.801148
63.6892, -0.122321, -0.850648, 0.200089, 0.200065, 0.799935
63.6914, -0.123191, -0.857657, 0.201312, 0.201288, 0.798712
63.6937, -0.124066, -0.864667, 0.202545, 0.20252, 0.79748
63.6959, -0.124947, -0.871676, 0.203786, 0.203762, 0.796238
63.6982, -0.125834, -0.878685, 0.205037, 0.205012, 0.794988
63.7005, -0.126726, -0.885695, 0.206297, 0.206272, 0.793728
63.7027, -0.127623, -0.892704, 0.207566, 0.207541, 0.792459
63.705, -0.128527, -0.899713, 0.208844, 0.208818, 0.791182
63.7072, -0.129435, -0.906722, 0.210131, 0.210105, 0.789895
63.7095, -0.130349, -0.913732, 0.211426, 0.2114, 0.7886
63.7117, -0.131268, -0.920741, 0.21273, 0.212704, 0.787296
63.714, -0.132193, -0.92775, 0.214042, 0.214016, 0.785984
63.7162, -0.133122, -0.93476, 0.215363, 0.215337, 0.784663
63.7185, -0.134057, -0.941769, 0.216692, 0.216666, 0.783334
63.7207, -0.134997, -0.948778, 0.21803, 0.218003, 0.781997
63.723, -0.135942, -0.955788, 0.219376, 0.219349, 0.780651
63.7252, -0.136892, -0.962797, 0.220729, 0.220702, 0.779298
63.7275, -0.137848, -0.969806, 0.222091, 0.222064, 0.777936
63.7297, -0.138808, -0.976815, 0.223461, 0.223434, 0.776566
63.732, -0.139773, -0.983825, 0.224839, 0.224811, 0.775189
63.7342, -0.140743, -0.990834, 0.226224, 0.226197, 0.773803
63.7365, -0.141718, -0.997843, 0.227618, 0.22759, 0.77241
63.7387, -0.142697, -1.00485, 0.229018, 0.22899, 0.77101
63.741, -0.143682, -1.01186, 0.230427, 0.230399, 0.769601
63.7432, -0.144671, -1.01887, 0.231843, 0.231815, 0.768185
63.7455, -0.145665, -1.02588, 0.233267, 0.233238, 0.766762
63.7477, -0.146663, -1.03289, 0.234698, 0.234669, 0.765331
63.75, -0.142753, -1.03261, 0.235357, 0.235357, 0.764643
63.7516, -0.133988, -1.0256, 0.235337, 0.235338, 0.764662
63.7531, -0.125033, -1.01859, 0.235279, 0.235281, 0.764719
63.7547, -0.116126, -1.01158, 0.235167, 0.23517, 0.76483
63.7562, -0.107472, -1.00457, 0.234983, 0.234988, 0.765012
63.7578, -0.0992231, -0.997563, 0.23471, 0.234717, 0.765283
63.7593, -0.0914631, -0.990554, 0.234336, 0.234345, 0.765655
63.7609, -0.0842213, -0.983544, 0.233854, 0.233865, 0.766135
63.7624, -0.0775035, -0.976535, 0.233261, 0.233274, 0.766726
63.764, -0.07131, -0.969526, 0.232565, 0.23258, 0.76742
63.7655, -0.0655785, -0.962516, 0.231769, 0.231786, 0.768214
63.7671, -0.0602515, -0.955507, 0.230876, 0.230895, 0.769105
63.7686, -0.0552799, -0.948498, 0.229893, 0.229913, 0.770087
63.7702, -0.0506224, -0.941489, 0.228823, 0.228845, 0.771155
63.7717, -0.0462439, -0.934479, 0.227671, 0.227695, 0.772305
63.7733, -0.0421151, -0.92747, 0.226443, 0.226468, 0.773532
63.7748, -0.0382112, -0.920461, 0.225141, 0.225168, 0.774832
63.7764, -0.0345111, -0.913451, 0.223771, 0.223799, 0.776201
63.778, -0.0309968, -0.906442, 0.222336, 0.222365, 0.777635
63.7795, -0.0276529, -0.899433, 0.220839, 0.22087, 0.77913
63.7811, -0.0244662, -0.892424, 0.219285, 0.219316, 0.780684
63.7826, -0.021425, -0.885414, 0.217675, 0.217708, 0.782292
63.7842, -0.0185192, -0.878405, 0.216014, 0.216048, 0.783952
63.7857, -0.0157401, -0.871396, 0.214305, 0.214339, 0.785661
63.7873, -0.0130798, -0.864386, 0.212549, 0.212584, 0.787416
63.7888, -0.0105313, -0.857377, 0.21075, 0.210786, 0.789214
63.7904, -0.00808852, -0.850368, 0.20891, 0.208947, 0.791053
63.7919, -0.00574579, -0.843358, 0.207031, 0.207069, 0.792931
63.7935, -0.00349812, -0.836349, 0.205116, 0.205154, 0.794846
63.795, -0.001341, -0.82934, 0.203167, 0.203206, 0.796794
63.7966, 0.000729725, -0.822331, 0.201186, 0.201226, 0.798774
63.7981, 0.00271782, -0.815321, 0.199175, 0.199215, 0.800785
63.7997, 0.00462675, -0.808312, 0.197136, 0.197177, 0.802823
63.8012, 0.0064597, -0.801303, 0.195071, 0.195113, 0.804887
63.8028, 0.00821963, -0.794293, 0.192982, 0.193024, 0.806976
63.8043, 0.00990927, -0.787284, 0.190871, 0.190913, 0.809087
63.8059, 0.0115312, -0.780275, 0.188738, 0.188781, 0.811219
63.8075, 0.0130878, -0.773266, 0.186587, 0.18663, 0.81337
63.809, 0.0145812, -0.766256, 0.184419, 0.184462, 0.815538
63.8106, 0.0160137, -0.759247, 0.182234, 0.182278, 0.817722
63.8121, 0.0173872, -0.752238, 0.180035, 0.18008, 0.81992
63.8137, 0.0187035, -0.745228, 0.177824, 0.177868, 0.822132
63.8152, 0.0199646, -0.738219, 0.175601, 0.175646, 0.824354
63.8168, 0.021172, -0.73121, 0.173369, 0.173413, 0.826587
63.8183, 0.0223274, -0.7242, 0.171127, 0.171172, 0.828828
63.8199, 0.0234324, -0.717191, 0.168879, 0.168924, 0.831076
63.8214, 0.0244885, -0.710182, 0.166625, 0.16667, 0.83333
63.823, 0.025497, -0.703173, 0.164366, 0.164411, 0.835589
63.8245, 0.026449, -0.696163, 0.162104, 0.16215, 0.83785
63.8261, 0.0272119, -0.689154, 0.15984, 0.159886, 0.840114
63.8276, 0.0279314, -0.682145, 0.157575, 0.157621, 0.842379
63.8292, 0.0286086, -0.675135, 0.155311, 0.155356, 0.844644
63.8307, 0.0292448, -0.668126, 0.153048, 0.153093, 0.846907
63.8323, 0.0298412, -0.661117, 0.150787, 0.150832, 0.849168
63.8339, 0.030399, -0.654107, 0.14853, 0.148575, 0.851425
63.8354, 0.0309193, -0.647098, 0.146278, 0.146323, 0.853677
63.837, 0.0314031, -0.640089, 0.144031, 0.144076, 0.855924
63.8385, 0.0318516, -0.63308, 0.141792, 0.141837, 0.858163
63.8401, 0.0322658, -0.62607, 0.13956, 0.139605, 0.860395
63.8416, 0.0326468, -0.619061, 0.137337, 0.137381, 0.862619
63.8432, 0.0329955, -0.612052, 0.135124, 0.135168, 0.864832
63.8447, 0.033313, -0.605042, 0.132921, 0.132965, 0.867035
63.8463, 0.0336002, -0.598033, 0.13073, 0.130774, 0.869226
63.8478, 0.0338582, -0.591024, 0.128551, 0.128595, 0.871405
63.8494, 0.0340878, -0.584015, 0.126386, 0.126429, 0.873571
63.8509, 0.03429, -0.577005, 0.124235, 0.124277, 0.875723
63.8525, 0.0344657, -0.569996, 0.122098, 0.122141, 0.877859
63.854, 0.0346159, -0.562987, 0.119978, 0.12002, 0.87998
63.8556, 0.0347414, -0.555977, 0.117874, 0.117916, 0.882084
63.8571, 0.0348431, -0.548968, 0.115787, 0.115829, 0.884171
63.8587, 0.0349219, -0.541959, 0.113719, 0.11376, 0.88624
63.8602, 0.0349787, -0.534949, 0.111669, 0.11171, 0.88829
63.8618, 0.0350144, -0.52794, 0.109639, 0.109679, 0.890321
63.8634, 0.0350371, -0.520931, 0.107657, 0.107696, 0.892304
63.8649, 0.0350518, -0.513922, 0.105737, 0.105775, 0.894225
63.8665, 0.035059, -0.506912, 0.103876, 0.103913, 0.896087
63.868, 0.0350593, -0.499903, 0.102072, 0.102108, 0.897892
63.8696, 0.0350534, -0.492894, 0.100324, 0.100359, 0.899641
63.8711, 0.0350416, -0.485884, 0.0986295, 0.0986629, 0.901337
63.8727, 0.0350246, -0.478875, 0.0969866, 0.0970189, 0.902981
63.8742, 0.0350029, -0.471866, 0.0953938, 0.0954251, 0.904575
63.8758, 0.0349768, -0.464856, 0.0938495, 0.0938799, 0.90612
63.8773, 0.0349468, -0.457847, 0.0923522, 0.0923817, 0.907618
63.8789, 0.0349133, -0.450838, 0.0909004, 0.090929, 0.909071
63.8804, 0.0348768, -0.443829, 0.0894931, 0.0895208, 0.910479
63.882, 0.0348376, -0.436819, 0.0881309, 0.0881577, 0.911842
63.8835, 0.0347962, -0.42981, 0.0868129, 0.0868388, 0.913161
63.8851, 0.0347528, -0.422801, 0.0855375, 0.0855626, 0.914437
63.8866, 0.034708, -0.415791, 0.0843036, 0.0843279, 0.915672
63.8882, 0.0346619, -0.408782, 0.0831098, 0.0831333, 0.916867
63.8898, 0.0346149, -0.401773, 0.0819551, 0.0819778, 0.918022
63.8913, 0.0345673, -0.394764, 0.0808383, 0.0808602, 0.91914
63.8929, 0.0345193, -0.387754, 0.0797582, 0.0797795, 0.920221
63.8944, 0.0344714, -0.380745, 0.078714, 0.0787345, 0.921266
63.896, 0.0344237, -0.373736, 0.0777045, 0.0777243, 0.922276
63.8975, 0.0343764, -0.366726, 0.0767289, 0.0767481, 0.923252
63.8991, 0.0343299, -0.359717, 0.0757863, 0.0758049, 0.924195
63.9006, 0.0342844, -0.352708, 0.074876, 0.0748939, 0.925106
63.9022, 0.0342401, -0.345698, 0.073997, 0.0740142, 0.925986
63.9037, 0.0341973, -0.338689, 0.0731486, 0.0731653, 0.926835
63.9053, 0.0341562, -0.33168, 0.0723302, 0.0723463, 0.927654
63.9068, 0.0341171, -0.324671, 0.0715412, 0.0715567, 0.928443
63.9084, 0.03408, -0.317661, 0.0707808, 0.0707957, 0.929204
63.9099, 0.0340454, -0.310652, 0.0700485, 0.0700629, 0.929937
63.9115, 0.0340134, -0.303643, 0.0693439, 0.0693577, 0.930642
63.913, 0.0339842, -0.296633, 0.0686663, 0.0686796, 0.93132
63.9146, 0.0339581, -0.289624, 0.0680155, 0.0680282, 0.931972
63.9161, 0.0339353, -0.282615, 0.0673909, 0.0674031, 0.932597
63.9177, 0.033916, -0.275606, 0.0667921, 0.0668039, 0.933196
63.9193, 0.0339006, -0.268596, 0.066219, 0.0662302, 0.93377
63.9208, 0.0338891, -0.261587, 0.0656712, 0.0656819, 0.934318
63.9224, 0.033882, -0.254578, 0.0651485, 0.0651587, 0.934841
63.9239, 0.0338795, -0.247568, 0.0646507, 0.0646604, 0.93534
63.9255, 0.0338818, -0.240559, 0.0641776, 0.0641868, 0.935813
63.927, 0.0338892, -0.23355, 0.0637292, 0.0637379, 0.936262
63.9286, 0.0339022, -0.22654, 0.0633055, 0.0633137, 0.936686
63.9301, 0.0339209, -0.219531, 0.0629064, 0.0629141, 0.937086
63.9317, 0.0339457, -0.212522, 0.062532, 0.0625393, 0.937461
63.9332, 0.0339771, -0.205513, 0.0621825, 0.0621893, 0.937811
63.9348, 0.0340154, -0.198503, 0.0618581, 0.0618643, 0.938136
63.9363, 0.034061, -0.191494, 0.061559, 0.0615647, 0.938435
63.9379, 0.0341144, -0.184485, 0.0612856, 0.0612908, 0.938709
63.9394, 0.034176, -0.177475, 0.0610382, 0.0610429, 0.938957
63.941, 0.0342465, -0.170466, 0.0608174, 0.0608216, 0.939178
63.9425, 0.0343263, -0.163457, 0.0606239, 0.0606275, 0.939373
63.9441, 0.0344161, -0.156447, 0.0604581, 0.0604612, 0.939539
63.9457, 0.0345166, -0.149438, 0.0603211, 0.0603236, 0.939676
63.9472, 0.0346284, -0.142429, 0.0602137, 0.0602155, 0.939784
63.9488, 0.0347525, -0.13542, 0.0601369, 0.0601381, 0.939862
63.9503, 0.0348896, -0.12841, 0.0600919, 0.0600925, 0.939908
63.9519, 0.0350407, -0.121401, 0.0600802, 0.0600801, 0.93992
63.9534, 0.035207, -0.114392, 0.060104, 0.0601032, 0.939897
63.955, 0.0353879, -0.107382, 0.060162, 0.0601605, 0.93984
63.9565, 0.0355823, -0.100373, 0.0602516, 0.0602495, 0.939751
63.9581, 0.0357894, -0.0933638, 0.0603704, 0.0603678, 0.939632
63.9596, 0.0360082, -0.0863545, 0.0605164, 0.0605132, 0.939487
63.9612, 0.036238, -0.0793452, 0.0606874, 0.0606838, 0.939316
63.9627, 0.0364779, -0.0723359, 0.0608817, 0.0608776, 0.939122
63.9643, 0.0367275, -0.0653266, 0.0610976, 0.0610931, 0.938907
63.9658, 0.0369858, -0.0583173, 0.0613335, 0.0613286, 0.938671
63.9674, 0.0372525, -0.051308, 0.0615879, 0.0615826, 0.938417
63.9689, 0.0375268, -0.0442987, 0.0618595, 0.0618539, 0.938146
63.9705, 0.0378084, -0.0372895, 0.0621471, 0.0621412, 0.937859
63.972, 0.0380966, -0.0302802, 0.0624496, 0.0624434, 0.937557
63.9736, 0.038391, -0.0232709, 0.0627657, 0.0627593, 0.937241
63.9752, 0.0386912, -0.0162616, 0.0630947, 0.063088, 0.936912
63.9767, 0.0389967, -0.00925227, 0.0634354, 0.0634285, 0.936571
63.9783, 0.0393073, -0.00224297, 0.0637872, 0.06378, 0.93622
63.9798, 0.0396225, 0.00476632, 0.0641491, 0.0641417, 0.935858
63.9814, 0.039942, 0.0117756, 0.0645204, 0.0645129, 0.935487
63.9829, 0.0402654, 0.0187849, 0.0649005, 0.0648928, 0.935107
63.9845, 0.0405926, 0.0257942, 0.0652886, 0.0652807, 0.934719
63.986, 0.0409231, 0.0328035, 0.0656842, 0.0656762, 0.934324
63.9876, 0.0412568, 0.0398128, 0.0660867, 0.0660785, 0.933921
63.9891, 0.0415934, 0.0468221, 0.0664955, 0.0664873, 0.933513
63.9907, 0.0419326, 0.0538314, 0.0669102, 0.0669019, 0.933098
63.9922, 0.0422742, 0.0608407, 0.0673304, 0.0673219, 0.932678
63.9938, 0.0426181, 0.06785, 0.0677554, 0.0677469, 0.932253
63.9953, 0.042964, 0.0748593, 0.0681851, 0.0681765, 0.931824
63.9969, 0.0433117, 0.0818686, 0.068619, 0.0686102, 0.93139
63.9984, 0.0436611, 0.0888779, 0.0690566, 0.0690478, 0.930952
64, 0.0440121, 0.0958872, 0.0694978, 0.0694889, 0.930511
64.0016, 0.0443643, 0.102896, 0.0699421, 0.0699332, 0.930067
64.0031, 0.0447178, 0.109906, 0.0703894, 0.0703804, 0.92962
64.0047, 0.0450724, 0.116915, 0.0708392, 0.0708302, 0.92917
64.0062, 0.0454279, 0.123924, 0.0712915, 0.0712824, 0.928718
64.0078, 0.0457842, 0.130934, 0.0717458, 0.0717367, 0.928263
64.0093, 0.0461412, 0.137943, 0.072202, 0.0721929, 0.927807
64.0109, 0.0464988, 0.144952, 0.07266, 0.0726508, 0.927349
64.0124, 0.046857, 0.151962, 0.0731194, 0.0731102, 0.92689
64.014, 0.0472155, 0.158971, 0.0735801, 0.0735709, 0.926429
64.0155, 0.0475743, 0.16598, 0.0740419, 0.0740327, 0.925967
64.0171, 0.0479356, 0.172989, 0.0745087, 0.0744993, 0.925501
64.0186, 0.0483023, 0.179999, 0.0749852, 0.0749756, 0.925024
64.0202, 0.0486743, 0.187008, 0.0754715, 0.0754617, 0.924538
64.0217, 0.0490519, 0.194017, 0.0759677, 0.0759577, 0.924042
64.0233, 0.0494351, 0.201027, 0.0764739, 0.0764637, 0.923536
64.0248, 0.049824, 0.208036, 0.0769902, 0.0769798, 0.92302
64.0264, 0.0502187, 0.215045, 0.0775167, 0.0775061, 0.922494
64.028, 0.0506191, 0.222054, 0.0780533, 0.0780425, 0.921957
64.0295, 0.0510255, 0.229064, 0.0786003, 0.0785892, 0.921411
64.0311, 0.0514379, 0.236073, 0.0791576, 0.0791463, 0.920854
64.0326, 0.0518562, 0.243082, 0.0797252, 0.0797137, 0.920286
64.0342, 0.0522806, 0.250092, 0.0803032, 0.0802916, 0.919708
64.0357, 0.0527112, 0.257101, 0.0808917, 0.0808798, 0.91912
64.0373, 0.0531478, 0.26411, 0.0814906, 0.0814785, 0.918522
64.0388, 0.0535906, 0.27112, 0.0820999, 0.0820876, 0.917912
64.0404, 0.0540396, 0.278129, 0.0827196, 0.0827071, 0.917293
64.0419, 0.0544947, 0.285138, 0.0833498, 0.0833371, 0.916663
64.0435, 0.0549561, 0.292147, 0.0839903, 0.0839774, 0.916023
64.045, 0.0554236, 0.299157, 0.0846412, 0.084628, 0.915372
64.0466, 0.0558974, 0.306166, 0.0853023, 0.085289, 0.914711
64.0481, 0.0563772, 0.313175, 0.0859736, 0.0859601, 0.91404
64.0497, 0.0568632, 0.320185, 0.0866551, 0.0866413, 0.913359
64.0512, 0.0573553, 0.327194, 0.0873466, 0.0873326, 0.912667
64.0528, 0.0578535, 0.334203, 0.088048, 0.0880339, 0.911966
64.0543, 0.0583576, 0.341213, 0.0887592, 0.0887449, 0.911255
64.0559, 0.0588677, 0.348222, 0.0894801, 0.0894656, 0.910534
64.0575, 0.0593837, 0.355231, 0.0902106, 0.0901959, 0.909804
64.059, 0.0599054, 0.36224, 0.0909504, 0.0909356, 0.909064
64.0606, 0.0604329, 0.36925, 0.0916996, 0.0916845, 0.908316
64.0621, 0.060966, 0.376259, 0.0924577, 0.0924425, 0.907558
64.0637, 0.0615046, 0.383268, 0.0932248, 0.0932094, 0.906791
64.0652, 0.0620486, 0.390278, 0.0940006, 0.093985, 0.906015
64.0668, 0.062598, 0.397287, 0.0947849, 0.0947692, 0.905231
64.0683, 0.0631526, 0.404296, 0.0955776, 0.0955617, 0.904438
64.0699, 0.0637123, 0.411305, 0.0963784, 0.0963623, 0.903638
64.0714, 0.064277, 0.418315, 0.0971871, 0.0971708, 0.902829
64.073, 0.0648466, 0.425324, 0.0980035, 0.0979871, 0.902013
64.0745, 0.0654209, 0.432333, 0.0988273, 0.0988108, 0.901189
64.0761, 0.0659998, 0.439343, 0.0996585, 0.0996418, 0.900358
64.0776, 0.0665832, 0.446352, 0.100497, 0.10048, 0.89952
64.0792, 0.0671709, 0.453361, 0.101342, 0.101325, 0.898675
64.0807, 0.0677629, 0.460371, 0.102193, 0.102176, 0.897824
64.0823, 0.068359, 0.46738, 0.103051, 0.103034, 0.896966
64.0839, 0.068959, 0.474389, 0.103916, 0.103898, 0.896102
64.0854, 0.0695629, 0.481398, 0.104786, 0.104768, 0.895232
64.087, 0.0701705, 0.488408, 0.105662, 0.105644, 0.894356
64.0885, 0.0707817, 0.495417, 0.106543, 0.106526, 0.893474
64.0901, 0.0713964, 0.502426, 0.10743, 0.107412, 0.892588
64.0916, 0.0720145, 0.509436, 0.108322, 0.108304, 0.891696
64.0932, 0.0726358, 0.516445, 0.109219, 0.109201, 0.890799
64.0947, 0.0732602, 0.523454, 0.110121, 0.110103, 0.889897
64.0963, 0.0738877, 0.530464, 0.111027, 0.111009, 0.888991
64.0978, 0.0745181, 0.537473, 0.111938, 0.11192, 0.88808
64.0994, 0.0751513, 0.544482, 0.112853, 0.112835, 0.887165
64.1009, 0.0757873, 0.551491, 0.113773, 0.113754, 0.886246
64.1025, 0.076426, 0.558501, 0.114696, 0.114678, 0.885322
64.104, 0.0770673, 0.56551, 0.115623, 0.115605, 0.884395
64.1056, 0.0777111, 0.572519, 0.116555, 0.116536, 0.883464
64.1071, 0.0783573, 0.579529, 0.117489, 0.117471, 0.882529
64.1087, 0.079006, 0.586538, 0.118428, 0.118409, 0.881591
64.1102, 0.0796569, 0.593547, 0.11937, 0.119351, 0.880649
64.1118, 0.0803102, 0.600556, 0.120315, 0.120296, 0.879704
64.1134, 0.0809658, 0.607566, 0.121264, 0.121245, 0.878755
64.1149, 0.0816236, 0.614575, 0.122216, 0.122197, 0.877803
64.1165, 0.0822835, 0.621584, 0.123172, 0.123152, 0.876848
64.118, 0.0829459, 0.628594, 0.12413, 0.124111, 0.875889
64.1196, 0.0836108, 0.635603, 0.125093, 0.125074, 0.874926
64.1211, 0.0842784, 0.642612, 0.12606, 0.126041, 0.873959
64.1227, 0.0849486, 0.649622, 0.12703, 0.127011, 0.872989
64.1242, 0.0856213, 0.656631, 0.128005, 0.127985, 0.872015
64.1258, 0.0862967, 0.66364, 0.128983, 0.128963, 0.871037
64.1273, 0.0869745, 0.670649, 0.129965, 0.129945, 0.870055
64.1289, 0.087655, 0.677659, 0.13095, 0.130931, 0.869069
64.1304, 0.0883379, 0.684668, 0.13194, 0.13192, 0.86808
64.132, 0.0890234, 0.691677, 0.132933, 0.132913, 0.867087
64.1335, 0.0897114, 0.698687, 0.13393, 0.13391, 0.86609
64.1351, 0.0904019, 0.705696, 0.13493, 0.13491, 0.86509
64.1366, 0.0910948, 0.712705, 0.135934, 0.135914, 0.864086
64.1382, 0.0917903, 0.719714, 0.136942, 0.136922, 0.863078
64.1398, 0.0924882, 0.726724, 0.137953, 0.137933, 0.862067
64.1413, 0.0931885, 0.733733, 0.138968, 0.138948, 0.861052
64.1429, 0.0938913, 0.740742, 0.139987, 0.139967, 0.860033
64.1444, 0.0945966, 0.747752, 0.141009, 0.140989, 0.859011
64.146, 0.0953042, 0.754761, 0.142035, 0.142015, 0.857985
64.1475, 0.0960142, 0.76177, 0.143065, 0.143044, 0.856956
64.1491, 0.0967267, 0.76878, 0.144098, 0.144077, 0.855923
64.1506, 0.0974415, 0.775789, 0.145134, 0.145113, 0.854887
64.1522, 0.0981586, 0.782798, 0.146174, 0.146153, 0.853847
64.1537, 0.0988782, 0.789807, 0.147218, 0.147197, 0.852803
64.1553, 0.0996001, 0.796817, 0.148265, 0.148244, 0.851756
64.1568, 0.100324, 0.803826, 0.149315, 0.149294, 0.850706
64.1584, 0.101051, 0.810835, 0.150369, 0.150348, 0.849652
64.1599, 0.10178, 0.817845, 0.151426, 0.151405, 0.848595
64.1615, 0.102511, 0.824854, 0.152487, 0.152466, 0.847534
64.163, 0.103244, 0.831863, 0.153551, 0.15353, 0.84647
64.1646, 0.10398, 0.838873, 0.154619, 0.154598, 0.845402
64.1661, 0.104718, 0.845882, 0.15569, 0.155668, 0.844332
64.1677, 0.105459, 0.852891, 0.156764, 0.156743, 0.843257
64.1693, 0.106201, 0.8599, 0.157842, 0.157821, 0.842179
64.1708, 0.106946, 0.86691, 0.158923, 0.158902, 0.841098
64.1724, 0.107693, 0.873919, 0.160008, 0.159986, 0.840014
64.1739, 0.108443, 0.880928, 0.161096, 0.161074, 0.838926
64.1755, 0.109194, 0.887938, 0.162187, 0.162165, 0.837835
64.177, 0.109948, 0.894947, 0.163281, 0.163259, 0.836741
64.1786, 0.110704, 0.901956, 0.164379, 0.164357, 0.835643
64.1801, 0.111462, 0.908965, 0.16548, 0.165458, 0.834542
64.1817, 0.112222, 0.915975, 0.166584, 0.166562, 0.833438
64.1832, 0.112985, 0.922984, 0.167692, 0.16767, 0.83233
64.1848, 0.113749, 0.929993, 0.168803, 0.16878, 0.83122
64.1863, 0.114516, 0.937003, 0.169917, 0.169894, 0.830106
64.1879, 0.115285, 0.944012, 0.171034, 0.171012, 0.828988
64.1894, 0.116056, 0.951021, 0.172155, 0.172132, 0.827868
64.191, 0.11683, 0.958031, 0.173278, 0.173256, 0.826744
64.1925, 0.117605, 0.96504, 0.174405, 0.174383, 0.825617
64.1941, 0.118383, 0.972049, 0.175535, 0.175513, 0.824487
64.1957, 0.119162, 0.979058, 0.176669, 0.176646, 0.823354
64.1972, 0.119944, 0.986068, 0.177805, 0.177783, 0.822217
64.1988, 0.120728, 0.993077, 0.178945, 0.178922, 0.821078
64.2003, 0.121514, 1.00009, 0.180088, 0.180065, 0.819935
64.2019, 0.122302, 1.0071, 0.181234, 0.181211, 0.818789
64.2034, 0.123092, 1.0141, 0.182383, 0.18236, 0.81764
64.205, 0.123884, 1.02111, 0.183535, 0.183512, 0.816488
64.2065, 0.124678, 1.02812, 0.18469, 0.184667, 0.815333
64.2081, 0.125474, 1.03513, 0.185849, 0.185826, 0.814174
64.2096, 0.126273, 1.04214, 0.18701, 0.186987, 0.813013
64.2112, 0.127073, 1.04915, 0.188175, 0.188152, 0.811848
64.2127, 0.127875, 1.05616, 0.189343, 0.189319, 0.810681
64.2143, 0.128679, 1.06317, 0.190514, 0.19049, 0.80951
64.2158, 0.129486, 1.07018, 0.191688, 0.191664, 0.808336
64.2174, 0.130294, 1.07719, 0.192865, 0.192841, 0.807159
64.2189, 0.131104, 1.0842, 0.194044, 0.194021, 0.805979
64.2205, 0.131917, 1.09121, 0.195228, 0.195204, 0.804796
64.222, 0.132731, 1.09822, 0.196414, 0.19639, 0.80361
64.2236, 0.133547, 1.10523, 0.197603, 0.197579, 0.802421
64.2252, 0.134364, 1.11224, 0.198795, 0.198771, 0.801229
64.2267, 0.135183, 1.11924, 0.199991, 0.199967, 0.800033
64.2283, 0.136003, 1.12625, 0.201189, 0.201165, 0.798835
64.2298, 0.136825, 1.13326, 0.202391, 0.202367, 0.797633
64.2314, 0.137648, 1.14027, 0.203596, 0.203572, 0.796428
64.2329, 0.138473, 1.14728, 0.204803, 0.204779, 0.795221
64.2345, 0.139299, 1.15429, 0.206014, 0.20599, 0.79401
64.236, 0.140127, 1.1613, 0.207228, 0.207204, 0.792796
64.2376, 0.140956, 1.16831, 0.208445, 0.208421, 0.791579
64.2391, 0.141787, 1.17532, 0.209665, 0.209641, 0.790359
64.2407, 0.14262, 1.18233, 0.210888, 0.210864, 0.789136
64.2422, 0.143454, 1.18934, 0.212114, 0.21209, 0.78791
64.2438, 0.144289, 1.19635, 0.213343, 0.213319, 0.786681
64.2453, 0.145126, 1.20336, 0.214575, 0.214551, 0.785449
64.2469, 0.145965, 1.21037, 0.21581, 0.215786, 0.784214
64.2484, 0.146805, 1.21737, 0.217048, 0.217023, 0.782977
64.25, 0.143682, 1.21625, 0.217539, 0.21754, 0.78246
64.2511, 0.137357, 1.20924, 0.217422, 0.217426, 0.782574
64.2522, 0.130772, 1.20223, 0.217113, 0.217121, 0.782879
64.2533, 0.124065, 1.19523, 0.216562, 0.216576, 0.783424
64.2544, 0.117362, 1.18822, 0.215728, 0.215747, 0.784253
64.2555, 0.110763, 1.18121, 0.214576, 0.214602, 0.785398
64.2566, 0.104341, 1.1742, 0.213087, 0.21312, 0.78688
64.2576, 0.0981409, 1.16719, 0.211254, 0.211294, 0.788706
64.2587, 0.0921857, 1.16018, 0.209082, 0.209128, 0.790872
64.2598, 0.0864834, 1.15317, 0.206585, 0.206638, 0.793362
64.2609, 0.0810326, 1.14616, 0.203782, 0.203841, 0.796159
64.262, 0.0758265, 1.13915, 0.200696, 0.20076, 0.79924
64.2631, 0.0708558, 1.13214, 0.19735, 0.197419, 0.802581
64.2642, 0.0661146, 1.12513, 0.193772, 0.193846, 0.806154
64.2653, 0.0616116, 1.11812, 0.190003, 0.19008, 0.80992
64.2664, 0.057332, 1.11111, 0.186067, 0.186147, 0.813853
64.2675, 0.0532603, 1.1041, 0.181982, 0.182065, 0.817935
64.2686, 0.0493834, 1.09709, 0.177767, 0.177852, 0.822148
64.2697, 0.0456902, 1.09009, 0.173437, 0.173524, 0.826476
64.2707, 0.042171, 1.08308, 0.169008, 0.169097, 0.830903
64.2718, 0.0388175, 1.07607, 0.164494, 0.164585, 0.835415
64.2729, 0.0356225, 1.06906, 0.159908, 0.160001, 0.839999
64.274, 0.0325795, 1.06205, 0.155264, 0.155357, 0.844643
64.2751, 0.0296826, 1.05504, 0.150572, 0.150666, 0.849334
64.2762, 0.0269268, 1.04803, 0.145844, 0.145939, 0.854061
64.2773, 0.0243071, 1.04102, 0.141091, 0.141186, 0.858814
64.2784, 0.0218192, 1.03401, 0.136322, 0.136417, 0.863583
64.2795, 0.0194589, 1.027, 0.131547, 0.131642, 0.868358
64.2806, 0.0172225, 1.01999, 0.126775, 0.12687, 0.87313
64.2817, 0.0151062, 1.01298, 0.122015, 0.12211, 0.87789
64.2828, 0.0131066, 1.00597, 0.117275, 0.117369, 0.882631
64.2838, 0.0112202, 0.998965, 0.112562, 0.112656, 0.887344
64.2849, 0.0094453, 0.991956, 0.107903, 0.107995, 0.892005
64.286, 0.00778934, 0.984946, 0.10345, 0.103537, 0.896463
64.2871, 0.00624719, 0.977937, 0.0992253, 0.0993076, 0.900692
64.2882, 0.00481081, 0.970928, 0.0952181, 0.0952962, 0.904704
64.2893, 0.0034726, 0.963918, 0.0914183, 0.0914923, 0.908508
64.2904, 0.00222544, 0.956909, 0.0878154, 0.0878856, 0.912114
64.2915, 0.00106261, 0.9499, 0.0843995, 0.0844661, 0.915534
64.2926, -2.21688e-05, 0.94289, 0.081161, 0.0812241, 0.918776
64.2937, -0.00103476, 0.935881, 0.0780904, 0.0781502, 0.92185
64.2948, -0.00198064, 0.928872, 0.0751787, 0.0752354, 0.924765
64.2959, -0.00286489, 0.921863, 0.0724174, 0.0724712, 0.927529
64.2969, -0.00369226, 0.914853, 0.0697982, 0.0698493, 0.930151
64.298, -0.00446713, 0.907844, 0.0673133, 0.0673618, 0.932638
64.2991, -0.00519358, 0.900835, 0.0649553, 0.0650012, 0.934999
64.3002, -0.00587537, 0.893825, 0.0627169, 0.0627606, 0.937239
64.3013, -0.00651599, 0.886816, 0.0605917, 0.0606331, 0.939367
64.3024, -0.00709891, 0.879807, 0.058573, 0.0586124, 0.941388
64.3035, -0.0075118, 0.872798, 0.0566549, 0.0566923, 0.943308
64.3046, -0.00789245, 0.865788, 0.0548318, 0.0548673, 0.945133
64.3057, -0.00824339, 0.858779, 0.0530984, 0.0531322, 0.946868
64.3068, -0.00856696, 0.85177, 0.0514496, 0.0514818, 0.948518
64.3079, -0.0088653, 0.84476, 0.0498808, 0.0499115, 0.950089
64.309, -0.0091404, 0.837751, 0.0483875, 0.0484167, 0.951583
64.31, -0.00939409, 0.830742, 0.0469655, 0.0469933, 0.953007
64.3111, -0.00962805, 0.823732, 0.0456109, 0.0456374, 0.954363
64.3122, -0.00984384, 0.816723, 0.0443199, 0.0443452, 0.955655
64.3133, -0.0100429, 0.809714, 0.0430892, 0.0431132, 0.956887
64.3144, -0.0102265, 0.802705, 0.0419153, 0.0419383, 0.958062
64.3155, -0.0103959, 0.795695, 0.0407953, 0.0408172, 0.959183
64.3166, -0.0105522, 0.788686, 0.0397263, 0.0397472, 0.960253
64.3177, -0.0106965, 0.781677, 0.0387056, 0.0387256, 0.961274
64.3188, -0.0108296, 0.774667, 0.0377306, 0.0377497, 0.96225
64.3199, -0.0109525, 0.767658, 0.0367989, 0.0368171, 0.963183
64.321, -0.011066, 0.760649, 0.0359083, 0.0359257, 0.964074
64.3221, -0.0111708, 0.753639, 0.0350567, 0.0350734, 0.964927
64.3231, -0.0112677, 0.74663, 0.0342421, 0.034258, 0.965742
64.3242, -0.0113572, 0.739621, 0.0334626, 0.0334779, 0.966522
64.3253, -0.0114399, 0.732612, 0.0327165, 0.0327311, 0.967269
64.3264, -0.0115165, 0.725602, 0.0320021, 0.0320161, 0.967984
64.3275, -0.0115873, 0.718593, 0.0313179, 0.0313313, 0.968669
64.3286, -0.0116529, 0.711584, 0.0306624, 0.0306753, 0.969325
64.3297, -0.0117137, 0.704574, 0.0300343, 0.0300466, 0.969953
64.3308, -0.0117701, 0.697565, 0.0294322, 0.029444, 0.970556
64.3319, -0.0118225, 0.690556, 0.0288549, 0.0288662, 0.971134
64.333, -0.0118712, 0.683547, 0.0283013, 0.0283121, 0.971688
64.3341, -0.0119165, 0.676537, 0.0277703, 0.0277807, 0.972219
64.3352, -0.0119588, 0.669528, 0.0272609, 0.0272709, 0.972729
64.3362, -0.0119983, 0.662519, 0.0267722, 0.0267818, 0.973218
64.3373, -0.0120353, 0.655509, 0.0263032, 0.0263123, 0.973688
64.3384, -0.01207, 0.6485, 0.025853, 0.0258618, 0.974138
64.3395, -0.0121027, 0.641491, 0.025421, 0.0254294, 0.974571
64.3406, -0.0121335, 0.634481, 0.0250063, 0.0250144, 0.974986
64.3417, -0.0121627, 0.627472, 0.0246082, 0.024616, 0.975384
64.3428, -0.0121905, 0.620463, 0.0242261, 0.0242335, 0.975766
64.3439, -0.0122169, 0.613454, 0.0238595, 0.0238667, 0.976133
64.345, -0.0122422, 0.606444, 0.0235086, 0.0235155, 0.976485
64.3461, -0.0122665, 0.599435, 0.0231727, 0.0231792, 0.976821
64.3472, -0.01229, 0.592426, 0.0228512, 0.0228575, 0.977143
64.3483, -0.0123127, 0.585416, 0.0225436, 0.0225496, 0.97745
64.3493, -0.0123349, 0.578407, 0.0222494, 0.0222552, 0.977745
64.3504, -0.0123567, 0.571398, 0.0219681, 0.0219736, 0.978026
64.3515, -0.0123782, 0.564388, 0.0216992, 0.0217044, 0.978296
64.3526, -0.0123995, 0.557379, 0.0214423, 0.0214473, 0.978553
64.3537, -0.0124207, 0.55037, 0.021197, 0.0212018, 0.978798
64.3548, -0.012442, 0.543361, 0.0209629, 0.0209675, 0.979032
64.3559, -0.0124634, 0.536351, 0.0207398, 0.0207442, 0.979256
64.357, -0.0124851, 0.529342, 0.0205273, 0.0205314, 0.979469
64.3581, -0.0125072, 0.522333, 0.020325, 0.020329, 0.979671
64.3592, -0.0125299, 0.515323, 0.0201329, 0.0201366, 0.979863
64.3603, -0.0125531, 0.508314, 0.0199505, 0.0199541, 0.980046
64.3614, -0.012577, 0.501305, 0.0197778, 0.0197811, 0.980219
64.3624, -0.0126018, 0.494296, 0.0196145, 0.0196176, 0.980382
64.3635, -0.0126275, 0.487286, 0.0194605, 0.0194635, 0.980537
64.3646, -0.0126544, 0.480277, 0.0193156, 0.0193184, 0.980682
64.3657, -0.0126825, 0.473268, 0.0191799, 0.0191825, 0.980817
64.3668, -0.0127119, 0.466258, 0.0190532, 0.0190556, 0.980944
64.3679, -0.0127428, 0.459249, 0.0189354, 0.0189377, 0.981062
64.369, -0.0127755, 0.45224, 0.0188267, 0.0188288, 0.981171
64.3701, -0.01281, 0.44523, 0.0187271, 0.018729, 0.981271
64.3712, -0.0128466, 0.438221, 0.0186367, 0.0186384, 0.981362
64.3723, -0.0128855, 0.431212, 0.0185555, 0.0185571, 0.981443
64.3734, -0.0129269, 0.424203, 0.0184839, 0.0184853, 0.981515
64.3745, -0.0129711, 0.417193, 0.0184221, 0.0184232, 0.981577
64.3755, -0.0130185, 0.410184, 0.0183704, 0.0183713, 0.981629
64.3766, -0.0130693, 0.403175, 0.0183292, 0.0183299, 0.98167
64.3777, -0.0131239, 0.396165, 0.0182991, 0.0182996, 0.9817
64.3788, -0.0131829, 0.389156, 0.0182806, 0.0182809, 0.981719
64.3799, -0.0132466, 0.382147, 0.0182745, 0.0182745, 0.981725
64.381, -0.0133188, 0.375138, 0.0182879, 0.0182874, 0.981713
64.3821, -0.0134017, 0.368128, 0.0183248, 0.0183238, 0.981676
64.3832, -0.0134943, 0.361119, 0.0183826, 0.0183813, 0.981619
64.3843, -0.0135957, 0.35411, 0.0184594, 0.0184577, 0.981542
64.3854, -0.0137053, 0.3471, 0.0185534, 0.0185514, 0.981449
64.3865, -0.0138222, 0.340091, 0.018663, 0.0186607, 0.981339
64.3876, -0.0139461, 0.333082, 0.0187868, 0.0187842, 0.981216
64.3886, -0.0140762, 0.326072, 0.0189235, 0.0189207, 0.981079
64.3897, -0.0142121, 0.319063, 0.0190721, 0.019069, 0.980931
64.3908, -0.0143534, 0.312054, 0.0192314, 0.0192282, 0.980772
64.3919, -0.0144997, 0.305045, 0.0194007, 0.0193973, 0.980603
64.393, -0.0146506, 0.298035, 0.0195791, 0.0195755, 0.980425
64.3941, -0.0148058, 0.291026, 0.0197658, 0.019762, 0.980238
64.3952, -0.0149649, 0.284017, 0.0199602, 0.0199562, 0.980044
64.3963, -0.0151276, 0.277007, 0.0201615, 0.0201575, 0.979843
64.3974, -0.0152937, 0.269998, 0.0203693, 0.0203651, 0.979635
64.3985, -0.015463, 0.262989, 0.020583, 0.0205786, 0.979421
64.3996, -0.015635, 0.255979, 0.020802, 0.0207975, 0.979202
64.4007, -0.0158097, 0.24897, 0.0210259, 0.0210213, 0.978979
64.4017, -0.0159869, 0.241961, 0.0212542, 0.0212496, 0.97875
64.4028, -0.0161662, 0.234952, 0.0214867, 0.021482, 0.978518
64.4039, -0.0163475, 0.227942, 0.0217227, 0.021718, 0.978282
64.405, -0.0165307, 0.220933, 0.0219622, 0.0219573, 0.978043
64.4061, -0.0167156, 0.213924, 0.0222046, 0.0221997, 0.9778
64.4072, -0.0169019, 0.206914, 0.0224496, 0.0224447, 0.977555
64.4083, -0.0170895, 0.199905, 0.0226971, 0.0226921, 0.977308
64.4094, -0.0172784, 0.192896, 0.0229467, 0.0229417, 0.977058
64.4105, -0.0174683, 0.185887, 0.0231981, 0.0231931, 0.976807
64.4116, -0.0176591, 0.178877, 0.0234512, 0.0234461, 0.976554
64.4127, -0.0178508, 0.171868, 0.0237057, 0.0237006, 0.976299
64.4138, -0.0180431, 0.164859, 0.0239613, 0.0239562, 0.976044
64.4148, -0.018236, 0.157849, 0.024218, 0.0242129, 0.975787
64.4159, -0.0184293, 0.15084, 0.0244755, 0.0244703, 0.97553
64.417, -0.018623, 0.143831, 0.0247336, 0.0247284, 0.975272
64.4181, -0.018817, 0.136821, 0.0249922, 0.024987, 0.975013
64.4192, -0.0190111, 0.129812, 0.0252512, 0.025246, 0.974754
64.4203, -0.0192054, 0.122803, 0.0255103, 0.0255051, 0.974495
64.4214, -0.0193996, 0.115794, 0.0257696, 0.0257644, 0.974236
64.4225, -0.0195939, 0.108784, 0.0260288, 0.0260236, 0.973976
64.4236, -0.019788, 0.101775, 0.0262878, 0.0262826, 0.973717
64.4247, -0.0199819, 0.0947657, 0.0265466, 0.0265415, 0.973459
64.4258, -0.0201757, 0.0877564, 0.0268052, 0.0268, 0.9732
64.4269, -0.0203691, 0.0807471, 0.0270633, 0.0270581, 0.972942
64.4279, -0.0205623, 0.0737378, 0.0273209, 0.0273158, 0.972684
64.429, -0.0207551, 0.0667285, 0.027578, 0.0275729, 0.972427
64.4301, -0.0209475, 0.0597192, 0.0278345, 0.0278294, 0.972171
64.4312, -0.0211394, 0.0527099, 0.0280904, 0.0280853, 0.971915
64.4323, -0.0213309, 0.0457006, 0.0283455, 0.0283404, 0.97166
64.4334, -0.0215218, 0.0386913, 0.0285999, 0.0285948, 0.971405
64.4345, -0.0217122, 0.031682, 0.0288535, 0.0288484, 0.971152
64.4356, -0.021902, 0.0246727, 0.0291062, 0.0291011, 0.970899
64.4367, -0.0220912, 0.0176634, 0.029358, 0.029353, 0.970647
64.4378, -0.0222798, 0.0106541, 0.0296089, 0.0296039, 0.970396
64.4389, -0.0224678, 0.00364483, 0.0298589, 0.0298539, 0.970146
64.44, -0.0226551, -0.00336446, 0.0301078, 0.0301029, 0.969897
64.441, -0.0228417, -0.0103738, 0.0303558, 0.0303509, 0.969649
64.4421, -0.0230276, -0.0173831, 0.0306028, 0.0305978, 0.969402
64.4432, -0.0232128, -0.0243923, 0.0308487, 0.0308437, 0.969156
64.4443, -0.0233972, -0.0314016, 0.0310935, 0.0310886, 0.968911
64.4454, -0.0235809, -0.0384109, 0.0313372, 0.0313324, 0.968668
64.4465, -0.0237639, -0.0454202, 0.0315799, 0.0315751, 0.968425
64.4476, -0.0239461, -0.0524295, 0.0318215, 0.0318166, 0.968183
64.4487, -0.0241275, -0.0594388, 0.0320619, 0.0320571, 0.967943
64.4498, -0.0243081, -0.0664481, 0.0323012, 0.0322965, 0.967704
64.4509, -0.0244893, -0.0734574, 0.0325417, 0.0325369, 0.967463
64.452, -0.0246721, -0.0804667, 0.0327848, 0.0327799, 0.96722
64.4531, -0.0248564, -0.087476, 0.0330305, 0.0330255, 0.966974
64.4541, -0.0250424, -0.0944853, 0.0332788, 0.0332738, 0.966726
64.4552, -0.02523, -0.101495, 0.0335299, 0.0335248, 0.966475
64.4563, -0.0254192, -0.108504, 0.0337836, 0.0337785, 0.966221
64.4574, -0.0256101, -0.115513, 0.0340401, 0.034035, 0.965965
64.4585, -0.0258027, -0.122522, 0.0342994, 0.0342942, 0.965706
64.4596, -0.025997, -0.129532, 0.0345614, 0.0345562, 0.965444
64.4607, -0.0261931, -0.136541, 0.0348263, 0.0348209, 0.965179
64.4618, -0.0263909, -0.14355, 0.035094, 0.0350886, 0.964911
64.4629, -0.0265905, -0.15056, 0.0353645, 0.0353591, 0.964641
64.464, -0.0267918, -0.157569, 0.0356379, 0.0356324, 0.964368
64.4651, -0.026995, -0.164578, 0.0359142, 0.0359087, 0.964091
64.4662, -0.0272, -0.171588, 0.0361935, 0.0361879, 0.963812
64.4672, -0.0274069, -0.178597, 0.0364757, 0.0364701, 0.96353
64.4683, -0.0276156, -0.185606, 0.036761, 0.0367552, 0.963245
64.4694, -0.0278262, -0.192615, 0.0370492, 0.0370434, 0.962957
64.4705, -0.0280388, -0.199625, 0.0373404, 0.0373346, 0.962665
64.4716, -0.0282532, -0.206634, 0.0376347, 0.0376288, 0.962371
64.4727, -0.0284697, -0.213643, 0.0379322, 0.0379262, 0.962074
64.4738, -0.0286881, -0.220653, 0.0382327, 0.0382266, 0.961773
64.4749, -0.0289085, -0.227662, 0.0385363, 0.0385302, 0.96147
64.476, -0.0291309, -0.234671, 0.0388431, 0.038837, 0.961163
64.4771, -0.0293553, -0.241681, 0.0391531, 0.0391469, 0.960853
64.4782, -0.0295818, -0.24869, 0.0394664, 0.0394601, 0.96054
64.4793, -0.0298104, -0.255699, 0.0397828, 0.0397765, 0.960224
64.4803, -0.030041, -0.262708, 0.0401025, 0.0400961, 0.959904
64.4814, -0.0302738, -0.269718, 0.0404255, 0.040419, 0.959581
64.4825, -0.0305087, -0.276727, 0.0407518, 0.0407453, 0.959255
64.4836, -0.0307457, -0.283736, 0.0410815, 0.0410749, 0.958925
64.4847, -0.0309849, -0.290746, 0.0414145, 0.0414078, 0.958592
64.4858, -0.0312263, -0.297755, 0.0417509, 0.0417441, 0.958256
64.4869, -0.0314699, -0.304764, 0.0420907, 0.0420839, 0.957916
64.488, -0.0317156, -0.311773, 0.0424339, 0.042427, 0.957573
64.4891, -0.0319637, -0.318783, 0.0427806, 0.0427736, 0.957226
64.4902, -0.032214, -0.325792, 0.0431307, 0.0431237, 0.956876
64.4913, -0.0324665, -0.332801, 0.0434844, 0.0434773, 0.956523
64.4924, -0.0327213, -0.339811, 0.0438416, 0.0438344, 0.956166
64.4934, -0.0329785, -0.34682, 0.0442023, 0.044195, 0.955805
64.4945, -0.0332379, -0.353829, 0.0445666, 0.0445592, 0.955441
64.4956, -0.0334997, -0.360839, 0.0449344, 0.044927, 0.955073
64.4967, -0.0337639, -0.367848, 0.0453059, 0.0452984, 0.954702
64.4978, -0.0340304, -0.374857, 0.045681, 0.0456735, 0.954327
64.4989, -0.0342992, -0.381866, 0.0460597, 0.0460521, 0.953948
64.5, -0.0345705, -0.388876, 0.0464421, 0.0464344, 0.953566
64.5011, -0.0348442, -0.395885, 0.0468282, 0.0468205, 0.95318
64.5022, -0.0351203, -0.402894, 0.047218, 0.0472102, 0.95279
64.5033, -0.0353988, -0.409904, 0.0476115, 0.0476036, 0.952396
64.5044, -0.0356798, -0.416913, 0.0480087, 0.0480008, 0.951999
64.5055, -0.0359632, -0.423922, 0.0484097, 0.0484017, 0.951598
64.5066, -0.0362491, -0.430932, 0.0488145, 0.0488064, 0.951194
64.5076, -0.0365375, -0.437941, 0.049223, 0.0492148, 0.950785
64.5087, -0.0368283, -0.44495, 0.0496354, 0.0496271, 0.950373
64.5098, -0.0371217, -0.451959, 0.0500515, 0.0500431, 0.949957
64.5109, -0.0374176, -0.458969, 0.0504715, 0.050463, 0.949537
64.512, -0.037716, -0.465978, 0.0508953, 0.0508868, 0.949113
64.5131, -0.0380169, -0.472987, 0.0513229, 0.0513143, 0.948686
64.5142, -0.0383203, -0.479997, 0.0517544, 0.0517458, 0.948254
64.5153, -0.0386262, -0.487006, 0.0521898, 0.0521811, 0.947819
64.5164, -0.0389344, -0.494015, 0.0526291, 0.0526203, 0.94738
64.5175, -0.0392447, -0.501024, 0.0530724, 0.0530635, 0.946937
64.5186, -0.0395574, -0.508034, 0.0535196, 0.0535106, 0.946489
64.5197, -0.0398724, -0.515043, 0.0539708, 0.0539617, 0.946038
64.5207, -0.0401896, -0.522052, 0.0544258, 0.0544167, 0.945583
64.5218, -0.0405093, -0.529062, 0.0548849, 0.0548757, 0.945124
64.5229, -0.0408312, -0.536071, 0.0553479, 0.0553386, 0.944661
64.524, -0.0411555, -0.54308, 0.0558148, 0.0558055, 0.944195
64.5251, -0.0414822, -0.55009, 0.0562857, 0.0562763, 0.943724
64.5262, -0.0418113, -0.557099, 0.0567606, 0.056751, 0.943249
64.5273, -0.0421428, -0.564108, 0.0572394, 0.0572298, 0.94277
64.5284, -0.0424767, -0.571117, 0.0577221, 0.0577124, 0.942288
64.5295, -0.0428131, -0.578127, 0.0582088, 0.058199, 0.941801
64.5306, -0.0431518, -0.585136, 0.0586994, 0.0586896, 0.94131
64.5317, -0.043493, -0.592145, 0.059194, 0.0591841, 0.940816
64.5328, -0.0438367, -0.599155, 0.0596925, 0.0596825, 0.940317
64.5338, -0.0441828, -0.606164, 0.060195, 0.0601849, 0.939815
64.5349, -0.0445313, -0.613173, 0.0607013, 0.0606912, 0.939309
64.536, -0.0448823, -0.620182, 0.0612116, 0.0612014, 0.938799
64.5371, -0.0452358, -0.627192, 0.0617258, 0.0617155, 0.938285
64.5382, -0.0455917, -0.634201, 0.0622439, 0.0622335, 0.937767
64.5393, -0.0459501, -0.64121, 0.0627658, 0.0627554, 0.937245
64.5404, -0.0463109, -0.64822, 0.0632917, 0.0632811, 0.936719
64.5415, -0.0466742, -0.655229, 0.0638214, 0.0638108, 0.936189
64.5426, -0.0470399, -0.662238, 0.064355, 0.0643443, 0.935656
64.5437, -0.0474081, -0.669248, 0.0648924, 0.0648817, 0.935118
64.5448, -0.0477787, -0.676257, 0.0654337, 0.0654228, 0.934577
64.5459, -0.0481518, -0.683266, 0.0659788, 0.0659678, 0.934032
64.5469, -0.0485273, -0.690275, 0.0665277, 0.0665166, 0.933483
64.548, -0.0489052, -0.697285, 0.0670803, 0.0670692, 0.932931
64.5491, -0.0492855, -0.704294, 0.0676367, 0.0676256, 0.932374
64.5502, -0.0496683, -0.711303, 0.0681969, 0.0681857, 0.931814
64.5513, -0.0500535, -0.718313, 0.0687609, 0.0687495, 0.93125
64.5524, -0.050441, -0.725322, 0.0693285, 0.0693171, 0.930683
64.5535, -0.050831, -0.732331, 0.0698998, 0.0698884, 0.930112
64.5546, -0.0512233, -0.739341, 0.0704748, 0.0704633, 0.929537
64.5557, -0.051618, -0.74635, 0.0710535, 0.0710419, 0.928958
64.5568, -0.052015, -0.753359, 0.0716358, 0.0716241, 0.928376
64.5579, -0.0524144, -0.760368, 0.0722217, 0.07221, 0.92779
64.559, -0.0528161, -0.767378, 0.0728112, 0.0727994, 0.927201
64.56, -0.0532201, -0.774387, 0.0734043, 0.0733924, 0.926608
64.5611, -0.0536264, -0.781396, 0.0740009, 0.073989, 0.926011
64.5622, -0.054035, -0.788406, 0.0746011, 0.074589, 0.925411
64.5633, -0.0544459, -0.795415, 0.0752047, 0.0751926, 0.924807
64.5644, -0.054859, -0.802424, 0.0758118, 0.0757996, 0.9242
64.5655, -0.0552744, -0.809433, 0.0764224, 0.0764101, 0.92359
64.5666, -0.055692, -0.816443, 0.0770363, 0.077024, 0.922976
64.5677, -0.0561118, -0.823452, 0.0776537, 0.0776413, 0.922359
64.5688, -0.0565338, -0.830461, 0.0782744, 0.078262, 0.921738
64.5699, -0.056958, -0.837471, 0.0788985, 0.078886, 0.921114
64.571, -0.0573844, -0.84448, 0.0795259, 0.0795133, 0.920487
64.5721, -0.0578129, -0.851489, 0.0801566, 0.0801439, 0.919856
64.5731, -0.0582435, -0.858499, 0.0807905, 0.0807778, 0.919222
64.5742, -0.0586762, -0.865508, 0.0814277, 0.0814149, 0.918585
64.5753, -0.0591111, -0.872517, 0.0820681, 0.0820552, 0.917945
64.5764, -0.059548, -0.879526, 0.0827116, 0.0826987, 0.917301
64.5775, -0.059987, -0.886536, 0.0833584, 0.0833454, 0.916655
64.5786, -0.060428, -0.893545, 0.0840082, 0.0839952, 0.916005
64.5797, -0.0608711, -0.900554, 0.0846611, 0.084648, 0.915352
64.5808, -0.0613162, -0.907564, 0.0853171, 0.085304, 0.914696
64.5819, -0.0617632, -0.914573, 0.0859762, 0.0859629, 0.914037
64.583, -0.0622123, -0.921582, 0.0866382, 0.0866249, 0.913375
64.5841, -0.0626632, -0.928592, 0.0873032, 0.0872899, 0.91271
64.5852, -0.0631162, -0.935601, 0.0879712, 0.0879578, 0.912042
64.5862, -0.063571, -0.94261, 0.0886422, 0.0886287, 0.911371
64.5873, -0.0640278, -0.949619, 0.089316, 0.0893025, 0.910698
64.5884, -0.0644864, -0.956629, 0.0899927, 0.0899791, 0.910021
64.5895, -0.064947, -0.963638, 0.0906722, 0.0906586, 0.909341
64.5906, -0.0654093, -0.970647, 0.0913546, 0.0913409, 0.908659
64.5917, -0.0658735, -0.977657, 0.0920398, 0.092026, 0.907974
64.5928, -0.0663396, -0.984666, 0.0927277, 0.0927139, 0.907286
64.5939, -0.0668074, -0.991675, 0.0934184, 0.0934046, 0.906595
64.595, -0.067277, -0.998684, 0.0941118, 0.0940979, 0.905902
64.5961, -0.0677484, -1.00569, 0.0948079, 0.0947939, 0.905206
64.5972, -0.0682215, -1.0127, 0.0955067, 0.0954927, 0.904507
64.5983, -0.0686964, -1.01971, 0.0962081, 0.096194, 0.903806
64.5993, -0.069173, -1.02672, 0.0969121, 0.096898, 0.903102
64.6004, -0.0696513, -1.03373, 0.0976187, 0.0976045, 0.902395
64.6015, -0.0701313, -1.04074, 0.0983279, 0.0983137, 0.901686
64.6026, -0.070613, -1.04775, 0.0990396, 0.0990254, 0.900975
64.6037, -0.0710964, -1.05476, 0.0997539, 0.0997396, 0.90026
64.6048, -0.0715814, -1.06177, 0.100471, 0.100456, 0.899544
64.6059, -0.072068, -1.06878, 0.10119, 0.101176, 0.898824
64.607, -0.0725563, -1.07579, 0.101912, 0.101897, 0.898103
64.6081, -0.0730461, -1.0828, 0.102636, 0.102621, 0.897379
64.6092, -0.0735376, -1.08981, 0.103362, 0.103348, 0.896652
64.6103, -0.0740306, -1.09681, 0.104091, 0.104077, 0.895923
64.6114, -0.0745253, -1.10382, 0.104823, 0.104808, 0.895192
64.6124, -0.0750214, -1.11083, 0.105556, 0.105542, 0.894458
64.6135, -0.0755191, -1.11784, 0.106292, 0.106278, 0.893722
64.6146, -0.0760184, -1.12485, 0.107031, 0.107016, 0.892984
64.6157, -0.0765192, -1.13186, 0.107771, 0.107757, 0.892243
64.6168, -0.0770215, -1.13887, 0.108514, 0.1085, 0.8915
64.6179, -0.0775252, -1.14588, 0.10926, 0.109245, 0.890755
64.619, -0.0780305, -1.15289, 0.110007, 0.109992, 0.890008
64.6201, -0.0785373, -1.1599, 0.110757, 0.110742, 0.889258
64.6212, -0.0790455, -1.16691, 0.111509, 0.111494, 0.888506
64.6223, -0.0795552, -1.17392, 0.112263, 0.112248, 0.887752
64.6234, -0.0800664, -1.18093, 0.113019, 0.113004, 0.886996
64.6245, -0.0805789, -1.18794, 0.113778, 0.113763, 0.886237
64.6255, -0.081093, -1.19494, 0.114538, 0.114523, 0.885477
64.6266, -0.0816084, -1.20195, 0.115301, 0.115286, 0.884714
64.6277, -0.0821253, -1.20896, 0.116066, 0.116051, 0.883949
64.6288, -0.0826436, -1.21597, 0.116833, 0.116818, 0.883182
64.6299, -0.0831633, -1.22298, 0.117603, 0.117587, 0.882413
64.631, -0.0836844, -1.22999, 0.118374, 0.118358, 0.881642
64.6321, -0.0842069, -1.237, 0.119147, 0.119132, 0.880868
64.6332, -0.0847308, -1.24401, 0.119923, 0.119907, 0.880093
64.6343, -0.0852561, -1.25102, 0.1207, 0.120685, 0.879315
64.6354, -0.0857828, -1.25803, 0.12148, 0.121464, 0.878536
64.6365, -0.0863061, -1.26504, 0.122261, 0.122246, 0.877754
64.6376, -0.0868282, -1.27205, 0.123045, 0.123029, 0.876971
64.6386, -0.0873517, -1.27906, 0.12383, 0.123814, 0.876186
64.6397, -0.0878764, -1.28607, 0.124618, 0.124602, 0.875398
64.6408, -0.0884025, -1.29307, 0.125407, 0.125391, 0.874609
64.6419, -0.0889298, -1.30008, 0.126199, 0.126183, 0.873817
64.643, -0.0894585, -1.30709, 0.126992, 0.126977, 0.873023
64.6441, -0.0899884, -1.3141, 0.127788, 0.127772, 0.872228
64.6452, -0.0905197, -1.32111, 0.128586, 0.12857, 0.87143
64.6463, -0.0910522, -1.32812, 0.129385, 0.129369, 0.870631
64.6474, -0.091586, -1.33513, 0.130187, 0.130171, 0.869829
64.6485, -0.092121, -1.34214, 0.130991, 0.130975, 0.869025
64.6496, -0.0926574, -1.34915, 0.131797, 0.13178, 0.86822
64.6507, -0.093195, -1.35616, 0.132604, 0.132588, 0.867412
64.6517, -0.0937338, -1.36317, 0.133414, 0.133398, 0.866602
64.6528, -0.094274, -1.37018, 0.134226, 0.13421, 0.86579
64.6539, -0.0948154, -1.37719, 0.13504, 0.135023, 0.864977
64.655, -0.095358, -1.3842, 0.135855, 0.135839, 0.864161
64.6561, -0.095902, -1.39121, 0.136673, 0.136657, 0.863343
64.6572, -0.0964474, -1.39821, 0.137493, 0.137476, 0.862524
64.6583, -0.096994, -1.40522, 0.138315, 0.138298, 0.861702
64.6594, -0.097542, -1.41223, 0.139139, 0.139122, 0.860878
64.6605, -0.0980913, -1.41924, 0.139965, 0.139948, 0.860052
64.6616, -0.0986419, -1.42625, 0.140793, 0.140777, 0.859223
64.6627, -0.0991939, -1.43326, 0.141623, 0.141607, 0.858393
64.6638, -0.0997471, -1.44027, 0.142456, 0.142439, 0.857561
64.6648, -0.100302, -1.44728, 0.14329, 0.143273, 0.856727
64.6659, -0.100858, -1.45429, 0.144127, 0.14411, 0.85589
64.667, -0.101415, -1.4613, 0.144965, 0.144948, 0.855052
64.6681, -0.101973, -1.46831, 0.145806, 0.145789, 0.854211
64.6692, -0.102533, -1.47532, 0.146648, 0.146632, 0.853368
64.6703, -0.103094, -1.48233, 0.147493, 0.147476, 0.852524
64.6714, -0.103657, -1.48934, 0.14834, 0.148323, 0.851677
64.6725, -0.10422, -1.49634, 0.149189, 0.149172, 0.850828
64.6736, -0.104786, -1.50335, 0.15004, 0.150023, 0.849977
64.6747, -0.105352, -1.51036, 0.150893, 0.150876, 0.849124
64.6758, -0.10592, -1.51737, 0.151748, 0.15173, 0.84827
64.6769, -0.106489, -1.52438, 0.152605, 0.152587, 0.847413
64.6779, -0.107059, -1.53139, 0.153464, 0.153447, 0.846553
64.679, -0.10763, -1.5384, 0.154325, 0.154308, 0.845692
64.6801, -0.108203, -1.54541, 0.155188, 0.155171, 0.844829
64.6812, -0.108777, -1.55242, 0.156053, 0.156036, 0.843964
64.6823, -0.109353, -1.55943, 0.15692, 0.156903, 0.843097
64.6834, -0.10993, -1.56644, 0.15779, 0.157772, 0.842228
64.6845, -0.110508, -1.57345, 0.158661, 0.158644, 0.841356
64.6856, -0.111087, -1.58046, 0.159534, 0.159517, 0.840483
64.6867, -0.111667, -1.58747, 0.16041, 0.160392, 0.839608
64.6878, -0.112249, -1.59447, 0.161287, 0.16127, 0.83873
64.6889, -0.112833, -1.60148, 0.162167, 0.162149, 0.837851
64.69, -0.113417, -1.60849, 0.163048, 0.16303, 0.83697
64.691, -0.114003, -1.6155, 0.163932, 0.163914, 0.836086
64.6921, -0.11459, -1.62251, 0.164817, 0.164799, 0.835201
64.6932, -0.115178, -1.62952, 0.165705, 0.165687, 0.834313
64.6943, -0.115768, -1.63653, 0.166594, 0.166576, 0.833424
64.6954, -0.116358, -1.64354, 0.167486, 0.167468, 0.832532
64.6965, -0.116951, -1.65055, 0.168379, 0.168361, 0.831639
64.6976, -0.117544, -1.65756, 0.169275, 0.169257, 0.830743
64.6987, -0.118139, -1.66457, 0.170172, 0.170154, 0.829846
64.6998, -0.118734, -1.67158, 0.171072, 0.171054, 0.828946
64.7009, -0.119332, -1.67859, 0.171973, 0.171955, 0.828045
64.702, -0.11993, -1.6856, 0.172877, 0.172859, 0.827141
64.7031, -0.12053, -1.6926, 0.173783, 0.173764, 0.826236
64.7041, -0.121131, -1.69961, 0.17469, 0.174672, 0.825328
64.7052, -0.121733, -1.70662, 0.1756, 0.175581, 0.824419
64.7063, -0.122337, -1.71363, 0.176511, 0.176493, 0.823507
64.7074, -0.122941, -1.72064, 0.177425, 0.177407, 0.822593
64.7085, -0.123547, -1.72765, 0.17834, 0.178322, 0.821678
64.7096, -0.124155, -1.73466, 0.179258, 0.17924, 0.82076
64.7107, -0.124763, -1.74167, 0.180177, 0.180159, 0.819841
64.7118, -0.125373, -1.74868, 0.181099, 0.18108, 0.81892
64.7129, -0.125984, -1.75569, 0.182022, 0.182004, 0.817996
64.714, -0.126596, -1.7627, 0.182948, 0.182929, 0.817071
64.7151, -0.12721, -1.76971, 0.183875, 0.183857, 0.816143
64.7162, -0.127825, -1.77672, 0.184805, 0.184786, 0.815214
64.7172, -0.128441, -1.78373, 0.185736, 0.185717, 0.814283
64.7183, -0.129058, -1.79073, 0.186669, 0.186651, 0.813349
64.7194, -0.129676, -1.79774, 0.187605, 0.187586, 0.812414
64.7205, -0.130296, -1.80475, 0.188542, 0.188523, 0.811477
64.7216, -0.130917, -1.81176, 0.189481, 0.189463, 0.810537
64.7227, -0.13154, -1.81877, 0.190423, 0.190404, 0.809596
64.7238, -0.132163, -1.82578, 0.191366, 0.191347, 0.808653
64.7249, -0.132788, -1.83279, 0.192311, 0.192292, 0.807708
64.726, -0.133414, -1.8398, 0.193258, 0.193239, 0.806761
64.7271, -0.134041, -1.84681, 0.194207, 0.194188, 0.805812
64.7282, -0.134669, -1.85382, 0.195158, 0.195139, 0.804861
64.7293, -0.135299, -1.86083, 0.196111, 0.196092, 0.803908
64.7303, -0.13593, -1.86784, 0.197066, 0.197047, 0.802953
64.7314, -0.136562, -1.87485, 0.198023, 0.198004, 0.801996
64.7325, -0.137195, -1.88186, 0.198982, 0.198963, 0.801037
64.7336, -0.13783, -1.88887, 0.199943, 0.199923, 0.800077
64.7347, -0.138466, -1.89587, 0.200905, 0.200886, 0.799114
64.7358, -0.139103, -1.90288, 0.20187, 0.201851, 0.798149
64.7369, -0.139741, -1.90989, 0.202837, 0.202817, 0.797183
64.738, -0.14038, -1.9169, 0.203805, 0.203786, 0.796214
64.7391, -0.141021, -1.92391, 0.204776, 0.204756, 0.795244
64.7402, -0.141663, -1.93092, 0.205748, 0.205729, 0.794271
64.7413, -0.142306, -1.93793, 0.206723, 0.206703, 0.793297
64.7424, -0.14295, -1.94494, 0.207699, 0.207679, 0.792321
64.7434, -0.143596, -1.95195, 0.208677, 0.208658, 0.791342
64.7445, -0.144243, -1.95896, 0.209657, 0.209638, 0.790362
64.7456, -0.144891, -1.96597, 0.210639, 0.21062, 0.78938
64.7467, -0.14554, -1.97298, 0.211624, 0.211604, 0.788396
64.7478, -0.14619, -1.97999, 0.212609, 0.21259, 0.78741
64.7489, -0.146842, -1.987, 0.213597, 0.213578, 0.786422
64.75, -0.144425, -1.98671, 0.21405, 0.21405, 0.78595
64.7508, -0.138936, -1.97971, 0.213887, 0.213893, 0.786107
64.7516, -0.13329, -1.9727, 0.213444, 0.213456, 0.786544
64.7524, -0.127573, -1.96569, 0.212689, 0.212707, 0.787293
64.7532, -0.121856, -1.95868, 0.211597, 0.211622, 0.788378
64.754, -0.116196, -1.95167, 0.210156, 0.210188, 0.789812
64.7548, -0.110635, -1.94466, 0.208365, 0.208404, 0.791596
64.7556, -0.105199, -1.93765, 0.206231, 0.206277, 0.793723
64.7564, -0.0999073, -1.93064, 0.203767, 0.20382, 0.79618
64.7572, -0.0947683, -1.92363, 0.200994, 0.201052, 0.798948
64.758, -0.089787, -1.91662, 0.197933, 0.197997, 0.802003
64.7588, -0.0849646, -1.90961, 0.194607, 0.194676, 0.805324
64.7596, -0.0803005, -1.9026, 0.19104, 0.191114, 0.808886
64.7605, -0.0757927, -1.89559, 0.187256, 0.187334, 0.812666
64.7613, -0.0714389, -1.88858, 0.183278, 0.183359, 0.816641
64.7621, -0.067236, -1.88158, 0.179126, 0.179211, 0.820789
64.7629, -0.0631814, -1.87457, 0.174822, 0.174909, 0.825091
64.7637, -0.0592721, -1.86756, 0.170385, 0.170475, 0.829525
64.7645, -0.0555151, -1.86055, 0.165846, 0.165938, 0.834062
64.7653, -0.0519121, -1.85354, 0.161231, 0.161324, 0.838676
64.7661, -0.0484569, -1.84653, 0.156553, 0.156647, 0.843353
64.7669, -0.0451437, -1.83952, 0.151826, 0.151921, 0.848079
64.7677, -0.0419677, -1.83251, 0.147061, 0.147156, 0.852844
64.7685, -0.0389243, -1.8255, 0.14227, 0.142366, 0.857634
64.7693, -0.0360097, -1.81849, 0.137463, 0.137559, 0.862441
64.7701, -0.03322, -1.81148, 0.13265, 0.132747, 0.867253
64.7709, -0.030552, -1.80447, 0.127841, 0.127937, 0.872063
64.7717, -0.0280025, -1.79746, 0.123045, 0.123141, 0.876859
64.7725, -0.0255685, -1.79045, 0.118269, 0.118364, 0.881636
64.7733, -0.0232472, -1.78345, 0.113522, 0.113616, 0.886384
64.7741, -0.0210366, -1.77644, 0.108815, 0.108908, 0.891092
64.7749, -0.0189535, -1.76943, 0.104281, 0.10437, 0.89563
64.7757, -0.0170004, -1.76242, 0.0999682, 0.100052, 0.899948
64.7765, -0.0151694, -1.75541, 0.0958679, 0.0959479, 0.904052
64.7773, -0.013453, -1.7484, 0.0919715, 0.0920475, 0.907952
64.7781, -0.0118439, -1.74139, 0.0882702, 0.0883424, 0.911658
64.7789, -0.0103353, -1.73438, 0.0847552, 0.0848237, 0.915176
64.7797, -0.00892042, -1.72737, 0.0814179, 0.0814829, 0.918517
64.7805, -0.00759319, -1.72036, 0.0782498, 0.0783115, 0.921688
64.7814, -0.00634764, -1.71335, 0.0752427, 0.0753013, 0.924699
64.7822, -0.00517819, -1.70634, 0.0723885, 0.0724441, 0.927556
64.783, -0.00407959, -1.69933, 0.0696795, 0.0697323, 0.930268
64.7838, -0.0030469, -1.69232, 0.0671081, 0.0671583, 0.932842
64.7846, -0.00207549, -1.68532, 0.0646672, 0.0647148, 0.935285
64.7854, -0.00116102, -1.67831, 0.0623498, 0.062395, 0.937605
64.7862, -0.000299438, -1.6713, 0.0601493, 0.0601922, 0.939808
64.787, 0.000513037, -1.66429, 0.0580594, 0.0581002, 0.9419
64.7878, 0.00127993, -1.65728, 0.0560742, 0.0561129, 0.943887
64.7886, 0.00199407, -1.65027, 0.0541877, 0.0542245, 0.945775
64.7894, 0.00252463, -1.64326, 0.0523945, 0.0524295, 0.947571
64.7902, 0.00301877, -1.63625, 0.0506896, 0.0507229, 0.949277
64.791, 0.00347915, -1.62924, 0.0490683, 0.0490999, 0.9509
64.7918, 0.00390819, -1.62223, 0.0475257, 0.0475558, 0.952444
64.7926, 0.00430817, -1.61522, 0.0460578, 0.0460864, 0.953914
64.7934, 0.0046812, -1.60821, 0.0446602, 0.0446875, 0.955312
64.7942, 0.00502922, -1.6012, 0.0433293, 0.0433553, 0.956645
64.795, 0.00535403, -1.59419, 0.0420613, 0.042086, 0.957914
64.7958, 0.00565732, -1.58718, 0.0408528, 0.0408764, 0.959124
64.7966, 0.00594064, -1.58018, 0.0397006, 0.0397231, 0.960277
64.7974, 0.00620541, -1.57317, 0.0386016, 0.0386231, 0.961377
64.7982, 0.00645297, -1.56616, 0.037553, 0.0375735, 0.962426
64.799, 0.00668455, -1.55915, 0.0365521, 0.0365717, 0.963428
64.7998, 0.00690129, -1.55214, 0.0355964, 0.0356151, 0.964385
64.8006, 0.00710426, -1.54513, 0.0346834, 0.0347013, 0.965299
64.8014, 0.00729443, -1.53812, 0.033811, 0.0338281, 0.966172
64.8023, 0.0074727, -1.53111, 0.032977, 0.0329933, 0.967007
64.8031, 0.00763993, -1.5241, 0.0321794, 0.032195, 0.967805
64.8039, 0.00779688, -1.51709, 0.0314164, 0.0314313, 0.968569
64.8047, 0.00794429, -1.51008, 0.0306862, 0.0307004, 0.9693
64.8055, 0.00808283, -1.50307, 0.0299871, 0.0300007, 0.969999
64.8063, 0.00821312, -1.49606, 0.0293175, 0.0293307, 0.970669
64.8071, 0.00833574, -1.48905, 0.0286761, 0.0286887, 0.971311
64.8079, 0.00845122, -1.48205, 0.0280614, 0.0280735, 0.971927
64.8087, 0.00856006, -1.47504, 0.0274722, 0.0274837, 0.972516
64.8095, 0.00866274, -1.46803, 0.0269071, 0.0269181, 0.973082
64.8103, 0.00875967, -1.46102, 0.026365, 0.0263756, 0.973624
64.8111, 0.00885126, -1.45401, 0.0258448, 0.025855, 0.974145
64.8119, 0.00893789, -1.447, 0.0253456, 0.0253554, 0.974645
64.8127, 0.0090199, -1.43999, 0.0248662, 0.0248756, 0.975124
64.8135, 0.0090976, -1.43298, 0.0244059, 0.0244149, 0.975585
64.8143, 0.00917132, -1.42597, 0.0239637, 0.0239723, 0.976028
64.8151, 0.00924131, -1.41896, 0.0235387, 0.0235471, 0.976453
64.8159, 0.00930786, -1.41195, 0.0231303, 0.0231383, 0.976862
64.8167, 0.00937119, -1.40494, 0.0227377, 0.0227454, 0.977255
64.8175, 0.00943154, -1.39793, 0.0223602, 0.0223676, 0.977632
64.8183, 0.00948912, -1.39092, 0.0219971, 0.0220043, 0.977996
64.8191, 0.00954413, -1.38392, 0.0216479, 0.0216547, 0.978345
64.8199, 0.00959675, -1.37691, 0.0213118, 0.0213184, 0.978682
64.8207, 0.00964716, -1.3699, 0.0209885, 0.0209948, 0.979005
64.8215, 0.00969552, -1.36289, 0.0206773, 0.0206834, 0.979317
64.8223, 0.00974199, -1.35588, 0.0203777, 0.0203836, 0.979616
64.8232, 0.0097867, -1.34887, 0.0200893, 0.020095, 0.979905
64.824, 0.00982979, -1.34186, 0.0198116, 0.0198171, 0.980183
64.8248, 0.00987138, -1.33485, 0.0195443, 0.0195495, 0.98045
64.8256, 0.0099116, -1.32784, 0.0192868, 0.0192919, 0.980708
64.8264, 0.00995056, -1.32083, 0.0190389, 0.0190437, 0.980956
64.8272, 0.00998835, -1.31382, 0.0188001, 0.0188048, 0.981195
64.828, 0.0100251, -1.30681, 0.0185701, 0.0185746, 0.981425
64.8288, 0.0100609, -1.2998, 0.0183486, 0.018353, 0.981647
64.8296, 0.0100957, -1.29279, 0.0181354, 0.0181396, 0.98186
64.8304, 0.0101298, -1.28579, 0.0179302, 0.0179342, 0.982066
64.8312, 0.0101631, -1.27878, 0.017733, 0.0177369, 0.982263
64.832, 0.0101957, -1.27177, 0.0175437, 0.0175474, 0.982453
64.8328, 0.0102276, -1.26476, 0.0173618, 0.0173654, 0.982635
64.8336, 0.010259, -1.25775, 0.0171873, 0.0171907, 0.982809
64.8344, 0.0102899, -1.25074, 0.0170197, 0.017023, 0.982977
64.8352, 0.0103203, -1.24373, 0.016859, 0.0168621, 0.983138
64.836, 0.0103503, -1.23672, 0.0167047, 0.0167078, 0.983292
64.8368, 0.0103801, -1.22971, 0.0165569, 0.0165598, 0.98344
64.8376, 0.0104095, -1.2227, 0.0164152, 0.016418, 0.983582
64.8384, 0.0104388, -1.21569, 0.0162794, 0.0162821, 0.983718
64.8392, 0.0104679, -1.20868, 0.0161495, 0.0161521, 0.983848
64.84, 0.010497, -1.20167, 0.0160252, 0.0160277, 0.983972
64.8408, 0.0105259, -1.19466, 0.0159065, 0.0159088, 0.984091
64.8416, 0.0105549, -1.18766, 0.015793, 0.0157953, 0.984205
64.8424, 0.010584, -1.18065, 0.0156849, 0.015687, 0.984313
64.8432, 0.0106132, -1.17364, 0.0155818, 0.0155838, 0.984416
64.8441, 0.0106425, -1.16663, 0.0154838, 0.0154857, 0.984514
64.8449, 0.0106721, -1.15962, 0.0153907, 0.0153925, 0.984607
64.8457, 0.0107019, -1.15261, 0.0153025, 0.0153042, 0.984696
64.8465, 0.0107322, -1.1456, 0.0152191, 0.0152207, 0.984779
64.8473, 0.0107628, -1.13859, 0.0151404, 0.015142, 0.984858
64.8481, 0.0107939, -1.13158, 0.0150665, 0.0150679, 0.984932
64.8489, 0.0108255, -1.12457, 0.0149973, 0.0149986, 0.985001
64.8497, 0.0108578, -1.11756, 0.0149327, 0.014934, 0.985066
64.8505, 0.0108908, -1.11055, 0.0148729, 0.014874, 0.985126
64.8513, 0.0109246, -1.10354, 0.0148178, 0.0148188, 0.985181
64.8521, 0.0109593, -1.09653, 0.0147675, 0.0147685, 0.985232
64.8529, 0.010995, -1.08952, 0.0147221, 0.0147229, 0.985277
64.8537, 0.0110319, -1.08252, 0.0146816, 0.0146824, 0.985318
64.8545, 0.01107, -1.07551, 0.0146463, 0.0146469, 0.985353
64.8553, 0.0111095, -1.0685, 0.0146162, 0.0146167, 0.985383
64.8561, 0.0111506, -1.06149, 0.0145916, 0.014592, 0.985408
64.8569, 0.0111936, -1.05448, 0.0145727, 0.014573, 0.985427
64.8577, 0.0112385, -1.04747, 0.0145598, 0.01456, 0.98544
64.8585, 0.0112856, -1.04046, 0.0145532, 0.0145533, 0.985447
64.8593, 0.0113362, -1.03345, 0.0145554, 0.0145552, 0.985445
64.8601, 0.011395, -1.02644, 0.0145754, 0.0145748, 0.985425
64.8609, 0.0114618, -1.01943, 0.0146124, 0.0146115, 0.985389
64.8617, 0.0115358, -1.01242, 0.0146643, 0.0146632, 0.985337
64.8625, 0.0116161, -1.00541, 0.0147297, 0.0147283, 0.985272
64.8633, 0.0117023, -0.998404, 0.0148071, 0.0148054, 0.985195
64.8641, 0.0117937, -0.991395, 0.0148953, 0.0148934, 0.985107
64.865, 0.0118899, -0.984385, 0.0149932, 0.0149911, 0.985009
64.8658, 0.0119905, -0.977376, 0.0151, 0.0150977, 0.984902
64.8666, 0.0120952, -0.970367, 0.0152148, 0.0152124, 0.984788
64.8674, 0.0122035, -0.963358, 0.0153369, 0.0153343, 0.984666
64.8682, 0.0123152, -0.956348, 0.0154656, 0.015463, 0.984537
64.869, 0.0124301, -0.949339, 0.0156004, 0.0155977, 0.984402
64.8698, 0.0125478, -0.94233, 0.0157407, 0.0157379, 0.984262
64.8706, 0.0126681, -0.93532, 0.0158861, 0.0158831, 0.984117
64.8714, 0.0127909, -0.928311, 0.016036, 0.016033, 0.983967
64.8722, 0.0129159, -0.921302, 0.0161902, 0.016187, 0.983813
64.873, 0.0130429, -0.914293, 0.0163481, 0.0163449, 0.983655
64.8738, 0.0131718, -0.907283, 0.0165094, 0.0165062, 0.983494
64.8746, 0.0133024, -0.900274, 0.0166739, 0.0166706, 0.983329
64.8754, 0.0134345, -0.893265, 0.0168412, 0.0168379, 0.983162
64.8762, 0.013568, -0.886255, 0.0170111, 0.0170077, 0.982992
64.877, 0.0137027, -0.879246, 0.0171832, 0.0171797, 0.98282
64.8778, 0.0138386, -0.872237, 0.0173574, 0.0173539, 0.982646
64.8786, 0.0139755, -0.865227, 0.0175333, 0.0175298, 0.98247
64.8794, 0.0141133, -0.858218, 0.0177109, 0.0177073, 0.982293
64.8802, 0.0142519, -0.851209, 0.0178899, 0.0178863, 0.982114
64.881, 0.0143911, -0.8442, 0.01807, 0.0180664, 0.981934
64.8818, 0.0145309, -0.83719, 0.0182513, 0.0182476, 0.981752
64.8826, 0.0146713, -0.830181, 0.0184334, 0.0184297, 0.98157
64.8834, 0.014812, -0.823172, 0.0186162, 0.0186126, 0.981387
64.8842, 0.0149531, -0.816162, 0.0187997, 0.018796, 0.981204
64.885, 0.0150944, -0.809153, 0.0189836, 0.0189799, 0.98102
64.8859, 0.015236, -0.802144, 0.0191678, 0.0191641, 0.980836
64.8867, 0.0153776, -0.795135, 0.0193523, 0.0193486, 0.980651
64.8875, 0.0155193, -0.788125, 0.0195369, 0.0195332, 0.980467
64.8883, 0.0156609, -0.781116, 0.0197215, 0.0197178, 0.980282
64.8891, 0.0158025, -0.774107, 0.0199061, 0.0199024, 0.980098
64.8899, 0.015944, -0.767097, 0.0200905, 0.0200868, 0.979913
64.8907, 0.0160854, -0.760088, 0.0202747, 0.020271, 0.979729
64.8915, 0.0162265, -0.753079, 0.0204586, 0.0204549, 0.979545
64.8923, 0.0163674, -0.746069, 0.0206422, 0.0206385, 0.979362
64.8931, 0.0165079, -0.73906, 0.0208253, 0.0208216, 0.979178
64.8939, 0.0166482, -0.732051, 0.0210079, 0.0210043, 0.978996
64.8947, 0.0167881, -0.725042, 0.02119, 0.0211864, 0.978814
64.8955, 0.0169276, -0.718032, 0.0213715, 0.0213679, 0.978632
64.8963, 0.0170666, -0.711023, 0.0215524, 0.0215488, 0.978451
64.8971, 0.0172052, -0.704014, 0.0217327, 0.0217291, 0.978271
64.8979, 0.0173434, -0.697004, 0.0219122, 0.0219086, 0.978091
64.8987, 0.017481, -0.689995, 0.022091, 0.0220875, 0.977913
64.8995, 0.0176181, -0.682986, 0.0222691, 0.0222655, 0.977734
64.9003, 0.0177546, -0.675976, 0.0224463, 0.0224428, 0.977557
64.9011, 0.0178906, -0.668967, 0.0226228, 0.0226192, 0.977381
64.9019, 0.018026, -0.661958, 0.0227984, 0.0227949, 0.977205
64.9027, 0.0181608, -0.654949, 0.0229731, 0.0229696, 0.97703
64.9035, 0.0182951, -0.647939, 0.023147, 0.0231435, 0.976857
64.9043, 0.0184286, -0.64093, 0.0233199, 0.0233165, 0.976684
64.9051, 0.0185616, -0.633921, 0.023492, 0.0234886, 0.976511
64.9059, 0.0186939, -0.626911, 0.0236632, 0.0236597, 0.97634
64.9068, 0.0188255, -0.619902, 0.0238334, 0.02383, 0.97617
64.9076, 0.0189565, -0.612893, 0.0240027, 0.0239993, 0.976001
64.9084, 0.0190868, -0.605884, 0.024171, 0.0241677, 0.975832
64.9092, 0.0192165, -0.598874, 0.0243384, 0.0243351, 0.975665
64.91, 0.0193454, -0.591865, 0.0245049, 0.0245015, 0.975498
64.9108, 0.0194737, -0.584856, 0.0246703, 0.024667, 0.975333
64.9116, 0.0196013, -0.577846, 0.0248349, 0.0248316, 0.975168
64.9124, 0.0197281, -0.570837, 0.0249984, 0.0249952, 0.975005
64.9132, 0.0198543, -0.563828, 0.025161, 0.0251578, 0.974842
64.914, 0.0199798, -0.556818, 0.0253227, 0.0253195, 0.974681
64.9148, 0.0201046, -0.549809, 0.0254834, 0.0254802, 0.97452
64.9156, 0.0202287, -0.5428, 0.0256431, 0.0256399, 0.97436
64.9164, 0.020352, -0.535791, 0.0258018, 0.0257987, 0.974201
64.9172, 0.0204747, -0.528781, 0.0259597, 0.0259565, 0.974043
64.918, 0.0205967, -0.521772, 0.0261165, 0.0261134, 0.973887
64.9188, 0.020718, -0.514763, 0.0262724, 0.0262693, 0.973731
64.9196, 0.0208385, -0.507753, 0.0264274, 0.0264243, 0.973576
64.9204, 0.0209584, -0.500744, 0.0265814, 0.0265784, 0.973422
64.9212, 0.0210775, -0.493735, 0.0267345, 0.0267315, 0.973269
64.922, 0.021196, -0.486725, 0.0268867, 0.0268837, 0.973116
64.9228, 0.0213138, -0.479716, 0.027038, 0.027035, 0.972965
64.9236, 0.0214309, -0.472707, 0.0271883, 0.0271853, 0.972815
64.9244, 0.0215472, -0.465698, 0.0273377, 0.0273348, 0.972665
64.9252, 0.0216629, -0.458688, 0.0274863, 0.0274833, 0.972517
64.926, 0.021778, -0.451679, 0.0276339, 0.027631, 0.972369
64.9268, 0.0218923, -0.44467, 0.0277807, 0.0277777, 0.972222
64.9277, 0.0220059, -0.43766, 0.0279265, 0.0279236, 0.972076
64.9285, 0.0221189, -0.430651, 0.0280715, 0.0280687, 0.971931
64.9293, 0.0222312, -0.423642, 0.0282157, 0.0282128, 0.971787
64.9301, 0.0223429, -0.416633, 0.028359, 0.0283561, 0.971644
64.9309, 0.0224539, -0.409623, 0.0285014, 0.0284986, 0.971501
64.9317, 0.0225642, -0.402614, 0.028643, 0.0286402, 0.97136
64.9325, 0.0226738, -0.395605, 0.0287837, 0.0287809, 0.971219
64.9333, 0.0227828, -0.388595, 0.0289237, 0.0289209, 0.971079
64.9341, 0.0228912, -0.381586, 0.0290628, 0.02906, 0.97094
64.9349, 0.0229989, -0.374577, 0.0292011, 0.0291983, 0.970802
64.9357, 0.023106, -0.367567, 0.0293386, 0.0293359, 0.970664
64.9365, 0.0232125, -0.360558, 0.0294753, 0.0294726, 0.970527
64.9373, 0.0233183, -0.353549, 0.0296112, 0.0296085, 0.970391
64.9381, 0.0234235, -0.34654, 0.0297464, 0.0297437, 0.970256
64.9389, 0.023528, -0.33953, 0.0298808, 0.0298781, 0.970122
64.9397, 0.023632, -0.332521, 0.0300144, 0.0300117, 0.969988
64.9405, 0.0237353, -0.325512, 0.0301472, 0.0301446, 0.969855
64.9413, 0.0238381, -0.318502, 0.0302794, 0.0302767, 0.969723
64.9421, 0.0239402, -0.311493, 0.0304108, 0.0304081, 0.969592
64.9429, 0.0240417, -0.304484, 0.0305414, 0.0305388, 0.969461
64.9437, 0.0241427, -0.297475, 0.0306714, 0.0306688, 0.969331
64.9445, 0.024243, -0.290465, 0.0308006, 0.030798, 0.969202
64.9453, 0.0243428, -0.283456, 0.0309291, 0.0309265, 0.969073
64.9461, 0.024442, -0.276447, 0.0310569, 0.0310544, 0.968946
64.9469, 0.0245409, -0.269437, 0.0311845, 0.031182, 0.968818
64.9477, 0.0246402, -0.262428, 0.031313, 0.0313104, 0.96869
64.9486, 0.0247401, -0.255419, 0.0314424, 0.0314398, 0.96856
64.9494, 0.0248404, -0.248409, 0.0315727, 0.0315701, 0.96843
64.9502, 0.0249412, -0.2414, 0.0317039, 0.0317013, 0.968299
64.951, 0.0250426, -0.234391, 0.0318361, 0.0318334, 0.968167
64.9518, 0.0251444, -0.227382, 0.0319692, 0.0319666, 0.968033
64.9526, 0.0252468, -0.220372, 0.0321033, 0.0321006, 0.967899
64.9534, 0.0253497, -0.213363, 0.0322384, 0.0322357, 0.967764
64.9542, 0.0254532, -0.206354, 0.0323744, 0.0323717, 0.967628
64.955, 0.0255572, -0.199344, 0.0325114, 0.0325087, 0.967491
64.9558, 0.0256617, -0.192335, 0.0326494, 0.0326467, 0.967353
64.9566, 0.0257668, -0.185326, 0.0327885, 0.0327857, 0.967214
64.9574, 0.0258721, -0.178316, 0.0329285, 0.0329257, 0.967074
64.9582, 0.0259777, -0.171307, 0.0330696, 0.0330667, 0.966933
64.959, 0.0260837, -0.164298, 0.0332117, 0.0332088, 0.966791
64.9598, 0.02619, -0.157289, 0.0333548, 0.033352, 0.966648
64.9606, 0.0262967, -0.150279, 0.033499, 0.0334961, 0.966504
64.9614, 0.0264038, -0.14327, 0.0336443, 0.0336414, 0.966359
64.9622, 0.0265112, -0.136261, 0.0337906, 0.0337877, 0.966212
64.963, 0.0266192, -0.129251, 0.0339381, 0.0339351, 0.966065
64.9638, 0.0267276, -0.122242, 0.0340865, 0.0340836, 0.965916
64.9646, 0.0268364, -0.115233, 0.0342361, 0.0342331, 0.965767
64.9654, 0.0269458, -0.108224, 0.0343868, 0.0343838, 0.965616
64.9662, 0.0270556, -0.101214, 0.0345386, 0.0345355, 0.965464
64.967, 0.027166, -0.0942049, 0.0346915, 0.0346884, 0.965312
64.9678, 0.027277, -0.0871956, 0.0348455, 0.0348424, 0.965158
64.9686, 0.0273885, -0.0801863, 0.0350007, 0.0349976, 0.965002
64.9695, 0.0275006, -0.073177, 0.035157, 0.0351538, 0.964846
64.9703, 0.0276133, -0.0661678, 0.0353144, 0.0353113, 0.964689
64.9711, 0.0277265, -0.0591585, 0.035473, 0.0354699, 0.96453
64.9719, 0.0278405, -0.0521492, 0.0356328, 0.0356296, 0.96437
64.9727, 0.027955, -0.0451399, 0.0357938, 0.0357905, 0.964209
64.9735, 0.0280702, -0.0381306, 0.0359559, 0.0359527, 0.964047
64.9743, 0.028186, -0.0311213, 0.0361193, 0.036116, 0.963884
64.9751, 0.0283026, -0.024112, 0.0362838, 0.0362805, 0.963719
64.9759, 0.0284198, -0.0171027, 0.0364496, 0.0364462, 0.963554
64.9767, 0.0285377, -0.0100934, 0.0366166, 0.0366132, 0.963387
64.9775, 0.0286564, -0.00308409, 0.0367848, 0.0367814, 0.963219
64.9783, 0.0287757, 0.00392521, 0.0369543, 0.0369509, 0.963049
64.9791, 0.0288958, 0.0109345, 0.037125, 0.0371216, 0.962878
64.9799, 0.0290167, 0.0179438, 0.037297, 0.0372936, 0.962706
64.9807, 0.0291383, 0.0249531, 0.0374703, 0.0374668, 0.962533
64.9815, 0.0292606, 0.0319624, 0.0376449, 0.0376414, 0.962359
64.9823, 0.0293838, 0.0389717, 0.0378207, 0.0378172, 0.962183
64.9831, 0.0295077, 0.045981, 0.0379979, 0.0379944, 0.962006
64.9839, 0.0296325, 0.0529903, 0.0381764, 0.0381728, 0.961827
64.9847, 0.0297581, 0.0599996, 0.0383562, 0.0383526, 0.961647
64.9855, 0.0298844, 0.0670089, 0.0385374, 0.0385338, 0.961466
64.9863, 0.0300117, 0.0740182, 0.03872, 0.0387163, 0.961284
64.9871, 0.0301397, 0.0810275, 0.0389038, 0.0389002, 0.9611
64.9879, 0.0302687, 0.0880368, 0.0390891, 0.0390854, 0.960915
64.9887, 0.0303985, 0.0950461, 0.0392758, 0.039272, 0.960728
64.9895, 0.0305291, 0.102055, 0.0394638, 0.03946, 0.96054
64.9904, 0.0306607, 0.109065, 0.0396533, 0.0396495, 0.960351
64.9912, 0.0307931, 0.116074, 0.0398442, 0.0398403, 0.96016
64.992, 0.0309265, 0.123083, 0.0400365, 0.0400326, 0.959967
64.9928, 0.0310608, 0.130093, 0.0402302, 0.0402263, 0.959774
64.9936, 0.0311959, 0.137102, 0.0404254, 0.0404215, 0.959578
64.9944, 0.0313321, 0.144111, 0.0406221, 0.0406182, 0.959382
64.9952, 0.0314692, 0.15112, 0.0408203, 0.0408163, 0.959184
64.996, 0.0316072, 0.15813, 0.0410199, 0.0410159, 0.958984
64.9968, 0.0317462, 0.165139, 0.0412211, 0.041217, 0.958783
64.9976, 0.0318862, 0.172148, 0.0414237, 0.0414197, 0.95858
64.9984, 0.0320271, 0.179158, 0.0416279, 0.0416238, 0.958376
64.9992, 0.0321691, 0.186167, 0.0418336, 0.0418295, 0.958171
65, 0.032312, 0.193176, 0.0420409, 0.0420367, 0.957963
65.0008, 0.032456, 0.200185, 0.0422497, 0.0422455, 0.957754
65.0016, 0.032601, 0.207195, 0.0424601, 0.0424559, 0.957544
65.0024, 0.032747, 0.214204, 0.0426721, 0.0426678, 0.957332
65.0032, 0.032894, 0.221213, 0.0428857, 0.0428814, 0.957119
65.004, 0.0330421, 0.228223, 0.0431009, 0.0430965, 0.956903
65.0048, 0.0331913, 0.235232, 0.0433177, 0.0433133, 0.956687
65.0056, 0.0333415, 0.242241, 0.0435361, 0.0435317, 0.956468
65.0064, 0.0334928, 0.249251, 0.0437562, 0.0437518, 0.956248
65.0072, 0.0336452, 0.25626, 0.0439779, 0.0439735, 0.956027
65.008, 0.0337987, 0.263269, 0.0442013, 0.0441969, 0.955803
65.0088, 0.0339533, 0.270278, 0.0444264, 0.0444219, 0.955578
65.0096, 0.0341091, 0.277288, 0.0446532, 0.0446487, 0.955351
65.0105, 0.0342659, 0.284297, 0.0448817, 0.0448771, 0.955123
65.0113, 0.0344239, 0.291306, 0.0451119, 0.0451073, 0.954893
65.0121, 0.034583, 0.298316, 0.0453439, 0.0453392, 0.954661
65.0129, 0.0347433, 0.305325, 0.0455776, 0.0455729, 0.954427
65.0137, 0.0349047, 0.312334, 0.045813, 0.0458083, 0.954192
65.0145, 0.0350673, 0.319344, 0.0460502, 0.0460455, 0.953955
65.0153, 0.0352311, 0.326353, 0.0462892, 0.0462844, 0.953716
65.0161, 0.0353961, 0.333362, 0.04653, 0.0465252, 0.953475
65.0169, 0.0355622, 0.340371, 0.0467726, 0.0467677, 0.953232
65.0177, 0.0357296, 0.347381, 0.047017, 0.0470121, 0.952988
65.0185, 0.0358982, 0.35439, 0.0472633, 0.0472583, 0.952742
65.0193, 0.0360681, 0.361399, 0.0475114, 0.0475064, 0.952494
65.0201, 0.0362391, 0.368409, 0.0477613, 0.0477563, 0.952244
65.0209, 0.0364114, 0.375418, 0.0480131, 0.0480081, 0.951992
65.0217, 0.036585, 0.382427, 0.0482668, 0.0482617, 0.951738
65.0225, 0.0367598, 0.389436, 0.0485224, 0.0485173, 0.951483
65.0233, 0.0369359, 0.396446, 0.0487799, 0.0487748, 0.951225
65.0241, 0.0371133, 0.403455, 0.0490394, 0.0490342, 0.950966
65.0249, 0.037292, 0.410464, 0.0493007, 0.0492955, 0.950705
65.0257, 0.0374719, 0.417474, 0.049564, 0.0495588, 0.950441
65.0265, 0.0376532, 0.424483, 0.0498293, 0.049824, 0.950176
65.0273, 0.0378358, 0.431492, 0.0500965, 0.0500912, 0.949909
65.0281, 0.0380197, 0.438502, 0.0503658, 0.0503604, 0.94964
65.0289, 0.038205, 0.445511, 0.050637, 0.0506315, 0.949368
65.0297, 0.0383916, 0.45252, 0.0509102, 0.0509047, 0.949095
65.0305, 0.0385796, 0.459529, 0.0511855, 0.0511799, 0.94882
65.0314, 0.0387689, 0.466539, 0.0514628, 0.0514572, 0.948543
65.0322, 0.0389596, 0.473548, 0.0517421, 0.0517365, 0.948264
65.033, 0.0391517, 0.480557, 0.0520235, 0.0520178, 0.947982
65.0338, 0.0393451, 0.487567, 0.0523069, 0.0523012, 0.947699
65.0346, 0.03954, 0.494576, 0.0525925, 0.0525868, 0.947413
65.0354, 0.0397363, 0.501585, 0.0528801, 0.0528744, 0.947126
65.0362, 0.039934, 0.508594, 0.0531699, 0.0531641, 0.946836
65.037, 0.0401331, 0.515604, 0.0534618, 0.0534559, 0.946544
65.0378, 0.0403336, 0.522613, 0.0537558, 0.0537499, 0.94625
65.0386, 0.0405356, 0.529622, 0.0540519, 0.054046, 0.945954
65.0394, 0.0407391, 0.536632, 0.0543502, 0.0543443, 0.945656
65.0402, 0.0409439, 0.543641, 0.0546507, 0.0546447, 0.945355
65.041, 0.0411503, 0.55065, 0.0549534, 0.0549473, 0.945053
65.0418, 0.0413582, 0.55766, 0.0552582, 0.0552521, 0.944748
65.0426, 0.0415675, 0.564669, 0.0555653, 0.0555592, 0.944441
65.0434, 0.0417783, 0.571678, 0.0558746, 0.0558684, 0.944132
65.0442, 0.0419906, 0.578687, 0.0561861, 0.0561799, 0.94382
65.045, 0.0422045, 0.585697, 0.0564999, 0.0564936, 0.943506
65.0458, 0.0424198, 0.592706, 0.0568159, 0.0568095, 0.94319
65.0466, 0.0426367, 0.599715, 0.0571341, 0.0571278, 0.942872
65.0474, 0.0428551, 0.606725, 0.0574547, 0.0574483, 0.942552
65.0482, 0.0430751, 0.613734, 0.0577775, 0.057771, 0.942229
65.049, 0.0432966, 0.620743, 0.0581027, 0.0580961, 0.941904
65.0498, 0.0435196, 0.627753, 0.0584301, 0.0584235, 0.941576
65.0506, 0.0437443, 0.634762, 0.0587599, 0.0587532, 0.941247
65.0514, 0.0439705, 0.641771, 0.059092, 0.0590853, 0.940915
65.0523, 0.0441983, 0.64878, 0.0594264, 0.0594197, 0.94058
65.0531, 0.0444277, 0.65579, 0.0597632, 0.0597564, 0.940244
65.0539, 0.0446586, 0.662799, 0.0601023, 0.0600955, 0.939904
65.0547, 0.0448912, 0.669808, 0.0604439, 0.060437, 0.939563
65.0555, 0.0451254, 0.676818, 0.0607878, 0.0607809, 0.939219
65.0563, 0.0453612, 0.683827, 0.0611341, 0.0611271, 0.938873
65.0571, 0.0455987, 0.690836, 0.0614828, 0.0614758, 0.938524
65.0579, 0.0458377, 0.697845, 0.0618339, 0.0618269, 0.938173
65.0587, 0.0460784, 0.704855, 0.0621874, 0.0621804, 0.93782
65.0595, 0.0463208, 0.711864, 0.0625434, 0.0625363, 0.937464
65.0603, 0.0465648, 0.718873, 0.0629018, 0.0628947, 0.937105
65.0611, 0.0468105, 0.725883, 0.0632627, 0.0632555, 0.936745
65.0619, 0.0470576, 0.732892, 0.063626, 0.0636188, 0.936381
65.0627, 0.0473038, 0.739901, 0.0639918, 0.0639844, 0.936016
65.0635, 0.0475516, 0.746911, 0.06436, 0.0643526, 0.935647
65.0643, 0.0478011, 0.75392, 0.0647306, 0.0647232, 0.935277
65.0651, 0.0480522, 0.760929, 0.0651038, 0.0650963, 0.934904
65.0659, 0.048305, 0.767938, 0.0654795, 0.065472, 0.934528
65.0667, 0.0485595, 0.774948, 0.0658577, 0.0658501, 0.93415
65.0675, 0.0488156, 0.781957, 0.0662384, 0.0662308, 0.933769
65.0683, 0.0490734, 0.788966, 0.0666217, 0.066614, 0.933386
65.0691, 0.049333, 0.795976, 0.0670075, 0.0669998, 0.933
65.0699, 0.0495942, 0.802985, 0.0673959, 0.0673881, 0.932612
65.0707, 0.0498571, 0.809994, 0.0677868, 0.067779, 0.932221
65.0715, 0.0501217, 0.817004, 0.0681803, 0.0681724, 0.931828
65.0723, 0.050388, 0.824013, 0.0685764, 0.0685685, 0.931432
65.0732, 0.0506561, 0.831022, 0.068975, 0.068967, 0.931033
65.074, 0.0509258, 0.838031, 0.0693763, 0.0693682, 0.930632
65.0748, 0.0511973, 0.845041, 0.0697801, 0.069772, 0.930228
65.0756, 0.0514705, 0.85205, 0.0701865, 0.0701784, 0.929822
65.0764, 0.0517454, 0.859059, 0.0705956, 0.0705873, 0.929413
65.0772, 0.0520221, 0.866069, 0.0710072, 0.0709989, 0.929001
65.078, 0.0523004, 0.873078, 0.0714214, 0.0714131, 0.928587
65.0788, 0.0525806, 0.880087, 0.0718383, 0.0718299, 0.92817
65.0796, 0.0528624, 0.887096, 0.0722578, 0.0722494, 0.927751
65.0804, 0.053146, 0.894106, 0.0726799, 0.0726715, 0.927329
65.0812, 0.0534314, 0.901115, 0.0731047, 0.0730962, 0.926904
65.082, 0.0537185, 0.908124, 0.0735321, 0.0735235, 0.926476
65.0828, 0.0540073, 0.915134, 0.0739622, 0.0739535, 0.926046
65.0836, 0.0542979, 0.922143, 0.0743949, 0.0743862, 0.925614
65.0844, 0.0545902, 0.929152, 0.0748302, 0.0748215, 0.925179
65.0852, 0.0548844, 0.936162, 0.0752682, 0.0752594, 0.924741
65.086, 0.0551802, 0.943171, 0.0757089, 0.0757001, 0.9243
65.0868, 0.0554779, 0.95018, 0.0761522, 0.0761433, 0.923857
65.0876, 0.0557773, 0.957189, 0.0765982, 0.0765893, 0.923411
65.0884, 0.0560784, 0.964199, 0.0770469, 0.0770379, 0.922962
65.0892, 0.0563813, 0.971208, 0.0774982, 0.0774891, 0.922511
65.09, 0.056686, 0.978217, 0.0779522, 0.0779431, 0.922057
65.0908, 0.0569925, 0.985227, 0.0784089, 0.0783997, 0.9216
65.0916, 0.0573007, 0.992236, 0.0788682, 0.078859, 0.921141
65.0924, 0.0576107, 0.999245, 0.0793302, 0.0793209, 0.920679
65.0932, 0.0579225, 1.00625, 0.0797949, 0.0797856, 0.920214
65.0941, 0.058236, 1.01326, 0.0802623, 0.0802529, 0.919747
65.0949, 0.0585513, 1.02027, 0.0807323, 0.0807229, 0.919277
65.0957, 0.0588684, 1.02728, 0.0812051, 0.0811956, 0.918804
65.0965, 0.0591872, 1.03429, 0.0816805, 0.0816709, 0.918329
65.0973, 0.0595078, 1.0413, 0.0821586, 0.082149, 0.917851
65.0981, 0.0598302, 1.04831, 0.0826393, 0.0826297, 0.91737
65.0989, 0.0601543, 1.05532, 0.0831228, 0.0831131, 0.916887
65.0997, 0.0604802, 1.06233, 0.0836089, 0.0835992, 0.916401
65.1005, 0.0608079, 1.06934, 0.0840977, 0.0840879, 0.915912
65.1013, 0.0611373, 1.07635, 0.0845892, 0.0845793, 0.915421
65.1021, 0.0614685, 1.08336, 0.0850834, 0.0850734, 0.914927
65.1029, 0.0618015, 1.09037, 0.0855802, 0.0855702, 0.91443
65.1037, 0.0621362, 1.09738, 0.0860797, 0.0860697, 0.91393
65.1045, 0.0624727, 1.10438, 0.0865818, 0.0865718, 0.913428
65.1053, 0.0628109, 1.11139, 0.0870867, 0.0870765, 0.912923
65.1061, 0.0631509, 1.1184, 0.0875941, 0.087584, 0.912416
65.1069, 0.0634927, 1.12541, 0.0881043, 0.0880941, 0.911906
65.1077, 0.0638362, 1.13242, 0.0886171, 0.0886068, 0.911393
65.1085, 0.0641814, 1.13943, 0.0891326, 0.0891222, 0.910878
65.1093, 0.0645284, 1.14644, 0.0896507, 0.0896403, 0.91036
65.1101, 0.0648771, 1.15345, 0.0901714, 0.090161, 0.909839
65.1109, 0.0652276, 1.16046, 0.0906949, 0.0906844, 0.909316
65.1117, 0.0655798, 1.16747, 0.0912209, 0.0912104, 0.90879
65.1125, 0.0659337, 1.17448, 0.0917496, 0.091739, 0.908261
65.1133, 0.0662894, 1.18149, 0.0922809, 0.0922702, 0.90773
65.1141, 0.0666468, 1.1885, 0.0928148, 0.0928041, 0.907196
65.115, 0.0670059, 1.19551, 0.0933514, 0.0933406, 0.906659
65.1158, 0.0673667, 1.20251, 0.0938906, 0.0938798, 0.90612
65.1166, 0.0677293, 1.20952, 0.0944323, 0.0944215, 0.905579
65.1174, 0.0680935, 1.21653, 0.0949767, 0.0949658, 0.905034
65.1182, 0.0684595, 1.22354, 0.0955237, 0.0955127, 0.904487
65.119, 0.0688271, 1.23055, 0.0960733, 0.0960623, 0.903938
65.1198, 0.0691965, 1.23756, 0.0966255, 0.0966144, 0.903386
65.1206, 0.0695676, 1.24457, 0.0971802, 0.0971691, 0.902831
65.1214, 0.0699403, 1.25158, 0.0977375, 0.0977264, 0.902274
65.1222, 0.0703147, 1.25859, 0.0982974, 0.0982862, 0.901714
65.123, 0.0706908, 1.2656, 0.0988599, 0.0988486, 0.901151
65.1238, 0.0710686, 1.27261, 0.0994249, 0.0994136, 0.900586
65.1246, 0.0714481, 1.27962, 0.0999925, 0.0999811, 0.900019
65.1254, 0.0718292, 1.28663, 0.100563, 0.100551, 0.899449
65.1262, 0.0722119, 1.29364, 0.101135, 0.101124, 0.898876
65.127, 0.0725964, 1.30064, 0.10171, 0.101699, 0.898301
65.1278, 0.0729825, 1.30765, 0.102288, 0.102276, 0.897724
65.1286, 0.0733702, 1.31466, 0.102868, 0.102857, 0.897143
65.1294, 0.0737595, 1.32167, 0.103451, 0.103439, 0.896561
65.1302, 0.0741505, 1.32868, 0.104036, 0.104024, 0.895976
65.131, 0.0745431, 1.33569, 0.104624, 0.104612, 0.895388
65.1318, 0.0749374, 1.3427, 0.105214, 0.105202, 0.894798
65.1326, 0.0753332, 1.34971, 0.105807, 0.105795, 0.894205
65.1334, 0.0757307, 1.35672, 0.106402, 0.10639, 0.89361
65.1342, 0.0761298, 1.36373, 0.106999, 0.106987, 0.893013
65.135, 0.0765304, 1.37074, 0.107599, 0.107587, 0.892413
65.1359, 0.0769327, 1.37775, 0.108202, 0.10819, 0.89181
65.1367, 0.0773365, 1.38476, 0.108806, 0.108794, 0.891206
65.1375, 0.0777419, 1.39177, 0.109414, 0.109402, 0.890598
65.1383, 0.0781489, 1.39878, 0.110023, 0.110011, 0.889989
65.1391, 0.0785575, 1.40578, 0.110636, 0.110623, 0.889377
65.1399, 0.0789676, 1.41279, 0.11125, 0.111238, 0.888762
65.1407, 0.0793793, 1.4198, 0.111867, 0.111855, 0.888145
65.1415, 0.0797925, 1.42681, 0.112486, 0.112474, 0.887526
65.1423, 0.0802072, 1.43382, 0.113108, 0.113095, 0.886905
65.1431, 0.0806235, 1.44083, 0.113732, 0.113719, 0.886281
65.1439, 0.0810413, 1.44784, 0.114358, 0.114345, 0.885655
65.1447, 0.0814607, 1.45485, 0.114987, 0.114974, 0.885026
65.1455, 0.0818815, 1.46186, 0.115618, 0.115605, 0.884395
65.1463, 0.0823039, 1.46887, 0.116251, 0.116238, 0.883762
65.1471, 0.0827277, 1.47588, 0.116886, 0.116874, 0.883126
65.1479, 0.0831531, 1.48289, 0.117524, 0.117512, 0.882488
65.1487, 0.0835799, 1.4899, 0.118165, 0.118152, 0.881848
65.1495, 0.0840082, 1.49691, 0.118807, 0.118794, 0.881206
65.1503, 0.084438, 1.50391, 0.119452, 0.119439, 0.880561
65.1511, 0.0848693, 1.51092, 0.120099, 0.120086, 0.879914
65.1519, 0.085302, 1.51793, 0.120748, 0.120735, 0.879265
65.1527, 0.0857362, 1.52494, 0.121399, 0.121386, 0.878614
65.1535, 0.0861718, 1.53195, 0.122053, 0.12204, 0.87796
65.1543, 0.0866089, 1.53896, 0.122709, 0.122696, 0.877304
65.1551, 0.0870474, 1.54597, 0.123367, 0.123354, 0.876646
65.1559, 0.0874873, 1.55298, 0.124027, 0.124014, 0.875986
65.1568, 0.0879286, 1.55999, 0.12469, 0.124677, 0.875323
65.1576, 0.0883714, 1.567, 0.125355, 0.125341, 0.874659
65.1584, 0.0888155, 1.57401, 0.126022, 0.126008, 0.873992
65.1592, 0.0892611, 1.58102, 0.126691, 0.126677, 0.873323
65.16, 0.089708, 1.58803, 0.127362, 0.127348, 0.872652
65.1608, 0.0901564, 1.59504, 0.128035, 0.128022, 0.871978
65.1616, 0.0906061, 1.60204, 0.128711, 0.128697, 0.871303
65.1624, 0.0910572, 1.60905, 0.129388, 0.129375, 0.870625
65.1632, 0.0915096, 1.61606, 0.130068, 0.130054, 0.869946
65.164, 0.0919634, 1.62307, 0.13075, 0.130736, 0.869264
65.1648, 0.0924186, 1.63008, 0.131433, 0.13142, 0.86858
65.1656, 0.0928751, 1.63709, 0.132119, 0.132106, 0.867894
65.1664, 0.093333, 1.6441, 0.132807, 0.132794, 0.867206
65.1672, 0.0937921, 1.65111, 0.133498, 0.133484, 0.866516
65.168, 0.0942526, 1.65812, 0.13419, 0.134176, 0.865824
65.1688, 0.0947145, 1.66513, 0.134884, 0.13487, 0.86513
65.1696, 0.0951776, 1.67214, 0.13558, 0.135566, 0.864434
65.1704, 0.095642, 1.67915, 0.136278, 0.136264, 0.863736
65.1712, 0.0961078, 1.68616, 0.136979, 0.136965, 0.863035
65.172, 0.0965748, 1.69317, 0.137681, 0.137667, 0.862333
65.1728, 0.0970432, 1.70017, 0.138385, 0.138371, 0.861629
65.1736, 0.0975128, 1.70718, 0.139092, 0.139077, 0.860923
65.1744, 0.0979837, 1.71419, 0.1398, 0.139786, 0.860214
65.1752, 0.0984558, 1.7212, 0.14051, 0.140496, 0.859504
65.176, 0.0989292, 1.72821, 0.141222, 0.141208, 0.858792
65.1768, 0.0994039, 1.73522, 0.141936, 0.141922, 0.858078
65.1777, 0.0998798, 1.74223, 0.142653, 0.142638, 0.857362
65.1785, 0.100357, 1.74924, 0.143371, 0.143356, 0.856644
65.1793, 0.100835, 1.75625, 0.144091, 0.144076, 0.855924
65.1801, 0.101315, 1.76326, 0.144812, 0.144798, 0.855202
65.1809, 0.101796, 1.77027, 0.145536, 0.145522, 0.854478
65.1817, 0.102278, 1.77728, 0.146262, 0.146247, 0.853753
65.1825, 0.102761, 1.78429, 0.14699, 0.146975, 0.853025
65.1833, 0.103246, 1.7913, 0.147719, 0.147704, 0.852296
65.1841, 0.103731, 1.7983, 0.14845, 0.148436, 0.851564
65.1849, 0.104218, 1.80531, 0.149184, 0.149169, 0.850831
65.1857, 0.104706, 1.81232, 0.149919, 0.149904, 0.850096
65.1865, 0.105196, 1.81933, 0.150656, 0.150641, 0.849359
65.1873, 0.105686, 1.82634, 0.151394, 0.151379, 0.848621
65.1881, 0.106178, 1.83335, 0.152135, 0.15212, 0.84788
65.1889, 0.106671, 1.84036, 0.152877, 0.152862, 0.847138
65.1897, 0.107165, 1.84737, 0.153622, 0.153607, 0.846393
65.1905, 0.10766, 1.85438, 0.154368, 0.154353, 0.845647
65.1913, 0.108156, 1.86139, 0.155115, 0.1551, 0.8449
65.1921, 0.108653, 1.8684, 0.155865, 0.15585, 0.84415
65.1929, 0.109152, 1.87541, 0.156617, 0.156602, 0.843398
65.1937, 0.109652, 1.88242, 0.15737, 0.157355, 0.842645
65.1945, 0.110153, 1.88943, 0.158125, 0.15811, 0.84189
65.1953, 0.110655, 1.89644, 0.158882, 0.158866, 0.841134
65.1961, 0.111158, 1.90344, 0.15964, 0.159625, 0.840375
65.1969, 0.111662, 1.91045, 0.1604, 0.160385, 0.839615
65.1977, 0.112167, 1.91746, 0.161162, 0.161147, 0.838853
65.1986, 0.112674, 1.92447, 0.161926, 0.161911, 0.838089
65.1994, 0.113181, 1.93148, 0.162692, 0.162676, 0.837324
65.2002, 0.11369, 1.93849, 0.163459, 0.163444, 0.836556
65.201, 0.1142, 1.9455, 0.164228, 0.164212, 0.835788
65.2018, 0.114711, 1.95251, 0.164999, 0.164983, 0.835017
65.2026, 0.115222, 1.95952, 0.165771, 0.165755, 0.834245
65.2034, 0.115735, 1.96653, 0.166545, 0.166529, 0.833471
65.2042, 0.11625, 1.97354, 0.167321, 0.167305, 0.832695
65.205, 0.116765, 1.98055, 0.168098, 0.168083, 0.831917
65.2058, 0.117281, 1.98756, 0.168877, 0.168862, 0.831138
65.2066, 0.117798, 1.99457, 0.169658, 0.169642, 0.830358
65.2074, 0.118317, 2.00157, 0.170441, 0.170425, 0.829575
65.2082, 0.118836, 2.00858, 0.171225, 0.171209, 0.828791
65.209, 0.119356, 2.01559, 0.17201, 0.171995, 0.828005
65.2098, 0.119878, 2.0226, 0.172798, 0.172782, 0.827218
65.2106, 0.1204, 2.02961, 0.173587, 0.173571, 0.826429
65.2114, 0.120924, 2.03662, 0.174378, 0.174362, 0.825638
65.2122, 0.121449, 2.04363, 0.17517, 0.175154, 0.824846
65.213, 0.121974, 2.05064, 0.175964, 0.175948, 0.824052
65.2138, 0.122501, 2.05765, 0.17676, 0.176744, 0.823256
65.2146, 0.123029, 2.06466, 0.177557, 0.177541, 0.822459
65.2154, 0.123558, 2.07167, 0.178356, 0.17834, 0.82166
65.2162, 0.124087, 2.07868, 0.179156, 0.17914, 0.82086
65.217, 0.124618, 2.08569, 0.179958, 0.179942, 0.820058
65.2178, 0.12515, 2.0927, 0.180762, 0.180746, 0.819254
65.2186, 0.125683, 2.0997, 0.181567, 0.181551, 0.818449
65.2195, 0.126216, 2.10671, 0.182374, 0.182358, 0.817642
65.2203, 0.126751, 2.11372, 0.183182, 0.183166, 0.816834
65.2211, 0.127287, 2.12073, 0.183992, 0.183976, 0.816024
65.2219, 0.127824, 2.12774, 0.184804, 0.184788, 0.815212
65.2227, 0.128362, 2.13475, 0.185617, 0.185601, 0.814399
65.2235, 0.1289, 2.14176, 0.186432, 0.186415, 0.813585
65.2243, 0.12944, 2.14877, 0.187248, 0.187232, 0.812768
65.2251, 0.129981, 2.15578, 0.188066, 0.188049, 0.811951
65.2259, 0.130523, 2.16279, 0.188885, 0.188869, 0.811131
65.2267, 0.131065, 2.1698, 0.189706, 0.18969, 0.81031
65.2275, 0.131609, 2.17681, 0.190529, 0.190512, 0.809488
65.2283, 0.132154, 2.18382, 0.191353, 0.191336, 0.808664
65.2291, 0.132699, 2.19083, 0.192178, 0.192162, 0.807838
65.2299, 0.133246, 2.19783, 0.193005, 0.192989, 0.807011
65.2307, 0.133794, 2.20484, 0.193834, 0.193817, 0.806183
65.2315, 0.134342, 2.21185, 0.194664, 0.194647, 0.805353
65.2323, 0.134892, 2.21886, 0.195496, 0.195479, 0.804521
65.2331, 0.135442, 2.22587, 0.196329, 0.196312, 0.803688
65.2339, 0.135994, 2.23288, 0.197164, 0.197147, 0.802853
65.2347, 0.136546, 2.23989, 0.198, 0.197983, 0.802017
65.2355, 0.137099, 2.2469, 0.198837, 0.198821, 0.801179
65.2363, 0.137653, 2.25391, 0.199677, 0.19966, 0.80034
65.2371, 0.138209, 2.26092, 0.200517, 0.200501, 0.799499
65.2379, 0.138765, 2.26793, 0.20136, 0.201343, 0.798657
65.2387, 0.139322, 2.27494, 0.202203, 0.202186, 0.797814
65.2395, 0.13988, 2.28195, 0.203049, 0.203032, 0.796968
65.2404, 0.140439, 2.28896, 0.203895, 0.203878, 0.796122
65.2412, 0.140999, 2.29596, 0.204743, 0.204726, 0.795274
65.242, 0.14156, 2.30297, 0.205593, 0.205576, 0.794424
65.2428, 0.142121, 2.30998, 0.206444, 0.206427, 0.793573
65.2436, 0.142684, 2.31699, 0.207297, 0.20728, 0.79272
65.2444, 0.143248, 2.324, 0.208151, 0.208134, 0.791866
65.2452, 0.143812, 2.33101, 0.209007, 0.208989, 0.791011
65.246, 0.144378, 2.33802, 0.209864, 0.209846, 0.790154
65.2468, 0.144944, 2.34503, 0.210722, 0.210705, 0.789295
65.2476, 0.145512, 2.35204, 0.211582, 0.211565, 0.788435
65.2484, 0.14608, 2.35905, 0.212444, 0.212426, 0.787574
65.2492, 0.146649, 2.36606, 0.213306, 0.213289, 0.786711
65.25, 0.146557, 2.37138, 0.21405, 0.21405, 0.78595
65.2503, 0.141398, 2.36438, 0.213972, 0.213976, 0.786024
65.2506, 0.136144, 2.35737, 0.213619, 0.213629, 0.786371
65.251, 0.13087, 2.35036, 0.212966, 0.212982, 0.787018
65.2513, 0.125624, 2.34335, 0.212003, 0.212025, 0.787975
65.2516, 0.120442, 2.33634, 0.210728, 0.210757, 0.789243
65.2519, 0.11535, 2.32933, 0.209146, 0.209181, 0.790819
65.2522, 0.110364, 2.32232, 0.207267, 0.207308, 0.792692
65.2526, 0.105496, 2.31531, 0.205106, 0.205152, 0.794848
65.2529, 0.100751, 2.3083, 0.202678, 0.202729, 0.797271
65.2532, 0.0961326, 2.30129, 0.200002, 0.200057, 0.799943
65.2535, 0.0916414, 2.29428, 0.197097, 0.197157, 0.802843
65.2538, 0.0872768, 2.28727, 0.193982, 0.194046, 0.805954
65.2542, 0.0830376, 2.28026, 0.190676, 0.190744, 0.809256
65.2545, 0.078922, 2.27325, 0.187197, 0.187268, 0.812732
65.2548, 0.0749281, 2.26625, 0.183562, 0.183636, 0.816364
65.2551, 0.0710539, 2.25924, 0.179787, 0.179864, 0.820136
65.2554, 0.0672975, 2.25223, 0.175889, 0.175968, 0.824032
65.2558, 0.063657, 2.24522, 0.171881, 0.171963, 0.828037
65.2561, 0.0601305, 2.23821, 0.167778, 0.167861, 0.832139
65.2564, 0.0567162, 2.2312, 0.163593, 0.163677, 0.836323
65.2567, 0.0534191, 2.22419, 0.159347, 0.159432, 0.840568
65.257, 0.0502421, 2.21718, 0.155059, 0.155145, 0.844855
65.2574, 0.047181, 2.21017, 0.150739, 0.150825, 0.849175
65.2577, 0.0442322, 2.20316, 0.146395, 0.146482, 0.853518
65.258, 0.0413922, 2.19615, 0.142035, 0.142122, 0.857878
65.2583, 0.0386582, 2.18914, 0.137668, 0.137755, 0.862245
65.2586, 0.0360272, 2.18213, 0.133299, 0.133386, 0.866614
65.259, 0.0334967, 2.17512, 0.128937, 0.129024, 0.870976
65.2593, 0.0310644, 2.16812, 0.124586, 0.124673, 0.875327
65.2596, 0.0287279, 2.16111, 0.120254, 0.120341, 0.879659
65.2599, 0.0264852, 2.1541, 0.115947, 0.116032, 0.883968
65.2602, 0.0243341, 2.14709, 0.111668, 0.111753, 0.888247
65.2605, 0.0222772, 2.14008, 0.10745, 0.107533, 0.892467
65.2609, 0.0203317, 2.13307, 0.103406, 0.103485, 0.896515
65.2612, 0.0184942, 2.12606, 0.0995421, 0.0996176, 0.900382
65.2615, 0.0167588, 2.11905, 0.0958521, 0.0959242, 0.904076
65.2618, 0.0151198, 2.11204, 0.092329, 0.0923979, 0.907602
65.2621, 0.0135716, 2.10503, 0.0889662, 0.0890319, 0.910968
65.2625, 0.012109, 2.09802, 0.0857569, 0.0858196, 0.91418
65.2628, 0.010727, 2.09101, 0.0826945, 0.0827543, 0.917246
65.2631, 0.00942067, 2.084, 0.0797726, 0.0798297, 0.92017
65.2634, 0.00818553, 2.07699, 0.0769851, 0.0770395, 0.92296
65.2637, 0.00701721, 2.06999, 0.0743256, 0.0743776, 0.925622
65.2641, 0.00591161, 2.06298, 0.0717884, 0.071838, 0.928162
65.2644, 0.00486485, 2.05597, 0.0693677, 0.069415, 0.930585
65.2647, 0.00387324, 2.04896, 0.067058, 0.0671031, 0.932897
65.265, 0.00293332, 2.04195, 0.0648539, 0.064897, 0.935103
65.2653, 0.00204183, 2.03494, 0.0627504, 0.0627915, 0.937208
65.2657, 0.00129902, 2.02793, 0.0607424, 0.0607817, 0.939218
65.266, 0.000650135, 2.02092, 0.0588254, 0.0588629, 0.941137
65.2663, 4.10009e-05, 2.01391, 0.0569949, 0.0570307, 0.942969
65.2666, -0.000530927, 2.0069, 0.0552466, 0.0552808, 0.944719
65.2669, -0.00106804, 1.99989, 0.0535765, 0.0536092, 0.946391
65.2673, -0.00157256, 1.99288, 0.0519808, 0.052012, 0.947988
65.2676, -0.00204659, 1.98587, 0.0504556, 0.0504855, 0.949515
65.2679, -0.0024921, 1.97886, 0.0489976, 0.0490262, 0.950974
65.2682, -0.0029109, 1.97186, 0.0476034, 0.0476307, 0.952369
65.2685, -0.00330473, 1.96485, 0.0462698, 0.0462959, 0.953704
65.2689, -0.00367518, 1.95784, 0.0449938, 0.0450188, 0.954981
65.2692, -0.00402374, 1.95083, 0.0437726, 0.0437965, 0.956204
65.2695, -0.00435183, 1.94382, 0.0426034, 0.0426263, 0.957374
65.2698, -0.00466075, 1.93681, 0.0414838, 0.0415057, 0.958494
65.2701, -0.00495173, 1.9298, 0.0404113, 0.0404323, 0.959568
65.2705, -0.0052259, 1.92279, 0.0393835, 0.0394037, 0.960596
65.2708, -0.00548434, 1.91578, 0.0383984, 0.0384177, 0.961582
65.2711, -0.00572804, 1.90877, 0.0374539, 0.0374724, 0.962528
65.2714, -0.00595794, 1.90176, 0.036548, 0.0365658, 0.963434
65.2717, -0.0061749, 1.89475, 0.0356789, 0.0356959, 0.964304
65.2721, -0.00637975, 1.88774, 0.0348448, 0.0348611, 0.965139
65.2724, -0.00657325, 1.88073, 0.0340441, 0.0340598, 0.96594
65.2727, -0.0067561, 1.87372, 0.0332752, 0.0332902, 0.96671
65.273, -0.00692897, 1.86672, 0.0325366, 0.0325511, 0.967449
65.2733, -0.00709249, 1.85971, 0.031827, 0.0318409, 0.968159
65.2737, -0.00724723, 1.8527, 0.0311449, 0.0311583, 0.968842
65.274, -0.00739375, 1.84569, 0.0304892, 0.030502, 0.969498
65.2743, -0.00753255, 1.83868, 0.0298586, 0.029871, 0.970129
65.2746, -0.0076641, 1.83167, 0.029252, 0.0292639, 0.970736
65.2749, -0.00778887, 1.82466, 0.0286684, 0.0286798, 0.97132
65.2753, -0.00790726, 1.81765, 0.0281066, 0.0281177, 0.971882
65.2756, -0.00801967, 1.81064, 0.0275659, 0.0275765, 0.972424
65.2759, -0.00812646, 1.80363, 0.0270451, 0.0270554, 0.972945
65.2762, -0.00822798, 1.79662, 0.0265436, 0.0265534, 0.973447
65.2765, -0.00832456, 1.78961, 0.0260603, 0.0260698, 0.97393
65.2769, -0.00841649, 1.7826, 0.0255947, 0.0256038, 0.974396
65.2772, -0.00850406, 1.77559, 0.0251458, 0.0251546, 0.974845
65.2775, -0.00858754, 1.76859, 0.0247131, 0.0247216, 0.975278
65.2778, -0.00866718, 1.76158, 0.0242958, 0.024304, 0.975696
65.2781, -0.00874321, 1.75457, 0.0238933, 0.0239012, 0.976099
65.2785, -0.00881586, 1.74756, 0.023505, 0.0235126, 0.976487
65.2788, -0.00888532, 1.74055, 0.0231303, 0.0231377, 0.976862
65.2791, -0.0089518, 1.73354, 0.0227688, 0.0227759, 0.977224
65.2794, -0.00901549, 1.72653, 0.0224197, 0.0224266, 0.977573
65.2797, -0.00907655, 1.71952, 0.0220828, 0.0220894, 0.977911
65.2801, -0.00913514, 1.71251, 0.0217574, 0.0217638, 0.978236
65.2804, -0.00919142, 1.7055, 0.0214431, 0.0214493, 0.978551
65.2807, -0.00924554, 1.69849, 0.0211396, 0.0211456, 0.978854
65.281, -0.00929762, 1.69148, 0.0208464, 0.0208522, 0.979148
65.2813, -0.0093478, 1.68447, 0.0205631, 0.0205687, 0.979431
65.2816, -0.00939621, 1.67746, 0.0202894, 0.0202948, 0.979705
65.282, -0.00944294, 1.67046, 0.0200248, 0.02003, 0.97997
65.2823, -0.00948811, 1.66345, 0.0197692, 0.0197742, 0.980226
65.2826, -0.00953183, 1.65644, 0.019522, 0.0195269, 0.980473
65.2829, -0.00957419, 1.64943, 0.0192831, 0.0192878, 0.980712
65.2832, -0.00961527, 1.64242, 0.0190522, 0.0190567, 0.980943
65.2836, -0.00965517, 1.63541, 0.0188289, 0.0188333, 0.981167
65.2839, -0.00969397, 1.6284, 0.0186131, 0.0186173, 0.981383
65.2842, -0.00973175, 1.62139, 0.0184044, 0.0184085, 0.981592
65.2845, -0.00976857, 1.61438, 0.0182026, 0.0182066, 0.981793
65.2848, -0.00980452, 1.60737, 0.0180075, 0.0180114, 0.981989
65.2852, -0.00983965, 1.60036, 0.017819, 0.0178227, 0.982177
65.2855, -0.00987403, 1.59335, 0.0176366, 0.0176402, 0.98236
65.2858, -0.00990772, 1.58634, 0.0174604, 0.0174639, 0.982536
65.2861, -0.00994074, 1.57933, 0.0172903, 0.0172937, 0.982706
65.2864, -0.00997311, 1.57233, 0.0171263, 0.0171295, 0.98287
65.2868, -0.0100049, 1.56532, 0.0169682, 0.0169713, 0.983029
65.2871, -0.0100361, 1.55831, 0.0168157, 0.0168187, 0.983181
65.2874, -0.0100669, 1.5513, 0.0166687, 0.0166716, 0.983328
65.2877, -0.0100972, 1.54429, 0.0165271, 0.0165299, 0.98347
65.288, -0.0101271, 1.53728, 0.0163907, 0.0163934, 0.983607
65.2884, -0.0101567, 1.53027, 0.0162593, 0.0162619, 0.983738
65.2887, -0.010186, 1.52326, 0.0161328, 0.0161353, 0.983865
65.289, -0.010215, 1.51625, 0.0160111, 0.0160135, 0.983987
65.2893, -0.0102437, 1.50924, 0.015894, 0.0158963, 0.984104
65.2896, -0.0102723, 1.50223, 0.0157814, 0.0157837, 0.984216
65.29, -0.0103008, 1.49522, 0.0156733, 0.0156754, 0.984325
65.2903, -0.0103291, 1.48821, 0.0155695, 0.0155715, 0.984429
65.2906, -0.0103574, 1.4812, 0.0154698, 0.0154718, 0.984528
65.2909, -0.0103857, 1.4742, 0.0153743, 0.0153762, 0.984624
65.2912, -0.0104139, 1.46719, 0.0152829, 0.0152847, 0.984715
65.2916, -0.0104422, 1.46018, 0.0151954, 0.0151971, 0.984803
65.2919, -0.0104707, 1.45317, 0.0151118, 0.0151134, 0.984887
65.2922, -0.0104992, 1.44616, 0.015032, 0.0150336, 0.984966
65.2925, -0.0105279, 1.43915, 0.0149561, 0.0149576, 0.985042
65.2928, -0.0105569, 1.43214, 0.0148839, 0.0148853, 0.985115
65.2932, -0.0105861, 1.42513, 0.0148154, 0.0148168, 0.985183
65.2935, -0.0106156, 1.41812, 0.0147506, 0.0147519, 0.985248
65.2938, -0.0106455, 1.41111, 0.0146895, 0.0146907, 0.985309
65.2941, -0.0106758, 1.4041, 0.0146321, 0.0146332, 0.985367
65.2944, -0.0107066, 1.39709, 0.0145784, 0.0145794, 0.985421
65.2948, -0.010738, 1.39008, 0.0145283, 0.0145293, 0.985471
65.2951, -0.0107699, 1.38307, 0.014482, 0.0144829, 0.985517
65.2954, -0.0108026, 1.37606, 0.0144394, 0.0144403, 0.98556
65.2957, -0.010836, 1.36906, 0.0144007, 0.0144015, 0.985599
65.296, -0.0108703, 1.36205, 0.0143659, 0.0143666, 0.985633
65.2964, -0.0109056, 1.35504, 0.0143352, 0.0143358, 0.985664
65.2967, -0.0109419, 1.34803, 0.0143085, 0.014309, 0.985691
65.297, -0.0109794, 1.34102, 0.0142862, 0.0142866, 0.985713
65.2973, -0.0110183, 1.33401, 0.0142683, 0.0142686, 0.985731
65.2976, -0.0110586, 1.327, 0.0142551, 0.0142553, 0.985745
65.298, -0.0111006, 1.31999, 0.0142468, 0.0142469, 0.985753
65.2983, -0.0111445, 1.31298, 0.0142436, 0.0142436, 0.985756
65.2986, -0.011193, 1.30597, 0.0142512, 0.0142509, 0.985749
65.2989, -0.0112491, 1.29896, 0.0142749, 0.0142743, 0.985726
65.2992, -0.0113119, 1.29195, 0.0143126, 0.0143117, 0.985688
65.2996, -0.0113806, 1.28494, 0.0143627, 0.0143616, 0.985638
65.2999, -0.0114546, 1.27793, 0.0144238, 0.0144224, 0.985578
65.3002, -0.0115333, 1.27093, 0.0144945, 0.014493, 0.985507
65.3005, -0.0116162, 1.26392, 0.0145739, 0.0145722, 0.985428
65.3008, -0.0117029, 1.25691, 0.0146611, 0.0146593, 0.985341
65.3012, -0.0117931, 1.2499, 0.0147552, 0.0147532, 0.985247
65.3015, -0.0118864, 1.24289, 0.0148555, 0.0148534, 0.985147
65.3018, -0.0119825, 1.23588, 0.0149614, 0.0149592, 0.985041
65.3021, -0.0120812, 1.22887, 0.0150724, 0.0150701, 0.98493
65.3024, -0.0121821, 1.22186, 0.0151879, 0.0151855, 0.984814
65.3027, -0.0122851, 1.21485, 0.0153074, 0.015305, 0.984695
65.3031, -0.0123901, 1.20784, 0.0154306, 0.0154281, 0.984572
65.3034, -0.0124966, 1.20083, 0.0155571, 0.0155546, 0.984445
65.3037, -0.0126048, 1.19382, 0.0156865, 0.0156839, 0.984316
65.304, -0.0127142, 1.18681, 0.0158185, 0.0158159, 0.984184
65.3043, -0.0128249, 1.1798, 0.0159529, 0.0159501, 0.98405
65.3047, -0.0129366, 1.1728, 0.0160892, 0.0160865, 0.983914
65.305, -0.0130493, 1.16579, 0.0162274, 0.0162246, 0.983775
65.3053, -0.0131628, 1.15878, 0.0163672, 0.0163643, 0.983636
65.3056, -0.013277, 1.15177, 0.0165083, 0.0165054, 0.983495
65.3059, -0.0133918, 1.14476, 0.0166506, 0.0166477, 0.983352
65.3063, -0.0135071, 1.13775, 0.0167939, 0.016791, 0.983209
65.3066, -0.0136229, 1.13074, 0.016938, 0.0169351, 0.983065
65.3069, -0.013739, 1.12373, 0.0170828, 0.0170799, 0.98292
65.3072, -0.0138553, 1.11672, 0.0172281, 0.0172252, 0.982775
65.3075, -0.0139718, 1.10971, 0.0173739, 0.017371, 0.982629
65.3079, -0.0140884, 1.1027, 0.0175199, 0.017517, 0.982483
65.3082, -0.0142051, 1.09569, 0.0176661, 0.0176632, 0.982337
65.3085, -0.0143217, 1.08868, 0.0178125, 0.0178095, 0.98219
65.3088, -0.0144383, 1.08167, 0.0179588, 0.0179558, 0.982044
65.3091, -0.0145548, 1.07467, 0.018105, 0.0181021, 0.981898
65.3095, -0.0146711, 1.06766, 0.018251, 0.0182481, 0.981752
65.3098, -0.0147873, 1.06065, 0.0183968, 0.0183939, 0.981606
65.3101, -0.0149031, 1.05364, 0.0185423, 0.0185394, 0.981461
65.3104, -0.0150187, 1.04663, 0.0186874, 0.0186845, 0.981316
65.3107, -0.0151339, 1.03962, 0.0188321, 0.0188292, 0.981171
65.3111, -0.0152489, 1.03261, 0.0189763, 0.0189734, 0.981027
65.3114, -0.0153634, 1.0256, 0.01912, 0.0191171, 0.980883
65.3117, -0.0154775, 1.01859, 0.0192631, 0.0192602, 0.98074
65.312, -0.0155912, 1.01158, 0.0194056, 0.0194028, 0.980597
65.3123, -0.0157044, 1.00457, 0.0195475, 0.0195447, 0.980455
65.3127, -0.0158171, 0.997563, 0.0196887, 0.0196859, 0.980314
65.313, -0.0159293, 0.990554, 0.0198292, 0.0198264, 0.980174
65.3133, -0.0160411, 0.983544, 0.019969, 0.0199662, 0.980034
65.3136, -0.0161522, 0.976535, 0.0201081, 0.0201053, 0.979895
65.3139, -0.0162629, 0.969526, 0.0202464, 0.0202436, 0.979756
65.3143, -0.016373, 0.962516, 0.0203839, 0.0203812, 0.979619
65.3146, -0.0164825, 0.955507, 0.0205207, 0.0205179, 0.979482
65.3149, -0.0165914, 0.948498, 0.0206566, 0.0206539, 0.979346
65.3152, -0.0166997, 0.941489, 0.0207917, 0.020789, 0.979211
65.3155, -0.0168074, 0.934479, 0.020926, 0.0209233, 0.979077
65.3159, -0.0169145, 0.92747, 0.0210594, 0.0210568, 0.978943
65.3162, -0.017021, 0.920461, 0.021192, 0.0211894, 0.978811
65.3165, -0.0171269, 0.913451, 0.0213238, 0.0213212, 0.978679
65.3168, -0.0172322, 0.906442, 0.0214547, 0.0214521, 0.978548
65.3171, -0.0173368, 0.899433, 0.0215848, 0.0215822, 0.978418
65.3175, -0.0174408, 0.892424, 0.021714, 0.0217114, 0.978289
65.3178, -0.0175441, 0.885414, 0.0218423, 0.0218398, 0.97816
65.3181, -0.0176468, 0.878405, 0.0219698, 0.0219673, 0.978033
65.3184, -0.0177489, 0.871396, 0.0220965, 0.022094, 0.977906
65.3187, -0.0178503, 0.864386, 0.0222223, 0.0222198, 0.97778
65.3191, -0.0179511, 0.857377, 0.0223472, 0.0223447, 0.977655
65.3194, -0.0180513, 0.850368, 0.0224713, 0.0224688, 0.977531
65.3197, -0.0181508, 0.843358, 0.0225945, 0.0225921, 0.977408
65.32, -0.0182496, 0.836349, 0.0227169, 0.0227145, 0.977286
65.3203, -0.0183478, 0.82934, 0.0228385, 0.022836, 0.977164
65.3207, -0.0184454, 0.822331, 0.0229592, 0.0229568, 0.977043
65.321, -0.0185424, 0.815321, 0.0230791, 0.0230767, 0.976923
65.3213, -0.0186387, 0.808312, 0.0231982, 0.0231958, 0.976804
65.3216, -0.0187344, 0.801303, 0.0233164, 0.0233141, 0.976686
65.3219, -0.0188294, 0.794293, 0.0234339, 0.0234315, 0.976568
65.3223, -0.0189238, 0.787284, 0.0235505, 0.0235482, 0.976452
65.3226, -0.0190176, 0.780275, 0.0236664, 0.0236641, 0.976336
65.3229, -0.0191108, 0.773266, 0.0237814, 0.0237791, 0.976221
65.3232, -0.0192034, 0.766256, 0.0238957, 0.0238934, 0.976107
65.3235, -0.0192953, 0.759247, 0.0240092, 0.0240069, 0.975993
65.3238, -0.0193866, 0.752238, 0.0241219, 0.0241197, 0.97588
65.3242, -0.0194774, 0.745228, 0.0242339, 0.0242316, 0.975768
65.3245, -0.0195675, 0.738219, 0.0243451, 0.0243428, 0.975657
65.3248, -0.019657, 0.73121, 0.0244555, 0.0244533, 0.975547
65.3251, -0.0197459, 0.7242, 0.0245652, 0.024563, 0.975437
65.3254, -0.0198343, 0.717191, 0.0246742, 0.024672, 0.975328
65.3258, -0.019922, 0.710182, 0.0247825, 0.0247803, 0.97522
65.3261, -0.0200091, 0.703173, 0.02489, 0.0248878, 0.975112
65.3264, -0.0200957, 0.696163, 0.0249968, 0.0249947, 0.975005
65.3267, -0.0201817, 0.689154, 0.0251029, 0.0251008, 0.974899
65.327, -0.0202671, 0.682145, 0.0252084, 0.0252063, 0.974794
65.3274, -0.020352, 0.675135, 0.0253131, 0.025311, 0.974689
65.3277, -0.0204363, 0.668126, 0.0254172, 0.0254151, 0.974585
65.328, -0.02052, 0.661117, 0.0255205, 0.0255185, 0.974482
65.3283, -0.0206032, 0.654107, 0.0256233, 0.0256212, 0.974379
65.3286, -0.0206858, 0.647098, 0.0257253, 0.0257233, 0.974277
65.329, -0.0207679, 0.640089, 0.0258267, 0.0258247, 0.974175
65.3293, -0.0208495, 0.63308, 0.0259275, 0.0259255, 0.974074
65.3296, -0.0209305, 0.62607, 0.0260276, 0.0260257, 0.973974
65.3299, -0.021011, 0.619061, 0.0261272, 0.0261252, 0.973875
65.3302, -0.0210909, 0.612052, 0.026226, 0.0262241, 0.973776
65.3306, -0.0211703, 0.605042, 0.0263243, 0.0263224, 0.973678
65.3309, -0.0212492, 0.598033, 0.026422, 0.02642, 0.97358
65.3312, -0.0213276, 0.591024, 0.0265191, 0.0265171, 0.973483
65.3315, -0.0214055, 0.584015, 0.0266155, 0.0266136, 0.973386
65.3318, -0.0214828, 0.577005, 0.0267114, 0.0267095, 0.97329
65.3322, -0.0215597, 0.569996, 0.0268068, 0.0268049, 0.973195
65.3325, -0.0216361, 0.562987, 0.0269015, 0.0268996, 0.9731
65.3328, -0.0217119, 0.555977, 0.0269957, 0.0269938, 0.973006
65.3331, -0.0217873, 0.548968, 0.0270893, 0.0270874, 0.972913
65.3334, -0.0218622, 0.541959, 0.0271824, 0.0271805, 0.972819
65.3338, -0.0219366, 0.534949, 0.0272749, 0.0272731, 0.972727
65.3341, -0.0220106, 0.52794, 0.0273669, 0.0273651, 0.972635
65.3344, -0.022084, 0.520931, 0.0274584, 0.0274565, 0.972543
65.3347, -0.022157, 0.513922, 0.0275493, 0.0275475, 0.972453
65.335, -0.0222295, 0.506912, 0.0276397, 0.0276379, 0.972362
65.3354, -0.0223016, 0.499903, 0.0277296, 0.0277278, 0.972272
65.3357, -0.0223732, 0.492894, 0.027819, 0.0278173, 0.972183
65.336, -0.0224444, 0.485884, 0.0279079, 0.0279062, 0.972094
65.3363, -0.0225151, 0.478875, 0.0279963, 0.0279946, 0.972005
65.3366, -0.0225853, 0.471866, 0.0280843, 0.0280825, 0.971917
65.337, -0.0226551, 0.464856, 0.0281717, 0.02817, 0.97183
65.3373, -0.0227245, 0.457847, 0.0282587, 0.0282569, 0.971743
65.3376, -0.0227934, 0.450838, 0.0283452, 0.0283434, 0.971657
65.3379, -0.0228619, 0.443829, 0.0284312, 0.0284295, 0.971571
65.3382, -0.0229299, 0.436819, 0.0285168, 0.0285151, 0.971485
65.3386, -0.0229971, 0.42981, 0.0286019, 0.0286002, 0.9714
65.3389, -0.0230637, 0.422801, 0.0286866, 0.0286849, 0.971315
65.3392, -0.0231296, 0.415791, 0.0287709, 0.0287692, 0.971231
65.3395, -0.023195, 0.408782, 0.0288547, 0.028853, 0.971147
65.3398, -0.0232597, 0.401773, 0.0289381, 0.0289364, 0.971064
65.3402, -0.0233238, 0.394764, 0.0290211, 0.0290194, 0.970981
65.3405, -0.0233874, 0.387754, 0.0291036, 0.029102, 0.970898
65.3408, -0.0234504, 0.380745, 0.0291858, 0.0291841, 0.970816
65.3411, -0.023513, 0.373736, 0.0292675, 0.0292659, 0.970734
65.3414, -0.023575, 0.366726, 0.0293488, 0.0293472, 0.970653
65.3418, -0.0236365, 0.359717, 0.0294298, 0.0294281, 0.970572
65.3421, -0.0236975, 0.352708, 0.0295103, 0.0295087, 0.970491
65.3424, -0.023758, 0.345698, 0.0295904, 0.0295888, 0.970411
65.3427, -0.0238181, 0.338689, 0.0296702, 0.0296686, 0.970331
65.343, -0.0238777, 0.33168, 0.0297495, 0.0297479, 0.970252
65.3434, -0.0239369, 0.324671, 0.0298285, 0.0298269, 0.970173
65.3437, -0.0239957, 0.317661, 0.0299071, 0.0299055, 0.970094
65.344, -0.024054, 0.310652, 0.0299853, 0.0299838, 0.970016
65.3443, -0.024112, 0.303643, 0.0300632, 0.0300616, 0.969938
65.3446, -0.0241695, 0.296633, 0.0301407, 0.0301391, 0.969861
65.3449, -0.0242267, 0.289624, 0.0302178, 0.0302163, 0.969784
65.3453, -0.0242834, 0.282615, 0.0302946, 0.0302931, 0.969707
65.3456, -0.0243399, 0.275606, 0.0303711, 0.0303695, 0.96963
65.3459, -0.0243964, 0.268596, 0.0304478, 0.0304463, 0.969554
65.3462, -0.0244531, 0.261587, 0.0305251, 0.0305235, 0.969476
65.3465, -0.02451, 0.254578, 0.0306028, 0.0306012, 0.969399
65.3469, -0.0245671, 0.247568, 0.030681, 0.0306794, 0.969321
65.3472, -0.0246244, 0.240559, 0.0307597, 0.0307581, 0.969242
65.3475, -0.024682, 0.23355, 0.0308389, 0.0308373, 0.969163
65.3478, -0.0247398, 0.22654, 0.0309186, 0.030917, 0.969083
65.3481, -0.0247979, 0.219531, 0.0309987, 0.0309971, 0.969003
65.3485, -0.0248562, 0.212522, 0.0310794, 0.0310778, 0.968922
65.3488, -0.0249148, 0.205513, 0.0311606, 0.031159, 0.968841
65.3491, -0.0249736, 0.198503, 0.0312424, 0.0312407, 0.968759
65.3494, -0.0250327, 0.191494, 0.0313246, 0.0313229, 0.968677
65.3497, -0.025092, 0.184485, 0.0314073, 0.0314057, 0.968594
65.3501, -0.0251517, 0.177475, 0.0314906, 0.031489, 0.968511
65.3504, -0.0252116, 0.170466, 0.0315744, 0.0315728, 0.968427
65.3507, -0.0252718, 0.163457, 0.0316588, 0.0316571, 0.968343
65.351, -0.0253324, 0.156447, 0.0317437, 0.031742, 0.968258
65.3513, -0.0253932, 0.149438, 0.0318291, 0.0318274, 0.968173
65.3517, -0.0254543, 0.142429, 0.0319151, 0.0319134, 0.968087
65.352, -0.0255158, 0.13542, 0.0320016, 0.0319999, 0.968
65.3523, -0.0255775, 0.12841, 0.0320887, 0.032087, 0.967913
65.3526, -0.0256396, 0.121401, 0.0321764, 0.0321746, 0.967825
65.3529, -0.0257021, 0.114392, 0.0322646, 0.0322628, 0.967737
65.3533, -0.0257648, 0.107382, 0.0323534, 0.0323516, 0.967648
65.3536, -0.0258279, 0.100373, 0.0324427, 0.032441, 0.967559
65.3539, -0.0258913, 0.0933638, 0.0325327, 0.0325309, 0.967469
65.3542, -0.0259551, 0.0863545, 0.0326232, 0.0326214, 0.967379
65.3545, -0.0260192, 0.0793452, 0.0327143, 0.0327125, 0.967287
65.3549, -0.0260837, 0.0723359, 0.0328061, 0.0328042, 0.967196
65.3552, -0.0261486, 0.0653266, 0.0328984, 0.0328965, 0.967103
65.3555, -0.0262138, 0.0583173, 0.0329913, 0.0329894, 0.967011
65.3558, -0.0262794, 0.051308, 0.0330848, 0.0330829, 0.966917
65.3561, -0.0263454, 0.0442987, 0.0331789, 0.0331771, 0.966823
65.3565, -0.0264117, 0.0372895, 0.0332737, 0.0332718, 0.966728
65.3568, -0.0264784, 0.0302802, 0.0333691, 0.0333672, 0.966633
65.3571, -0.0265456, 0.0232709, 0.0334651, 0.0334632, 0.966537
65.3574, -0.0266131, 0.0162616, 0.0335617, 0.0335598, 0.96644
65.3577, -0.026681, 0.00925227, 0.033659, 0.033657, 0.966343
65.3581, -0.0267493, 0.00224297, 0.0337569, 0.0337549, 0.966245
65.3584, -0.026818, -0.00476632, 0.0338555, 0.0338535, 0.966147
65.3587, -0.0268871, -0.0117756, 0.0339547, 0.0339527, 0.966047
65.359, -0.0269567, -0.0187849, 0.0340546, 0.0340525, 0.965947
65.3593, -0.0270267, -0.0257942, 0.0341551, 0.0341531, 0.965847
65.3597, -0.027097, -0.0328035, 0.0342563, 0.0342542, 0.965746
65.36, -0.0271679, -0.0398128, 0.0343581, 0.0343561, 0.965644
65.3603, -0.0272391, -0.0468221, 0.0344607, 0.0344586, 0.965541
65.3606, -0.0273108, -0.0538314, 0.0345639, 0.0345619, 0.965438
65.3609, -0.0273829, -0.0608407, 0.0346678, 0.0346658, 0.965334
65.3613, -0.0274555, -0.06785, 0.0347724, 0.0347703, 0.96523
65.3616, -0.0275285, -0.0748593, 0.0348777, 0.0348756, 0.965124
65.3619, -0.027602, -0.0818686, 0.0349838, 0.0349816, 0.965018
65.3622, -0.0276759, -0.0888779, 0.0350905, 0.0350883, 0.964912
65.3625, -0.0277503, -0.0958872, 0.0351979, 0.0351957, 0.964804
65.3629, -0.0278251, -0.102896, 0.035306, 0.0353039, 0.964696
65.3632, -0.0279005, -0.109906, 0.0354149, 0.0354127, 0.964587
65.3635, -0.0279763, -0.116915, 0.0355245, 0.0355223, 0.964478
65.3638, -0.0280525, -0.123924, 0.0356348, 0.0356326, 0.964367
65.3641, -0.0281293, -0.130934, 0.0357459, 0.0357437, 0.964256
65.3645, -0.0282065, -0.137943, 0.0358577, 0.0358555, 0.964145
65.3648, -0.0282843, -0.144952, 0.0359703, 0.035968, 0.964032
65.3651, -0.0283625, -0.151962, 0.0360836, 0.0360813, 0.963919
65.3654, -0.0284412, -0.158971, 0.0361977, 0.0361954, 0.963805
65.3657, -0.0285205, -0.16598, 0.0363125, 0.0363102, 0.96369
65.366, -0.0286002, -0.172989, 0.0364282, 0.0364259, 0.963574
65.3664, -0.0286805, -0.179999, 0.0365446, 0.0365422, 0.963458
65.3667, -0.0287612, -0.187008, 0.0366618, 0.0366594, 0.963341
65.367, -0.0288425, -0.194017, 0.0367797, 0.0367774, 0.963223
65.3673, -0.0289243, -0.201027, 0.0368985, 0.0368961, 0.963104
65.3676, -0.0290067, -0.208036, 0.0370181, 0.0370157, 0.962984
65.368, -0.0290895, -0.215045, 0.0371385, 0.037136, 0.962864
65.3683, -0.029173, -0.222054, 0.0372596, 0.0372572, 0.962743
65.3686, -0.0292569, -0.229064, 0.0373816, 0.0373792, 0.962621
65.3689, -0.0293414, -0.236073, 0.0375045, 0.037502, 0.962498
65.3692, -0.0294265, -0.243082, 0.0376281, 0.0376257, 0.962374
65.3696, -0.0295121, -0.250092, 0.0377526, 0.0377501, 0.96225
65.3699, -0.0295982, -0.257101, 0.037878, 0.0378755, 0.962125
65.3702, -0.029685, -0.26411, 0.0380042, 0.0380016, 0.961998
65.3705, -0.0297723, -0.27112, 0.0381312, 0.0381287, 0.961871
65.3708, -0.0298601, -0.278129, 0.0382591, 0.0382565, 0.961743
65.3712, -0.0299486, -0.285138, 0.0383879, 0.0383853, 0.961615
65.3715, -0.0300376, -0.292147, 0.0385175, 0.0385149, 0.961485
65.3718, -0.0301272, -0.299157, 0.038648, 0.0386454, 0.961355
65.3721, -0.0302174, -0.306166, 0.0387794, 0.0387768, 0.961223
65.3724, -0.0303082, -0.313175, 0.0389117, 0.0389091, 0.961091
65.3728, -0.0303996, -0.320185, 0.0390449, 0.0390422, 0.960958
65.3731, -0.0304916, -0.327194, 0.039179, 0.0391763, 0.960824
65.3734, -0.0305842, -0.334203, 0.039314, 0.0393113, 0.960689
65.3737, -0.0306775, -0.341213, 0.0394499, 0.0394472, 0.960553
65.374, -0.0307713, -0.348222, 0.0395868, 0.039584, 0.960416
65.3744, -0.0308658, -0.355231, 0.0397245, 0.0397218, 0.960278
65.3747, -0.0309609, -0.36224, 0.0398632, 0.0398605, 0.96014
65.375, -0.0310566, -0.36925, 0.0400029, 0.0400001, 0.96
65.3753, -0.0311529, -0.376259, 0.0401435, 0.0401407, 0.959859
65.3756, -0.0312499, -0.383268, 0.040285, 0.0402822, 0.959718
65.376, -0.0313476, -0.390278, 0.0404275, 0.0404247, 0.959575
65.3763, -0.0314459, -0.397287, 0.040571, 0.0405681, 0.959432
65.3766, -0.0315448, -0.404296, 0.0407155, 0.0407126, 0.959287
65.3769, -0.0316444, -0.411305, 0.0408609, 0.040858, 0.959142
65.3772, -0.0317447, -0.418315, 0.0410073, 0.0410044, 0.958996
65.3776, -0.0318456, -0.425324, 0.0411548, 0.0411518, 0.958848
65.3779, -0.0319472, -0.432333, 0.0413032, 0.0413002, 0.9587
65.3782, -0.0320495, -0.439343, 0.0414526, 0.0414496, 0.95855
65.3785, -0.0321525, -0.446352, 0.041603, 0.0416, 0.9584
65.3788, -0.0322562, -0.453361, 0.0417545, 0.0417515, 0.958249
65.3792, -0.0323605, -0.460371, 0.041907, 0.0419039, 0.958096
65.3795, -0.0324656, -0.46738, 0.0420605, 0.0420575, 0.957943
65.3798, -0.0325713, -0.474389, 0.0422151, 0.042212, 0.957788
65.3801, -0.0326778, -0.481398, 0.0423707, 0.0423676, 0.957632
65.3804, -0.032785, -0.488408, 0.0425274, 0.0425243, 0.957476
65.3808, -0.0328929, -0.495417, 0.0426852, 0.042682, 0.957318
65.3811, -0.0330015, -0.502426, 0.042844, 0.0428408, 0.957159
65.3814, -0.0331109, -0.509436, 0.0430039, 0.0430007, 0.956999
65.3817, -0.033221, -0.516445, 0.0431649, 0.0431617, 0.956838
65.382, -0.0333318, -0.523454, 0.043327, 0.0433237, 0.956676
65.3824, -0.0334434, -0.530464, 0.0434902, 0.0434869, 0.956513
65.3827, -0.0335557, -0.537473, 0.0436545, 0.0436512, 0.956349
65.383, -0.0336687, -0.544482, 0.0438199, 0.0438165, 0.956183
65.3833, -0.0337826, -0.551491, 0.0439864, 0.0439831, 0.956017
65.3836, -0.0338972, -0.558501, 0.0441541, 0.0441507, 0.955849
65.384, -0.0340126, -0.56551, 0.0443229, 0.0443195, 0.955681
65.3843, -0.0341287, -0.572519, 0.0444928, 0.0444894, 0.955511
65.3846, -0.0342456, -0.579529, 0.0446639, 0.0446605, 0.95534
65.3849, -0.0343633, -0.586538, 0.0448362, 0.0448327, 0.955167
65.3852, -0.0344818, -0.593547, 0.0450096, 0.0450061, 0.954994
65.3855, -0.0346011, -0.600556, 0.0451842, 0.0451807, 0.954819
65.3859, -0.0347213, -0.607566, 0.04536, 0.0453565, 0.954644
65.3862, -0.0348422, -0.614575, 0.045537, 0.0455335, 0.954467
65.3865, -0.0349639, -0.621584, 0.0457152, 0.0457116, 0.954288
65.3868, -0.0350864, -0.628594, 0.0458946, 0.045891, 0.954109
65.3871, -0.0352098, -0.635603, 0.0460752, 0.0460716, 0.953928
65.3875, -0.035334, -0.642612, 0.046257, 0.0462534, 0.953747
65.3878, -0.0354591, -0.649622, 0.0464401, 0.0464364, 0.953564
65.3881, -0.035585, -0.656631, 0.0466244, 0.0466207, 0.953379
65.3884, -0.0357117, -0.66364, 0.04681, 0.0468063, 0.953194
65.3887, -0.0358393, -0.670649, 0.0469968, 0.046993, 0.953007
65.3891, -0.0359677, -0.677659, 0.0471849, 0.0471811, 0.952819
65.3894, -0.036097, -0.684668, 0.0473742, 0.0473704, 0.95263
65.3897, -0.0362272, -0.691677, 0.0475648, 0.047561, 0.952439
65.39, -0.0363583, -0.698687, 0.0477568, 0.0477529, 0.952247
65.3903, -0.0364891, -0.705696, 0.0479499, 0.0479461, 0.952054
65.3907, -0.0366205, -0.712705, 0.0481444, 0.0481405, 0.951859
65.391, -0.0367528, -0.719714, 0.0483402, 0.0483363, 0.951664
65.3913, -0.036886, -0.726724, 0.0485374, 0.0485334, 0.951467
65.3916, -0.0370201, -0.733733, 0.0487358, 0.0487318, 0.951268
65.3919, -0.037155, -0.740742, 0.0489356, 0.0489316, 0.951068
65.3923, -0.0372909, -0.747752, 0.0491367, 0.0491327, 0.950867
65.3926, -0.0374276, -0.754761, 0.0493392, 0.0493352, 0.950665
65.3929, -0.0375653, -0.76177, 0.0495431, 0.049539, 0.950461
65.3932, -0.0377039, -0.76878, 0.0497483, 0.0497442, 0.950256
65.3935, -0.0378435, -0.775789, 0.049955, 0.0499508, 0.950049
65.3939, -0.0379839, -0.782798, 0.050163, 0.0501588, 0.949841
65.3942, -0.0381253, -0.789807, 0.0503724, 0.0503682, 0.949632
65.3945, -0.0382677, -0.796817, 0.0505832, 0.050579, 0.949421
65.3948, -0.038411, -0.803826, 0.0507954, 0.0507912, 0.949209
65.3951, -0.0385552, -0.810835, 0.0510091, 0.0510048, 0.948995
65.3955, -0.0387004, -0.817845, 0.0512242, 0.0512199, 0.94878
65.3958, -0.0388466, -0.824854, 0.0514407, 0.0514364, 0.948564
65.3961, -0.0389937, -0.831863, 0.0516587, 0.0516544, 0.948346
65.3964, -0.0391419, -0.838873, 0.0518782, 0.0518738, 0.948126
65.3967, -0.039291, -0.845882, 0.0520991, 0.0520947, 0.947905
65.3971, -0.039441, -0.852891, 0.0523215, 0.052317, 0.947683
65.3974, -0.0395921, -0.8599, 0.0525454, 0.0525409, 0.947459
65.3977, -0.0397442, -0.86691, 0.0527708, 0.0527662, 0.947234
65.398, -0.0398973, -0.873919, 0.0529977, 0.0529931, 0.947007
65.3983, -0.0400514, -0.880928, 0.0532261, 0.0532215, 0.946779
65.3987, -0.0402065, -0.887938, 0.053456, 0.0534514, 0.946549
65.399, -0.0403627, -0.894947, 0.0536874, 0.0536828, 0.946317
65.3993, -0.0405199, -0.901956, 0.0539204, 0.0539158, 0.946084
65.3996, -0.0406781, -0.908965, 0.054155, 0.0541503, 0.94585
65.3999, -0.0408373, -0.915975, 0.0543911, 0.0543864, 0.945614
65.4003, -0.0409976, -0.922984, 0.0546288, 0.054624, 0.945376
65.4006, -0.041159, -0.929993, 0.054868, 0.0548632, 0.945137
65.4009, -0.0413214, -0.937003, 0.0551089, 0.055104, 0.944896
65.4012, -0.0414849, -0.944012, 0.0553513, 0.0553464, 0.944654
65.4015, -0.0416495, -0.951021, 0.0555953, 0.0555904, 0.94441
65.4019, -0.0418151, -0.958031, 0.055841, 0.055836, 0.944164
65.4022, -0.0419818, -0.96504, 0.0560882, 0.0560833, 0.943917
65.4025, -0.0421496, -0.972049, 0.0563371, 0.0563321, 0.943668
65.4028, -0.0423185, -0.979058, 0.0565877, 0.0565826, 0.943417
65.4031, -0.0424885, -0.986068, 0.0568399, 0.0568348, 0.943165
65.4035, -0.0426596, -0.993077, 0.0570937, 0.0570886, 0.942911
65.4038, -0.0428318, -1.00009, 0.0573492, 0.0573441, 0.942656
65.4041, -0.0430052, -1.0071, 0.0576064, 0.0576012, 0.942399
65.4044, -0.0431796, -1.0141, 0.0578653, 0.0578601, 0.94214
65.4047, -0.0433552, -1.02111, 0.0581258, 0.0581206, 0.941879
65.4051, -0.043532, -1.02812, 0.0583881, 0.0583828, 0.941617
65.4054, -0.0437098, -1.03513, 0.0586521, 0.0586468, 0.941353
65.4057, -0.0438888, -1.04214, 0.0589178, 0.0589124, 0.941088
65.406, -0.044069, -1.04915, 0.0591852, 0.0591798, 0.94082
65.4063, -0.0442504, -1.05616, 0.0594544, 0.059449, 0.940551
65.4066, -0.0444329, -1.06317, 0.0597253, 0.0597199, 0.94028
65.407, -0.0446165, -1.07018, 0.059998, 0.0599925, 0.940008
65.4073, -0.0448014, -1.07719, 0.0602724, 0.0602669, 0.939733
65.4076, -0.0449874, -1.0842, 0.0605486, 0.0605431, 0.939457
65.4079, -0.0451746, -1.09121, 0.0608266, 0.060821, 0.939179
65.4082, -0.045363, -1.09822, 0.0611064, 0.0611008, 0.938899
65.4086, -0.0455527, -1.10523, 0.061388, 0.0613823, 0.938618
65.4089, -0.0457435, -1.11224, 0.0616713, 0.0616657, 0.938334
65.4092, -0.0459355, -1.11924, 0.0619566, 0.0619508, 0.938049
65.4095, -0.0461288, -1.12625, 0.0622436, 0.0622378, 0.937762
65.4098, -0.0463232, -1.13326, 0.0625325, 0.0625267, 0.937473
65.4102, -0.0465189, -1.14027, 0.0628232, 0.0628174, 0.937183
65.4105, -0.0467159, -1.14728, 0.0631158, 0.0631099, 0.93689
65.4108, -0.046914, -1.15429, 0.0634102, 0.0634043, 0.936596
65.4111, -0.0471135, -1.1613, 0.0637065, 0.0637005, 0.936299
65.4114, -0.0473141, -1.16831, 0.0640047, 0.0639987, 0.936001
65.4118, -0.0475161, -1.17532, 0.0643047, 0.0642987, 0.935701
65.4121, -0.0477192, -1.18233, 0.0646067, 0.0646006, 0.935399
65.4124, -0.0479237, -1.18934, 0.0649105, 0.0649044, 0.935096
65.4127, -0.0481294, -1.19635, 0.0652163, 0.0652102, 0.93479
65.413, -0.0483364, -1.20336, 0.065524, 0.0655178, 0.934482
65.4134, -0.0485447, -1.21037, 0.0658336, 0.0658274, 0.934173
65.4137, -0.0487543, -1.21737, 0.0661451, 0.0661389, 0.933861
65.414, -0.0489652, -1.22438, 0.0664586, 0.0664524, 0.933548
65.4143, -0.0491773, -1.23139, 0.0667741, 0.0667678, 0.933232
65.4146, -0.0493908, -1.2384, 0.0670915, 0.0670851, 0.932915
65.415, -0.0496056, -1.24541, 0.0674109, 0.0674045, 0.932596
65.4153, -0.0498217, -1.25242, 0.0677322, 0.0677258, 0.932274
65.4156, -0.0500391, -1.25943, 0.0680555, 0.0680491, 0.931951
65.4159, -0.0502578, -1.26644, 0.0683809, 0.0683743, 0.931626
65.4162, -0.0504779, -1.27345, 0.0687082, 0.0687016, 0.931298
65.4166, -0.0506993, -1.28046, 0.0690375, 0.0690309, 0.930969
65.4169, -0.050922, -1.28747, 0.0693688, 0.0693622, 0.930638
65.4172, -0.0511461, -1.29448, 0.0697022, 0.0696955, 0.930305
65.4175, -0.0513715, -1.30149, 0.0700376, 0.0700308, 0.929969
65.4178, -0.0515983, -1.3085, 0.070375, 0.0703682, 0.929632
65.4182, -0.0518264, -1.3155, 0.0707144, 0.0707076, 0.929292
65.4185, -0.0520559, -1.32251, 0.0710559, 0.0710491, 0.928951
65.4188, -0.0522867, -1.32952, 0.0713995, 0.0713926, 0.928607
65.4191, -0.0525189, -1.33653, 0.0717451, 0.0717382, 0.928262
65.4194, -0.0527525, -1.34354, 0.0720928, 0.0720858, 0.927914
65.4198, -0.0529875, -1.35055, 0.0724426, 0.0724355, 0.927564
65.4201, -0.0532239, -1.35756, 0.0727944, 0.0727873, 0.927213
65.4204, -0.0534616, -1.36457, 0.0731483, 0.0731412, 0.926859
65.4207, -0.0537007, -1.37158, 0.0735044, 0.0734972, 0.926503
65.421, -0.0539413, -1.37859, 0.0738625, 0.0738553, 0.926145
65.4214, -0.0541832, -1.3856, 0.0742227, 0.0742155, 0.925784
65.4217, -0.0544265, -1.39261, 0.0745851, 0.0745778, 0.925422
65.422, -0.0546712, -1.39962, 0.0749496, 0.0749422, 0.925058
65.4223, -0.0549174, -1.40663, 0.0753161, 0.0753088, 0.924691
65.4226, -0.0551649, -1.41363, 0.0756849, 0.0756775, 0.924323
65.423, -0.0554139, -1.42064, 0.0760557, 0.0760483, 0.923952
65.4233, -0.0556643, -1.42765, 0.0764287, 0.0764212, 0.923579
65.4236, -0.0559161, -1.43466, 0.0768038, 0.0767963, 0.923204
65.4239, -0.0561693, -1.44167, 0.0771811, 0.0771736, 0.922826
65.4242, -0.056424, -1.44868, 0.0775606, 0.077553, 0.922447
65.4246, -0.0566801, -1.45569, 0.0779422, 0.0779345, 0.922065
65.4249, -0.0569376, -1.4627, 0.078326, 0.0783183, 0.921682
65.4252, -0.0571966, -1.46971, 0.0787119, 0.0787042, 0.921296
65.4255, -0.057457, -1.47672, 0.0791, 0.0790923, 0.920908
65.4258, -0.0577188, -1.48373, 0.0794903, 0.0794825, 0.920517
65.4262, -0.0579821, -1.49074, 0.0798828, 0.079875, 0.920125
65.4265, -0.0582469, -1.49775, 0.0802775, 0.0802696, 0.91973
65.4268, -0.0585131, -1.50476, 0.0806744, 0.0806664, 0.919334
65.4271, -0.0587807, -1.51176, 0.0810734, 0.0810654, 0.918935
65.4274, -0.0590498, -1.51877, 0.0814747, 0.0814667, 0.918533
65.4277, -0.0593204, -1.52578, 0.0818782, 0.0818701, 0.91813
65.4281, -0.0595924, -1.53279, 0.0822839, 0.0822757, 0.917724
65.4284, -0.0598659, -1.5398, 0.0826917, 0.0826836, 0.917316
65.4287, -0.0601409, -1.54681, 0.0831018, 0.0830936, 0.916906
65.429, -0.0604173, -1.55382, 0.0835142, 0.0835059, 0.916494
65.4293, -0.0606952, -1.56083, 0.0839287, 0.0839204, 0.91608
65.4297, -0.0609745, -1.56784, 0.0843455, 0.0843371, 0.915663
65.43, -0.0612554, -1.57485, 0.0847644, 0.084756, 0.915244
65.4303, -0.0615377, -1.58186, 0.0851857, 0.0851772, 0.914823
65.4306, -0.0618214, -1.58887, 0.0856091, 0.0856006, 0.914399
65.4309, -0.0621067, -1.59588, 0.0860348, 0.0860263, 0.913974
65.4313, -0.0623934, -1.60289, 0.0864627, 0.0864541, 0.913546
65.4316, -0.0626816, -1.6099, 0.0868929, 0.0868842, 0.913116
65.4319, -0.0629713, -1.6169, 0.0873252, 0.0873166, 0.912683
65.4322, -0.0632625, -1.62391, 0.0877599, 0.0877512, 0.912249
65.4325, -0.0635551, -1.63092, 0.0881968, 0.088188, 0.911812
65.4329, -0.0638492, -1.63793, 0.0886359, 0.0886271, 0.911373
65.4332, -0.0641448, -1.64494, 0.0890772, 0.0890684, 0.910932
65.4335, -0.0644419, -1.65195, 0.0895208, 0.0895119, 0.910488
65.4338, -0.0647405, -1.65896, 0.0899667, 0.0899578, 0.910042
65.4341, -0.0650405, -1.66597, 0.0904148, 0.0904058, 0.909594
65.4345, -0.0653421, -1.67298, 0.0908652, 0.0908561, 0.909144
65.4348, -0.0656451, -1.67999, 0.0913178, 0.0913087, 0.908691
65.4351, -0.0659496, -1.687, 0.0917726, 0.0917635, 0.908236
65.4354, -0.0662555, -1.69401, 0.0922297, 0.0922206, 0.907779
65.4357, -0.066563, -1.70102, 0.0926891, 0.0926799, 0.90732
65.4361, -0.066872, -1.70803, 0.0931507, 0.0931414, 0.906859
65.4364, -0.0671824, -1.71503, 0.0936145, 0.0936052, 0.906395
65.4367, -0.0674943, -1.72204, 0.0940806, 0.0940713, 0.905929
65.437, -0.0678077, -1.72905, 0.094549, 0.0945396, 0.90546
65.4373, -0.0681225, -1.73606, 0.0950196, 0.0950102, 0.90499
65.4377, -0.0684389, -1.74307, 0.0954924, 0.095483, 0.904517
65.438, -0.0687567, -1.75008, 0.0959675, 0.095958, 0.904042
65.4383, -0.069076, -1.75709, 0.0964449, 0.0964353, 0.903565
65.4386, -0.0693968, -1.7641, 0.0969245, 0.0969148, 0.903085
65.4389, -0.0697191, -1.77111, 0.0974063, 0.0973966, 0.902603
65.4393, -0.0700428, -1.77812, 0.0978904, 0.0978807, 0.902119
65.4396, -0.070368, -1.78513, 0.0983767, 0.0983669, 0.901633
65.4399, -0.0706947, -1.79214, 0.0988652, 0.0988554, 0.901145
65.4402, -0.0710228, -1.79915, 0.099356, 0.0993462, 0.900654
65.4405, -0.0713524, -1.80616, 0.099849, 0.0998391, 0.900161
65.4409, -0.0716835, -1.81316, 0.100344, 0.100334, 0.899666
65.4412, -0.0720161, -1.82017, 0.100842, 0.100832, 0.899168
65.4415, -0.0723501, -1.82718, 0.101341, 0.101331, 0.898669
65.4418, -0.0726855, -1.83419, 0.101843, 0.101833, 0.898167
65.4421, -0.0730225, -1.8412, 0.102348, 0.102337, 0.897663
65.4425, -0.0733608, -1.84821, 0.102854, 0.102844, 0.897156
65.4428, -0.0737007, -1.85522, 0.103363, 0.103352, 0.896648
65.4431, -0.074042, -1.86223, 0.103873, 0.103863, 0.896137
65.4434, -0.0743847, -1.86924, 0.104386, 0.104376, 0.895624
65.4437, -0.0747289, -1.87625, 0.104902, 0.104891, 0.895109
65.4441, -0.0750745, -1.88326, 0.105419, 0.105409, 0.894591
65.4444, -0.0754216, -1.89027, 0.105939, 0.105928, 0.894072
65.4447, -0.0757701, -1.89728, 0.10646, 0.10645, 0.89355
65.445, -0.0761201, -1.90429, 0.106985, 0.106974, 0.893026
65.4453, -0.0764715, -1.91129, 0.107511, 0.1075, 0.8925
65.4457, -0.0768243, -1.9183, 0.108039, 0.108029, 0.891971
65.446, -0.0771785, -1.92531, 0.10857, 0.108559, 0.891441
65.4463, -0.0775342, -1.93232, 0.109102, 0.109092, 0.890908
65.4466, -0.0778913, -1.93933, 0.109637, 0.109627, 0.890373
65.4469, -0.0782498, -1.94634, 0.110174, 0.110164, 0.889836
65.4473, -0.0786097, -1.95335, 0.110714, 0.110703, 0.889297
65.4476, -0.0789711, -1.96036, 0.111255, 0.111244, 0.888756
65.4479, -0.0793338, -1.96737, 0.111799, 0.111788, 0.888212
65.4482, -0.079698, -1.97438, 0.112344, 0.112333, 0.887667
65.4485, -0.0800635, -1.98139, 0.112892, 0.112881, 0.887119
65.4488, -0.0804305, -1.9884, 0.113442, 0.113431, 0.886569
65.4492, -0.0807988, -1.99541, 0.113994, 0.113983, 0.886017
65.4495, -0.0811686, -2.00242, 0.114549, 0.114538, 0.885462
65.4498, -0.0815397, -2.00942, 0.115105, 0.115094, 0.884906
65.4501, -0.0819122, -2.01643, 0.115664, 0.115652, 0.884348
65.4504, -0.0822861, -2.02344, 0.116224, 0.116213, 0.883787
65.4508, -0.0826613, -2.03045, 0.116787, 0.116776, 0.883224
65.4511, -0.083038, -2.03746, 0.117352, 0.11734, 0.88266
65.4514, -0.083416, -2.04447, 0.117919, 0.117907, 0.882093
65.4517, -0.0837954, -2.05148, 0.118488, 0.118476, 0.881524
65.452, -0.0841761, -2.05849, 0.119059, 0.119047, 0.880953
65.4524, -0.0845582, -2.0655, 0.119632, 0.11962, 0.88038
65.4527, -0.0849416, -2.07251, 0.120207, 0.120196, 0.879804
65.453, -0.0853264, -2.07952, 0.120784, 0.120773, 0.879227
65.4533, -0.0857125, -2.08653, 0.121364, 0.121352, 0.878648
65.4536, -0.0860999, -2.09354, 0.121945, 0.121934, 0.878066
65.454, -0.0864887, -2.10055, 0.122529, 0.122517, 0.877483
65.4543, -0.0868788, -2.10756, 0.123114, 0.123103, 0.876897
65.4546, -0.0872703, -2.11456, 0.123702, 0.12369, 0.87631
65.4549, -0.0876631, -2.12157, 0.124291, 0.12428, 0.87572
65.4552, -0.0880571, -2.12858, 0.124883, 0.124871, 0.875129
65.4556, -0.0884525, -2.13559, 0.125477, 0.125465, 0.874535
65.4559, -0.0888492, -2.1426, 0.126072, 0.12606, 0.87394
65.4562, -0.0892472, -2.14961, 0.12667, 0.126658, 0.873342
65.4565, -0.0896465, -2.15662, 0.12727, 0.127257, 0.872743
65.4568, -0.0900471, -2.16363, 0.127871, 0.127859, 0.872141
65.4572, -0.090449, -2.17064, 0.128475, 0.128463, 0.871537
65.4575, -0.0908521, -2.17765, 0.12908, 0.129068, 0.870932
65.4578, -0.0912566, -2.18466, 0.129688, 0.129676, 0.870324
65.4581, -0.0916623, -2.19167, 0.130297, 0.130285, 0.869715
65.4584, -0.0920693, -2.19868, 0.130909, 0.130897, 0.869103
65.4588, -0.0924775, -2.20569, 0.131522, 0.13151, 0.86849
65.4591, -0.092887, -2.21269, 0.132138, 0.132125, 0.867875
65.4594, -0.0932978, -2.2197, 0.132755, 0.132742, 0.867258
65.4597, -0.0937098, -2.22671, 0.133374, 0.133362, 0.866638
65.46, -0.094123, -2.23372, 0.133995, 0.133983, 0.866017
65.4604, -0.0945375, -2.24073, 0.134618, 0.134606, 0.865394
65.4607, -0.0949532, -2.24774, 0.135243, 0.135231, 0.864769
65.461, -0.0953702, -2.25475, 0.13587, 0.135857, 0.864143
65.4613, -0.0957884, -2.26176, 0.136499, 0.136486, 0.863514
65.4616, -0.0962078, -2.26877, 0.137129, 0.137117, 0.862883
65.462, -0.0966284, -2.27578, 0.137762, 0.137749, 0.862251
65.4623, -0.0970502, -2.28279, 0.138396, 0.138384, 0.861616
65.4626, -0.0974732, -2.2898, 0.139032, 0.13902, 0.86098
65.4629, -0.0978975, -2.29681, 0.139671, 0.139658, 0.860342
65.4632, -0.0983229, -2.30382, 0.140311, 0.140298, 0.859702
65.4636, -0.0987495, -2.31082, 0.140952, 0.140939, 0.859061
65.4639, -0.0991773, -2.31783, 0.141596, 0.141583, 0.858417
65.4642, -0.0996063, -2.32484, 0.142241, 0.142228, 0.857772
65.4645, -0.100036, -2.33185, 0.142889, 0.142876, 0.857124
65.4648, -0.100468, -2.33886, 0.143538, 0.143525, 0.856475
65.4652, -0.1009, -2.34587, 0.144189, 0.144176, 0.855824
65.4655, -0.101334, -2.35288, 0.144841, 0.144828, 0.855172
65.4658, -0.101769, -2.35989, 0.145496, 0.145483, 0.854517
65.4661, -0.102205, -2.3669, 0.146152, 0.146139, 0.853861
65.4664, -0.102642, -2.37391, 0.14681, 0.146797, 0.853203
65.4668, -0.10308, -2.38092, 0.14747, 0.147457, 0.852543
65.4671, -0.103519, -2.38793, 0.148131, 0.148118, 0.851882
65.4674, -0.10396, -2.39494, 0.148795, 0.148782, 0.851218
65.4677, -0.104402, -2.40195, 0.14946, 0.149447, 0.850553
65.468, -0.104844, -2.40895, 0.150127, 0.150113, 0.849887
65.4684, -0.105288, -2.41596, 0.150795, 0.150782, 0.849218
65.4687, -0.105733, -2.42297, 0.151466, 0.151452, 0.848548
65.469, -0.106179, -2.42998, 0.152138, 0.152124, 0.847876
65.4693, -0.106627, -2.43699, 0.152811, 0.152798, 0.847202
65.4696, -0.107075, -2.444, 0.153487, 0.153473, 0.846527
65.4699, -0.107524, -2.45101, 0.154164, 0.15415, 0.84585
65.4703, -0.107975, -2.45802, 0.154843, 0.154829, 0.845171
65.4706, -0.108426, -2.46503, 0.155523, 0.15551, 0.84449
65.4709, -0.108879, -2.47204, 0.156205, 0.156192, 0.843808
65.4712, -0.109333, -2.47905, 0.156889, 0.156876, 0.843124
65.4715, -0.109787, -2.48606, 0.157575, 0.157561, 0.842439
65.4719, -0.110243, -2.49307, 0.158262, 0.158248, 0.841752
65.4722, -0.1107, -2.50008, 0.158951, 0.158937, 0.841063
65.4725, -0.111158, -2.50708, 0.159641, 0.159628, 0.840372
65.4728, -0.111617, -2.51409, 0.160334, 0.16032, 0.83968
65.4731, -0.112077, -2.5211, 0.161027, 0.161013, 0.838987
65.4735, -0.112538, -2.52811, 0.161723, 0.161709, 0.838291
65.4738, -0.113001, -2.53512, 0.16242, 0.162406, 0.837594
65.4741, -0.113464, -2.54213, 0.163118, 0.163104, 0.836896
65.4744, -0.113928, -2.54914, 0.163819, 0.163805, 0.836195
65.4747, -0.114393, -2.55615, 0.164521, 0.164506, 0.835494
65.4751, -0.114859, -2.56316, 0.165224, 0.16521, 0.83479
65.4754, -0.115327, -2.57017, 0.165929, 0.165915, 0.834085
65.4757, -0.115795, -2.57718, 0.166636, 0.166621, 0.833379
65.476, -0.116264, -2.58419, 0.167344, 0.16733, 0.83267
65.4763, -0.116735, -2.5912, 0.168054, 0.168039, 0.831961
65.4767, -0.117206, -2.59821, 0.168765, 0.168751, 0.831249
65.477, -0.117678, -2.60522, 0.169478, 0.169463, 0.830537
65.4773, -0.118152, -2.61222, 0.170192, 0.170178, 0.829822
65.4776, -0.118626, -2.61923, 0.170908, 0.170894, 0.829106
65.4779, -0.119101, -2.62624, 0.171626, 0.171611, 0.828389
65.4783, -0.119577, -2.63325, 0.172345, 0.17233, 0.82767
65.4786, -0.120054, -2.64026, 0.173065, 0.173051, 0.826949
65.4789, -0.120533, -2.64727, 0.173787, 0.173773, 0.826227
65.4792, -0.121012, -2.65428, 0.174511, 0.174497, 0.825503
65.4795, -0.121492, -2.66129, 0.175236, 0.175222, 0.824778
65.4799, -0.121973, -2.6683, 0.175963, 0.175948, 0.824052
65.4802, -0.122455, -2.67531, 0.176691, 0.176676, 0.823324
65.4805, -0.122938, -2.68232, 0.177421, 0.177406, 0.822594
65.4808, -0.123422, -2.68933, 0.178152, 0.178137, 0.821863
65.4811, -0.123907, -2.69634, 0.178884, 0.17887, 0.82113
65.4815, -0.124393, -2.70335, 0.179618, 0.179604, 0.820396
65.4818, -0.124879, -2.71035, 0.180354, 0.180339, 0.819661
65.4821, -0.125367, -2.71736, 0.181091, 0.181076, 0.818924
65.4824, -0.125856, -2.72437, 0.18183, 0.181815, 0.818185
65.4827, -0.126345, -2.73138, 0.182569, 0.182555, 0.817445
65.4831, -0.126836, -2.73839, 0.183311, 0.183296, 0.816704
65.4834, -0.127327, -2.7454, 0.184054, 0.184039, 0.815961
65.4837, -0.127819, -2.75241, 0.184798, 0.184783, 0.815217
65.484, -0.128313, -2.75942, 0.185544, 0.185529, 0.814471
65.4843, -0.128807, -2.76643, 0.186291, 0.186276, 0.813724
65.4847, -0.129302, -2.77344, 0.187039, 0.187024, 0.812976
65.485, -0.129798, -2.78045, 0.187789, 0.187774, 0.812226
65.4853, -0.130294, -2.78746, 0.188541, 0.188526, 0.811474
65.4856, -0.130792, -2.79447, 0.189294, 0.189279, 0.810721
65.4859, -0.131291, -2.80148, 0.190048, 0.190033, 0.809967
65.4863, -0.13179, -2.80848, 0.190804, 0.190788, 0.809212
65.4866, -0.132291, -2.81549, 0.191561, 0.191545, 0.808455
65.4869, -0.132792, -2.8225, 0.192319, 0.192304, 0.807696
65.4872, -0.133294, -2.82951, 0.193079, 0.193064, 0.806936
65.4875, -0.133797, -2.83652, 0.19384, 0.193825, 0.806175
65.4879, -0.134301, -2.84353, 0.194603, 0.194587, 0.805413
65.4882, -0.134806, -2.85054, 0.195367, 0.195351, 0.804649
65.4885, -0.135311, -2.85755, 0.196132, 0.196117, 0.803883
65.4888, -0.135818, -2.86456, 0.196899, 0.196883, 0.803117
65.4891, -0.136325, -2.87157, 0.197667, 0.197652, 0.802348
65.4895, -0.136834, -2.87858, 0.198436, 0.198421, 0.801579
65.4898, -0.137343, -2.88559, 0.199207, 0.199192, 0.800808
65.4901, -0.137853, -2.8926, 0.199979, 0.199964, 0.800036
65.4904, -0.138363, -2.89961, 0.200753, 0.200737, 0.799263
65.4907, -0.138875, -2.90661, 0.201528, 0.201512, 0.798488
65.491, -0.139388, -2.91362, 0.202304, 0.202288, 0.797712
65.4914, -0.139901, -2.92063, 0.203081, 0.203066, 0.796934
65.4917, -0.140415, -2.92764, 0.20386, 0.203845, 0.796155
65.492, -0.14093, -2.93465, 0.20464, 0.204625, 0.795375
65.4923, -0.141446, -2.94166, 0.205422, 0.205406, 0.794594
65.4926, -0.141963, -2.94867, 0.206205, 0.206189, 0.793811
65.493, -0.14248, -2.95568, 0.206989, 0.206973, 0.793027
65.4933, -0.142999, -2.96269, 0.207774, 0.207759, 0.792241
65.4936, -0.143518, -2.9697, 0.208561, 0.208546, 0.791454
65.4939, -0.144038, -2.97671, 0.209349, 0.209334, 0.790666
65.4942, -0.144559, -2.98372, 0.210139, 0.210123, 0.789877
65.4946, -0.14508, -2.99073, 0.21093, 0.210914, 0.789086
65.4949, -0.145603, -2.99774, 0.211722, 0.211706, 0.788294
65.4952, -0.14578, -3.00012, 0.211975, 0.211975, 0.788025
65.4955, -0.14578, -3.00012, 0.211975, 0.211975, 0.788025
65.4958, -0.14578, -3.00012, 0.211975, 0.211975, 0.788025
65.4962, -0.14578, -3.00012, 0.211975, 0.211975, 0.788025
65.4965, -0.14578, -3.00012, 0.211975, 0.211975, 0.788025
65.4968, -0.14578, -3.00012, 0.211975, 0.211975, 0.788025
65.4971, -0.14578, -3.00012, 0.211975, 0.211975, 0.788025
65.4974, -0.14578, -3.00012, 0.211975, 0.211975, 0.788025
65.4978, -0.14578, -3.00012, 0.211975, 0.211975, 0.788025
65.4981, -0.14578, -3.00012, 0.211975, 0.211975, 0.788025
65.4984, -0.14578, -3.00012, 0.211975, 0.211975, 0.788025
65.4987, -0.14578, -3.00012, 0.211975, 0.211975, 0.788025
65.499, -0.14578, -3.00012, 0.211975, 0.211975, 0.788025
65.4994, -0.14578, -3.00012, 0.211975, 0.211975, 0.788025
65.4997, -0.14578, -3.00012, 0.211975, 0.211975, 0.788025
65.5, -0.14578, -3.00012, 0.211975, 0.211975, 0.788025
